id,uuid,observed_on_string,observed_on,time_observed_at,time_zone,user_id,user_login,user_name,created_at,updated_at,quality_grade,license,url,image_url,sound_url,tag_list,description,num_identification_agreements,num_identification_disagreements,captive_cultivated,oauth_application_id,place_guess,latitude,longitude,positional_accuracy,private_place_guess,private_latitude,private_longitude,public_positional_accuracy,geoprivacy,taxon_geoprivacy,coordinates_obscured,positioning_method,positioning_device,place_country_name,species_guess,scientific_name,common_name,iconic_taxon_name,taxon_id
184262236,3ced98bb-5cd2-48af-8e2f-1195c565ff53,2023/09/21 05:42,2023-09-21,2023-09-21 03:42:00 UTC,Rome,1609913,giuseppe_molinari,Giuseppe Molinari,2023-09-21 14:40:05 UTC,2023-09-21 15:41:33 UTC,research,CC-BY-NC,https://www.inaturalist.org/observations/184262236,https://inaturalist-open-data.s3.amazonaws.com/photos/321612478/medium.jpg,,"",,1,0,false,,"61040 Fonte Abeti PU, Italia",43.5978908751,12.2302465503,2,,,,2,,,false,,,Italy,Nottua dei seminati,Agrotis ipsilon,Ipsilon Dart Moth,Insecta,126276
184441399,9f4b3283-9d3a-417e-85b1-b9a30c871756,2023/09/22 00:00,2023-09-22,2023-09-21 22:00:00 UTC,Rome,350029,andreagrossi,Andrea Grossi,2023-09-22 21:32:19 UTC,2025-08-11 02:25:05 UTC,needs_id,CC-BY-NC,https://www.inaturalist.org/observations/184441399,https://inaturalist-open-data.s3.amazonaws.com/photos/321952643/medium.jpg,,"","",1,0,false,,"Provincia di Ferrara, Italia",44.8335129753,11.4613428193,2,,,,2,,,false,,,Italy,Nottua dei seminati,Agrotis ipsilon,Ipsilon Dart Moth,Insecta,126276
184928006,ed8a2ef9-7bac-4a24-a94e-d385e0cfdb29,2023-09-25 22:10:38,2023-09-25,2023-09-25 20:10:38 UTC,Rome,392309,bac_77,Marco Crivellari,2023-09-25 21:47:22 UTC,2023-09-26 01:03:58 UTC,research,CC-BY-NC,https://www.inaturalist.org/observations/184928006,https://inaturalist-open-data.s3.amazonaws.com/photos/322872704/medium.jpeg,,"",,1,0,false,2,"Mesola Ferrara, Italia",44.8833885192,12.2323617933,,,,,,,,false,gps,gps,Italy,Nottua dei seminati,Agrotis ipsilon,Ipsilon Dart Moth,Insecta,126276
185957180,946ed089-1dbb-491b-b779-8795b38a60c2,2023-10-02 22:46:58,2023-10-02,2023-10-02 20:46:58 UTC,Rome,392309,bac_77,Marco Crivellari,2023-10-02 21:01:33 UTC,2023-10-05 12:09:16 UTC,research,CC-BY-NC,https://www.inaturalist.org/observations/185957180,https://inaturalist-open-data.s3.amazonaws.com/photos/324865341/medium.jpeg,,"",,2,0,false,2,"Mesola Ferrara, Italia",44.8834228514,12.2322092056,,,,,,,,false,gps,gps,Italy,Nottua dei seminati,Agrotis ipsilon,Ipsilon Dart Moth,Insecta,126276
186071926,20f3ac1c-ac9f-4b74-b89e-5615357aa009,2023-10-03 20:48:08,2023-10-03,2023-10-03 18:48:08 UTC,Rome,392309,bac_77,Marco Crivellari,2023-10-03 19:03:02 UTC,2023-10-05 12:16:38 UTC,research,CC-BY-NC,https://www.inaturalist.org/observations/186071926,https://inaturalist-open-data.s3.amazonaws.com/photos/325092401/medium.jpeg,,"",,2,0,false,2,"Mesola Ferrara, Italia",44.8805923461,12.2433481214,,,,,,,,false,gps,gps,Italy,Nottua dei seminati,Agrotis ipsilon,Ipsilon Dart Moth,Insecta,126276
186071945,bb3b51d3-9aa0-48b2-9f61-b772bfbb8363,2023-10-03 20:52:36,2023-10-03,2023-10-03 18:52:36 UTC,Rome,392309,bac_77,Marco Crivellari,2023-10-03 19:03:16 UTC,2023-10-05 12:16:34 UTC,research,CC-BY-NC,https://www.inaturalist.org/observations/186071945,https://inaturalist-open-data.s3.amazonaws.com/photos/325092442/medium.jpeg,,"",,2,0,false,2,"Mesola Ferrara, Italia",44.8825798033,12.2314300536,,,,,,,,false,,,Italy,Nottua dei seminati,Agrotis ipsilon,Ipsilon Dart Moth,Insecta,126276
186451071,5b9545e9-1fbd-4bca-81c8-a3fb588a24f9,2023/10/03 20:58,2023-10-03,2023-10-03 18:58:00 UTC,Rome,1482324,ranierop,Raniero Panfili,2023-10-06 20:20:24 UTC,2023-10-06 21:24:31 UTC,research,,https://www.inaturalist.org/observations/186451071,https://static.inaturalist.org/photos/325839434/medium.jpeg,,"",,2,0,false,,"Tornimparte, Provincia dell'Aquila, Italia",42.2673662977,13.3292255531,16,,,,16,,,false,,,Italy,Nottua dei seminati,Agrotis ipsilon,Ipsilon Dart Moth,Insecta,126276
187639209,d61829d4-ca00-4fb5-823f-7b30837a3363,2023-10-15 17:03:13,2023-10-15,2023-10-15 15:03:13 UTC,Rome,759881,davidegiuliano,Davide Giuliano,2023-10-15 15:05:55 UTC,2025-08-11 07:39:54 UTC,needs_id,CC-BY-NC,https://www.inaturalist.org/observations/187639209,https://inaturalist-open-data.s3.amazonaws.com/photos/328435233/medium.jpeg,,"",,1,0,false,2,"10050 Vaie TO, Italia",45.099859402,7.2818507999,7,,,,7,,,false,gps,gps,Italy,Lepidoptera,Agrotis ipsilon,Ipsilon Dart Moth,Insecta,126276
188026368,e288e4a2-1fbd-4a9e-b3ad-eff62676a2f1,2023/10/10 ,2023-10-10,,Rome,5246039,einheit21,Jörg und Ines,2023-10-18 15:08:31 UTC,2023-10-18 15:19:26 UTC,research,,https://www.inaturalist.org/observations/188026368,https://static.inaturalist.org/photos/328964119/medium.jpeg,,"",,2,0,false,,"Via della Bastianella, 55041 Pedona LU, Italien",43.919472,10.2934114,184,,,,184,,,false,,,Italy,Ypsiloneule,Agrotis ipsilon,Ipsilon Dart Moth,Insecta,126276
188112519,15a48af7-5f95-4698-97e4-fbad4c70f918,2023/10/19 07:57,2023-10-19,2023-10-19 05:57:00 UTC,Rome,7380822,ivan_di_gia,Ivan Di Già,2023-10-19 05:58:38 UTC,2023-10-19 05:58:38 UTC,needs_id,CC-BY-NC,https://www.inaturalist.org/observations/188112519,https://inaturalist-open-data.s3.amazonaws.com/photos/329138504/medium.jpg,,"",,0,0,false,,"10093 Collegno TO, Italia",45.0694424943,7.5664128095,7,,,,7,,,false,,,Italy,Nottua dei Seminati,Agrotis ipsilon,Ipsilon Dart Moth,Insecta,126276
188146783,da77d97b-af98-4549-bb30-f09103688de8,2023/10/13 ,2023-10-13,,Rome,5246039,einheit21,Jörg und Ines,2023-10-19 15:13:35 UTC,2023-10-19 15:16:07 UTC,research,,https://www.inaturalist.org/observations/188146783,https://static.inaturalist.org/photos/329209916/medium.jpeg,,"",,1,0,false,,"Via della Bastianella, 55041 Pedona LU, Italien",43.919472,10.2934114,184,,,,184,,,false,,,Italy,Ypsiloneule,Agrotis ipsilon,Ipsilon Dart Moth,Insecta,126276
188162397,9eedae51-3b2b-49e1-901a-b7df41ed9812,2023/10/13 ,2023-10-13,,Rome,5246039,einheit21,Jörg und Ines,2023-10-19 17:43:07 UTC,2023-10-24 04:43:23 UTC,research,,https://www.inaturalist.org/observations/188162397,https://static.inaturalist.org/photos/329240393/medium.jpeg,,"",,2,0,false,,"Via della Bastianella, 55041 Pedona LU, Italien",43.919472,10.2934114,184,,,,184,,,false,,,Italy,Ypsiloneule,Agrotis ipsilon,Ipsilon Dart Moth,Insecta,126276
188291474,097d45ac-bd09-412e-821f-7def39027118,2023/10/15 ,2023-10-15,,Rome,5246039,einheit21,Jörg und Ines,2023-10-20 19:26:24 UTC,2023-10-20 19:36:51 UTC,research,,https://www.inaturalist.org/observations/188291474,https://static.inaturalist.org/photos/329508849/medium.jpeg,,"",,2,0,false,,"Via della Bastianella, 55041 Pedona LU, Italien",43.919472,10.2934114,184,,,,184,,,false,,,Italy,Ypsiloneule,Agrotis ipsilon,Ipsilon Dart Moth,Insecta,126276
188492964,1b965349-c636-4488-a97a-e27456f4abda,2023-10-21 21:37:30,2023-10-21,2023-10-21 19:37:30 UTC,Rome,392309,bac_77,Marco Crivellari,2023-10-22 08:52:02 UTC,2023-10-27 21:31:32 UTC,research,CC-BY-NC,https://www.inaturalist.org/observations/188492964,https://inaturalist-open-data.s3.amazonaws.com/photos/329924797/medium.jpeg,,"",,2,0,false,2,"Ferrara, Emilia-Romagna, IT",44.9152183531,12.2331399917,,,,,,,,false,gps,gps,Italy,Nottua dei seminati,Agrotis ipsilon,Ipsilon Dart Moth,Insecta,126276
188493068,786b2dcc-2747-4b3a-bf53-a7cd129b194e,2023-10-21 21:32:05,2023-10-21,2023-10-21 19:32:05 UTC,Rome,392309,bac_77,Marco Crivellari,2023-10-22 08:53:26 UTC,2023-10-27 21:31:31 UTC,research,CC-BY-NC,https://www.inaturalist.org/observations/188493068,https://inaturalist-open-data.s3.amazonaws.com/photos/329924996/medium.jpeg,,"",,2,0,false,2,"Ferrara, Emilia-Romagna, IT",44.9152183531,12.2331399917,,,,,,,,false,gps,gps,Italy,Nottua dei seminati,Agrotis ipsilon,Ipsilon Dart Moth,Insecta,126276
188939711,6278d030-c06f-42ad-867b-7722fdd32223,2023/10/23 10:49 PM,2023-10-23,2023-10-23 20:49:00 UTC,Rome,45933,micder,Michele De Rocco,2023-10-25 21:12:19 UTC,2023-10-27 19:16:45 UTC,research,,https://www.inaturalist.org/observations/188939711,https://static.inaturalist.org/photos/330833656/medium.jpg,,"",,2,0,false,,"Provincia di Belluno, Italia",45.8830046557,11.8624481634,80,,,,80,,,false,,,Italy,Agrotis ipsilon,Agrotis ipsilon,Ipsilon Dart Moth,Insecta,126276
189052396,65f13809-2a4b-4ddd-b57c-b09a4ef34bfc,2023-10-26 23:16:32+02:00,2023-10-26,2023-10-26 21:16:32 UTC,Rome,4068286,ralf_malzer,Ralf Malzer,2023-10-26 21:24:31 UTC,2024-04-01 23:31:36 UTC,research,,https://www.inaturalist.org/observations/189052396,https://inaturalist-open-data.s3.amazonaws.com/photos/331130911/medium.jpg,,"","",2,0,false,3,"Sardinien, Valledoria, Sardinien, IT",40.9122083333,8.7884133333,8,,,,8,,,false,,,Italy,Ypsiloneule,Agrotis ipsilon,Ipsilon Dart Moth,Insecta,126276
189864914,4c2166b5-d894-40c3-9eb2-1c2f886c9d01,2023-11-01 14:27:21,2023-11-01,2023-11-01 13:27:21 UTC,Rome,59227,lisa_bennett,Lisa Bennett,2023-11-03 16:29:31 UTC,2023-12-21 11:20:23 UTC,research,CC-BY,https://www.inaturalist.org/observations/189864914,https://inaturalist-open-data.s3.amazonaws.com/photos/332710194/medium.jpeg,,"",,2,0,false,2,"Florence, Toscana, IT",43.53232,10.92281,,,,,,,,false,gps,gps,Italy,Dark sword-grass,Agrotis ipsilon,Ipsilon Dart Moth,Insecta,126276
190589819,ee887c4f-bbc0-43a8-95c3-79ebd7b35728,2023/11/08,2023-11-08,,Rome,1397840,apiccinini,Andrea Piccinini,2023-11-10 17:05:08 UTC,2023-11-10 21:39:15 UTC,research,CC-BY-NC,https://www.inaturalist.org/observations/190589819,https://inaturalist-open-data.s3.amazonaws.com/photos/334151019/medium.jpeg,,"",,2,0,false,,"48123 Marina Romea RA, Italia",44.5203335912,12.2721488089,15,,,,15,,,false,,,Italy,Nottua dei seminati,Agrotis ipsilon,Ipsilon Dart Moth,Insecta,126276
205251893,d0bfa8c5-beb1-4011-9dc3-3447a00647c2,2024-03-30 09:57:29,2024-03-30,2024-03-30 08:57:29 UTC,Rome,4099043,niko_mandl,Niko Mandl,2024-04-03 16:45:29 UTC,2024-04-04 09:27:05 UTC,research,,https://www.inaturalist.org/observations/205251893,https://static.inaturalist.org/photos/362895775/medium.jpeg,,"",,2,0,false,2,"71037 Monte Sant'Angelo, Foggia, Italien",41.7288763889,15.9213177778,,,,,,,,false,gps,gps,Italy,Ypsiloneule,Agrotis ipsilon,Ipsilon Dart Moth,Insecta,126276
205559413,7fa081c8-4b8f-44dd-bfe1-aeaeea99f471,2024-04-05 20:59:41,2024-04-05,2024-04-05 18:59:41 UTC,Rome,392309,bac_77,Marco Crivellari,2024-04-05 19:44:39 UTC,2024-04-05 20:01:28 UTC,research,CC-BY-NC,https://www.inaturalist.org/observations/205559413,https://inaturalist-open-data.s3.amazonaws.com/photos/363480135/medium.jpeg,,"",,2,0,false,2,"44026 Mesola FE, Italia",44.8838805556,12.2320027778,,,,,,,,false,gps,gps,Italy,Nottua dei seminati,Agrotis ipsilon,Ipsilon Dart Moth,Insecta,126276
205559955,c3fbce5c-1862-4804-b2d4-6d4c188cb7e6,2024-04-05 21:06:09,2024-04-05,2024-04-05 19:06:09 UTC,Rome,392309,bac_77,Marco Crivellari,2024-04-05 19:48:52 UTC,2024-04-05 19:52:15 UTC,research,CC-BY-NC,https://www.inaturalist.org/observations/205559955,https://inaturalist-open-data.s3.amazonaws.com/photos/363481404/medium.jpeg,,"",,2,0,false,2,"44026 Mesola FE, Italia",44.8839444444,12.2320527778,,,,,,,,false,gps,gps,Italy,Nottua dei seminati,Agrotis ipsilon,Ipsilon Dart Moth,Insecta,126276
205560790,a5508033-5bcc-4ffe-a832-737ec486037a,2024-04-05 21:12:47,2024-04-05,2024-04-05 19:12:47 UTC,Rome,392309,bac_77,Marco Crivellari,2024-04-05 19:54:52 UTC,2024-04-05 23:52:41 UTC,research,CC-BY-NC,https://www.inaturalist.org/observations/205560790,https://inaturalist-open-data.s3.amazonaws.com/photos/363482975/medium.jpeg,,"",,2,0,false,2,"44026 Mesola FE, Italia",44.8839138889,12.2321805556,,,,,,,,false,gps,gps,Italy,Nottua dei seminati,Agrotis ipsilon,Ipsilon Dart Moth,Insecta,126276
206223042,207868b9-d261-4428-88ba-33af7c506038,2024-04-08 21:16:38,2024-04-08,2024-04-08 19:16:38 UTC,Rome,392309,bac_77,Marco Crivellari,2024-04-09 10:21:49 UTC,2024-04-09 13:37:24 UTC,research,CC-BY-NC,https://www.inaturalist.org/observations/206223042,https://inaturalist-open-data.s3.amazonaws.com/photos/364725393/medium.jpeg,,"",,2,0,false,2,"Mesola Ferrara, Italia",44.883378665,12.2323923163,45,,,,45,,,false,gps,gps,Italy,Nottua dei seminati,Agrotis ipsilon,Ipsilon Dart Moth,Insecta,126276
206307522,e517204c-169d-4642-89bd-4845eb2eecfe,2024/04/09 09:57,2024-04-09,2024-04-09 07:57:00 UTC,Rome,350029,andreagrossi,Andrea Grossi,2024-04-09 20:34:19 UTC,2024-04-09 20:58:39 UTC,research,CC-BY-NC,https://www.inaturalist.org/observations/206307522,https://inaturalist-open-data.s3.amazonaws.com/photos/364880533/medium.jpg,,"",,1,0,false,,"Provincia di Ferrara, Italia",44.8333915997,11.4613499997,,,,,,,,false,,,Italy,Nottua dei seminati,Agrotis ipsilon,Ipsilon Dart Moth,Insecta,126276
206311455,7373ab32-5e0f-4743-bc4a-be5c959e40e1,2024-04-09 21:10:16,2024-04-09,2024-04-09 19:10:16 UTC,Rome,392309,bac_77,Marco Crivellari,2024-04-09 21:00:28 UTC,2024-04-10 08:04:41 UTC,research,CC-BY-NC,https://www.inaturalist.org/observations/206311455,https://inaturalist-open-data.s3.amazonaws.com/photos/364888887/medium.jpeg,,"",,3,0,false,2,"44026 Mesola FE, Italia",44.8838555556,12.2319222222,,,,,,,,false,gps,gps,Italy,Nottua dei seminati,Agrotis ipsilon,Ipsilon Dart Moth,Insecta,126276
206637937,6ac9ccb4-4c61-4f71-8822-b3f23dde105d,2024-04-11 18:38:26,2024-04-11,2024-04-11 16:38:26 UTC,Rome,6274230,matteo514,Matteo Perotti,2024-04-11 16:38:57 UTC,2024-04-11 20:18:12 UTC,research,,https://www.inaturalist.org/observations/206637937,https://static.inaturalist.org/photos/365419550/medium.jpeg,,"",,2,0,false,2,"27040 Cardazzo PV, Italia",45.0638607872,9.3734774921,6,,,,6,,,false,,,Italy,Ipsilon Dart Moth,Agrotis ipsilon,Ipsilon Dart Moth,Insecta,126276
206664905,0a33fcdc-2a69-42be-996b-8c4acdf345e6,2024-04-11 21:34:06,2024-04-11,2024-04-11 19:34:06 UTC,Rome,392309,bac_77,Marco Crivellari,2024-04-11 19:35:57 UTC,2024-04-11 19:54:45 UTC,research,CC-BY-NC,https://www.inaturalist.org/observations/206664905,https://inaturalist-open-data.s3.amazonaws.com/photos/365470552/medium.jpeg,,"",,1,0,false,2,"44026 Mesola FE, Italia",44.8838777778,12.2320111111,,,,,,,,false,gps,gps,Italy,Nottua dei seminati,Agrotis ipsilon,Ipsilon Dart Moth,Insecta,126276
206669189,ab7eae38-55f1-49ba-8ee8-4882cf23d3c1,2024-04-11 21:59:29,2024-04-11,2024-04-11 19:59:29 UTC,Rome,392309,bac_77,Marco Crivellari,2024-04-11 20:00:26 UTC,2024-04-11 20:09:10 UTC,research,CC-BY-NC,https://www.inaturalist.org/observations/206669189,https://inaturalist-open-data.s3.amazonaws.com/photos/365478565/medium.jpeg,,"",,1,0,false,2,"44026 Mesola FE, Italia",44.8839694444,12.23205,,,,,,,,false,gps,gps,Italy,Nottua dei seminati,Agrotis ipsilon,Ipsilon Dart Moth,Insecta,126276
206735886,5687f35a-6276-421d-8f2b-92fb14abbc39,2024/04/11 23:18,2024-04-11,2024-04-11 21:18:00 UTC,Rome,1437774,valentinabuono,Valentina,2024-04-12 05:58:59 UTC,2024-06-23 21:23:39 UTC,research,CC-BY-NC,https://www.inaturalist.org/observations/206735886,https://inaturalist-open-data.s3.amazonaws.com/photos/365605410/medium.jpeg,,"",,2,0,false,,"Ferrara, Emilia-Romagna, IT",44.7589415698,11.7834689591,261,,,,27285,obscured,,true,,,Italy,Nottua dei seminati,Agrotis ipsilon,Ipsilon Dart Moth,Insecta,126276
207375088,7c187295-d257-4799-8e5e-336a77cdcd90,2024-04-13 10:54:37,2024-04-13,2024-04-13 08:54:37 UTC,Rome,5882269,claudia1268,Claudia Franco,2024-04-15 11:51:24 UTC,2024-04-15 16:38:33 UTC,research,,https://www.inaturalist.org/observations/207375088,https://static.inaturalist.org/photos/366807464/medium.jpeg,,"",,2,0,false,2,"12058 Santo Stefano Belbo CN, Italia",44.7085559305,8.2303603739,1961,,,,1961,,,false,gps,gps,Italy,Nottua dei seminati,Agrotis ipsilon,Ipsilon Dart Moth,Insecta,126276
207448192,875ca362-d266-4d5f-8f06-e92108bfadcb,2024-04-15 21:07:46,2024-04-15,2024-04-15 19:07:46 UTC,Rome,392309,bac_77,Marco Crivellari,2024-04-15 19:27:49 UTC,2024-04-15 19:51:53 UTC,research,CC-BY-NC,https://www.inaturalist.org/observations/207448192,https://inaturalist-open-data.s3.amazonaws.com/photos/366939079/medium.jpeg,,"",,1,0,false,2,"44026 Mesola FE, Italia",44.8833111111,12.2322055556,,,,,,,,false,gps,gps,Italy,Nottua dei seminati,Agrotis ipsilon,Ipsilon Dart Moth,Insecta,126276
207881626,84491a11-c6c7-497c-8545-6765fff9a36c,2024-04-17 21:25:11,2024-04-17,2024-04-17 19:25:11 UTC,Rome,392309,bac_77,Marco Crivellari,2024-04-18 05:30:15 UTC,2024-04-18 08:29:34 UTC,research,CC-BY-NC,https://www.inaturalist.org/observations/207881626,https://inaturalist-open-data.s3.amazonaws.com/photos/367756544/medium.jpeg,,"",,1,0,false,2,"44026 Santa Giustina FE, Italia",44.9040777778,12.2679805556,,,,,,,,false,gps,gps,Italy,Nottua dei seminati,Agrotis ipsilon,Ipsilon Dart Moth,Insecta,126276
210129516,7a6aad01-e020-40e8-a575-3cced6ca4feb,2024/04/26 22:12,2024-04-26,2024-04-26 20:12:00 UTC,Rome,1375725,babunco,Camillo De Berardinis,2024-04-27 13:17:31 UTC,2024-04-27 13:43:00 UTC,research,CC-BY-NC,https://www.inaturalist.org/observations/210129516,https://inaturalist-open-data.s3.amazonaws.com/photos/371723533/medium.jpeg,,Castelporziano (Tenuta presidenziale),,1,0,false,,"Castelporziano, Riserva Naturale Statale",41.7014653126,12.3827480103,2000,,,,2000,,,false,,,Italy,Nottua dei seminati,Agrotis ipsilon,Ipsilon Dart Moth,Insecta,126276
211543800,8ca2faea-d1e0-4f58-a4d5-34c62ea9f429,2024/04/26 22:42,2024-04-26,2024-04-26 20:42:00 UTC,Rome,1482324,ranierop,Raniero Panfili,2024-04-29 13:25:33 UTC,2024-04-29 15:44:15 UTC,research,,https://www.inaturalist.org/observations/211543800,https://static.inaturalist.org/photos/373978808/medium.jpeg,,"",,1,0,false,,"Tenuta presidenziale Castel Porziano, RM, Italia",41.6793583475,12.3924708312,26,,,,26,,,false,,,Italy,Nottua dei seminati,Agrotis ipsilon,Ipsilon Dart Moth,Insecta,126276
212974108,1f25bf32-1788-40c3-ba2d-8ef89cf80fd5,2024-04-29 20:14:07,2024-04-29,2024-04-29 18:14:07 UTC,Rome,6530226,valerioviglioglia,Valerio Viglioglia,2024-05-02 20:08:15 UTC,2024-05-06 16:37:46 UTC,research,CC-BY-NC,https://www.inaturalist.org/observations/212974108,https://inaturalist-open-data.s3.amazonaws.com/photos/376365636/medium.jpeg,,"",,1,0,false,2,"Ponte sull'Almone, Almone,, 00178 Roma RM, Italia",41.8565697383,12.530516088,8,,,,8,,,false,gps,gps,Italy,Nottua dei seminati,Agrotis ipsilon,Ipsilon Dart Moth,Insecta,126276
213171043,d7f99d5a-faec-4899-867d-a33374374cb6,2024/04/27 ,2024-04-27,,Rome,5246039,einheit21,Jörg und Ines,2024-05-03 15:55:54 UTC,2024-05-04 08:31:23 UTC,research,,https://www.inaturalist.org/observations/213171043,https://static.inaturalist.org/photos/376723336/medium.jpeg,,"",,3,0,false,,"55041 Pedona LU, Italien",43.920744,10.294019,502,,,,502,,,false,,,Italy,Ypsiloneule,Agrotis ipsilon,Ipsilon Dart Moth,Insecta,126276
213178071,0d82ca41-c669-4651-bf55-74d6114f833b,2024/04/27 ,2024-04-27,,Rome,5246039,einheit21,Jörg und Ines,2024-05-03 16:23:13 UTC,2024-05-03 16:58:27 UTC,research,,https://www.inaturalist.org/observations/213178071,https://static.inaturalist.org/photos/376734597/medium.jpeg,,"",,2,0,false,,"55041 Pedona LU, Italien",43.920744,10.294019,502,,,,502,,,false,,,Italy,Ypsiloneule,Agrotis ipsilon,Ipsilon Dart Moth,Insecta,126276
213699774,9ec43986-2c4f-4940-8d76-31939d96e552,2024/04/28 ,2024-04-28,,Rome,5246039,einheit21,Jörg und Ines,2024-05-05 14:47:21 UTC,2024-05-05 16:11:51 UTC,research,,https://www.inaturalist.org/observations/213699774,https://static.inaturalist.org/photos/377679774/medium.jpeg,,"",,3,0,false,,"55041 Pedona LU, Italien",43.920744,10.294019,502,,,,502,,,false,,,Italy,Ypsiloneule,Agrotis ipsilon,Ipsilon Dart Moth,Insecta,126276
213701283,2c902e63-687c-4c9a-ac9a-40a027d65679,2024/04/28 ,2024-04-28,,Rome,5246039,einheit21,Jörg und Ines,2024-05-05 14:52:49 UTC,2024-05-05 15:57:33 UTC,research,,https://www.inaturalist.org/observations/213701283,https://static.inaturalist.org/photos/377682097/medium.jpeg,,"",,3,0,false,,"55041 Pedona LU, Italien",43.920744,10.294019,502,,,,502,,,false,,,Italy,Ypsiloneule,Agrotis ipsilon,Ipsilon Dart Moth,Insecta,126276
213706447,bc417fa1-5004-4a0a-b516-c0e6bf7f7f75,2024/04/28 ,2024-04-28,,Rome,5246039,einheit21,Jörg und Ines,2024-05-05 15:13:57 UTC,2024-05-05 15:55:59 UTC,research,,https://www.inaturalist.org/observations/213706447,https://static.inaturalist.org/photos/377692189/medium.jpeg,,"",,2,0,false,,"55041 Pedona LU, Italien",43.920744,10.294019,502,,,,502,,,false,,,Italy,Ypsiloneule,Agrotis ipsilon,Ipsilon Dart Moth,Insecta,126276
219175155,f5247cda-f8e3-433e-a8a2-4ca4ac17c804,2024-05-28 21:56:01,2024-05-28,2024-05-28 19:56:01 UTC,Rome,370501,bferrero,"",2024-05-29 19:31:14 UTC,2024-05-30 17:15:10 UTC,research,CC-BY-NC,https://www.inaturalist.org/observations/219175155,https://inaturalist-open-data.s3.amazonaws.com/photos/387914086/medium.jpeg,,"",,2,0,false,2,"Torino, Piemonte, IT",45.0729040586,7.3900287568,186,,,,27222,obscured,,true,gps,gps,Italy,Agrotis ipsilon,Agrotis ipsilon,Ipsilon Dart Moth,Insecta,126276
220422458,2be1f7fb-2e1d-46d5-9225-425ef3bdb1fd,2024-06-04 09:40:20,2024-06-04,2024-06-04 07:40:20 UTC,Rome,1889331,giovanni194,Giovanni Lava,2024-06-04 07:41:25 UTC,2024-06-05 08:41:12 UTC,research,,https://www.inaturalist.org/observations/220422458,https://static.inaturalist.org/photos/390258741/medium.jpeg,,"",,1,0,false,2,"10093 Collegno TO, Italia",45.0810784,7.5738951997,,,,,,,,false,gps,gps,Italy,Nottua dei seminati,Agrotis ipsilon,Ipsilon Dart Moth,Insecta,126276
221352771,57c08de0-746d-4778-8990-bb93ede1c60e,2024-06-08 17:02:31,2024-06-08,2024-06-08 15:02:31 UTC,Rome,8218824,pinos24,"",2024-06-08 17:12:25 UTC,2024-06-15 19:29:16 UTC,research,CC-BY-NC,https://www.inaturalist.org/observations/221352771,https://inaturalist-open-data.s3.amazonaws.com/photos/391989797/medium.jpeg,,"",,2,0,false,2,"40132 Bologna BO, Italia",44.4990766171,11.2789350003,6,,,,6,,,false,,,Italy,Nottua dei seminati,Agrotis ipsilon,Ipsilon Dart Moth,Insecta,126276
221643403,dd749920-d683-4417-87eb-cd3d8aafe945,2024-06-09 09:18:35,2024-06-09,2024-06-09 07:18:35 UTC,Rome,5406768,annemarie163,Annemarie Elzenbaumer,2024-06-09 19:17:30 UTC,2024-06-10 07:56:47 UTC,research,"",https://www.inaturalist.org/observations/221643403,https://static.inaturalist.org/photos/392527220/medium.jpeg,,"",,1,0,false,2,"39031 Bruneck, Autonome Provinz Bozen - Südtirol, Italien",46.7860140012,11.9346130639,32,,,,32,,,false,,,Italy,Ipsilon Dart Moth,Agrotis ipsilon,Ipsilon Dart Moth,Insecta,126276
223269087,79b5ede1-a5ee-49c2-b5d1-5b0cb2c726eb,2024-06-17 05:52:46+02:00,2024-06-17,2024-06-17 03:52:46 UTC,Rome,1623590,wisboroughmike,Mike King,2024-06-17 04:12:54 UTC,2025-02-18 18:34:17 UTC,research,CC-BY,https://www.inaturalist.org/observations/223269087,https://inaturalist-open-data.s3.amazonaws.com/photos/395584243/medium.jpg,,"","",1,0,false,3,"Via per Schignano, Argegno, Lombardy, IT",45.9396429607,9.1275483011,539,,,,539,,,false,,,Italy,Dark sword-grass,Agrotis ipsilon,Ipsilon Dart Moth,Insecta,126276
225673502,d88f4e3a-e5cd-49b6-9ab8-e9b3d6ccc0a4,2024-06-27 18:53:04,2024-06-27,2024-06-27 16:53:04 UTC,Rome,5985119,malakofil,Jar Mac,2024-06-28 07:37:09 UTC,2024-06-29 13:33:31 UTC,research,,https://www.inaturalist.org/observations/225673502,https://static.inaturalist.org/photos/400145098/medium.jpeg,,"",,1,0,false,2,"Modena, Prowincja Modena, Włochy",44.6442960415,10.9492868185,4,,,,4,,,false,gps,gps,Italy,Rolnica gwoździówka,Agrotis ipsilon,Ipsilon Dart Moth,Insecta,126276
225710488,844977a2-2e61-4aa5-ac78-92d3bbfb7fc6,2024-06-28 00:22:43,2024-06-28,2024-06-27 22:22:43 UTC,Rome,3504195,jmole,jmole,2024-06-28 13:28:15 UTC,2024-06-29 14:30:10 UTC,research,CC-BY-NC,https://www.inaturalist.org/observations/225710488,https://inaturalist-open-data.s3.amazonaws.com/photos/400213299/medium.jpeg,,"",,1,0,false,2,"22010 Musso, Province of Como, Italy",46.1157643,9.2597708997,,,,,,,,false,gps,gps,Italy,Ipsilon Dart,Agrotis ipsilon,Ipsilon Dart Moth,Insecta,126276
226158651,2641bafd-c39d-40a9-b0e1-cd117b4fb83d,2024/06/21 5:16 PM,2024-06-21,2024-06-21 15:16:00 UTC,Rome,245282,hughmcguinness,Hugh McGuinness,2024-06-30 12:06:33 UTC,2024-06-30 15:15:32 UTC,research,,https://www.inaturalist.org/observations/226158651,https://static.inaturalist.org/photos/401058560/medium.jpeg,,"",,1,0,false,,"Cocho da Sorella, Magliano in Toscana, Province of Grosseto, Italy",42.6238,11.2799,,,,,,,,false,,,Italy,Ipsilon Dart Moth,Agrotis ipsilon,Ipsilon Dart Moth,Insecta,126276
227978176,87e81a8b-8267-4415-8cb5-43b4c98e28f3,2024/06/27 4:44 PM,2024-06-27,2024-06-27 14:44:00 UTC,Rome,8326589,julia004,,2024-07-08 09:04:17 UTC,2025-08-02 09:40:47 UTC,research,CC-BY-NC,https://www.inaturalist.org/observations/227978176,https://inaturalist-open-data.s3.amazonaws.com/photos/404502515/medium.jpeg,,"",BMS 206_WYS_6,2,0,false,,"Autonomous Province of Bolzano – South Tyrol, Italy",46.54454,11.25863,,,,,,,,false,,,Italy,Ipsilon Dart Moth,Agrotis ipsilon,Ipsilon Dart Moth,Insecta,126276
229770792,e1750bea-079c-47dd-9e33-b75b2ef29174,2024/07/16 00:04,2024-07-16,2024-07-15 22:04:00 UTC,Rome,1609913,giuseppe_molinari,Giuseppe Molinari,2024-07-16 20:21:24 UTC,2024-07-17 13:11:41 UTC,research,CC-BY-NC,https://www.inaturalist.org/observations/229770792,https://inaturalist-open-data.s3.amazonaws.com/photos/407892488/medium.jpg,,"",,2,0,false,,"Provincia autonoma di Trento, Italia",45.7986487903,10.8944348749,1,,,,1,,,false,,,Italy,Nottua dei seminati,Agrotis ipsilon,Ipsilon Dart Moth,Insecta,126276
229770796,c0afbf69-1d84-40a9-b674-c0624dc30cbb,2024/07/16 00:05,2024-07-16,2024-07-15 22:05:00 UTC,Rome,1609913,giuseppe_molinari,Giuseppe Molinari,2024-07-16 20:21:25 UTC,2024-07-17 13:11:42 UTC,research,CC-BY-NC,https://www.inaturalist.org/observations/229770796,https://inaturalist-open-data.s3.amazonaws.com/photos/407892514/medium.jpg,,"",,2,0,false,,"Provincia autonoma di Trento, Italia",45.7986431803,10.8944342043,1,,,,1,,,false,,,Italy,Nottua dei seminati,Agrotis ipsilon,Ipsilon Dart Moth,Insecta,126276
229770813,476bfff5-6e41-4218-808c-d6779430cd1f,2024/07/16 02:45,2024-07-16,2024-07-16 00:45:00 UTC,Rome,1609913,giuseppe_molinari,Giuseppe Molinari,2024-07-16 20:21:30 UTC,2024-07-17 13:09:42 UTC,research,CC-BY-NC,https://www.inaturalist.org/observations/229770813,https://inaturalist-open-data.s3.amazonaws.com/photos/407892602/medium.jpg,,"",,2,0,false,,"Provincia autonoma di Trento, Italia",45.7986357721,10.894433535,1,,,,1,,,false,,,Italy,Nottua dei seminati,Agrotis ipsilon,Ipsilon Dart Moth,Insecta,126276
229770825,f542d997-0601-4a08-b4d6-ad086fd08bbf,2024/07/16 02:50,2024-07-16,2024-07-16 00:50:00 UTC,Rome,1609913,giuseppe_molinari,Giuseppe Molinari,2024-07-16 20:21:32 UTC,2024-07-17 13:05:13 UTC,research,CC-BY-NC,https://www.inaturalist.org/observations/229770825,https://inaturalist-open-data.s3.amazonaws.com/photos/407892641/medium.jpg,,"",,2,0,false,,"Provincia autonoma di Trento, Italia",45.7986478437,10.8944109692,1,,,,1,,,false,,,Italy,Nottua dei seminati,Agrotis ipsilon,Ipsilon Dart Moth,Insecta,126276
230627783,a7507ef9-be68-405f-813d-0f0527efe410,2024-07-21 02:08:18,2024-07-21,2024-07-21 00:08:18 UTC,Rome,5523155,schang_hai,Jean-Léonard Stör,2024-07-21 00:15:32 UTC,2024-07-21 10:40:58 UTC,research,CC-BY-NC,https://www.inaturalist.org/observations/230627783,https://inaturalist-open-data.s3.amazonaws.com/photos/409522445/medium.jpeg,,"",,2,0,false,2,"28812 Aurano, Verbano-Cusio-Ossola, Italien",45.9999423,8.5873571,,,,,,,,false,gps,gps,Italy,Ypsiloneule,Agrotis ipsilon,Ipsilon Dart Moth,Insecta,126276
231707501,17a173b8-ce1d-4e47-a9bc-42db70789ca5,2024-07-25 23:02:05,2024-07-25,2024-07-25 21:02:05 UTC,Rome,392309,bac_77,Marco Crivellari,2024-07-25 21:50:56 UTC,2024-07-26 10:54:16 UTC,research,CC-BY-NC,https://www.inaturalist.org/observations/231707501,https://inaturalist-open-data.s3.amazonaws.com/photos/411567301/medium.jpeg,,"",,2,0,false,2,"44026 Mesola FE, Italia",44.8832166667,12.2323555556,,,,,,,,false,gps,gps,Italy,Nottua dei seminati,Agrotis ipsilon,Ipsilon Dart Moth,Insecta,126276
232753941,3cc0e75f-e5d5-4042-8f68-bf916dd526be,2024-07-29 22:10:18,2024-07-29,2024-07-29 20:10:18 UTC,Rome,370501,bferrero,"",2024-07-30 19:31:36 UTC,2024-07-31 16:03:23 UTC,research,CC-BY-NC,https://www.inaturalist.org/observations/232753941,https://inaturalist-open-data.s3.amazonaws.com/photos/413551291/medium.jpeg,,"",,2,0,false,2,"Torino, Piemonte, IT",45.1788493569,7.3075476999,186,,,,27222,obscured,,true,gps,gps,Italy,Agrotis ipsilon,Agrotis ipsilon,Ipsilon Dart Moth,Insecta,126276
233583290,dd3b35fa-a2b2-46ba-9481-39503b3d1490,2024/08/03 22:35,2024-08-03,2024-08-03 20:35:00 UTC,Rome,1437774,valentinabuono,Valentina,2024-08-03 21:58:41 UTC,2024-08-04 11:50:23 UTC,research,CC-BY-NC,https://www.inaturalist.org/observations/233583290,https://inaturalist-open-data.s3.amazonaws.com/photos/415130474/medium.jpg,,"",,1,0,false,,"Ferrara, Emilia-Romagna, IT",44.6073570241,11.7869703011,1356,,,,27285,obscured,,true,,,Italy,Nottua dei seminati,Agrotis ipsilon,Ipsilon Dart Moth,Insecta,126276
234097567,62cef40d-0b52-4f2f-b827-d7c40331ee4f,2024-08-06 01:22:03+02:00,2024-08-06,2024-08-05 23:22:03 UTC,Rome,537090,cametcalf,Cheryl Metcalf,2024-08-06 06:50:42 UTC,2024-08-06 14:48:01 UTC,research,,https://www.inaturalist.org/observations/234097567,https://static.inaturalist.org/photos/416115548/medium.jpeg,,"","",2,0,false,3,"Via Giovanni Battista dalla Riva, Verona, Veneto, IT",45.4693033333,10.9051883333,42,,,,42,,,false,,,Italy,Ipsilon Dart,Agrotis ipsilon,Ipsilon Dart Moth,Insecta,126276
234193542,e315cebb-5263-46e9-ae65-83e1083992fd,2024-08-06 01:34:57,2024-08-06,2024-08-05 23:34:57 UTC,Rome,537095,rpmoutdoors,"",2024-08-06 18:41:48 UTC,2024-08-06 20:36:01 UTC,research,,https://www.inaturalist.org/observations/234193542,https://static.inaturalist.org/photos/416294961/medium.jpeg,,"",,1,0,false,2,"Corno B, 37012 San Vito Al Mantico VR, Italy",45.4688301121,10.9049354866,11,,,,11,,,false,gps,gps,Italy,Ipsilon Dart Moth,Agrotis ipsilon,Ipsilon Dart Moth,Insecta,126276
234202417,828b484b-7200-4f05-928e-6d755561e214,2024-08-06 21:31:23,2024-08-06,2024-08-06 19:31:23 UTC,Rome,2544590,marcocruscanti,Marco Cruscanti,2024-08-06 19:33:05 UTC,2024-08-06 20:28:41 UTC,research,CC-BY-NC-ND,https://www.inaturalist.org/observations/234202417,https://static.inaturalist.org/photos/416311762/medium.jpeg,,"",,1,0,false,2,"Castiglione D.P.-Stadio, 58043 Castiglione della Pescaia GR, Italia",42.7650315825,10.8714175969,122,,,,122,,,false,gps,gps,Italy,Ipsilon Dart Moth,Agrotis ipsilon,Ipsilon Dart Moth,Insecta,126276
234234515,feaf7911-e81d-462f-9b7a-bd1609b305ec,2024-08-07 00:43:15,2024-08-07,2024-08-06 22:43:15 UTC,Rome,7780152,pietro_melandri_birding,Pietro Melandri,2024-08-06 22:44:22 UTC,2024-08-07 09:47:47 UTC,research,CC0,https://www.inaturalist.org/observations/234234515,https://static.inaturalist.org/photos/416374867/medium.jpeg,,"",,2,0,false,2,"Ferrara, Emilia-Romagna, IT",44.8298997031,11.6254814342,6,,,,6,,,false,gps,gps,Italy,Nottua dei seminati,Agrotis ipsilon,Ipsilon Dart Moth,Insecta,126276
234246432,e6b43c46-6090-476d-9e45-79c9f96760d2,2024-06-15 11:52:10,2024-06-15,2024-06-15 09:52:10 UTC,Rome,4986017,lorenzolocati,Lorenzo Locati,2024-08-07 00:03:21 UTC,2024-08-07 17:25:35 UTC,research,CC-BY,https://www.inaturalist.org/observations/234246432,https://inaturalist-open-data.s3.amazonaws.com/photos/416397578/medium.jpeg,,"",,1,0,false,2,"20040 Cambiago MI, Italia",45.5727330213,9.4272555783,2078,,,,2078,,,false,gps,gps,Italy,Nottua dei seminati,Agrotis ipsilon,Ipsilon Dart Moth,Insecta,126276
234954863,6f97c484-4076-4536-b5c8-f2ce4ba2f93e,2024-08-10 18:52:55,2024-08-10,2024-08-10 16:52:55 UTC,Rome,2826870,margherita_bg,Margherita Ferraiuolo,2024-08-10 20:09:27 UTC,2024-08-11 14:34:14 UTC,research,CC0,https://www.inaturalist.org/observations/234954863,https://inaturalist-open-data.s3.amazonaws.com/photos/417774674/medium.jpeg,,"",,1,0,false,2,"PPMW+8C, 24027 Nembro BG, Italia",45.7339032517,9.7461266443,9,,,,9,,,false,gps,gps,Italy,Nottua dei seminati,Agrotis ipsilon,Ipsilon Dart Moth,Insecta,126276
235058557,04fe2ba5-2cc7-47d6-9c56-4ce53023efe7,2024-08-10 22:37:28,2024-08-10,2024-08-10 20:37:28 UTC,Rome,5452720,katia_bettiol,"",2024-08-11 08:21:31 UTC,2024-08-12 14:48:06 UTC,research,CC-BY-NC,https://www.inaturalist.org/observations/235058557,https://inaturalist-open-data.s3.amazonaws.com/photos/417980569/medium.jpeg,,"",,1,0,false,2,"31040 Giavera del Montello TV, Italia",45.7837080822,12.1933821961,7,,,,7,,,false,,,Italy,Nottua dei seminati,Agrotis ipsilon,Ipsilon Dart Moth,Insecta,126276
236223016,6ef6848d-5b5a-42f1-8234-b71f0558e6c2,2024-08-17 07:55:38,2024-08-17,2024-08-17 05:55:38 UTC,Rome,7878825,eidolon987,"",2024-08-17 05:58:54 UTC,2024-09-05 10:26:21 UTC,research,CC-BY-NC,https://www.inaturalist.org/observations/236223016,https://inaturalist-open-data.s3.amazonaws.com/photos/420232299/medium.jpeg,,"",,1,0,false,2,"Verona, Veneto, IT",45.4901287777,11.1438414205,6,,,,27158,obscured,,true,,,Italy,Nottua dei seminati,Agrotis ipsilon,Ipsilon Dart Moth,Insecta,126276
236599745,cad7e14b-bffa-4abe-9430-e1bfd7e4450f,2024-08-18 22:48:00,2024-08-18,2024-08-18 20:48:00 UTC,Rome,7126540,janek_s,"",2024-08-18 21:18:11 UTC,2024-08-21 20:03:05 UTC,research,CC-BY,https://www.inaturalist.org/observations/236599745,https://inaturalist-open-data.s3.amazonaws.com/photos/420943175/medium.jpeg,,"",,1,0,false,2,"V. Gorizia 56, 57023 Cecina LI, Italien",43.3579292681,10.5311756954,412,,,,412,,,false,gps,gps,Italy,Ypsiloneule,Agrotis ipsilon,Ipsilon Dart Moth,Insecta,126276
236776951,b370005e-49c3-46b1-95ed-6009515950a4,2024-08-19 09:32:00,2024-08-19,2024-08-19 07:32:00 UTC,Rome,4356361,puffi_thebikingnaturalist,Felix Puff,2024-08-19 19:32:46 UTC,2025-02-28 08:06:02 UTC,research,CC-BY,https://www.inaturalist.org/observations/236776951,https://inaturalist-open-data.s3.amazonaws.com/photos/421288517/medium.jpeg,,"",,2,0,false,2,"39055 Laives, Sud-Tyrol, Italie",46.4453484882,11.334948577,32,,,,32,,,false,gps,gps,Italy,Ypsiloneule,Agrotis ipsilon,Ipsilon Dart Moth,Insecta,126276
237175638,85a91ee6-c953-45d9-b6a2-f8bcb43732c5,2024-08-21 21:20:27,2024-08-21,2024-08-21 19:20:27 UTC,Rome,392309,bac_77,Marco Crivellari,2024-08-21 21:25:53 UTC,2024-08-22 19:41:30 UTC,research,CC-BY-NC,https://www.inaturalist.org/observations/237175638,https://inaturalist-open-data.s3.amazonaws.com/photos/422056603/medium.jpeg,,"",,1,0,false,2,"44026 Mesola FE, Italia",44.8836138889,12.2326694444,,,,,,,,false,gps,gps,Italy,Nottua dei seminati,Agrotis ipsilon,Ipsilon Dart Moth,Insecta,126276
238383801,9cddb764-c216-4c34-b2a5-f8801813d2d1,2024/08/14 2:16 AM,2024-08-14,2024-08-14 00:16:00 UTC,Rome,45933,micder,Michele De Rocco,2024-08-28 08:51:16 UTC,2024-08-28 09:42:23 UTC,research,,https://www.inaturalist.org/observations/238383801,https://static.inaturalist.org/photos/424395829/medium.jpg,,"",,2,0,false,,"Province of Belluno, Italy",46.1198766623,12.4772586282,31,,,,31,,,false,,,Italy,Agrotis ipsilon,Agrotis ipsilon,Ipsilon Dart Moth,Insecta,126276
239247859,f7d2ed02-0e3e-482e-8d9e-8d937bef54f3,2024-09-01 21:27:26+02:00,2024-09-01,2024-09-01 19:27:26 UTC,Rome,925256,rcaccia,"",2024-09-01 19:32:02 UTC,2025-08-02 09:40:25 UTC,research,CC-BY-NC,https://www.inaturalist.org/observations/239247859,https://inaturalist-open-data.s3.amazonaws.com/photos/426067518/medium.jpeg,,"","",1,0,false,3,"Via Prato Fiorito, Bracciano, Lazio, IT",42.1616471667,12.2163083333,4,,,,4,,,false,,,Italy,Nottua dei seminati,Agrotis ipsilon,Ipsilon Dart Moth,Insecta,126276
239384199,27314262-b127-4440-812e-c0bc9e7d73f7,2024-08-30 23:04:17,2024-08-30,2024-08-30 21:04:17 UTC,Rome,4855506,mcsr,Cesare Sandri,2024-09-02 13:21:28 UTC,2025-08-02 09:42:44 UTC,research,CC-BY-NC,https://www.inaturalist.org/observations/239384199,https://inaturalist-open-data.s3.amazonaws.com/photos/426339645/medium.jpeg,,"",,1,0,false,2,"Loano2 Village, 17025 Loano SV, Italia",44.1336701038,8.2423361018,17,,,,17,,,false,gps,gps,Italy,Nottua dei seminati,Agrotis ipsilon,Ipsilon Dart Moth,Insecta,126276
239961052,10c926b9-0c39-43a7-87c1-6820b20f9b77,2024-09-05 15:36:59+02:00,2024-09-05,2024-09-05 13:36:59 UTC,Rome,6700154,gianlucacic92,,2024-09-05 13:37:19 UTC,2025-08-12 10:09:26 UTC,research,CC-BY-NC,https://www.inaturalist.org/observations/239961052,https://inaturalist-open-data.s3.amazonaws.com/photos/427452306/medium.jpeg,,"","",1,0,false,3,"Via Cascina Madonna del Bosco, Spino d'Adda, Lombardia, IT",45.3959082999,9.5063793194,20,,,,20,,,false,,,Italy,Nottua dei seminati,Agrotis ipsilon,Ipsilon Dart Moth,Insecta,126276
240214035,5a890b09-6a0c-4ee8-9bbc-07541c139f08,2024-09-06 21:24:51,2024-09-06,2024-09-06 19:24:51 UTC,Rome,392309,bac_77,Marco Crivellari,2024-09-06 21:49:04 UTC,2024-09-11 22:25:37 UTC,research,CC-BY-NC,https://www.inaturalist.org/observations/240214035,https://inaturalist-open-data.s3.amazonaws.com/photos/427931956/medium.jpeg,,"",,1,0,false,2,"44026 Mesola FE, Italia",44.8835305556,12.2326527778,,,,,,,,false,gps,gps,Italy,Nottua dei seminati,Agrotis ipsilon,Ipsilon Dart Moth,Insecta,126276
244779429,5f07293e-9147-4b55-afd5-20f7aee046e4,2024/09/29 21:47,2024-09-29,2024-09-29 19:47:00 UTC,Rome,7651390,pier_francesco_murgia1,Pier Francesco Murgia,2024-09-29 20:55:30 UTC,2024-09-30 11:43:58 UTC,research,CC-BY-NC,https://www.inaturalist.org/observations/244779429,https://inaturalist-open-data.s3.amazonaws.com/photos/436679874/medium.jpeg,,"","",3,0,false,,"Città Metropolitana di Cagliari, Italia",39.2425205195,9.3051409904,2,,,,2,,,false,,,Italy,Nottua dei seminati,Agrotis ipsilon,Ipsilon Dart Moth,Insecta,126276
244802198,875d37f0-0c18-4e61-ad55-d58290bfdc53,2024/09/25 18:46,2024-09-25,2024-09-25 16:46:00 UTC,Rome,3813240,goosiaczek,Małgorzata Śliż,2024-09-29 22:56:41 UTC,2024-09-30 17:13:20 UTC,needs_id,CC-BY-NC,https://www.inaturalist.org/observations/244802198,https://inaturalist-open-data.s3.amazonaws.com/photos/436719657/medium.jpg,,"",,1,0,false,,"Prowincja Foggia, Włochy",41.8943257117,16.1448528434,8,,,,8,,,false,,,Italy,Rolnica gwoździówka,Agrotis ipsilon,Ipsilon Dart Moth,Insecta,126276
245483950,70d267fb-22cf-4128-89d6-a7686942dcc9,2024-10-01 20:34:18,2024-10-01,2024-10-01 18:34:18 UTC,Rome,4534487,zorbah_13,Nicola Pio Casiglio,2024-10-03 22:41:43 UTC,2024-11-14 10:17:05 UTC,research,,https://www.inaturalist.org/observations/245483950,https://static.inaturalist.org/photos/438062327/medium.jpeg,,"",,2,0,false,2,"86039 Termoli CB, Italia",41.9953375683,14.9884954467,190,,,,190,,,false,gps,gps,Italy,Nottua dei seminati,Agrotis ipsilon,Ipsilon Dart Moth,Insecta,126276
246526398,2e956ab1-cd28-4d3a-b8fc-4c55fa92281b,2024-10-09 21:56:37,2024-10-09,2024-10-09 19:56:37 UTC,Rome,2514105,diegoreggianti,"",2024-10-09 20:28:57 UTC,2024-10-10 07:51:42 UTC,research,CC-BY-NC,https://www.inaturalist.org/observations/246526398,https://inaturalist-open-data.s3.amazonaws.com/photos/440122168/medium.jpeg,,"",,3,0,false,2,"Crocco- Olivi, 00148 Roma RM, Italia",41.8255500489,12.3981212452,90,,,,90,,,false,gps,gps,Italy,Agrotis ipsilon,Agrotis ipsilon,Ipsilon Dart Moth,Insecta,126276
246588585,12487f50-c63d-43ef-a6a3-0c1a8d5adb84,2024-10-10 08:40:03,2024-10-10,2024-10-10 06:40:03 UTC,Rome,983962,matteopaveto,Matteo Paveto,2024-10-10 06:44:04 UTC,2024-10-10 10:28:48 UTC,research,CC-BY-NC,https://www.inaturalist.org/observations/246588585,https://inaturalist-open-data.s3.amazonaws.com/photos/440248536/medium.jpeg,,"",,2,0,false,2,"27030 Frascarolo PV, Italia",45.0531931,8.6488894997,,,,,,,,false,gps,gps,Italy,Nottua dei seminati,Agrotis ipsilon,Ipsilon Dart Moth,Insecta,126276
247102624,e2ddca7d-6a25-4404-afd7-b72ef3f38b8c,2024-10-13 13:58:35,2024-10-13,2024-10-13 11:58:35 UTC,Rome,6828874,kira231,Kiara,2024-10-13 12:14:19 UTC,2024-10-14 13:44:41 UTC,research,,https://www.inaturalist.org/observations/247102624,https://static.inaturalist.org/photos/441260616/medium.jpeg,,"",,2,0,false,2,"Torino, Piemonte, IT",45.0362728626,7.7529382198,,,,,27222,obscured,,true,gps,gps,Italy,Ipsilon Dart Moth,Agrotis ipsilon,Ipsilon Dart Moth,Insecta,126276
248270899,2c21e239-f564-4b69-b209-5e26f4add968,2024/10/20 15:07,2024-10-20,2024-10-20 13:07:00 UTC,Rome,7132961,ertap,"",2024-10-20 14:25:29 UTC,2025-04-09 19:41:58 UTC,research,,https://www.inaturalist.org/observations/248270899,https://static.inaturalist.org/photos/443571174/medium.jpg,,"","",3,0,false,,"Bolzano, Trentino-Alto Adige, IT",46.6182901209,11.1890908728,,,,,26967,obscured,,true,,,Italy,Ypsiloneule,Agrotis ipsilon,Ipsilon Dart Moth,Insecta,126276
249298963,fd0a352e-55c9-40b2-a37b-007d22e7a71a,2024-08-09 21:54:57,2024-08-09,2024-08-09 19:54:57 UTC,Rome,1839847,andredepo,Andrea,2024-10-27 10:21:57 UTC,2024-10-27 11:21:46 UTC,research,CC-BY-NC,https://www.inaturalist.org/observations/249298963,https://inaturalist-open-data.s3.amazonaws.com/photos/445620586/medium.jpeg,,"",,1,0,false,2,"Cassina Valsassina LC, Italia",45.9348677386,9.4770300016,11,,,,11,,,false,gps,gps,Italy,Agrotis ipsilon,Agrotis ipsilon,Ipsilon Dart Moth,Insecta,126276
249484478,c07c8231-88b7-476c-bf70-981e8d4a363e,2024-10-28 12:59:24,2024-10-28,2024-10-28 11:59:24 UTC,Rome,2912889,emanuelerepetto,Emanuele Repetto,2024-10-28 12:03:05 UTC,2024-10-28 14:38:18 UTC,research,,https://www.inaturalist.org/observations/249484478,https://static.inaturalist.org/photos/445986705/medium.jpeg,,"",,1,0,false,2,"ARQUATA SCRIVIA - V. Unità / Stazione FS, 15061 Arquata Scrivia AL, Italia",44.6928567046,8.883966431,6,,,,6,,,false,gps,gps,Italy,Nottua dei seminati,Agrotis ipsilon,Ipsilon Dart Moth,Insecta,126276
252031479,14d8ebc0-9b88-4648-a8fd-90121dfaa5cf,2024-11-15 14:11:08,2024-11-15,2024-11-15 13:11:08 UTC,Rome,8012762,leofinder,Leonardo Cicciarella,2024-11-17 16:14:54 UTC,2025-04-12 04:05:56 UTC,research,,https://www.inaturalist.org/observations/252031479,https://static.inaturalist.org/photos/451083377/medium.jpeg,,"",,1,0,false,2,"Marina di Modica RG, Italia",36.71475,14.8093888889,,,,,,,,false,gps,gps,Italy,Nottua dei seminati,Agrotis ipsilon,Ipsilon Dart Moth,Insecta,126276
253180576,a6b15bfd-3db2-4430-803e-7f7621c893a3,2024-11-26 17:25:17+01:00,2024-11-26,2024-11-26 16:25:17 UTC,Rome,925256,rcaccia,"",2024-11-26 16:36:33 UTC,2025-09-11 14:57:11 UTC,research,CC-BY-NC,https://www.inaturalist.org/observations/253180576,https://inaturalist-open-data.s3.amazonaws.com/photos/453286400/medium.jpeg,,"","",2,0,false,3,"Riserva Naturale Monterano, Canale Monterano, Lazio, IT",42.1263583333,12.0470888333,3,,,,3,,,false,,,Italy,Nottua dei seminati,Agrotis ipsilon,Ipsilon Dart Moth,Insecta,126276
253181123,f22481e3-be2d-414b-b03d-d0934532ae7c,2024-11-26 17:25:48,2024-11-26,2024-11-26 16:25:48 UTC,Rome,6608051,marcogasponi,Marco Gasponi,2024-11-26 16:42:16 UTC,2024-11-27 11:05:20 UTC,research,CC-BY-NC,https://www.inaturalist.org/observations/253181123,https://inaturalist-open-data.s3.amazonaws.com/photos/453286696/medium.jpeg,,"",,2,0,false,2,"00060 Canale Monterano RM, Italia",42.1268798941,12.0478438586,74,,,,74,,,false,gps,gps,Italy,Nottua dei seminati,Agrotis ipsilon,Ipsilon Dart Moth,Insecta,126276
253192586,8a27cf7c-0605-4a31-84c8-a5b3bc4b0500,2024-11-13 18:34:37,2024-11-13,2024-11-13 17:34:37 UTC,Rome,1697090,ricmola,Riccardo Molajoli,2024-11-26 18:47:11 UTC,2025-04-13 04:10:59 UTC,research,CC-BY-NC,https://www.inaturalist.org/observations/253192586,https://inaturalist-open-data.s3.amazonaws.com/photos/453308075/medium.jpeg,,"",,1,0,false,2,"00162 Roma RM, Italia",41.9220329722,12.5251149722,,,,,,,,false,,,Italy,Nottua dei seminati,Agrotis ipsilon,Ipsilon Dart Moth,Insecta,126276
253873203,73844dfe-12fe-414e-91df-772acb832064,2024-12-02 09:37:54,2024-12-02,2024-12-02 08:37:54 UTC,Rome,7780152,pietro_melandri_birding,Pietro Melandri,2024-12-02 13:51:21 UTC,2025-04-13 21:30:32 UTC,research,CC0,https://www.inaturalist.org/observations/253873203,https://static.inaturalist.org/photos/454656368/medium.jpeg,,"",,1,0,false,2,"J7P7+4V, 44029 Comacchio FE, Italia",44.6356770718,12.2649307922,265,,,,265,,,false,gps,gps,Italy,Nottua dei seminati,Agrotis ipsilon,Ipsilon Dart Moth,Insecta,126276
255962277,685bf8fb-1a65-4d9c-82c5-c496bed41279,2024-12-23 07:37:15,2024-12-23,2024-12-23 06:37:15 UTC,Rome,2514105,diegoreggianti,"",2024-12-23 06:45:24 UTC,2025-01-16 16:30:50 UTC,research,CC-BY-NC,https://www.inaturalist.org/observations/255962277,https://inaturalist-open-data.s3.amazonaws.com/photos/458810586/medium.jpeg,,"",,2,0,false,2,cambusa,41.9190360105,12.4867068976,8,,,,8,,,false,gps,gps,Italy,Agrotis ipsilon,Agrotis ipsilon,Ipsilon Dart Moth,Insecta,126276
256067930,8c467c6e-0836-4a76-99c4-a6b1ba1cb638,2024-12-24 10:24:09,2024-12-24,2024-12-24 09:24:09 UTC,Rome,5878658,sguanci72,,2024-12-24 09:37:50 UTC,2025-08-02 09:40:07 UTC,research,CC-BY-NC,https://www.inaturalist.org/observations/256067930,https://inaturalist-open-data.s3.amazonaws.com/photos/459023614/medium.jpeg,,"",,1,0,false,2,"Pesaro PU, Italia",43.893763,12.9016902,34,,,,34,,,false,,,Italy,Nottua dei seminati,Agrotis ipsilon,Ipsilon Dart Moth,Insecta,126276
257582519,5b218b5e-bc99-42aa-a5fa-f523fec6fe57,2025-01-06 13:39:00+01:00,2025-01-06,2025-01-06 12:39:00 UTC,Rome,220172,natalieraeber,Natalie Raeber,2025-01-06 12:39:20 UTC,2025-07-15 13:19:44 UTC,research,CC-BY-NC-ND,https://www.inaturalist.org/observations/257582519,https://inaturalist-open-data.s3.amazonaws.com/photos/462110317/medium.jpg,,"","",3,0,false,3,"SP 56, Martina Franca, Apulia, IT",40.7263033333,17.2872783333,5,,,,5,,,false,,,Italy,Ipsilon Dart Moth,Agrotis ipsilon,Ipsilon Dart Moth,Insecta,126276
257863910,d64bdd3a-397a-40e1-bef6-c39fd93d8e2e,2025-01-08 22:59:43,2025-01-08,2025-01-08 21:59:43 UTC,Rome,7845652,scienzenaturali,Andrea Bonifazi,2025-01-08 22:00:18 UTC,2025-01-11 17:43:49 UTC,research,CC-BY-NC,https://www.inaturalist.org/observations/257863910,https://inaturalist-open-data.s3.amazonaws.com/photos/462585332/medium.jpeg,,"",,1,0,false,2,"00139 Roma RM, Italia",41.9514894113,12.5247083511,10,,,,10,,,false,,,Italy,Nottua dei seminati,Agrotis ipsilon,Ipsilon Dart Moth,Insecta,126276
258121930,395aa06f-41ac-4945-a998-9564cdec2333,2025/01/11 00:12,2025-01-11,2025-01-10 23:12:00 UTC,Rome,7651390,pier_francesco_murgia1,Pier Francesco Murgia,2025-01-11 10:14:34 UTC,2025-01-11 17:40:31 UTC,research,CC-BY-NC,https://www.inaturalist.org/observations/258121930,https://inaturalist-open-data.s3.amazonaws.com/photos/463059273/medium.jpeg,,"",,1,0,false,,"Città Metropolitana di Cagliari, Italia",39.2434895753,9.3046300296,2,,,,2,,,false,,,Italy,Nottua dei seminati,Agrotis ipsilon,Ipsilon Dart Moth,Insecta,126276
259443480,5e14298a-e632-4733-b985-0a1372395d85,2025/01/21 21:11,2025-01-21,2025-01-21 20:11:00 UTC,Rome,7651390,pier_francesco_murgia1,Pier Francesco Murgia,2025-01-24 17:06:54 UTC,2025-01-26 16:09:17 UTC,research,CC-BY-NC,https://www.inaturalist.org/observations/259443480,https://inaturalist-open-data.s3.amazonaws.com/photos/465728586/medium.jpeg,,"",,1,0,false,,"Città Metropolitana di Cagliari, Italia",39.2425205195,9.3051409904,2,,,,2,,,false,,,Italy,Nottua dei seminati,Agrotis ipsilon,Ipsilon Dart Moth,Insecta,126276
263028081,545156ed-0208-4283-9fc8-fae320c55e76,2024/08/01 08:35,2024-08-01,2024-08-01 06:35:00 UTC,Rome,5256979,thorsten_hackbarth,Thorsten Hackbarth,2025-02-25 07:28:19 UTC,2025-02-25 08:02:16 UTC,research,CC-BY,https://www.inaturalist.org/observations/263028081,https://inaturalist-open-data.s3.amazonaws.com/photos/472449941/medium.jpg,,"",,1,0,false,,"Bari, Apulia, Italy",41.1366329,16.8679053,,,,,,,,false,,,Italy,Ypsiloneule,Agrotis ipsilon,Ipsilon Dart Moth,Insecta,126276
263178519,68da5679-f7d7-4779-843e-0b4e156d1445,2025/02/24 10:00,2025-02-24,2025-02-24 09:00:00 UTC,Rome,1945930,phylos,Luigi Andena,2025-02-26 18:04:24 UTC,2025-02-27 13:04:32 UTC,research,CC-BY-NC,https://www.inaturalist.org/observations/263178519,https://inaturalist-open-data.s3.amazonaws.com/photos/472750738/medium.jpg,,"","",1,0,false,,"Provincia di Pavia, Italia",44.8998432289,9.2619788649,5,,,,5,,,false,,,Italy,Nottua dei seminati,Agrotis ipsilon,Ipsilon Dart Moth,Insecta,126276
264104146,2e67f2d0-3903-4ab3-b852-896afcf932a5,2025-03-06 08:03:30,2025-03-06,2025-03-06 07:03:30 UTC,Rome,2514105,diegoreggianti,"",2025-03-06 15:54:01 UTC,2025-03-06 19:49:27 UTC,research,CC-BY-NC,https://www.inaturalist.org/observations/264104146,https://inaturalist-open-data.s3.amazonaws.com/photos/474551260/medium.jpeg,,"",,3,0,false,2,"Quartiere III Pinciano, Roma RM, Italia",41.9190360105,12.4867068976,8,,,,8,,,false,gps,gps,Italy,Agrotis ipsilon,Agrotis ipsilon,Ipsilon Dart Moth,Insecta,126276
265526776,b42b0759-dd76-4ade-bbd6-c8f517de1468,2025-03-15 15:06:31,2025-03-15,2025-03-15 14:06:31 UTC,Rome,2473012,traiano,Traiano,2025-03-16 10:12:19 UTC,2025-03-16 15:59:46 UTC,research,CC-BY-NC,https://www.inaturalist.org/observations/265526776,https://inaturalist-open-data.s3.amazonaws.com/photos/476958305/medium.jpeg,,"","ID please , insect",2,0,false,2,"Martinica/Tortuga, 00121 Roma RM, Italy",41.7415770895,12.2607297823,188,,,,188,,,false,gps,gps,Italy,Ipsilon Dart Moth,Agrotis ipsilon,Ipsilon Dart Moth,Insecta,126276
266267425,bddab75a-24ec-4c0e-880a-9e72cf3a61b7,2025-03-21 19:59:09,2025-03-21,2025-03-21 18:59:09 UTC,Rome,3452788,andreagattei,Andrea GATTEI,2025-03-21 19:02:45 UTC,2025-04-13 12:04:42 UTC,research,,https://www.inaturalist.org/observations/266267425,https://static.inaturalist.org/photos/478390343/medium.jpeg,,"",,1,0,false,2,"20061 Carugate MI, Italia",45.5492589722,9.3371879722,,,,,,,,false,gps,gps,Italy,Ipsilon Dart Moth,Agrotis ipsilon,Ipsilon Dart Moth,Insecta,126276
266534262,429affd2-ed2d-45c0-90fe-621f10e44a3e,2025-03-23 12:03:20,2025-03-23,2025-03-23 11:03:20 UTC,Rome,399442,astolinto,Astolinto,2025-03-23 11:03:45 UTC,2025-08-02 09:53:56 UTC,research,,https://www.inaturalist.org/observations/266534262,https://static.inaturalist.org/photos/478907322/medium.jpeg,,"",,3,0,false,2,"04100 Latina LT, Italia",41.3968734997,12.8908564,,,,,,,,false,,,Italy,Nottua dei seminati,Agrotis ipsilon,Ipsilon Dart Moth,Insecta,126276
266772082,17726682-9546-4949-8ddf-04633036b164,2025/03/21 01:44,2025-03-21,2025-03-21 00:44:00 UTC,Rome,7651390,pier_francesco_murgia1,Pier Francesco Murgia,2025-03-24 16:42:34 UTC,2025-03-24 19:07:51 UTC,research,CC-BY-NC,https://www.inaturalist.org/observations/266772082,https://inaturalist-open-data.s3.amazonaws.com/photos/479329539/medium.jpeg,,"",,1,0,false,,"Città Metropolitana di Cagliari, Italia",39.2425205195,9.3051409904,2,,,,2,,,false,,,Italy,Nottua dei seminati,Agrotis ipsilon,Ipsilon Dart Moth,Insecta,126276
266943816,87c21d7e-b896-4e1d-81a5-fe715d1ce6df,2025/03/25 20:38,2025-03-25,2025-03-25 19:38:00 UTC,Rome,3964296,giacomo_ttb,,2025-03-25 19:43:44 UTC,2025-03-26 12:46:59 UTC,research,CC-BY-NC,https://www.inaturalist.org/observations/266943816,https://inaturalist-open-data.s3.amazonaws.com/photos/479659919/medium.jpg,,"",,1,0,false,,"27050 Pizzale PV, Italia",45.0353861111,9.0463388889,,,,,,,,false,,,Italy,Nottua dei seminati,Agrotis ipsilon,Ipsilon Dart Moth,Insecta,126276
267251575,eac6e894-86cf-45c7-bb3d-5e2038150ad7,2025-03-25 20:43:58,2025-03-25,2025-03-25 19:43:58 UTC,Rome,7792450,amaurydeneux,Amaury Deneux,2025-03-27 20:55:57 UTC,2025-08-02 09:39:56 UTC,research,,https://www.inaturalist.org/observations/267251575,https://static.inaturalist.org/photos/480251288/medium.jpeg,,"",Lepiled,2,0,false,2,"33061 Teor, Udine, Italie",45.8937555556,13.0608861111,,,,,,,,false,gps,gps,Italy,Noctuelle baignée,Agrotis ipsilon,Ipsilon Dart Moth,Insecta,126276
267460077,d44e3f9a-effa-499a-9900-8e1321eb2710,2025-03-28 22:58:55,2025-03-28,2025-03-28 21:58:55 UTC,Rome,2514105,diegoreggianti,"",2025-03-29 05:12:40 UTC,2025-03-29 15:29:11 UTC,research,CC-BY-NC,https://www.inaturalist.org/observations/267460077,https://inaturalist-open-data.s3.amazonaws.com/photos/480654567/medium.jpeg,,"",,3,0,false,2,rionero,40.9413133425,15.5691367015,,,,,,,,false,gps,gps,Italy,Agrotis ipsilon,Agrotis ipsilon,Ipsilon Dart Moth,Insecta,126276
267473773,e03f6759-5443-4dbf-81ab-410d83359f81,2025-03-29 09:35:05,2025-03-29,2025-03-29 08:35:05 UTC,Rome,415404,fabribor,Fabrizio Borghesi,2025-03-29 08:36:14 UTC,2025-04-14 22:01:33 UTC,research,CC-BY-NC,https://www.inaturalist.org/observations/267473773,https://inaturalist-open-data.s3.amazonaws.com/photos/480681313/medium.jpeg,,"",,1,0,false,2,"48123 Savarna RA, Italia",44.51060112,12.10205549,4,,,,4,,,false,,,Italy,Nottua dei seminati,Agrotis ipsilon,Ipsilon Dart Moth,Insecta,126276
267689400,9f19c715-7d7e-477c-9ea0-be9aa079ea04,2025-03-30 12:59:04,2025-03-30,2025-03-30 10:59:04 UTC,Rome,7868016,dariomagno,Dariomagno,2025-03-30 12:26:53 UTC,2025-03-30 16:13:43 UTC,research,CC-BY-NC,https://www.inaturalist.org/observations/267689400,https://inaturalist-open-data.s3.amazonaws.com/photos/481095095/medium.jpeg,,"",,1,0,false,2,"San Giovanni, Firenze FI, Italia",43.7729374,11.2554225997,,,,,,,,false,gps,gps,Italy,Nottua dei seminati,Agrotis ipsilon,Ipsilon Dart Moth,Insecta,126276
267783935,39c3071e-81c6-4c0c-a901-21d23a3f01c0,2025-03-30 22:50:48+02:00,2025-03-30,2025-03-30 20:50:48 UTC,Rome,2213529,mortenchristensen,Morten Christensen,2025-03-30 20:58:24 UTC,2025-03-31 10:03:55 UTC,research,CC-BY-NC,https://www.inaturalist.org/observations/267783935,https://inaturalist-open-data.s3.amazonaws.com/photos/481270327/medium.jpg,,"","",1,0,false,3,"SP 159, Scansano, Toscana, IT",42.67737,11.3619533333,85,,,,85,,,false,,,Italy,Ypsilonugle,Agrotis ipsilon,Ipsilon Dart Moth,Insecta,126276
267784689,57f692bb-4bf5-4b41-9566-bc3374d551f7,2025-03-30 22:47:29+02:00,2025-03-30,2025-03-30 20:47:29 UTC,Rome,2213529,mortenchristensen,Morten Christensen,2025-03-30 21:01:43 UTC,2025-04-15 05:53:40 UTC,research,CC-BY-NC,https://www.inaturalist.org/observations/267784689,https://inaturalist-open-data.s3.amazonaws.com/photos/481414111/medium.jpg,,"","",1,0,false,3,"SP 159, Scansano, Toscana, IT",42.6773333333,11.36205,14,,,,14,,,false,,,Italy,Ypsilonugle,Agrotis ipsilon,Ipsilon Dart Moth,Insecta,126276
267784838,e0e0b174-ac48-4d6d-99ac-1aabbdabc060,2025-03-30 22:44:58+02:00,2025-03-30,2025-03-30 20:44:58 UTC,Rome,2213529,mortenchristensen,Morten Christensen,2025-03-30 21:02:27 UTC,2025-03-31 09:51:58 UTC,research,CC-BY-NC,https://www.inaturalist.org/observations/267784838,https://inaturalist-open-data.s3.amazonaws.com/photos/481271593/medium.jpg,,"","",1,0,false,3,"SP 159, Scansano, Toscana, IT",42.67728,11.3621166667,14,,,,14,,,false,,,Italy,Ypsilonugle,Agrotis ipsilon,Ipsilon Dart Moth,Insecta,126276
267964021,e60b5b83-f7e8-47c3-8d02-4fe3aa217708,2025-03-31 23:00:04+02:00,2025-03-31,2025-03-31 21:00:04 UTC,Rome,2213529,mortenchristensen,Morten Christensen,2025-03-31 21:03:02 UTC,2025-04-01 10:10:40 UTC,research,CC-BY-NC,https://www.inaturalist.org/observations/267964021,https://inaturalist-open-data.s3.amazonaws.com/photos/481611241/medium.jpg,,"","",1,0,false,3,"SP 159, Scansano, Toscana, IT",42.677345,11.36185,2,,,,2,,,false,,,Italy,Ypsilonugle,Agrotis ipsilon,Ipsilon Dart Moth,Insecta,126276
268099143,3e3bd7fa-8aba-4e6b-a371-c3cb012efb2c,2025/03/29 00:00,2025-03-29,2025-03-28 23:00:00 UTC,Rome,1375725,babunco,Camillo De Berardinis,2025-04-01 18:07:00 UTC,2025-04-02 10:01:59 UTC,research,CC-BY-NC,https://www.inaturalist.org/observations/268099143,https://inaturalist-open-data.s3.amazonaws.com/photos/481868102/medium.jpeg,,"Monticchio Bagni, loc. Sgarroni (PZ)",,2,0,false,,Monticchio Sgarroni (PZ),40.9414172,15.5695329,198,,,,198,,,false,,,Italy,Nottua dei seminati,Agrotis ipsilon,Ipsilon Dart Moth,Insecta,126276
268184142,a484e129-ecdd-4aee-86e5-205a230dcfc5,2025/04/02 07:48,2025-04-02,2025-04-02 05:48:00 UTC,Rome,3964296,giacomo_ttb,,2025-04-02 06:26:14 UTC,2025-04-02 10:15:48 UTC,research,CC-BY-NC,https://www.inaturalist.org/observations/268184142,https://inaturalist-open-data.s3.amazonaws.com/photos/482035163/medium.jpg,,"",,2,0,false,,"27050 Pizzale PV, Italia",45.0354055556,9.0462916667,,,,,,,,false,,,Italy,Nottua dei seminati,Agrotis ipsilon,Ipsilon Dart Moth,Insecta,126276
268185431,fe3a4050-ce97-40d8-8ac1-eb5eee581729,2025-04-02 08:21:01,2025-04-02,2025-04-02 06:21:01 UTC,Rome,6254207,mikee95,"",2025-04-02 06:42:24 UTC,2025-04-02 10:38:47 UTC,research,,https://www.inaturalist.org/observations/268185431,https://static.inaturalist.org/photos/482037304/medium.jpeg,,"",,2,0,false,2,"Via Aquilea Civ.2085, 55100 Aquilea LU, Italia",43.9176483056,10.5125503333,,,,,,,,false,gps,gps,Italy,Nottua dei seminati,Agrotis ipsilon,Ipsilon Dart Moth,Insecta,126276
268193219,78a8787e-b0fd-494a-a644-a8a91e92b85b,2025-04-02 10:14:55,2025-04-02,2025-04-02 08:14:55 UTC,Rome,6608051,marcogasponi,Marco Gasponi,2025-04-02 08:22:14 UTC,2025-04-02 09:55:54 UTC,research,CC-BY-NC,https://www.inaturalist.org/observations/268193219,https://inaturalist-open-data.s3.amazonaws.com/photos/482051181/medium.jpeg,,"",,2,0,false,2,"43M7+4P Sorgente ferrosa del Rafanello, 00060 Canale Monterano RM, Italia",42.1319628246,12.06646543,6,,,,6,,,false,gps,gps,Italy,Nottua dei seminati,Agrotis ipsilon,Ipsilon Dart Moth,Insecta,126276
268276118,792637aa-a715-4245-b194-506b01f89f51,2025-04-02 21:43:44+02:00,2025-04-02,2025-04-02 19:43:44 UTC,Rome,2213529,mortenchristensen,Morten Christensen,2025-04-02 20:24:34 UTC,2025-04-03 09:27:50 UTC,research,CC-BY-NC,https://www.inaturalist.org/observations/268276118,https://inaturalist-open-data.s3.amazonaws.com/photos/482205408/medium.jpg,,"","",2,0,false,3,"SP 159, Scansano, Toscana, IT",42.6772833333,11.3619616667,7,,,,7,,,false,,,Italy,Ypsilonugle,Agrotis ipsilon,Ipsilon Dart Moth,Insecta,126276
268972128,94922b1d-24f1-4301-b04c-f5bfd6058905,2025/03/28 23:54,2025-03-28,2025-03-28 22:54:00 UTC,Rome,1482324,ranierop,Raniero Panfili,2025-04-06 17:54:47 UTC,2025-04-06 18:00:51 UTC,research,,https://www.inaturalist.org/observations/268972128,https://static.inaturalist.org/photos/483536751/medium.jpeg,,"","",1,0,false,,"Stazione di Aquilonia, Avellino, Italia",40.9419579107,15.541074967,11,,,,11,,,false,,,Italy,Nottua dei seminati,Agrotis ipsilon,Ipsilon Dart Moth,Insecta,126276
270189835,a5c615e5-88f0-45f9-8de2-e7fd5d71bb19,2025-04-12 10:08:43+02:00,2025-04-12,2025-04-12 08:08:43 UTC,Rome,923113,maxbarclay,,2025-04-13 13:53:13 UTC,2025-04-13 16:55:25 UTC,needs_id,CC-BY-NC,https://www.inaturalist.org/observations/270189835,https://inaturalist-open-data.s3.amazonaws.com/photos/485884381/medium.jpg,,"","",1,0,false,3,"Parco Amendola, Modena, Emilia–Romagna, IT",44.6273583333,10.9084966667,5,,,,5,,,false,,,Italy,Ipsilon Dart Moth,Agrotis ipsilon,Ipsilon Dart Moth,Insecta,126276
271024104,0582fe4c-8b87-45b2-8a4f-6dfc6a950a2d,2025-04-17 17:23:30,2025-04-17,2025-04-17 15:23:30 UTC,Rome,415404,fabribor,Fabrizio Borghesi,2025-04-17 15:24:17 UTC,2025-04-18 12:32:50 UTC,research,CC-BY-NC,https://www.inaturalist.org/observations/271024104,https://inaturalist-open-data.s3.amazonaws.com/photos/487475362/medium.jpeg,,"",,1,0,false,2,"48123 Savarna RA, Italia",44.51032006,12.10333206,4,,,,4,,,false,,,Italy,Nottua dei seminati,Agrotis ipsilon,Ipsilon Dart Moth,Insecta,126276
271375066,1178cf47-0212-4c68-8c6f-e74f0dbaefe4,2025-04-19 07:11:51,2025-04-19,2025-04-19 05:11:51 UTC,Rome,675852,max_65,Massimo Rosso,2025-04-19 05:22:26 UTC,2025-04-24 13:39:34 UTC,research,,https://www.inaturalist.org/observations/271375066,https://static.inaturalist.org/photos/488142027/medium.jpeg,,"",,2,0,false,2,"Torino, Piemonte, IT",45.1967406471,6.9867181971,4,,,,27222,obscured,,true,gps,gps,Italy,Nottua dei seminati,Agrotis ipsilon,Ipsilon Dart Moth,Insecta,126276
271947408,1f1bfb23-8b76-4c7b-935b-814b41fa1552,2025-04-21 12:03:35,2025-04-21,2025-04-21 10:03:35 UTC,Rome,5554327,federico_biguzzi,Federico Biguzzi,2025-04-21 12:22:08 UTC,2025-08-08 08:45:22 UTC,needs_id,CC-BY-NC,https://www.inaturalist.org/observations/271947408,https://inaturalist-open-data.s3.amazonaws.com/photos/489227470/medium.jpeg,,"",,1,0,false,2,"47042 Cesenatico FC, Italia",44.1762237806,12.3368384689,20,,,,20,,,false,gps,gps,Italy,Nottua dei seminati,Agrotis ipsilon,Ipsilon Dart Moth,Insecta,126276
272280079,d60cd1f8-b810-41d3-9b6c-d7f40956064a,2025/04/22 21:45,2025-04-22,2025-04-22 19:45:00 UTC,Rome,3964296,giacomo_ttb,,2025-04-22 20:08:47 UTC,2025-04-22 20:09:49 UTC,research,CC-BY-NC,https://www.inaturalist.org/observations/272280079,https://inaturalist-open-data.s3.amazonaws.com/photos/489841227/medium.jpg,,"",,1,0,false,,"27050 Pizzale PV, Italia",45.0353388889,9.0463138889,,,,,,,,false,,,Italy,Nottua dei seminati,Agrotis ipsilon,Ipsilon Dart Moth,Insecta,126276
272282591,3da1311b-7aa0-4b99-8783-75910cbf8e56,2025-04-22 22:06:29,2025-04-22,2025-04-22 20:06:29 UTC,Rome,392309,bac_77,Marco Crivellari,2025-04-22 20:20:12 UTC,2025-04-23 11:49:58 UTC,research,CC-BY-NC,https://www.inaturalist.org/observations/272282591,https://inaturalist-open-data.s3.amazonaws.com/photos/489846391/medium.jpeg,,"",,1,0,false,2,"44026 Mesola FE, Italia",44.8833527778,12.2323888889,,,,,,,,false,gps,gps,Italy,Nottua dei seminati,Agrotis ipsilon,Ipsilon Dart Moth,Insecta,126276
272284666,f5e434d6-4ec4-4b0f-ae15-02cd0cd6415d,2025-04-22 22:03:30,2025-04-22,2025-04-22 20:03:30 UTC,Rome,392309,bac_77,Marco Crivellari,2025-04-22 20:30:22 UTC,2025-04-24 11:16:45 UTC,research,CC-BY-NC,https://www.inaturalist.org/observations/272284666,https://inaturalist-open-data.s3.amazonaws.com/photos/489850424/medium.jpeg,,"",,2,0,false,2,"44026 Mesola FE, Italia",44.8833777778,12.232275,,,,,,,,false,gps,gps,Italy,Nottua dei seminati,Agrotis ipsilon,Ipsilon Dart Moth,Insecta,126276
272284703,1abbff26-8f94-47b1-a0ad-d6fc07b0e282,2025-04-22 22:03:22,2025-04-22,2025-04-22 20:03:22 UTC,Rome,392309,bac_77,Marco Crivellari,2025-04-22 20:30:31 UTC,2025-04-24 11:16:42 UTC,research,CC-BY-NC,https://www.inaturalist.org/observations/272284703,https://inaturalist-open-data.s3.amazonaws.com/photos/489850503/medium.jpeg,,"",,2,0,false,2,"44026 Mesola FE, Italia",44.8833777778,12.232275,,,,,,,,false,gps,gps,Italy,Nottua dei seminati,Agrotis ipsilon,Ipsilon Dart Moth,Insecta,126276
272302797,0760f70e-0d68-4e59-8c41-f4a1c94ea0ae,2025-04-21 12:50:48+02:00,2025-04-21,2025-04-21 10:50:48 UTC,Rome,7963645,camilla_piantanida,Camilla Piantanida,2025-04-22 21:52:08 UTC,2025-04-24 11:15:01 UTC,research,,https://www.inaturalist.org/observations/272302797,https://static.inaturalist.org/photos/489884009/medium.jpg,,"","",2,0,false,3,"Via della Cornice, Pietra Ligure, Liguria, IT",44.1475707038,8.2772059634,57,,,,57,,,false,,,Italy,Nottua dei seminati,Agrotis ipsilon,Ipsilon Dart Moth,Insecta,126276
274142096,70eb6d7b-441a-425c-a386-0e2c485139dc,2025-04-26 22:56:27,2025-04-26,2025-04-26 20:56:27 UTC,Rome,8216474,abond71,Luca Abbondi,2025-04-26 21:04:20 UTC,2025-04-28 18:31:10 UTC,research,,https://www.inaturalist.org/observations/274142096,https://static.inaturalist.org/photos/492892938/medium.jpeg,,"",,2,0,false,2,"10135 Torino TO, Italia",45.01275401,7.6427127,8,,,,8,,,false,,,Italy,Nottua dei seminati,Agrotis ipsilon,Ipsilon Dart Moth,Insecta,126276
275094236,c7184ce6-a861-469b-9fe5-250981d8953e,2025/04/26 11:15 PM,2025-04-26,2025-04-26 21:15:00 UTC,Rome,119083,nicholas_williams,Nicholas Moray Williams,2025-04-27 22:03:32 UTC,2025-04-28 16:57:41 UTC,needs_id,CC-BY,https://www.inaturalist.org/observations/275094236,https://inaturalist-open-data.s3.amazonaws.com/photos/494362379/medium.jpeg,,"",,1,0,false,,"Province of Siena, Italy",43.3126361111,11.3375416667,,,,,,,,false,,,Italy,Ipsilon Dart Moth,Agrotis ipsilon,Ipsilon Dart Moth,Insecta,126276
275510719,8f6fce4b-610f-48ca-95f6-4ae701a0bc77,2025-04-26 23:00:49,2025-04-26,2025-04-26 21:00:49 UTC,Rome,1093784,sadiesilver,Isabella,2025-04-28 10:18:30 UTC,2025-04-28 16:08:01 UTC,research,,https://www.inaturalist.org/observations/275510719,https://static.inaturalist.org/photos/495052973/medium.jpeg,,"",,1,0,false,2,"10135 Torino TO, Italia",45.0116469005,7.6452411711,531,,,,531,,,false,gps,gps,Italy,Nottua dei seminati,Agrotis ipsilon,Ipsilon Dart Moth,Insecta,126276
275801385,fec56ae4-080a-469c-b385-7dce62c01736,2025-04-26 23:40:49,2025-04-26,2025-04-26 21:40:49 UTC,Rome,1093784,sadiesilver,Isabella,2025-04-28 16:12:01 UTC,2025-09-11 14:57:07 UTC,research,,https://www.inaturalist.org/observations/275801385,https://static.inaturalist.org/photos/495468017/medium.jpeg,,"",,2,0,false,2,"10135 Torino TO, Italia",45.0116469005,7.6452411711,531,,,,531,,,false,,,Italy,Nottua dei seminati,Agrotis ipsilon,Ipsilon Dart Moth,Insecta,126276
276515102,bf885f0b-1530-4ca3-9f30-f78c1469be69,2025-04-29 10:39:39,2025-04-29,2025-04-29 08:39:39 UTC,Rome,8210161,ivan-ciano,Ivan Ciano,2025-04-29 10:18:27 UTC,2025-04-29 11:04:43 UTC,research,CC-BY-NC,https://www.inaturalist.org/observations/276515102,https://inaturalist-open-data.s3.amazonaws.com/photos/496563089/medium.jpeg,,"",,2,0,false,2,"San Pietro a Patierno, Napoli NA, Italia",40.8829643087,14.2987509817,22,,,,22,,,false,gps,gps,Italy,Nottua dei seminati,Agrotis ipsilon,Ipsilon Dart Moth,Insecta,126276
276593463,b43110ee-90c7-432c-8c5b-14bf7da656ad,2025-04-26 23:14:21,2025-04-26,2025-04-26 21:14:21 UTC,Rome,2767042,andreabenocci,Andrea Benocci,2025-04-29 14:32:24 UTC,2025-04-30 15:15:00 UTC,research,CC-BY-NC,https://www.inaturalist.org/observations/276593463,https://inaturalist-open-data.s3.amazonaws.com/photos/496692316/medium.jpeg,,"",,1,0,false,2,"53100 Siena SI, Italia",43.3128128056,11.3381395278,,,,,,,,false,gps,gps,Italy,Nottua dei seminati,Agrotis ipsilon,Ipsilon Dart Moth,Insecta,126276
277501575,9f4c8e7d-54b2-4bd6-afb2-88d70f56d54b,2025-05-01 22:40:17,2025-05-01,2025-05-01 20:40:17 UTC,Rome,3964296,giacomo_ttb,,2025-05-01 20:49:11 UTC,2025-08-02 09:43:36 UTC,research,CC-BY-NC,https://www.inaturalist.org/observations/277501575,https://inaturalist-open-data.s3.amazonaws.com/photos/498277736/medium.jpeg,,"",,1,0,false,2,"27050 Pizzale PV, Italia",45.0353861111,9.0463388889,,,,,,,,false,gps,gps,Italy,Nottua dei seminati,Agrotis ipsilon,Ipsilon Dart Moth,Insecta,126276
279021609,f4c8af26-0495-4b9b-b8e1-6a8352b14012,2025-05-06 18:56:08,2025-05-06,2025-05-06 16:56:08 UTC,Rome,9004052,tommi2006,Tommaso Vignola,2025-05-06 17:43:07 UTC,2025-08-06 07:12:25 UTC,research,CC-BY-NC,https://www.inaturalist.org/observations/279021609,https://inaturalist-open-data.s3.amazonaws.com/photos/501023949/medium.jpeg,,"",,1,0,false,2,"Savona, Liguria, IT",44.0660172489,8.2185033336,113,,,,113,,,false,gps,gps,Italy,Nottua dei seminati,Agrotis ipsilon,Ipsilon Dart Moth,Insecta,126276
280906457,28256e32-d0d2-42b1-871d-3cc4ad47927a,2025-05-10 07:13:22,2025-05-10,2025-05-10 05:13:22 UTC,Rome,2514105,diegoreggianti,"",2025-05-14 00:46:26 UTC,2025-05-15 14:48:09 UTC,research,CC-BY-NC,https://www.inaturalist.org/observations/280906457,https://inaturalist-open-data.s3.amazonaws.com/photos/504565694/medium.jpg,,"",,2,0,false,2,"Quartiere III Pinciano, Roma RM, Italia",41.9190360105,12.4867068976,8,,,,8,,,false,,,Italy,Agrotis ipsilon,Agrotis ipsilon,Ipsilon Dart Moth,Insecta,126276
283729620,440144de-614d-4450-902e-ba825cea63d1,2025-05-24 21:43:21,2025-05-24,2025-05-24 19:43:21 UTC,Rome,2159278,reichegger95,"",2025-05-24 19:44:34 UTC,2025-08-02 09:54:07 UTC,research,CC-BY-NC,https://www.inaturalist.org/observations/283729620,https://inaturalist-open-data.s3.amazonaws.com/photos/509840079/medium.jpg,,"",,2,0,false,2,"39031 St. Georgen, Autonome Provinz Bozen - Südtirol, Italien",46.81509357,11.93314612,8,,,,8,,,false,,,Italy,Ypsiloneule,Agrotis ipsilon,Ipsilon Dart Moth,Insecta,126276
285440132,b16a65fe-8115-4450-9885-0d7f3ac07e5a,2025-05-30 22:53:39,2025-05-30,2025-05-30 20:53:39 UTC,Rome,345284,lorenzomaffezzoli,Lorenzo Maffezzoli,2025-05-30 20:54:49 UTC,2025-09-05 11:49:08 UTC,research,,https://www.inaturalist.org/observations/285440132,https://static.inaturalist.org/photos/513060836/medium.jpg,,"",,2,0,false,2,"Piave 2, 46100 Mantova MN, Italia",45.1529722629,10.7818190753,14,,,,14,,,false,gps,gps,Italy,Nottua dei seminati,Agrotis ipsilon,Ipsilon Dart Moth,Insecta,126276
285598887,6c8527dd-fc20-49e8-a1de-2b69352674c2,2025-05-30 23:24:33,2025-05-30,2025-05-30 21:24:33 UTC,Rome,3335736,kebleg,Leonardo Villa,2025-05-31 12:22:20 UTC,2025-08-02 09:53:35 UTC,research,CC-BY-NC,https://www.inaturalist.org/observations/285598887,https://inaturalist-open-data.s3.amazonaws.com/photos/513357658/medium.jpg,,"",,2,0,false,2,"Via comunale del lago, snc, 00061 Anguillara Sabazia RM, Italia",42.0792042892,12.2302702814,8,,,,8,,,false,,,Italy,Nottua dei seminati,Agrotis ipsilon,Ipsilon Dart Moth,Insecta,126276
286350824,720786ee-45a4-4931-a0b7-3974ab05475e,2025/05/25 08:58,2025-05-25,2025-05-25 06:58:00 UTC,Rome,4172127,marco_azzolini,Marco Azzolini,2025-06-02 19:17:09 UTC,2025-08-02 09:53:32 UTC,research,CC-BY-NC,https://www.inaturalist.org/observations/286350824,https://inaturalist-open-data.s3.amazonaws.com/photos/514777446/medium.jpg,,"",,2,0,false,,"37017 Pissarole VR, Italia",45.504762444,10.7510608491,1,,,,1,,,false,,,Italy,Nottua dei seminati,Agrotis ipsilon,Ipsilon Dart Moth,Insecta,126276
286512876,7d40d1ba-b1ad-4ae6-a07a-3861e755c73c,2025/06/02 22:14,2025-06-02,2025-06-02 20:14:00 UTC,Rome,1106349,amzamz,Andreas Manz,2025-06-03 11:33:58 UTC,2025-08-29 16:36:40 UTC,research,CC-BY-NC,https://www.inaturalist.org/observations/286512876,https://inaturalist-open-data.s3.amazonaws.com/photos/515063110/medium.jpg,,"LepiLED, 8W, LepiLED mini, 4W, Mischlicht, 160W, with Bernice Mitchener and Beverly Manz","",3,0,false,,"Pollina, Palermo, Italien",37.9875101342,14.1149058074,123,,,,123,,,false,,"",Italy,Ypsiloneule,Agrotis ipsilon,Ipsilon Dart Moth,Insecta,126276
286513210,639f6de6-7730-4104-a82a-668971e3dfea,2025/06/02 21:47,2025-06-02,2025-06-02 19:47:00 UTC,Rome,1106349,amzamz,Andreas Manz,2025-06-03 11:35:53 UTC,2025-08-29 16:36:51 UTC,research,CC-BY-NC,https://www.inaturalist.org/observations/286513210,https://inaturalist-open-data.s3.amazonaws.com/photos/515064405/medium.jpg,,"LepiLED, 8W, LepiLED mini, 4W, Mischlicht, 160W, with Bernice Mitchener and Beverly Manz","",3,0,false,,"Pollina, Palermo, Italien",37.9875101342,14.1149058074,123,,,,123,,,false,,"",Italy,Ypsiloneule,Agrotis ipsilon,Ipsilon Dart Moth,Insecta,126276
286513483,c1156159-897f-4a97-b730-7cfc78eb7eaf,2025/06/02,2025-06-02,,Rome,1106349,amzamz,Andreas Manz,2025-06-03 11:36:55 UTC,2025-08-29 16:37:22 UTC,research,CC-BY-NC,https://www.inaturalist.org/observations/286513483,https://inaturalist-open-data.s3.amazonaws.com/photos/515070552/medium.jpg,,"LepiLED, 8W, LepiLED mini, 4W, Mischlicht, 160W, with Bernice Mitchener and Beverly Manz","",3,0,false,,"Pollina, Palermo, Italien",37.9875101342,14.1149058074,123,,,,123,,,false,,"",Italy,Ypsiloneule,Agrotis ipsilon,Ipsilon Dart Moth,Insecta,126276
286763707,5c105e41-5d9a-4b8f-b003-697a324456f9,2025-06-04 12:55:37,2025-06-04,2025-06-04 10:55:37 UTC,Rome,2527015,unbol,"",2025-06-04 11:02:28 UTC,2025-09-14 06:29:22 UTC,research,CC-BY-NC,https://www.inaturalist.org/observations/286763707,https://inaturalist-open-data.s3.amazonaws.com/photos/515568040/medium.jpg,,"",,2,0,false,2,"26042 Pieve Gurata CR, Italia",45.0842728148,10.2634630725,14,,,,14,,,false,,,Italy,Nottua dei seminati,Agrotis ipsilon,Ipsilon Dart Moth,Insecta,126276
286849355,c1e3cc8a-c3f5-4080-af5e-7d9f0f1dafeb,2025-06-04 08:06:42,2025-06-04,2025-06-04 06:06:42 UTC,Rome,1522604,lvdr,"",2025-06-04 18:03:40 UTC,2025-08-02 09:53:28 UTC,research,CC-BY-NC,https://www.inaturalist.org/observations/286849355,https://inaturalist-open-data.s3.amazonaws.com/photos/515725768/medium.jpg,,"",,2,0,false,2,"Stazione Porta Nuova E2, 37138 Verona VR, Italia",45.4295834364,10.9842125326,25,,,,25,,,false,gps,gps,Italy,Agrotis ipsilon,Agrotis ipsilon,Ipsilon Dart Moth,Insecta,126276
286980283,85abd5ee-4e6e-4f59-b3b2-5976cd5488c7,2025-06-05 06:58:11,2025-06-05,2025-06-05 04:58:11 UTC,Rome,675852,max_65,Massimo Rosso,2025-06-05 05:49:04 UTC,2025-08-02 09:53:28 UTC,research,,https://www.inaturalist.org/observations/286980283,https://static.inaturalist.org/photos/515979813/medium.jpg,,"",,2,0,false,2,"Torino, Piemonte, IT",45.0926284324,6.9172007963,8,,,,8,,,false,gps,gps,Italy,Nottua dei seminati,Agrotis ipsilon,Ipsilon Dart Moth,Insecta,126276
287246778,d4388855-869f-43ea-9bfc-ce72b6bf6eb2,2025-06-06 09:58:31,2025-06-06,2025-06-06 07:58:31 UTC,Rome,170569,edorazzetti,Edoardo Razzetti,2025-06-06 08:02:11 UTC,2025-08-02 09:53:29 UTC,research,CC-BY,https://www.inaturalist.org/observations/287246778,https://inaturalist-open-data.s3.amazonaws.com/photos/516479762/medium.jpg,,"",,2,0,false,2,"27100 Pavia PV, Italia",45.188588949,9.1505652666,15,,,,15,,,false,gps,gps,Italy,Nottua dei seminati,Agrotis ipsilon,Ipsilon Dart Moth,Insecta,126276
287282869,2ae4b8b4-7bd3-43be-8ec7-04eb36bd373a,2025-06-06 13:14:44,2025-06-06,2025-06-06 11:14:44 UTC,Rome,1956724,andreaang,Andrea Angiari,2025-06-06 12:31:00 UTC,2025-08-02 09:53:24 UTC,research,CC-BY-NC,https://www.inaturalist.org/observations/287282869,https://inaturalist-open-data.s3.amazonaws.com/photos/516543929/medium.jpg,,"",,2,0,false,843,"Strada Statale Cisa, Porto Mantovano, Lombardy, IT",45.1862716667,10.788445,10,,,,10,,,false,,,Italy,Ipsilon Dart Moth,Agrotis ipsilon,Ipsilon Dart Moth,Insecta,126276
287352330,a95c7f63-f47c-4e9d-af06-929f834066c1,2025-06-06 19:19:17,2025-06-06,2025-06-06 17:19:17 UTC,Rome,3562516,jakob_,Jakob Stanič,2025-06-06 17:23:11 UTC,2025-06-23 10:47:48 UTC,needs_id,CC-BY-NC,https://www.inaturalist.org/observations/287352330,https://inaturalist-open-data.s3.amazonaws.com/photos/516671053/medium.jpg,,"",,1,0,false,2,"38025 Dimaro, Autonomous Province of Trento, Italy",46.3257535997,10.8612608,,,,,,,,false,gps,gps,Italy,Ipsilon Dart Moth,Agrotis ipsilon,Ipsilon Dart Moth,Insecta,126276
287406421,6f8cbb55-345e-4668-bfc4-3930920eb6e8,2025-06-06 23:13:02,2025-06-06,2025-06-06 21:13:02 UTC,Rome,8849438,emanuelefior,Emanuele Fior,2025-06-06 21:14:27 UTC,2025-08-02 09:44:00 UTC,research,,https://www.inaturalist.org/observations/287406421,https://static.inaturalist.org/photos/516772993/medium.jpg,,"",,1,0,false,2,"San Lazzaro, Parma PR, Italia",44.7826443976,10.3692782298,17,,,,17,,,false,gps,gps,Italy,Nottua dei seminati,Agrotis ipsilon,Ipsilon Dart Moth,Insecta,126276
287504418,bcea8119-e52f-44b7-8260-78b1d72ef3a2,2025/06/06 10:22 PM,2025-06-06,2025-06-06 20:22:00 UTC,Rome,1901999,frahome,"",2025-06-07 07:23:33 UTC,2025-08-02 09:44:00 UTC,research,CC-BY-NC,https://www.inaturalist.org/observations/287504418,https://inaturalist-open-data.s3.amazonaws.com/photos/516819004/medium.jpg,,"Emilia Romagna, Europe, Italy, Notte delle Falene, Parma, Picasso Food Forest, animal, insect, lepidoptera, quartiere  Picasso",,1,0,false,,Picasso Food Forest,44.7825614531,10.3697825932,7,,,,7,,,false,,,Italy,Nottua dei seminati,Agrotis ipsilon,Ipsilon Dart Moth,Insecta,126276
287637099,c75f28c7-d047-4065-902f-4b32af80139c,2025-06-07 11:35:02,2025-06-07,2025-06-07 09:35:02 UTC,Rome,5309238,brufo,F. Brundke,2025-06-07 17:36:19 UTC,2025-08-02 09:54:40 UTC,research,,https://www.inaturalist.org/observations/287637099,https://static.inaturalist.org/photos/517197930/medium.jpg,,"",,2,0,false,2,"Venezia, Veneto, IT",45.4452956866,12.4618170038,4,,,,4,,,false,gps,gps,Italy,Ypsiloneule,Agrotis ipsilon,Ipsilon Dart Moth,Insecta,126276
287699361,0fb97059-959e-40de-92c9-217703782943,2025-06-07 22:22:13,2025-06-07,2025-06-07 20:22:13 UTC,Rome,5861348,martakai,Marta Lago,2025-06-07 21:15:41 UTC,2025-08-02 09:54:40 UTC,research,,https://www.inaturalist.org/observations/287699361,https://static.inaturalist.org/photos/517313720/medium.jpg,,"",,3,0,false,2,"32032 Feltre, Province of Belluno, Italy",46.0798314788,11.9144757092,642,,,,642,,,false,gps,gps,Italy,Ipsilon Dart Moth,Agrotis ipsilon,Ipsilon Dart Moth,Insecta,126276
287704325,45da2aa4-4663-4f78-95b3-ab0945567278,2025-06-07 21:38:45,2025-06-07,2025-06-07 19:38:45 UTC,Rome,149386,lucio_bonato,Lucio Bonato,2025-06-07 21:36:48 UTC,2025-08-02 09:54:41 UTC,research,,https://www.inaturalist.org/observations/287704325,https://inaturalist-open-data.s3.amazonaws.com/photos/517871807/medium.jpg,,"",,2,0,false,2,"31040 Cusignana TV, Italy",45.7831396954,12.1938630659,12,,,,12,,,false,,,Italy,Agrotis ipsilon,Agrotis ipsilon,Ipsilon Dart Moth,Insecta,126276
287819318,f6a8d22d-cd58-4441-9b81-2791273b664a,2025-06-07 17:17:11,2025-06-07,2025-06-07 15:17:11 UTC,Rome,2335194,martamarlo,Marta (Marlo) Della Mura,2025-06-08 08:34:43 UTC,2025-08-02 09:54:41 UTC,research,,https://www.inaturalist.org/observations/287819318,https://static.inaturalist.org/photos/517548488/medium.jpg,,"",,2,0,false,843,"Via Dossello, Gazzaniga, Lombardy, IT",45.8084416667,9.8239216667,6,,,,6,,,false,,,Italy,Nottua dei seminati,Agrotis ipsilon,Ipsilon Dart Moth,Insecta,126276
288021844,f57b7b44-5052-4d04-a705-d0f7affcee3d,2025-06-08 22:58:01,2025-06-08,2025-06-08 20:58:01 UTC,Rome,9063418,lisi_lisiu,Lisa Villa,2025-06-08 21:41:39 UTC,2025-08-02 09:54:41 UTC,research,CC-BY-NC,https://www.inaturalist.org/observations/288021844,https://inaturalist-open-data.s3.amazonaws.com/photos/517918645/medium.jpg,,"",,2,0,false,2,"24049 Verdello BG, Italia",45.6074753443,9.6239801869,27,,,,27,,,false,gps,gps,Italy,Nottua dei seminati,Agrotis ipsilon,Ipsilon Dart Moth,Insecta,126276
288230622,0c5bf8c8-4fd0-4b78-bda7-69df9b5c80aa,2025-06-06 15:19:41,2025-06-06,2025-06-06 13:19:41 UTC,Rome,6778693,andreasbeken,Andreas Beken,2025-06-09 16:18:17 UTC,2025-08-02 09:43:55 UTC,research,CC-BY-NC,https://www.inaturalist.org/observations/288230622,https://static.inaturalist.org/photos/518328832/medium.jpg,,"",,2,0,false,2,"39031 Bruneck, Autonomous Province of Bolzano – South Tyrol, Italy",46.8186859722,11.937272,,,,,,,,false,gps,gps,Italy,Ypsiloneule,Agrotis ipsilon,Ipsilon Dart Moth,Insecta,126276
288561259,434a6279-c965-476c-a0da-2f97cdec03b5,2025-06-10 18:58:57,2025-06-10,2025-06-10 16:58:57 UTC,Rome,5406768,annemarie163,Annemarie Elzenbaumer,2025-06-10 20:19:53 UTC,2025-08-02 09:54:36 UTC,research,,https://www.inaturalist.org/observations/288561259,https://static.inaturalist.org/photos/518945781/medium.jpg,,"",,2,0,false,2,"39031 Reischach, Autonome Provinz Bozen - Südtirol, Italien",46.7855860774,11.9395650923,488,,,,488,,,false,,,Italy,Ipsilon Dart Moth,Agrotis ipsilon,Ipsilon Dart Moth,Insecta,126276
288958990,09d92a04-6c61-4cfd-920f-be9877ebf77e,2025-06-12 11:29:09+02:00,2025-06-12,2025-06-12 09:29:09 UTC,Rome,2298213,carlo_chiari,Carlo Chiari,2025-06-12 09:46:10 UTC,2025-08-02 09:54:31 UTC,research,CC-BY-NC,https://www.inaturalist.org/observations/288958990,https://inaturalist-open-data.s3.amazonaws.com/photos/519695934/medium.jpg,,"","",2,0,false,3,"Via Donatello, Brescia, Lombardia, IT",45.5213101641,10.250444563,20,,,,20,,,false,,,Italy,Nottua dei seminati,Agrotis ipsilon,Ipsilon Dart Moth,Insecta,126276
288959607,4dd53ddd-2fd2-4d68-b59a-fed0f4a0f18a,2025-06-12 11:28:48+02:00,2025-06-12,2025-06-12 09:28:48 UTC,Rome,2298213,carlo_chiari,Carlo Chiari,2025-06-12 09:50:00 UTC,2025-08-02 09:54:30 UTC,research,CC-BY-NC,https://www.inaturalist.org/observations/288959607,https://inaturalist-open-data.s3.amazonaws.com/photos/519696946/medium.jpg,,"","",2,0,false,3,"Via Donatello, Brescia, Lombardia, IT",45.521217107,10.2505253307,20,,,,20,,,false,,,Italy,Nottua dei seminati,Agrotis ipsilon,Ipsilon Dart Moth,Insecta,126276
289200602,be4df8f7-a57f-4fd5-920c-1b530918fca4,2025-06-13 09:01:37,2025-06-13,2025-06-13 07:01:37 UTC,Rome,8849438,emanuelefior,Emanuele Fior,2025-06-13 07:04:51 UTC,2025-08-02 09:53:15 UTC,research,,https://www.inaturalist.org/observations/289200602,https://static.inaturalist.org/photos/520170161/medium.jpg,,"",,2,0,false,2,"43036 Fidenza PR, Italia",44.80866565,10.08322104,8,,,,8,,,false,,,Italy,Nottua dei seminati,Agrotis ipsilon,Ipsilon Dart Moth,Insecta,126276
289207768,b43cf109-7536-44b2-aa8c-2f148c9bdf65,2025-06-11 23:43:36,2025-06-11,2025-06-11 21:43:36 UTC,Rome,540884,babs,"",2025-06-13 08:10:28 UTC,2025-08-02 09:43:50 UTC,research,CC-BY-NC,https://www.inaturalist.org/observations/289207768,https://inaturalist-open-data.s3.amazonaws.com/photos/520159040/medium.jpg,,"",,2,0,false,2,"Como, Lombardia, IT",46.1506391119,9.3368420005,24,,,,24,,,false,gps,gps,Italy,Ypsiloneule,Agrotis ipsilon,Ipsilon Dart Moth,Insecta,126276
290081481,85d68345-549b-4c8a-ac9f-14edbdc5efc4,2025/06/16 10:37,2025-06-16,2025-06-16 08:37:00 UTC,Rome,3166385,plissnrutscha2,,2025-06-16 08:37:54 UTC,2025-08-02 09:54:47 UTC,research,CC-BY-NC,https://www.inaturalist.org/observations/290081481,https://inaturalist-open-data.s3.amazonaws.com/photos/521807754/medium.jpg,,"",,2,0,false,,"Autonome Provinz Bozen - Südtirol, Italien",46.7188784997,11.6431445,,,,,,,,false,,,Italy,Nottua dei seminati,Agrotis ipsilon,Ipsilon Dart Moth,Insecta,126276
290086166,cf4f45df-efd6-4877-b59e-9c9e07b642ba,2025-06-15 22:02:45,2025-06-15,2025-06-15 20:02:45 UTC,Rome,370501,bferrero,"",2025-06-16 09:12:30 UTC,2025-08-02 09:54:46 UTC,research,CC-BY-NC,https://www.inaturalist.org/observations/290086166,https://inaturalist-open-data.s3.amazonaws.com/photos/521816276/medium.jpg,,"",,2,0,false,2,"Torino, Piemonte, IT",45.0173851098,7.3739784957,186,,,,27222,obscured,,true,,,Italy,Agrotis ipsilon,Agrotis ipsilon,Ipsilon Dart Moth,Insecta,126276
290256596,6f2de8ac-8901-4b43-9e45-84fcf3c927f3,2025-06-17 00:32:47,2025-06-17,2025-06-16 22:32:47 UTC,Rome,9389552,davide17349,Davide Zama,2025-06-16 22:33:54 UTC,2025-08-08 12:53:47 UTC,research,CC-BY-NC,https://www.inaturalist.org/observations/290256596,https://inaturalist-open-data.s3.amazonaws.com/photos/522134053/medium.jpg,,"",,2,0,false,2,"35020 Brugine PD, Italia",45.2985384,11.9941744,13,,,,13,,,false,,,Italy,Nottua dei seminati,Agrotis ipsilon,Ipsilon Dart Moth,Insecta,126276
290376018,8b4eb56e-a402-4305-860d-d7c386ad5b34,2025/06/16 ,2025-06-16,,Rome,1106349,amzamz,Andreas Manz,2025-06-17 11:55:11 UTC,2025-07-05 15:59:46 UTC,research,CC-BY-NC,https://www.inaturalist.org/observations/290376018,https://inaturalist-open-data.s3.amazonaws.com/photos/522357817/medium.jpg,,"LepiLED mini, 4W, Mischlicht, 160W",,2,0,false,,"Cammarata, Agrigent, Italien",37.6263782556,13.6256741638,123,,,,123,,,false,,,Italy,Ypsiloneule,Agrotis ipsilon,Ipsilon Dart Moth,Insecta,126276
290391436,d5161ad4-d8d3-46c4-a17f-b8b7ed9c7c7a,2025-06-17 15:20:43,2025-06-17,2025-06-17 13:20:43 UTC,Rome,3374723,margung,Margarete Ungerer Kollmann,2025-06-17 13:22:07 UTC,2025-09-11 15:01:24 UTC,research,,https://www.inaturalist.org/observations/290391436,https://static.inaturalist.org/photos/522394976/medium.jpg,,"",,2,0,false,2,"Lauregno, 39040 Lauregno BZ, Italien",46.4529736,11.0639608,2200,,,,2200,,,false,,,Italy,Ipsilon Dart Moth,Agrotis ipsilon,Ipsilon Dart Moth,Insecta,126276
290708401,f8caafca-60e9-427c-81a5-2628d355a140,2025/06/13 1:36 PM,2025-06-13,2025-06-13 11:36:00 UTC,Rome,7199959,randomphotos,randomphotos,2025-06-18 16:57:33 UTC,2025-08-02 09:55:08 UTC,research,,https://www.inaturalist.org/observations/290708401,https://static.inaturalist.org/photos/522965478/medium.jpg,,"",,2,0,false,,Italy,45.7742808392,12.8992012162,8,,,,27126,obscured,,true,,,Italy,Ypsiloneule,Agrotis ipsilon,Ipsilon Dart Moth,Insecta,126276
290892047,e04e6543-03a5-45fc-8203-c42c13080bfb,2025/06/18 15:00,2025-06-18,2025-06-18 13:00:00 UTC,Rome,1395828,elkvorr,Elio Giacone,2025-06-19 10:30:59 UTC,2025-08-09 10:40:30 UTC,research,CC-BY-NC,https://www.inaturalist.org/observations/290892047,https://inaturalist-open-data.s3.amazonaws.com/photos/523339455/medium.jpg,,ago25,Agrotis ipsilon,2,0,false,,CCA Racconigi - Cuneo - Italia,44.7927579511,7.6649267719,565,,,,565,,,false,,,Italy,Nottua dei seminati,Agrotis ipsilon,Ipsilon Dart Moth,Insecta,126276
291028792,9cd76b92-5bf9-4142-a95e-9c7776890371,2025-06-19 22:25:56,2025-06-19,2025-06-19 20:25:56 UTC,Rome,9039231,profgreen,"",2025-06-19 20:29:08 UTC,2025-08-02 09:52:23 UTC,research,CC-BY-NC,https://www.inaturalist.org/observations/291028792,https://inaturalist-open-data.s3.amazonaws.com/photos/523588591/medium.jpg,,"",,2,0,false,2,"20065 Villaggio Residenziale MI, Italia",45.52672,9.468755,9,,,,9,,,false,,,Italy,Nottua dei seminati,Agrotis ipsilon,Ipsilon Dart Moth,Insecta,126276
291697787,99cd82bf-d614-477d-9c2f-ca9b2ca1d1cb,2025-06-22 06:27:37,2025-06-22,2025-06-22 04:27:37 UTC,Rome,675852,max_65,Massimo Rosso,2025-06-22 06:30:04 UTC,2025-08-02 09:51:56 UTC,research,,https://www.inaturalist.org/observations/291697787,https://static.inaturalist.org/photos/524852891/medium.jpg,,"",,2,0,false,2,"Torino, Piemonte, IT",45.0039646091,6.8814250969,27,,,,27222,obscured,,true,gps,gps,Italy,Nottua dei seminati,Agrotis ipsilon,Ipsilon Dart Moth,Insecta,126276
291702617,a9edee8c-99fb-4e14-afa0-569e7388a573,2025-06-22 07:10:24,2025-06-22,2025-06-22 05:10:24 UTC,Rome,675852,max_65,Massimo Rosso,2025-06-22 07:07:59 UTC,2025-08-02 09:51:56 UTC,research,,https://www.inaturalist.org/observations/291702617,https://static.inaturalist.org/photos/524862564/medium.jpg,,"",,2,0,false,2,"Torino, Piemonte, IT",45.0319785605,6.90028647,37,,,,27222,obscured,,true,,,Italy,Nottua dei seminati,Agrotis ipsilon,Ipsilon Dart Moth,Insecta,126276
292046779,f8c4cbc2-46df-4f2b-8970-144b38e27260,2025-06-19 23:15:50,2025-06-19,2025-06-19 21:15:50 UTC,Rome,135012,pierabionda,"",2025-06-23 10:28:34 UTC,2025-08-02 09:55:51 UTC,research,CC-BY-NC,https://www.inaturalist.org/observations/292046779,https://inaturalist-open-data.s3.amazonaws.com/photos/525516410/medium.jpg,,"",,2,0,false,2,"15048 Valenza AL, Italia",45.0536783062,8.6464068666,87,,,,87,,,false,gps,gps,Italy,Nottua dei seminati,Agrotis ipsilon,Ipsilon Dart Moth,Insecta,126276
292280057,71f689f6-70af-461f-b8eb-e377a0c4fced,2025-06-24 06:22:39,2025-06-24,2025-06-24 04:22:39 UTC,Rome,8322909,rbhitchman,Richard Hitchman,2025-06-24 05:14:50 UTC,2025-08-02 09:55:45 UTC,research,CC-BY-NC,https://www.inaturalist.org/observations/292280057,https://inaturalist-open-data.s3.amazonaws.com/photos/525963295/medium.jpg,,"",,2,0,false,2,"28845 Domodossola, Province of Verbano-Cusio-Ossola, Italy",46.1117775,8.2913239,,,,,,,,false,gps,gps,Italy,Ipsilon Dart Moth,Agrotis ipsilon,Ipsilon Dart Moth,Insecta,126276
292303778,472b1364-6915-4859-a6b2-59eaaf35628f,2025-06-24 07:17:30,2025-06-24,2025-06-24 05:17:30 UTC,Rome,675852,max_65,Massimo Rosso,2025-06-24 08:25:41 UTC,2025-08-02 09:57:51 UTC,research,,https://www.inaturalist.org/observations/292303778,https://static.inaturalist.org/photos/526007987/medium.jpg,,"",,2,0,false,2,"Torino, Piemonte, IT",45.0829209518,6.8299465367,27,,,,27222,obscured,,true,,,Italy,Nottua dei seminati,Agrotis ipsilon,Ipsilon Dart Moth,Insecta,126276
292406295,f1f40db0-eaa0-445e-af19-a6c82e279c98,2025-06-20,2025-06-20,,Rome,1839847,andredepo,Andrea,2025-06-24 17:41:12 UTC,2025-08-02 09:55:42 UTC,research,CC-BY-NC,https://www.inaturalist.org/observations/292406295,https://inaturalist-open-data.s3.amazonaws.com/photos/526197476/medium.jpg,,"",,2,0,false,2,"Cassina Valsassina LC, Italia",45.9348677386,9.4770300016,11,,,,11,,,false,gps,gps,Italy,Agrotis ipsilon,Agrotis ipsilon,Ipsilon Dart Moth,Insecta,126276
292564624,dfa79bcc-2dc8-430e-a0b8-599851f88432,2025-06-25 07:56:29,2025-06-25,2025-06-25 05:56:29 UTC,Rome,675852,max_65,Massimo Rosso,2025-06-25 08:00:54 UTC,2025-08-02 09:51:41 UTC,research,,https://www.inaturalist.org/observations/292564624,https://static.inaturalist.org/photos/526504969/medium.jpg,,"",,2,0,false,2,,45.1587244178,6.8461770528,18,,,,27222,obscured,,true,gps,gps,Italy,Nottua dei seminati,Agrotis ipsilon,Ipsilon Dart Moth,Insecta,126276
292731487,da2831d7-89c5-45ee-981d-3f081a9961dc,2025-06-26 00:23:10+02:00,2025-06-26,2025-06-25 22:23:10 UTC,Rome,8291448,lucianosiviter,Luciano Siviter,2025-06-25 22:23:53 UTC,2025-08-02 09:51:32 UTC,research,,https://www.inaturalist.org/observations/292731487,https://static.inaturalist.org/photos/526819055/medium.jpg,,"","",2,0,false,3,"SR 44, Fontainemore, Aosta Valley, IT",45.65699768,7.8599066701,757,,,,757,,,false,,,Italy,Ipsilon Dart Moth,Agrotis ipsilon,Ipsilon Dart Moth,Insecta,126276
293385035,827054d8-beac-483e-9f93-5c613f9c4554,2025-06-28 06:37:24,2025-06-28,2025-06-28 04:37:24 UTC,Rome,675852,max_65,Massimo Rosso,2025-06-28 13:52:36 UTC,2025-08-02 09:56:15 UTC,research,,https://www.inaturalist.org/observations/293385035,https://static.inaturalist.org/photos/528053521/medium.jpg,,"",,2,0,false,2,"Torino, Piemonte, IT",45.0681719421,6.9263769655,23,,,,27222,obscured,,true,gps,gps,Italy,Nottua dei seminati,Agrotis ipsilon,Ipsilon Dart Moth,Insecta,126276
294262681,01acb67f-567f-45ff-943f-689e69f73687,2025-07-01 07:32:28,2025-07-01,2025-07-01 05:32:28 UTC,Rome,675852,max_65,Massimo Rosso,2025-07-01 07:43:17 UTC,2025-08-02 09:51:14 UTC,research,,https://www.inaturalist.org/observations/294262681,https://static.inaturalist.org/photos/529647837/medium.jpg,,"",,2,0,false,2,"Torino, Piemonte, IT",45.1517901045,6.8219342678,37,,,,27222,obscured,,true,gps,gps,Italy,Nottua dei seminati,Agrotis ipsilon,Ipsilon Dart Moth,Insecta,126276
294768687,4f4deadb-48e0-43da-82cb-7c9f3e7afc80,2025-06-14 17:45:16,2025-06-14,2025-06-14 15:45:16 UTC,Rome,9299573,ihernandezper,,2025-07-03 04:31:17 UTC,2025-08-02 09:56:37 UTC,research,CC-BY-NC,https://www.inaturalist.org/observations/294768687,https://inaturalist-open-data.s3.amazonaws.com/photos/530599564/medium.jpg,,"",,2,0,false,2,"28924 Verbania, Verbano-Cusio-Ossola, Italia",45.9473533611,8.4706430278,,,,,,,,false,,,Italy,Gusano trozador,Agrotis ipsilon,Ipsilon Dart Moth,Insecta,126276
295632231,4e369c4d-07a9-400c-8fae-94624d07ead2,2025-07-06 07:31:11,2025-07-06,2025-07-06 05:31:11 UTC,Rome,675852,max_65,Massimo Rosso,2025-07-06 08:57:28 UTC,2025-08-02 09:50:50 UTC,research,,https://www.inaturalist.org/observations/295632231,https://static.inaturalist.org/photos/532230660/medium.jpg,,"",,2,0,false,2,"Torino, Piemonte, IT",45.1783696525,6.9699126377,37,,,,27222,obscured,,true,gps,gps,Italy,Nottua dei seminati,Agrotis ipsilon,Ipsilon Dart Moth,Insecta,126276
297079546,22005693-2920-43e6-9180-84dfbfc37a61,2025-07-03 23:02:26,2025-07-03,2025-07-03 21:02:26 UTC,Rome,5133141,k_wheatley,Kaila Wheatley Kornblum,2025-07-11 18:23:58 UTC,2025-09-11 14:57:00 UTC,research,CC-BY-NC,https://www.inaturalist.org/observations/297079546,https://inaturalist-open-data.s3.amazonaws.com/photos/534992155/medium.jpg,,"",,2,0,false,2,"Bari, Apulia, IT",41.1025705192,16.8403441831,20837,,,,20837,,,false,gps,gps,Italy,Ipsilon Dart Moth,Agrotis ipsilon,Ipsilon Dart Moth,Insecta,126276
297126837,358c2b11-e0df-48b7-a0eb-8cca1e379a3d,2025-07-11 23:22:13,2025-07-11,2025-07-11 21:22:13 UTC,Rome,1743965,cattanea,Nella,2025-07-11 21:35:53 UTC,2025-08-02 09:50:32 UTC,research,CC-BY-NC,https://www.inaturalist.org/observations/297126837,https://inaturalist-open-data.s3.amazonaws.com/photos/535083300/medium.jpg,,"",,2,0,false,2,"28016 Orta San Giulio, Province of Novara, Italy",45.7778833333,8.4289305556,,,,,,,,false,gps,gps,Italy,Ipsilon Dart Moth,Agrotis ipsilon,Ipsilon Dart Moth,Insecta,126276
297195408,ec820a79-b13b-4b70-829e-cb07e74d7b64,2025-07-12 05:46:34,2025-07-12,2025-07-12 03:46:34 UTC,Rome,1609913,giuseppe_molinari,Giuseppe Molinari,2025-07-12 03:48:03 UTC,2025-08-02 09:36:42 UTC,research,CC-BY-NC,https://www.inaturalist.org/observations/297195408,https://inaturalist-open-data.s3.amazonaws.com/photos/535214832/medium.jpg,,"",,1,0,false,2,"La Scheggia 63, Ca`del Viva Agriturismo, 52031 Anghiari AR, Italia",43.5430739302,11.9478266314,7,,,,7,,,false,gps,gps,Italy,Nottua dei seminati,Agrotis ipsilon,Ipsilon Dart Moth,Insecta,126276
297627735,27ee50f3-682d-448f-bdbc-bf2b81f12e10,2025-07-13 07:25:15,2025-07-13,2025-07-13 05:25:15 UTC,Rome,393102,lucaboscain,Luca Boscain,2025-07-13 16:24:14 UTC,2025-08-02 09:50:14 UTC,research,CC-BY-NC,https://www.inaturalist.org/observations/297627735,https://inaturalist-open-data.s3.amazonaws.com/photos/536025084/medium.jpg,,"",,2,0,false,2,"38039 Tamion, Autonomous Province of Trento, Italy",46.4073579837,11.6567080468,40,,,,40,,,false,gps,gps,Italy,Ipsilon Dart Moth,Agrotis ipsilon,Ipsilon Dart Moth,Insecta,126276
297823198,dc90e812-6b90-478e-94aa-49aa952dcddc,2025-07-14 06:53:46,2025-07-14,2025-07-14 04:53:46 UTC,Rome,393102,lucaboscain,Luca Boscain,2025-07-14 06:29:09 UTC,2025-08-02 09:50:16 UTC,research,CC-BY-NC,https://www.inaturalist.org/observations/297823198,https://inaturalist-open-data.s3.amazonaws.com/photos/536399683/medium.jpg,,"",,2,0,false,2,"38039 Tamion, Autonomous Province of Trento, Italy",46.4072608873,11.6564579308,104,,,,104,,,false,gps,gps,Italy,Ipsilon Dart Moth,Agrotis ipsilon,Ipsilon Dart Moth,Insecta,126276
298101510,86783c8d-6157-4835-a25d-0181e4c71729,2025-07-15 08:46:39,2025-07-15,2025-07-15 06:46:39 UTC,Rome,675852,max_65,Massimo Rosso,2025-07-15 07:46:18 UTC,2025-08-02 09:57:16 UTC,research,,https://www.inaturalist.org/observations/298101510,https://static.inaturalist.org/photos/536929504/medium.jpg,,"",,2,0,false,2,"Torino, Piemonte, IT",45.1739504308,6.8041132475,37,,,,27222,obscured,,true,gps,gps,Italy,Nottua dei seminati,Agrotis ipsilon,Ipsilon Dart Moth,Insecta,126276
298368875,45bf27e0-affa-4af6-89ce-e7db7831e191,2025/06/04 11:10,2025-06-04,2025-06-04 09:10:00 UTC,Rome,512793,fornaeffe,Luca Fornasari,2025-07-16 08:33:44 UTC,2025-08-02 09:36:30 UTC,research,CC-BY,https://www.inaturalist.org/observations/298368875,https://inaturalist-open-data.s3.amazonaws.com/photos/537423197/medium.jpg,,"","",1,0,false,,"Provincia di Parma, Italia",44.8492384333,10.00572,,,,,,,,false,,,Italy,Nottua dei seminati,Agrotis ipsilon,Ipsilon Dart Moth,Insecta,126276
298638485,53fa0404-75cd-4e02-9ba8-520cd3971b63,2025-07-16 21:57:06+02:00,2025-07-16,2025-07-16 19:57:06 UTC,Rome,7271991,flomarchner,Florian Marchner,2025-07-17 11:10:26 UTC,2025-08-02 09:57:10 UTC,research,CC-BY-NC,https://www.inaturalist.org/observations/298638485,https://inaturalist-open-data.s3.amazonaws.com/photos/537955062/medium.jpg,,"","",2,0,false,3,"Via dei Legionari Cecoslovacchi, Arco, Südtirol, IT",45.9259715165,10.8922673296,14,,,,14,,,false,,,Italy,Ypsiloneule,Agrotis ipsilon,Ipsilon Dart Moth,Insecta,126276
299117381,5c3c60b2-1c1f-4bf0-a14a-74e6c258686c,2025-07-18 00:21:37,2025-07-18,2025-07-17 22:21:37 UTC,Rome,1529139,erictoro,Eric Toro Delgado,2025-07-19 06:39:40 UTC,2025-08-02 09:36:15 UTC,research,CC-BY-NC-SA,https://www.inaturalist.org/observations/299117381,https://inaturalist-open-data.s3.amazonaws.com/photos/538871556/medium.jpg,,"",,2,0,false,2,"39024 Malles Venosta, Bolzano, Italia",46.6985333333,10.5558305556,,,,,,,,false,gps,gps,Italy,Gusano trozador,Agrotis ipsilon,Ipsilon Dart Moth,Insecta,126276
299221449,ce214d43-53ea-4396-8311-d82b6131648d,2025/07/14 5:10 AM,2025-07-14,2025-07-14 03:10:00 UTC,Rome,7350541,owen23510,Owen Neary,2025-07-19 16:12:54 UTC,2025-08-02 09:49:44 UTC,research,,https://www.inaturalist.org/observations/299221449,https://static.inaturalist.org/photos/539062551/medium.jpg,,"",,2,0,false,,"38039 Tamion, Autonomous Province of Trento, Italy",46.406649,11.6574889,192,,,,192,,,false,,,Italy,Dark sword-grass,Agrotis ipsilon,Ipsilon Dart Moth,Insecta,126276
299434126,9bcd3b47-afda-4a58-801a-d9d73224e364,2025-07-17 23:58:59,2025-07-17,2025-07-17 21:58:59 UTC,Rome,30467,mattiamenchetti,Mattia Menchetti,2025-07-20 06:48:20 UTC,2025-08-02 09:36:07 UTC,research,CC-BY,https://www.inaturalist.org/observations/299434126,https://inaturalist-open-data.s3.amazonaws.com/photos/539452016/medium.jpg,,"",,2,0,false,2,"39024 Mals, Autonomous Province of Bolzano – South Tyrol, Italy",46.6985111111,10.5558305556,,,,,,,,false,gps,gps,Italy,Dark sword-grass,Agrotis ipsilon,Ipsilon Dart Moth,Insecta,126276
299434766,11d91cf8-7965-411c-9412-9dbae11bafd3,2025-07-18 00:18:49,2025-07-18,2025-07-17 22:18:49 UTC,Rome,30467,mattiamenchetti,Mattia Menchetti,2025-07-20 06:53:17 UTC,2025-08-02 09:35:51 UTC,research,CC-BY,https://www.inaturalist.org/observations/299434766,https://inaturalist-open-data.s3.amazonaws.com/photos/539453421/medium.jpg,,"",,2,0,false,2,"39024 Mals, Autonomous Province of Bolzano – South Tyrol, Italy",46.6985166667,10.5558833333,,,,,,,,false,gps,gps,Italy,Dark sword-grass,Agrotis ipsilon,Ipsilon Dart Moth,Insecta,126276
299820527,31f07143-211c-473f-b4d6-c03d89af4792,2025-07-20 23:00:00,2025-07-20,2025-07-20 21:00:00 UTC,Rome,5452720,katia_bettiol,"",2025-07-21 12:58:09 UTC,2025-08-02 09:49:42 UTC,research,CC-BY-NC,https://www.inaturalist.org/observations/299820527,https://inaturalist-open-data.s3.amazonaws.com/photos/540174790/medium.jpg,,"",,2,0,false,2,"31040 Cusignana TV, Italia",45.78342517,12.1937600523,7,,,,7,,,false,,,Italy,Nottua dei seminati,Agrotis ipsilon,Ipsilon Dart Moth,Insecta,126276
299839487,4ad1ee3d-8092-431b-8986-4fb0465014e7,2025-07-21 16:09:10,2025-07-21,2025-07-21 14:09:10 UTC,Rome,1733950,giacomosgorlon,Giacomo Sgorlon,2025-07-21 14:11:11 UTC,2025-08-02 09:49:42 UTC,research,CC-BY-NC,https://www.inaturalist.org/observations/299839487,https://inaturalist-open-data.s3.amazonaws.com/photos/540205654/medium.jpg,,"",,2,0,false,2,"31046 Faé TV, Italia",45.7631097,12.4654500997,,,,,,,,false,,,Italy,Nottua dei seminati,Agrotis ipsilon,Ipsilon Dart Moth,Insecta,126276
301188280,19ff2a12-b0fc-4927-b537-4f9ac5bc020d,2025-07-25 18:14:37,2025-07-25,2025-07-25 16:14:37 UTC,Rome,7092656,gs1453,"",2025-07-26 12:51:48 UTC,2025-08-02 09:46:59 UTC,research,CC-BY-NC,https://www.inaturalist.org/observations/301188280,https://inaturalist-open-data.s3.amazonaws.com/photos/542930831/medium.jpg,,"",,1,0,false,2,Pian Camuno,45.845183552,10.1484657079,1073,,,,1073,,,false,gps,gps,Italy,Nottua dei seminati,Agrotis ipsilon,Ipsilon Dart Moth,Insecta,126276
301315260,b3a24e11-23bc-46ba-881b-0902e5c5e31c,2025-07-15 21:47:21,2025-07-15,2025-07-15 19:47:21 UTC,Rome,149386,lucio_bonato,Lucio Bonato,2025-07-26 20:38:40 UTC,2025-08-02 09:46:56 UTC,research,,https://www.inaturalist.org/observations/301315260,https://inaturalist-open-data.s3.amazonaws.com/photos/542954641/medium.jpg,,"",,1,0,false,2,"31040 Cusignana TV, Italy",45.7830632105,12.1941166185,4,,,,4,,,false,,,Italy,Agrotis ipsilon,Agrotis ipsilon,Ipsilon Dart Moth,Insecta,126276
301429940,99a8cdc2-8849-4ac4-ac50-52e038cfa777,2025-07-27 07:56:28,2025-07-27,2025-07-27 05:56:28 UTC,Rome,2396921,antonioceruti963,"",2025-07-27 05:57:11 UTC,2025-08-02 09:57:26 UTC,research,CC-BY-NC,https://www.inaturalist.org/observations/301429940,https://inaturalist-open-data.s3.amazonaws.com/photos/543172072/medium.jpg,,"",,2,0,false,2,"24049 Verdello BG, Italia",45.6032638333,9.6299419167,,,,,,,,false,gps,gps,Italy,Nottua dei seminati,Agrotis ipsilon,Ipsilon Dart Moth,Insecta,126276
301437354,dc4315a9-df8e-4864-9682-caf0ea46e316,2025-07-27 08:51:46,2025-07-27,2025-07-27 06:51:46 UTC,Rome,7208445,nonnemilia,Lorenzo Beltrami,2025-07-27 06:53:27 UTC,2025-08-05 19:03:50 UTC,research,CC0,https://www.inaturalist.org/observations/301437354,https://inaturalist-open-data.s3.amazonaws.com/photos/543186262/medium.jpg,,"",,1,0,false,2,"42122 Reggio nell'Emilia RE, Italia",44.7145723977,10.6610968709,31,,,,31,,,false,gps,gps,Italy,Nottua dei seminati,Agrotis ipsilon,Ipsilon Dart Moth,Insecta,126276
302194719,c68a40a1-ee48-4209-b4b9-7a0ec78a0dae,2025-07-29 22:32:32,2025-07-29,2025-07-29 20:32:32 UTC,Rome,5452720,katia_bettiol,"",2025-07-29 21:24:21 UTC,2025-08-02 09:48:36 UTC,research,CC-BY-NC,https://www.inaturalist.org/observations/302194719,https://inaturalist-open-data.s3.amazonaws.com/photos/544604125/medium.jpg,,"",,2,0,false,2,"31040 Nervesa della Battaglia TV, Italia",45.8368756782,12.1653511003,9,,,,9,,,false,gps,gps,Italy,Nottua dei seminati,Agrotis ipsilon,Ipsilon Dart Moth,Insecta,126276
302279310,f61370a9-7a4c-4f13-8a54-4cd5f5dedf61,2025-07-30 07:10:34+02:00,2025-07-30,2025-07-30 05:10:34 UTC,Rome,8725678,stefan_reiterer,Stefan Reiterer,2025-07-30 05:11:18 UTC,2025-08-02 09:35:04 UTC,research,,https://www.inaturalist.org/observations/302279310,https://static.inaturalist.org/photos/544763387/medium.jpg,,"","",2,0,false,3,"Via Passo Giovo, Riffian, Südtirol, IT",46.7061919167,11.1863604179,16,,,,16,,,false,,,Italy,Nottua dei seminati,Agrotis ipsilon,Ipsilon Dart Moth,Insecta,126276
302303294,01f6ef1d-b7d3-4b3d-a120-ffd792b4f5c2,2025-07-30 10:54:41,2025-07-30,2025-07-30 08:54:41 UTC,Rome,219522,shi,"",2025-07-30 08:56:04 UTC,2025-08-02 09:48:35 UTC,research,CC-BY-NC,https://www.inaturalist.org/observations/302303294,https://inaturalist-open-data.s3.amazonaws.com/photos/544808046/medium.jpg,,"",,2,0,false,2,"21047 Saronno VA, Italia",45.6412442399,9.0401115641,183,,,,183,,,false,gps,gps,Italy,Nottua dei seminati,Agrotis ipsilon,Ipsilon Dart Moth,Insecta,126276
302338938,2c9669e5-dacd-4758-825e-adb592a57c28,2025-07-27 13:25:24,2025-07-27,2025-07-27 11:25:24 UTC,Rome,415404,fabribor,Fabrizio Borghesi,2025-07-30 13:14:00 UTC,2025-08-02 09:35:03 UTC,research,CC-BY-NC,https://www.inaturalist.org/observations/302338938,https://inaturalist-open-data.s3.amazonaws.com/photos/544874431/medium.jpg,,"",,1,0,false,2,"Ravenna RA, Italia",44.43669417,12.20387306,4,,,,4,,,false,,,Italy,Nottua dei seminati,Agrotis ipsilon,Ipsilon Dart Moth,Insecta,126276
302343513,4b22ab1b-d47d-43b2-8d42-ac55213aacb2,2025-07-30 15:32:55,2025-07-30,2025-07-30 13:32:55 UTC,Rome,1733950,giacomosgorlon,Giacomo Sgorlon,2025-07-30 13:35:57 UTC,2025-08-02 09:48:29 UTC,research,CC-BY-NC,https://www.inaturalist.org/observations/302343513,https://inaturalist-open-data.s3.amazonaws.com/photos/544881705/medium.jpg,,"",,2,0,false,2,"31046 Faé TV, Italia",45.7630744,12.4655795,,,,,,,,false,gps,gps,Italy,Nottua dei seminati,Agrotis ipsilon,Ipsilon Dart Moth,Insecta,126276
303060943,2ae45658-14de-46a8-b088-a374ebda396e,2025-08-02 07:37:34,2025-08-02,2025-08-02 05:37:34 UTC,Rome,675852,max_65,Massimo Rosso,2025-08-02 07:32:39 UTC,2025-08-02 09:34:17 UTC,research,,https://www.inaturalist.org/observations/303060943,https://static.inaturalist.org/photos/546216579/medium.jpg,,"",,1,0,false,2,"Torino, Piemonte, IT",45.1695470399,6.8129989075,37,,,,27222,obscured,,true,gps,gps,Italy,Nottua dei seminati,Agrotis ipsilon,Ipsilon Dart Moth,Insecta,126276
303466940,c1a2d298-346d-4b61-afce-09c9e10b5a1f,2025-08-03 18:55:01+02:00,2025-08-03,2025-08-03 16:55:01 UTC,Rome,360173,federico19,Federico Pino,2025-08-03 16:55:13 UTC,2025-09-05 11:49:35 UTC,research,,https://www.inaturalist.org/observations/303466940,https://static.inaturalist.org/photos/546969522/medium.jpg,,"","",1,0,false,3,"Parco del Valentino, Torino, Piemonte, IT",45.0546028357,7.6868114465,9,,,,9,,,false,,,Italy,Nottua dei seminati,Agrotis ipsilon,Ipsilon Dart Moth,Insecta,126276
303825237,2e2385b4-34c6-4765-b475-4570b20e1412,2025/06/14 00:15,2025-06-14,2025-06-13 22:15:00 UTC,Rome,2219886,thomasauffray,Thomas Auffray,2025-08-04 21:49:16 UTC,2025-09-05 11:49:32 UTC,research,,https://www.inaturalist.org/observations/303825237,https://static.inaturalist.org/photos/547501108/medium.jpg,,"",,2,0,false,,"Vallée d'Aoste, Italie",45.7360124295,7.54325615,2,,,,2,,,false,,,Italy,Noctuelle baignée,Agrotis ipsilon,Ipsilon Dart Moth,Insecta,126276
303929349,d6b03106-bc5c-4545-8b2c-ae6b84e9bf3e,2025-08-04 23:47:08,2025-08-04,2025-08-04 21:47:08 UTC,Rome,7011937,skorupiak1618,Michał Górski,2025-08-05 08:30:08 UTC,2025-09-11 14:56:25 UTC,research,CC-BY-NC,https://www.inaturalist.org/observations/303929349,https://inaturalist-open-data.s3.amazonaws.com/photos/547851772/medium.jpg,,"",,2,0,false,2,"25080 Villaggio Sanghen BS, Włochy",45.5733225705,10.5460974946,,,,,,,,false,gps,gps,Italy,Ipsilon Dart Moth,Agrotis ipsilon,Ipsilon Dart Moth,Insecta,126276
304169989,2f9c7ddc-fe6c-43e9-88ca-099803162a82,2025-08-06 09:13:33,2025-08-06,2025-08-06 07:13:33 UTC,Rome,4486872,rizio89,Patrizio Rizio Salvatori,2025-08-06 07:14:18 UTC,2025-09-11 14:56:24 UTC,research,,https://www.inaturalist.org/observations/304169989,https://static.inaturalist.org/photos/548311584/medium.jpg,,"",,2,0,false,2,"45030 Gaiba RO, Italia",44.948086,11.4870131,56,,,,56,,,false,,,Italy,Ipsilon Dart Moth,Agrotis ipsilon,Ipsilon Dart Moth,Insecta,126276
304555516,d35bf8fa-3e41-4c83-83ba-d562c9d67216,2025/08/06 9:59 PM,2025-08-06,2025-08-06 19:59:00 UTC,Rome,45933,micder,Michele De Rocco,2025-08-07 20:04:56 UTC,2025-09-11 14:56:13 UTC,research,,https://www.inaturalist.org/observations/304555516,https://static.inaturalist.org/photos/549040658/medium.jpg,,"",,2,0,false,,"Province of Belluno, Italy",45.8829174504,11.862895299,59,,,,59,,,false,,,Italy,Agrotis ipsilon,Agrotis ipsilon,Ipsilon Dart Moth,Insecta,126276
305622593,a2cf6a68-c4ec-4228-9e43-7bf8d0793a1b,2025-08-11 23:00:43,2025-08-11,2025-08-11 21:00:43 UTC,Rome,7558739,danielebertolino,Daniele Bertolino,2025-08-11 21:08:44 UTC,2025-09-11 14:57:55 UTC,research,,https://www.inaturalist.org/observations/305622593,https://static.inaturalist.org/photos/551064097/medium.jpg,,"",,2,0,false,2,"Saguignod, 11020 Nus AO, Italia",45.7397,7.4631972222,,,,,,,,false,gps,gps,Italy,Nottua dei seminati,Agrotis ipsilon,Ipsilon Dart Moth,Insecta,126276
306193500,754491bf-c9f6-44cb-86a6-85fea163f511,2025-08-14 08:05:33,2025-08-14,2025-08-14 06:05:33 UTC,Rome,675852,max_65,Massimo Rosso,2025-08-14 07:21:01 UTC,2025-09-05 11:54:50 UTC,research,,https://www.inaturalist.org/observations/306193500,https://static.inaturalist.org/photos/552157559/medium.jpg,,"",,2,0,false,2,"Torino, Piemonte, IT",45.078300667,6.9897349205,37,,,,27222,obscured,,true,,,Italy,Nottua dei seminati,Agrotis ipsilon,Ipsilon Dart Moth,Insecta,126276
306199725,6d398c9b-2016-4366-a06c-10e19abe8580,2025-08-14 10:19:08+02:00,2025-08-14,2025-08-14 08:19:08 UTC,Rome,8687012,lenyattanasio,,2025-08-14 08:19:40 UTC,2025-09-05 11:54:50 UTC,research,CC-BY-NC,https://www.inaturalist.org/observations/306199725,https://inaturalist-open-data.s3.amazonaws.com/photos/552168833/medium.jpg,,"","",2,0,false,3,"Via Frundsberg, Vipiteno, Trentino-Alto Adige, IT",46.8974886996,11.4308622346,20,,,,20,,,false,,,Italy,Nottua dei seminati,Agrotis ipsilon,Ipsilon Dart Moth,Insecta,126276
306207456,371cf6f2-90fa-4ebc-976b-bb6122a6d4fc,2025-08-14 11:24:37,2025-08-14,2025-08-14 09:24:37 UTC,Rome,7780152,pietro_melandri_birding,Pietro Melandri,2025-08-14 09:27:38 UTC,2025-08-14 14:03:51 UTC,research,CC0,https://www.inaturalist.org/observations/306207456,https://static.inaturalist.org/photos/552183753/medium.jpg,,"",,2,0,false,2,"44022 Comacchio FE, Italia",44.6957656139,12.1802091971,84,,,,84,,,false,gps,gps,Italy,Nottua dei seminati,Agrotis ipsilon,Ipsilon Dart Moth,Insecta,126276
306213432,a2c5265d-b720-4aa2-8061-bd7841aef69e,2025-08-14 12:16:42+02:00,2025-08-14,2025-08-14 10:16:42 UTC,Rome,8687012,lenyattanasio,,2025-08-14 10:16:54 UTC,2025-09-11 15:00:04 UTC,research,CC-BY-NC,https://www.inaturalist.org/observations/306213432,https://inaturalist-open-data.s3.amazonaws.com/photos/553250817/medium.jpg,,"","",2,0,false,3,"Via Dante, Vipiteno, Trentino-Alto Adige, IT",46.8973758094,11.4336353792,19,,,,19,,,false,,,Italy,Nottua dei seminati,Agrotis ipsilon,Ipsilon Dart Moth,Insecta,126276
306442536,d5364289-2df6-48bd-8bf4-9fa80fb9b6aa,2025-08-15 07:36:33,2025-08-15,2025-08-15 05:36:33 UTC,Rome,675852,max_65,Massimo Rosso,2025-08-15 09:17:38 UTC,2025-09-05 11:54:38 UTC,research,,https://www.inaturalist.org/observations/306442536,https://static.inaturalist.org/photos/552633718/medium.jpg,,"",,2,0,false,2,"Torino, Piemonte, IT",45.0950723733,6.834981779,37,,,,27222,obscured,,true,,,Italy,Nottua dei seminati,Agrotis ipsilon,Ipsilon Dart Moth,Insecta,126276
306753738,13c98d0f-077e-47c7-926a-c5c543382763,2025-08-15 22:46:33,2025-08-15,2025-08-15 20:46:33 UTC,Rome,5452720,katia_bettiol,"",2025-08-16 15:34:42 UTC,2025-09-11 14:57:42 UTC,research,CC-BY-NC,https://www.inaturalist.org/observations/306753738,https://inaturalist-open-data.s3.amazonaws.com/photos/553217460/medium.jpg,,"",,2,0,false,2,"36033 Castelnovo VI, Italia",45.6121598091,11.4596864674,10,,,,10,,,false,,,Italy,Nottua dei seminati,Agrotis ipsilon,Ipsilon Dart Moth,Insecta,126276
306753927,28056340-56cf-4e83-ade8-27a129a1802c,2025-08-15 22:46:33,2025-08-15,2025-08-15 20:46:33 UTC,Rome,5452720,katia_bettiol,"",2025-08-16 15:35:27 UTC,2025-09-11 14:58:50 UTC,research,CC-BY-NC,https://www.inaturalist.org/observations/306753927,https://inaturalist-open-data.s3.amazonaws.com/photos/553217913/medium.jpg,,"",,2,0,false,2,"36033 Castelnovo VI, Italia",45.6121598091,11.4596864674,10,,,,10,,,false,,,Italy,Nottua dei seminati,Agrotis ipsilon,Ipsilon Dart Moth,Insecta,126276
306760045,b3511ec3-a4bc-4229-a9f2-0206571bd723,2025-08-15 22:46:33,2025-08-15,2025-08-15 20:46:33 UTC,Rome,5452720,katia_bettiol,"",2025-08-16 15:59:43 UTC,2025-09-11 14:57:43 UTC,research,CC-BY-NC,https://www.inaturalist.org/observations/306760045,https://inaturalist-open-data.s3.amazonaws.com/photos/553230272/medium.jpg,,"",,2,0,false,2,"36033 Castelnovo VI, Italia",45.6121598091,11.4596864674,10,,,,10,,,false,,,Italy,Nottua dei seminati,Agrotis ipsilon,Ipsilon Dart Moth,Insecta,126276
306760131,22a183aa-6168-4e69-89ad-d50f68981a4c,2025-08-15 22:46:33,2025-08-15,2025-08-15 20:46:33 UTC,Rome,5452720,katia_bettiol,"",2025-08-16 16:00:02 UTC,2025-09-11 14:57:43 UTC,research,CC-BY-NC,https://www.inaturalist.org/observations/306760131,https://inaturalist-open-data.s3.amazonaws.com/photos/553230487/medium.jpg,,"",,2,0,false,2,"36033 Castelnovo VI, Italia",45.6121598091,11.4596864674,10,,,,10,,,false,,,Italy,Nottua dei seminati,Agrotis ipsilon,Ipsilon Dart Moth,Insecta,126276
306935279,e1a06295-3237-45c3-a8b6-3597d95fbad8,2025-08-17 01:13:28,2025-08-17,2025-08-16 23:13:28 UTC,Rome,2514105,diegoreggianti,"",2025-08-17 06:40:09 UTC,2025-09-05 11:54:17 UTC,research,CC-BY-NC,https://www.inaturalist.org/observations/306935279,https://inaturalist-open-data.s3.amazonaws.com/photos/553567393/medium.jpg,,"",,2,0,false,2,"Crocco- Olivi, 00148 Roma RM, Italia",41.8255500489,12.3981212452,149,,,,149,,,false,gps,gps,Italy,Agrotis ipsilon,Agrotis ipsilon,Ipsilon Dart Moth,Insecta,126276
306993502,3c88decb-fffc-4367-81f1-1693ee07a6d4,2025-08-17 00:18:14+02:00,2025-08-17,2025-08-16 22:18:14 UTC,Rome,4100031,fabio286,Fabio Cianchi,2025-08-17 13:07:35 UTC,2025-09-11 14:57:38 UTC,research,,https://www.inaturalist.org/observations/306993502,https://static.inaturalist.org/photos/553676372/medium.jpg,,"","",2,0,false,3,"Dispensa, Manciano, Toscana, IT",42.5347333333,11.341195,3,,,,3,,,false,,,Italy,Nottua dei seminati,Agrotis ipsilon,Ipsilon Dart Moth,Insecta,126276
307070316,029e2665-ffa6-40c4-a3c0-03f2e5dfc45d,2025-08-16 20:52:29,2025-08-16,2025-08-16 18:52:29 UTC,Rome,149386,lucio_bonato,Lucio Bonato,2025-08-17 17:57:36 UTC,2025-09-05 11:54:07 UTC,research,,https://www.inaturalist.org/observations/307070316,https://inaturalist-open-data.s3.amazonaws.com/photos/553818140/medium.jpg,,"",,2,0,false,2,"31040 Cusignana TV, Italy",45.7831592672,12.1938492358,8,,,,8,,,false,,,Italy,Agrotis ipsilon,Agrotis ipsilon,Ipsilon Dart Moth,Insecta,126276
307119296,9e36dc97-eb71-4f95-b5d0-d98d45d893d5,2025-08-17 23:00:54,2025-08-17,2025-08-17 21:00:54 UTC,Rome,5262849,ingow,IngoW,2025-08-17 21:02:27 UTC,2025-09-11 15:01:17 UTC,research,CC-BY-NC,https://www.inaturalist.org/observations/307119296,https://inaturalist-open-data.s3.amazonaws.com/photos/553913399/medium.jpg,,"",,2,0,false,2,"39022 Algund, Autonome Provinz Bozen - Südtirol, Italien",46.6565694444,11.0606416667,,,,,,,,false,gps,gps,Italy,Ypsiloneule,Agrotis ipsilon,Ipsilon Dart Moth,Insecta,126276
307233469,716d918c-7361-4638-bc64-6365be93853c,2025-08-18 11:31:11,2025-08-18,2025-08-18 09:31:11 UTC,Rome,6408046,sofia044,Sofia Palini,2025-08-18 09:45:53 UTC,2025-09-05 11:54:03 UTC,research,CC-BY,https://www.inaturalist.org/observations/307233469,https://inaturalist-open-data.s3.amazonaws.com/photos/554137278/medium.jpg,,"",,2,0,false,2,"25040 Ceto BS, Italia",45.9932706,10.3511313,,,,,,,,false,gps,gps,Italy,Nottua dei seminati,Agrotis ipsilon,Ipsilon Dart Moth,Insecta,126276
307254883,230e712d-182e-46d2-a1b3-e3127646bb5b,2025-08-17 22:53:00,2025-08-17,2025-08-17 20:53:00 UTC,Rome,5452720,katia_bettiol,"",2025-08-18 12:22:22 UTC,2025-09-05 11:54:02 UTC,research,CC-BY-NC,https://www.inaturalist.org/observations/307254883,https://inaturalist-open-data.s3.amazonaws.com/photos/554307086/medium.jpg,,"",,2,0,false,2,"31040 Cusignana TV, Italia",45.7831941629,12.1940011159,3,,,,3,,,false,,,Italy,Nottua dei seminati,Agrotis ipsilon,Ipsilon Dart Moth,Insecta,126276
307331882,49465c62-f022-48fe-a741-d8cd69ab098b,2025-08-18 20:25:06,2025-08-18,2025-08-18 18:25:06 UTC,Rome,9039231,profgreen,"",2025-08-18 18:27:13 UTC,2025-09-11 14:57:37 UTC,research,CC-BY-NC,https://www.inaturalist.org/observations/307331882,https://inaturalist-open-data.s3.amazonaws.com/photos/554328993/medium.jpg,,"",,2,0,false,2,"20065 Villaggio Residenziale MI, Italia",45.5267524,9.4688407,20,,,,20,,,false,,,Italy,Nottua dei seminati,Agrotis ipsilon,Ipsilon Dart Moth,Insecta,126276
307359795,2dcaa155-78fb-4423-8213-8eea193eeb6f,2025-08-16 17:08:27,2025-08-16,2025-08-16 15:08:27 UTC,Rome,5140589,simonemarcatti,,2025-08-18 20:45:01 UTC,2025-09-05 11:47:01 UTC,research,CC-BY-NC,https://www.inaturalist.org/observations/307359795,https://inaturalist-open-data.s3.amazonaws.com/photos/554382984/medium.jpg,,"",,2,0,false,2,"33050 Sammardenchia UD, Italia",45.98380661,13.2258911131,,,,,,,,false,gps,gps,Italy,Nottua dei seminati,Agrotis ipsilon,Ipsilon Dart Moth,Insecta,126276
307458708,c673356e-ab79-4a9d-a4fd-9c42f368622c,2025-08-19 07:56:35,2025-08-19,2025-08-19 05:56:35 UTC,Rome,675852,max_65,Massimo Rosso,2025-08-19 07:43:18 UTC,2025-09-11 14:55:32 UTC,research,,https://www.inaturalist.org/observations/307458708,https://static.inaturalist.org/photos/554578655/medium.jpg,,"",,2,0,false,2,"Torino, Piemonte, IT",45.079137383,6.8208053945,37,,,,27222,obscured,,true,gps,gps,Italy,Nottua dei seminati,Agrotis ipsilon,Ipsilon Dart Moth,Insecta,126276
307554768,8473b6d4-ea7e-472b-aeb1-a211ddc3c9c0,2025-08-19 19:21:06+02:00,2025-08-19,2025-08-19 17:21:06 UTC,Rome,3387974,olga_zero,,2025-08-19 17:22:51 UTC,2025-09-11 14:55:24 UTC,research,CC-BY-NC,https://www.inaturalist.org/observations/307554768,https://inaturalist-open-data.s3.amazonaws.com/photos/554759394/medium.jpg,,"","",2,0,false,3,"Via Papa Giovanni XXIII, Villa di Serio, Lombardia, IT",45.7204666667,9.7342583333,4,,,,4,,,false,,,Italy,Agrotis ipsilon,Agrotis ipsilon,Ipsilon Dart Moth,Insecta,126276
307601826,ada8f862-5924-4a12-a798-cf1fd6389913,2025-08-19 22:57:44,2025-08-19,2025-08-19 20:57:44 UTC,Rome,8149802,sieglinde_m,"",2025-08-19 20:59:04 UTC,2025-09-11 14:55:17 UTC,research,CC-BY-NC,https://www.inaturalist.org/observations/307601826,https://inaturalist-open-data.s3.amazonaws.com/photos/554847784/medium.jpg,,"",,2,0,false,2,"39058 Sarnthein, Autonome Provinz Bozen - Südtirol, Italien",46.6427007543,11.3572950661,730,,,,730,,,false,gps,gps,Italy,Ypsiloneule,Agrotis ipsilon,Ipsilon Dart Moth,Insecta,126276
307603247,24ef2e23-87e3-43f9-bde6-3eba724e8e70,2025-08-19 22:32:21,2025-08-19,2025-08-19 20:32:21 UTC,Rome,5262849,ingow,IngoW,2025-08-19 21:06:26 UTC,2025-09-11 14:55:17 UTC,research,CC-BY-NC,https://www.inaturalist.org/observations/307603247,https://inaturalist-open-data.s3.amazonaws.com/photos/554850704/medium.jpg,,"",,2,0,false,2,"Bolzano, Trentino-Alto Adige, IT",46.6564583333,11.0606805556,,,,,,,,false,,,Italy,Ypsiloneule,Agrotis ipsilon,Ipsilon Dart Moth,Insecta,126276
307607105,92120c3c-33de-43d8-b380-cd35b1a62227,2025-08-19 20:40:22,2025-08-19,2025-08-19 18:40:22 UTC,Rome,149386,lucio_bonato,Lucio Bonato,2025-08-19 21:27:28 UTC,2025-09-11 14:55:17 UTC,research,,https://www.inaturalist.org/observations/307607105,https://inaturalist-open-data.s3.amazonaws.com/photos/554857952/medium.jpg,,"",,2,0,false,2,"31040 Giavera del Montello, Province of Treviso, Italy",45.7830604216,12.1940105036,8,,,,8,,,false,,,Italy,Agrotis ipsilon,Agrotis ipsilon,Ipsilon Dart Moth,Insecta,126276
307608209,47b8c138-304a-473e-a673-6ea676dec995,2025-08-19 23:27:02,2025-08-19,2025-08-19 21:27:02 UTC,Rome,7789488,rustignoli_alessandro,Rustignoli Alessandro,2025-08-19 21:33:19 UTC,2025-09-05 11:53:50 UTC,research,CC-BY-NC-SA,https://www.inaturalist.org/observations/307608209,https://inaturalist-open-data.s3.amazonaws.com/photos/554859961/medium.jpg,,"",,2,0,false,2,"38043 Bedollo TN, Italia",46.1719715309,11.3006370887,4,,,,4,,,false,gps,gps,Italy,Nottua dei seminati,Agrotis ipsilon,Ipsilon Dart Moth,Insecta,126276
307834114,7442011d-4333-4d73-9a51-2a3307d78161,2025-08-20 23:36:34+02:00,2025-08-20,2025-08-20 21:36:34 UTC,Rome,360173,federico19,Federico Pino,2025-08-20 21:36:59 UTC,2025-09-05 11:50:35 UTC,research,,https://www.inaturalist.org/observations/307834114,https://static.inaturalist.org/photos/555298824/medium.jpg,,"","",1,0,false,3,"Corte Albero Lungo, Bari, Puglia, IT",41.1303138937,16.8692881722,608,,,,608,,,false,,,Italy,Nottua dei seminati,Agrotis ipsilon,Ipsilon Dart Moth,Insecta,126276
307836770,a0be75ae-2c32-42b9-a5cc-7d30697e6e60,2025-08-20 22:21:26,2025-08-20,2025-08-20 20:21:26 UTC,Rome,2514105,diegoreggianti,"",2025-08-20 21:50:48 UTC,2025-09-05 11:53:46 UTC,research,CC-BY-NC,https://www.inaturalist.org/observations/307836770,https://inaturalist-open-data.s3.amazonaws.com/photos/555303406/medium.jpg,,"",,2,0,false,2,"00042 Anzio RM, Italia",41.4907599112,12.5988125056,85,,,,85,,,false,gps,gps,Italy,Agrotis ipsilon,Agrotis ipsilon,Ipsilon Dart Moth,Insecta,126276
307921254,c9d10d1f-d4b6-4632-b18a-a196a3f25d53,2025-08-21 10:34:47,2025-08-21,2025-08-21 08:34:47 UTC,Rome,1591925,gabriele_lagrasta,Gabriele La Grasta,2025-08-21 09:03:07 UTC,2025-09-05 11:50:33 UTC,research,CC-BY-NC,https://www.inaturalist.org/observations/307921254,https://inaturalist-open-data.s3.amazonaws.com/photos/555476553/medium.jpg,,"",,1,0,false,2,"C/da Li Rocchi Vermicelli 87036 - RENDE, 87036 Arcavacata CS, Italia",39.3664989722,16.228666,,,,,,,,false,gps,gps,Italy,Ipsilon Dart Moth,Agrotis ipsilon,Ipsilon Dart Moth,Insecta,126276
308145558,6b54988f-0b2c-48ec-8e9f-9f400a1782e0,2025-08-22 09:50:17,2025-08-22,2025-08-22 07:50:17 UTC,Rome,1591925,gabriele_lagrasta,Gabriele La Grasta,2025-08-22 08:41:23 UTC,2025-09-05 11:50:25 UTC,research,CC-BY-NC,https://www.inaturalist.org/observations/308145558,https://inaturalist-open-data.s3.amazonaws.com/photos/555908132/medium.jpg,,"",,1,0,false,2,"C/da Li Rocchi Vermicelli 87036 - RENDE, 87036 Arcavacata CS, Italia",39.3664649722,16.229008,,,,,,,,false,gps,gps,Italy,Ipsilon Dart Moth,Agrotis ipsilon,Ipsilon Dart Moth,Insecta,126276
308145742,d6938376-f984-42a6-9d24-cd2def810dff,2025-08-22 09:51:18,2025-08-22,2025-08-22 07:51:18 UTC,Rome,1591925,gabriele_lagrasta,Gabriele La Grasta,2025-08-22 08:42:55 UTC,2025-09-05 11:50:26 UTC,research,CC-BY-NC,https://www.inaturalist.org/observations/308145742,https://inaturalist-open-data.s3.amazonaws.com/photos/555908413/medium.jpg,,"",,1,0,false,2,"C/da Li Rocchi Vermicelli 87036 - RENDE, 87036 Arcavacata CS, Italia",39.3664649722,16.229008,,,,,,,,false,gps,gps,Italy,Ipsilon Dart Moth,Agrotis ipsilon,Ipsilon Dart Moth,Insecta,126276
308147361,090564d6-c78c-41e4-b546-e2a97f0e031f,2025-08-22 10:12:20,2025-08-22,2025-08-22 08:12:20 UTC,Rome,1591925,gabriele_lagrasta,Gabriele La Grasta,2025-08-22 08:59:20 UTC,2025-09-05 11:50:27 UTC,research,CC-BY-NC,https://www.inaturalist.org/observations/308147361,https://inaturalist-open-data.s3.amazonaws.com/photos/555911150/medium.jpg,,"",,1,0,false,2,"C/da Li Rocchi Vermicelli 87036 - RENDE, 87036 Arcavacata CS, Italia",39.3664399722,16.229202,,,,,,,,false,gps,gps,Italy,Ipsilon Dart Moth,Agrotis ipsilon,Ipsilon Dart Moth,Insecta,126276
308147442,bc545a48-8faa-4574-a7ca-3ad12c3742c0,2025-08-22 10:13:57,2025-08-22,2025-08-22 08:13:57 UTC,Rome,1591925,gabriele_lagrasta,Gabriele La Grasta,2025-08-22 09:00:20 UTC,2025-09-11 14:58:14 UTC,research,CC-BY-NC,https://www.inaturalist.org/observations/308147442,https://inaturalist-open-data.s3.amazonaws.com/photos/555911377/medium.jpg,,"",,2,0,false,2,"C/da Li Rocchi Vermicelli 87036 - RENDE, 87036 Arcavacata CS, Italia",39.3664369722,16.229009,,,,,,,,false,gps,gps,Italy,Ipsilon Dart Moth,Agrotis ipsilon,Ipsilon Dart Moth,Insecta,126276
308148265,b83a2bd9-bb15-4921-80a2-6b15004a7808,2025-08-19 22:30:31,2025-08-19,2025-08-19 20:30:31 UTC,Rome,5452720,katia_bettiol,"",2025-08-22 09:10:27 UTC,2025-09-11 14:58:15 UTC,research,CC-BY-NC,https://www.inaturalist.org/observations/308148265,https://inaturalist-open-data.s3.amazonaws.com/photos/555931385/medium.jpg,,"",,2,0,false,2,"31040 Giavera del Montello TV, Italia",45.7829942522,12.193406336,7,,,,7,,,false,,,Italy,Nottua dei seminati,Agrotis ipsilon,Ipsilon Dart Moth,Insecta,126276
308149149,6f1f9adc-10ba-49fd-9289-d713d41e77db,2025-08-19 22:30:31,2025-08-19,2025-08-19 20:30:31 UTC,Rome,5452720,katia_bettiol,"",2025-08-22 09:18:10 UTC,2025-09-11 14:58:12 UTC,research,CC-BY-NC,https://www.inaturalist.org/observations/308149149,https://inaturalist-open-data.s3.amazonaws.com/photos/555931415/medium.jpg,,"",,2,0,false,2,"31040 Giavera del Montello TV, Italia",45.7829942522,12.193406336,7,,,,7,,,false,,,Italy,Nottua dei seminati,Agrotis ipsilon,Ipsilon Dart Moth,Insecta,126276
308366531,041c174e-1e80-41fb-a906-06736d52a0b7,2025-08-23 08:47:36,2025-08-23,2025-08-23 06:47:36 UTC,Rome,1996045,micdallo,"",2025-08-23 06:48:18 UTC,2025-09-11 14:58:07 UTC,research,CC-BY-NC,https://www.inaturalist.org/observations/308366531,https://inaturalist-open-data.s3.amazonaws.com/photos/556331568/medium.jpg,,"",,2,0,false,2,"Frazione Masi D'Avio, 14, A, 38063 Avio TN, Italia",45.7100369722,10.9356889722,,,,,,,,false,gps,gps,Italy,Nottua dei seminati,Agrotis ipsilon,Ipsilon Dart Moth,Insecta,126276
308377106,f3020e86-6062-48ed-8114-51c0d49bbee1,2025-08-23 10:18:28,2025-08-23,2025-08-23 08:18:28 UTC,Rome,6985939,giorad,giovanni radaelli,2025-08-23 08:29:25 UTC,2025-09-11 14:58:07 UTC,research,,https://www.inaturalist.org/observations/308377106,https://static.inaturalist.org/photos/556351738/medium.jpg,,"",,2,0,false,2,"23900 Lecco LC, Italia",45.836877547,9.4092130288,806,,,,806,,,false,gps,gps,Italy,Nottua dei seminati,Agrotis ipsilon,Ipsilon Dart Moth,Insecta,126276
308382732,6e609d5e-be9e-4c65-bf73-0c40102b69da,2025/08/23 12:13 AM,2025-08-23,2025-08-22 22:13:00 UTC,Rome,5319585,alessandro_girodo,Alessandro Girodo,2025-08-23 09:15:35 UTC,2025-09-05 11:50:20 UTC,research,CC-BY-NC-SA,https://www.inaturalist.org/observations/308382732,https://static.inaturalist.org/photos/556362338/medium.jpg,,"","Con Piera Bionda, Elio Cazzuli, Barbara Rizzioli e Gianluca Simonetta",2,0,false,,"10020 Verrua Savoia, Metropolitan City of Turin, Italy",45.174293,8.101196,5686,,,,5686,,,false,,,Italy,Agrotis ipsilon,Agrotis ipsilon,Ipsilon Dart Moth,Insecta,126276
308754724,c413628e-88b1-44ef-b32d-a8160dbe039b,2025/08/22 22:12,2025-08-22,2025-08-22 20:12:00 UTC,Rome,3278655,achine,Gianfranco CARIGNANO,2025-08-24 16:40:19 UTC,2025-09-05 11:53:28 UTC,research,CC-BY-NC,https://www.inaturalist.org/observations/308754724,https://inaturalist-open-data.s3.amazonaws.com/photos/557068148/medium.jpg,,"",,2,0,false,,"Regione Colle Melosa, 18037 Pigna IM, Italia",43.9893616,7.6840188,182,,,,182,,,false,,,Italy,Nottua dei seminati,Agrotis ipsilon,Ipsilon Dart Moth,Insecta,126276
308842659,3b8c694d-a23b-4f0c-bd3c-f4f056733b4d,2025-08-22 22:59:55,2025-08-22,2025-08-22 20:59:55 UTC,Rome,135012,pierabionda,"",2025-08-24 21:38:22 UTC,2025-09-05 11:53:24 UTC,research,CC-BY-NC,https://www.inaturalist.org/observations/308842659,https://inaturalist-open-data.s3.amazonaws.com/photos/557238945/medium.jpg,,"",Con Alessandro Girodo e Elio Cazzuli ,2,0,false,2,"Località Rocca c/o Fortezza, 10020 Verrua Savoia TO, Italia",45.1729386737,8.1028491631,210,,,,210,,,false,gps,gps,Italy,Nottua dei seminati,Agrotis ipsilon,Ipsilon Dart Moth,Insecta,126276
308930116,3a03b8f6-baf3-40fd-bd5c-0658d75c175a,2025-08-25 07:06:47,2025-08-25,2025-08-25 05:06:47 UTC,Rome,5839058,roberto_costanzo_costa,Roberto Costanzo Costa,2025-08-25 05:07:44 UTC,2025-09-05 11:46:23 UTC,research,,https://www.inaturalist.org/observations/308930116,https://static.inaturalist.org/photos/557413121/medium.jpg,,"",,1,0,false,2,"Buggerru SU, Italia",39.40325597,8.40035737,6,,,,6,,,false,,,Italy,Nottua dei seminati,Agrotis ipsilon,Ipsilon Dart Moth,Insecta,126276
308990936,e7c461a3-1d1f-4282-ac8e-220ae9bedeef,2025-08-25 12:36:50,2025-08-25,2025-08-25 10:36:50 UTC,Rome,9313624,natu_gy,"",2025-08-25 13:16:57 UTC,2025-09-05 11:51:02 UTC,research,CC-BY-NC,https://www.inaturalist.org/observations/308990936,https://inaturalist-open-data.s3.amazonaws.com/photos/557528658/medium.jpg,,"",,2,0,false,2,"21020 Bardello con Malgesso e Bregano VA, Italia",45.8337416667,8.7039666667,,,,,,,,false,gps,gps,Italy,Nottua dei seminati,Agrotis ipsilon,Ipsilon Dart Moth,Insecta,126276
309087657,e894be2b-7cc5-4eae-b9d2-b594f0b57efc,2025-08-25 22:22:41,2025-08-25,2025-08-25 20:22:41 UTC,Rome,9465332,jack784db,Jacopo,2025-08-25 20:25:29 UTC,2025-09-05 11:51:06 UTC,research,CC-BY-NC,https://www.inaturalist.org/observations/309087657,https://inaturalist-open-data.s3.amazonaws.com/photos/557711951/medium.jpg,,"",,1,0,false,2,Sulmona,42.0512581918,13.9277642593,2627,,,,2627,,,false,gps,gps,Italy,Nottua dei seminati,Agrotis ipsilon,Ipsilon Dart Moth,Insecta,126276
309089837,af1cc45b-b1b5-4ecc-aca6-c2d2a9380b75,2025/08/22 23:16,2025-08-22,2025-08-22 21:16:00 UTC,Rome,8868390,nkrisz23,,2025-08-25 20:35:25 UTC,2025-09-05 11:53:21 UTC,research,CC-BY-NC,https://www.inaturalist.org/observations/309089837,https://inaturalist-open-data.s3.amazonaws.com/photos/557713614/medium.jpg,,"",,3,0,false,,"Lucca megye, Olaszország",43.8508998817,10.2602791468,103,,,,103,,,false,,,Italy,Nagy földibagoly,Agrotis ipsilon,Ipsilon Dart Moth,Insecta,126276
309187392,96474fb8-5a61-4728-965b-3925b67f8814,2025-08-26 08:34:18,2025-08-26,2025-08-26 06:34:18 UTC,Rome,2676736,max405,Massimo Tanca,2025-08-26 07:09:54 UTC,2025-09-05 11:50:59 UTC,research,CC-BY-NC,https://www.inaturalist.org/observations/309187392,https://inaturalist-open-data.s3.amazonaws.com/photos/558447692/medium.jpg,,"",,1,0,false,2,"58015 Orbetello GR, Italia",42.5559827485,11.1686663702,328,,,,328,,,false,gps,gps,Italy,Nottua dei seminati,Agrotis ipsilon,Ipsilon Dart Moth,Insecta,126276
309198977,981a7b59-8472-48c7-9c5f-54c8a28ff6b0,2025/08/25 22:57,2025-08-25,2025-08-25 20:57:00 UTC,Rome,7243661,gvalentini,,2025-08-26 08:57:32 UTC,2025-09-05 11:50:58 UTC,research,CC-BY-NC,https://www.inaturalist.org/observations/309198977,https://inaturalist-open-data.s3.amazonaws.com/photos/557932551/medium.jpg,,"",,1,0,false,,"Provincia dell'Aquila, Italia",42.3541128727,13.309135437,488,,,,488,,,false,,,Italy,Nottua dei seminati,Agrotis ipsilon,Ipsilon Dart Moth,Insecta,126276
309259124,05a45968-7ac5-485f-a4e7-32ef5701c6b2,2025-08-23 17:01:12,2025-08-23,2025-08-23 15:01:12 UTC,Rome,6092021,pietroscarpa,Pietro Scarpa,2025-08-26 15:09:04 UTC,2025-09-11 14:54:55 UTC,research,CC-BY-NC,https://www.inaturalist.org/observations/309259124,https://static.inaturalist.org/photos/558042633/medium.jpg,,"",,3,0,false,2,"Venezia, Veneto, IT",45.2215939562,12.2980289161,7,,,,7,,,false,gps,gps,Italy,Nottua dei seminati,Agrotis ipsilon,Ipsilon Dart Moth,Insecta,126276
309272030,c2e5c1b1-4cb1-4ea7-8426-0ddbeb3bd2e5,2025-08-25 20:24:03,2025-08-25,2025-08-25 18:24:03 UTC,Rome,370501,bferrero,"",2025-08-26 16:05:56 UTC,2025-09-11 14:54:55 UTC,research,CC-BY-NC,https://www.inaturalist.org/observations/309272030,https://inaturalist-open-data.s3.amazonaws.com/photos/558066372/medium.jpg,,"",,2,0,false,2,"Torino, Piemonte, IT",45.0129005752,7.2010116008,186,,,,27222,obscured,,true,gps,gps,Italy,Agrotis ipsilon,Agrotis ipsilon,Ipsilon Dart Moth,Insecta,126276
309272564,22bfd80b-dbc0-4e59-a43f-002f93cdf012,2025-08-25 20:36:01,2025-08-25,2025-08-25 18:36:01 UTC,Rome,370501,bferrero,"",2025-08-26 16:08:30 UTC,2025-09-11 14:54:54 UTC,research,CC-BY-NC,https://www.inaturalist.org/observations/309272564,https://inaturalist-open-data.s3.amazonaws.com/photos/558067528/medium.jpg,,"",,2,0,false,2,"Torino, Piemonte, IT",45.0953172822,7.3235065909,186,,,,27222,obscured,,true,gps,gps,Italy,Agrotis ipsilon,Agrotis ipsilon,Ipsilon Dart Moth,Insecta,126276
309577502,a8eb7070-e1f8-47c1-88e6-c7dfa9cee570,2025-08-26 11:24:25,2025-08-26,2025-08-26 09:24:25 UTC,Rome,2713699,corridorem,,2025-08-27 20:53:51 UTC,2025-09-01 12:16:13 UTC,needs_id,CC-BY-NC,https://www.inaturalist.org/observations/309577502,https://inaturalist-open-data.s3.amazonaws.com/photos/558649056/medium.jpg,,"",,1,0,false,2,"Tobl, 39032 Locanda Cascate BZ, Italy",46.9171715,11.9847379,,,,,,,,false,gps,gps,Italy,Ipsilon Dart Moth,Agrotis ipsilon,Ipsilon Dart Moth,Insecta,126276
309772724,369f39bc-10fa-4fc3-9da3-08b4d84f59c5,2025-08-25 09:28:10,2025-08-25,2025-08-25 07:28:10 UTC,Rome,8322909,rbhitchman,Richard Hitchman,2025-08-28 17:47:47 UTC,2025-09-05 11:45:48 UTC,research,CC-BY-NC,https://www.inaturalist.org/observations/309772724,https://inaturalist-open-data.s3.amazonaws.com/photos/559026240/medium.jpg,,"",,1,0,false,2,"47921 Rimini, Province of Rimini, Italy",44.0701390997,12.5834513,,,,,,,,false,gps,gps,Italy,Ipsilon Dart Moth,Agrotis ipsilon,Ipsilon Dart Moth,Insecta,126276
310203816,9a746a1e-99ca-4a28-b736-0bd28eccad73,2025-08-29 22:25:59,2025-08-29,2025-08-29 20:25:59 UTC,Rome,135012,pierabionda,"",2025-08-30 14:07:18 UTC,2025-09-11 14:58:22 UTC,research,CC-BY-NC,https://www.inaturalist.org/observations/310203816,https://inaturalist-open-data.s3.amazonaws.com/photos/559835688/medium.jpg,,"",,2,0,false,2,"15060 Capriata d'Orba AL, Italia",44.7508447407,8.672176525,114,,,,114,,,false,gps,gps,Italy,Nottua dei seminati,Agrotis ipsilon,Ipsilon Dart Moth,Insecta,126276
310728807,67b1e91e-440c-4701-9ace-19608d36342a,2025-08-20 11:26:02,2025-08-20,2025-08-20 09:26:02 UTC,Rome,3704296,ilabonavita,Ilaria Bonavita,2025-09-01 10:36:58 UTC,2025-09-05 11:52:53 UTC,research,,https://www.inaturalist.org/observations/310728807,https://static.inaturalist.org/photos/560843189/medium.jpg,,"",,2,0,false,2,"C/da Li Rocchi Vermicelli 87036 - RENDE, 87036 Arcavacata CS, Italia",39.3675523573,16.2286147848,139,,,,139,,,false,gps,gps,Italy,Ipsilon Dart Moth,Agrotis ipsilon,Ipsilon Dart Moth,Insecta,126276
310728934,335c598d-a4d7-4805-95bc-67faa601d09d,2025-08-20 11:06:01,2025-08-20,2025-08-20 09:06:01 UTC,Rome,3704296,ilabonavita,Ilaria Bonavita,2025-09-01 10:37:48 UTC,2025-09-05 11:52:53 UTC,research,,https://www.inaturalist.org/observations/310728934,https://static.inaturalist.org/photos/560843430/medium.jpg,,"",,2,0,false,2,"C/da Li Rocchi Vermicelli 87036 - RENDE, 87036 Arcavacata CS, Italia",39.3676321907,16.2286774814,155,,,,155,,,false,gps,gps,Italy,Ipsilon Dart Moth,Agrotis ipsilon,Ipsilon Dart Moth,Insecta,126276
310778332,45b177f5-556d-48d3-b931-fe5671fb58fa,2025/08/19 3:14 PM,2025-08-19,2025-08-19 13:14:00 UTC,Rome,38542,francescagraziani,Francesca Graziani,2025-09-01 15:25:05 UTC,2025-09-05 11:51:16 UTC,research,CC-BY-NC,https://www.inaturalist.org/observations/310778332,https://inaturalist-open-data.s3.amazonaws.com/photos/560934360/medium.jpg,,"",,1,0,false,,"Autonomous Province of Trento, Italy",46.1055746749,10.6599418936,169,,,,169,,,false,,,Italy,Ipsilon Dart Moth,Agrotis ipsilon,Ipsilon Dart Moth,Insecta,126276
310835765,01c1d9ad-18fa-4af3-9ac2-d9d14b1e213d,2025-08-31 17:14:26,2025-08-31,2025-08-31 15:14:26 UTC,Rome,9169877,daniele_bonfatti,Daniele Bonfatti,2025-09-01 19:02:50 UTC,2025-09-05 11:45:34 UTC,research,CC-BY-NC,https://www.inaturalist.org/observations/310835765,https://inaturalist-open-data.s3.amazonaws.com/photos/561043033/medium.jpg,,"",,1,0,false,2,"Porto Sant'Elpidio FM, Italia",43.286439,13.7466299722,,,,,,,,false,gps,gps,Italy,Nottua dei seminati,Agrotis ipsilon,Ipsilon Dart Moth,Insecta,126276
311079748,38083ec6-e307-4938-a6dc-4b82683e8b12,2025-09-02 20:25:38,2025-09-02,2025-09-02 18:25:38 UTC,Rome,2806097,simone_bocca,Simone Bocca,2025-09-02 18:27:19 UTC,2025-09-05 11:45:31 UTC,research,CC-BY-SA,https://www.inaturalist.org/observations/311079748,https://inaturalist-open-data.s3.amazonaws.com/photos/561517509/medium.jpg,,"",,1,0,false,2,"13841 Ceretto BI, Italia",45.6022962,8.1314291,34,,,,34,,,false,,,Italy,Nottua dei seminati,Agrotis ipsilon,Ipsilon Dart Moth,Insecta,126276
311263578,f07c5403-0bc9-426d-9a4f-3126ac653ed2,2025-09-03 17:14:31,2025-09-03,2025-09-03 15:14:31 UTC,Rome,2849470,luigi141,Luigi Mariotti,2025-09-03 15:15:48 UTC,2025-09-05 11:45:23 UTC,research,,https://www.inaturalist.org/observations/311263578,https://static.inaturalist.org/photos/561875103/medium.jpg,,"",,1,0,false,2,"39100 Bolzano BZ, Italia",46.4836179722,11.3031539722,,,,,,,,false,gps,gps,Italy,Nottua dei seminati,Agrotis ipsilon,Ipsilon Dart Moth,Insecta,126276
311286079,a7390e29-9c57-4f5b-8766-977bafef837f,2025-09-03 19:04:51,2025-09-03,2025-09-03 17:04:51 UTC,Rome,5839058,roberto_costanzo_costa,Roberto Costanzo Costa,2025-09-03 17:06:31 UTC,2025-09-05 11:45:25 UTC,research,,https://www.inaturalist.org/observations/311286079,https://static.inaturalist.org/photos/561917621/medium.jpg,,"",,1,0,false,2,"36061 Campese VI, Italia",45.8046784,11.713187322,8,,,,8,,,false,gps,gps,Italy,Nottua dei seminati,Agrotis ipsilon,Ipsilon Dart Moth,Insecta,126276
311427251,98c3b9c0-d0f9-4e1c-945c-bc50c3abb8f2,2025-09-04 10:09:48,2025-09-04,2025-09-04 08:09:48 UTC,Rome,7558739,danielebertolino,Daniele Bertolino,2025-09-04 08:25:14 UTC,2025-09-05 11:52:43 UTC,research,,https://www.inaturalist.org/observations/311427251,https://static.inaturalist.org/photos/562189307/medium.jpg,,"",,2,0,false,2,"Saguignod, 11020 Nus AO, Italia",45.7398578057,7.4631651118,33,,,,33,,,false,gps,gps,Italy,Nottua dei seminati,Agrotis ipsilon,Ipsilon Dart Moth,Insecta,126276
311670068,a7780889-c9cc-49dd-9e2d-f540da237466,2025-09-05 10:07:17,2025-09-05,2025-09-05 08:07:17 UTC,Rome,9208654,lisazwirner,,2025-09-05 11:43:06 UTC,2025-09-11 15:01:54 UTC,research,CC-BY-NC,https://www.inaturalist.org/observations/311670068,https://inaturalist-open-data.s3.amazonaws.com/photos/562650407/medium.jpg,,"",,1,0,false,843,"Dicomano, Tuscany, IT",43.8695017499,11.5663309158,1460,,,,1460,,,false,,,Italy,Ypsiloneule,Agrotis ipsilon,Ipsilon Dart Moth,Insecta,126276
312647522,63fccf71-8b67-436d-84ec-082ad312fccf,2025-09-09 08:38:37,2025-09-09,2025-09-09 06:38:37 UTC,Rome,675852,max_65,Massimo Rosso,2025-09-09 10:11:14 UTC,2025-09-11 14:59:23 UTC,research,,https://www.inaturalist.org/observations/312647522,https://static.inaturalist.org/photos/564514465/medium.jpg,,"",,1,0,false,2,"Torino, Piemonte, IT",45.1956697221,6.9029702029,37,,,,27222,obscured,,true,,,Italy,Nottua dei seminati,Agrotis ipsilon,Ipsilon Dart Moth,Insecta,126276
312854758,55c35508-47c0-4366-b111-890d2412f572,2025-09-10 08:27:09,2025-09-10,2025-09-10 06:27:09 UTC,Rome,675852,max_65,Massimo Rosso,2025-09-10 07:36:45 UTC,2025-09-11 14:59:17 UTC,research,,https://www.inaturalist.org/observations/312854758,https://static.inaturalist.org/photos/564911627/medium.jpg,,"",,1,0,false,2,"Torino, Piemonte, IT",45.1143244705,6.8027560503,37,,,,27222,obscured,,true,gps,gps,Italy,Nottua dei seminati,Agrotis ipsilon,Ipsilon Dart Moth,Insecta,126276
312862671,d382b6c6-a7eb-4c45-b94a-25c4e1f72251,2025-08-21 10:07:17,2025-08-21,2025-08-21 08:07:17 UTC,Rome,3704296,ilabonavita,Ilaria Bonavita,2025-09-10 09:03:11 UTC,2025-09-11 14:59:16 UTC,research,,https://www.inaturalist.org/observations/312862671,https://static.inaturalist.org/photos/564926961/medium.jpg,,"",,1,0,false,2,"C/da Li Rocchi Vermicelli 87036 - RENDE, 87036 Arcavacata CS, Italia",39.3673802485,16.2287515774,107,,,,107,,,false,gps,gps,Italy,Ipsilon Dart Moth,Agrotis ipsilon,Ipsilon Dart Moth,Insecta,126276
313279240,7035c090-ae49-4177-afd8-1b1bf5af0629,2025-09-12 07:57:16,2025-09-12,2025-09-12 05:57:16 UTC,Rome,675852,max_65,Massimo Rosso,2025-09-12 07:00:39 UTC,2025-09-12 07:01:11 UTC,needs_id,,https://www.inaturalist.org/observations/313279240,https://static.inaturalist.org/photos/565726218/medium.jpg,,"",,0,0,false,2,"Torino, Piemonte, IT",45.0240305407,6.8628989264,37,,,,27222,obscured,,true,gps,gps,Italy,Nottua dei seminati,Agrotis ipsilon,Ipsilon Dart Moth,Insecta,126276
314304465,f03a9e71-11aa-4fc1-8374-24a12cdfe911,2025-09-16 07:51:49,2025-09-16,2025-09-16 05:51:49 UTC,Rome,675852,max_65,Massimo Rosso,2025-09-16 09:17:46 UTC,2025-09-16 16:18:08 UTC,research,,https://www.inaturalist.org/observations/314304465,https://static.inaturalist.org/photos/567685476/medium.jpg,,"",,1,0,false,2,"Torino, Piemonte, IT",45.1723864635,6.845337749,37,,,,27222,obscured,,true,gps,gps,Italy,Nottua dei seminati,Agrotis ipsilon,Ipsilon Dart Moth,Insecta,126276
314304871,aa16282e-7189-4e07-9851-8a1789e96b09,2025-09-16 07:48:58,2025-09-16,2025-09-16 05:48:58 UTC,Rome,675852,max_65,Massimo Rosso,2025-09-16 09:21:51 UTC,2025-09-16 16:18:22 UTC,research,,https://www.inaturalist.org/observations/314304871,https://static.inaturalist.org/photos/567686440/medium.jpg,,"",,1,0,false,2,"Torino, Piemonte, IT",45.0779243051,6.8821759885,37,,,,27222,obscured,,true,gps,gps,Italy,Nottua dei seminati,Agrotis ipsilon,Ipsilon Dart Moth,Insecta,126276
314338386,252fe7e5-9a64-48e9-b8e0-bd5f0d300510,2025-09-16 15:34:46,2025-09-16,2025-09-16 13:34:46 UTC,Rome,3019570,evpo,,2025-09-16 13:38:14 UTC,2025-09-16 21:13:16 UTC,needs_id,CC-BY-NC,https://www.inaturalist.org/observations/314338386,https://inaturalist-open-data.s3.amazonaws.com/photos/567750560/medium.jpg,,"",,0,0,false,2,"39057 St. Michael, Autonome Provinz Bozen - Südtirol, Italien",46.4474103092,11.2550519407,183,,,,183,,,false,gps,gps,Italy,Ypsiloneule,Agrotis ipsilon,Ipsilon Dart Moth,Insecta,126276
314424382,e3ea957c-5ea6-490c-93cc-515b90cfa2a6,2025-08-10 22:39:20,2025-08-10,2025-08-10 20:39:20 UTC,Rome,6460305,francesco_001,Francesco R,2025-09-16 20:25:16 UTC,2025-09-16 20:39:02 UTC,needs_id,,https://www.inaturalist.org/observations/314424382,https://static.inaturalist.org/photos/567903848/medium.jpg,,"",,0,0,false,2,"32020 Livinallongo del Col di Lana, Province of Belluno, Italy",46.5033516008,11.9858573377,14,,,,14,,,false,gps,gps,Italy,Ipsilon Dart Moth,Agrotis ipsilon,Ipsilon Dart Moth,Insecta,126276
314635442,eb2704e2-d59d-46ea-bc3f-964d1aa7f10f,2025/09/07 6:33 AM,2025-09-07,2025-09-07 04:33:00 UTC,Rome,8807408,ubnabubba,,2025-09-17 19:11:17 UTC,2025-09-17 19:31:04 UTC,needs_id,CC-BY-NC,https://www.inaturalist.org/observations/314635442,https://inaturalist-open-data.s3.amazonaws.com/photos/568289814/medium.jpg,,"","This moth was fairly large, about 3cm long",1,0,false,,"39030 San Vigilio di Marebbe, Autonomous Province of Bolzano – South Tyrol, Italy",46.6997172217,11.9383336117,,,,,,,,false,,,Italy,Butterflies and Moths,Agrotis ipsilon,Ipsilon Dart Moth,Insecta,126276
314745617,3fdb1df3-3d80-438f-9e57-8487f7a03bfe,2025-09-18 08:07:35,2025-09-18,2025-09-18 06:07:35 UTC,Rome,675852,max_65,Massimo Rosso,2025-09-18 08:08:39 UTC,2025-09-18 14:17:24 UTC,research,,https://www.inaturalist.org/observations/314745617,https://static.inaturalist.org/photos/568508465/medium.jpg,,"",,1,0,false,2,"Torino, Piemonte, IT",45.0704308603,6.9552057441,37,,,,27222,obscured,,true,gps,gps,Italy,Nottua dei seminati,Agrotis ipsilon,Ipsilon Dart Moth,Insecta,126276
314966352,d03c7e09-b05b-4c4c-b9e6-644a32829bec,2025-09-19 08:06:23,2025-09-19,2025-09-19 06:06:23 UTC,Rome,8094195,maplana,Maximilian Platzgummer Nagy,2025-09-19 08:32:43 UTC,2025-09-19 08:32:45 UTC,needs_id,CC-BY-NC,https://www.inaturalist.org/observations/314966352,https://inaturalist-open-data.s3.amazonaws.com/photos/568935649/medium.jpg,,"",,0,0,false,843,"Madonna, Senales, Trentino-Alto Adige/Sudtirol, IT",46.7575083333,10.78023,12,,,,12,,,false,,,Italy,,Agrotis ipsilon,Ipsilon Dart Moth,Insecta,126276
315253267,b3219b92-8adf-48e3-b1f8-82ed00d622a7,2025-09-20 08:22:39,2025-09-20,2025-09-20 06:22:39 UTC,Rome,675852,max_65,Massimo Rosso,2025-09-20 15:01:36 UTC,2025-09-20 16:30:02 UTC,needs_id,"",https://www.inaturalist.org/observations/315253267,https://static.inaturalist.org/photos/569487134/medium.jpg,,"",,0,0,false,2,"Torino, Piemonte, IT",45.0513438393,6.9864229526,37,,,,27222,obscured,,true,,,Italy,Nottua dei seminati,Agrotis ipsilon,Ipsilon Dart Moth,Insecta,126276
315253461,c9ad910a-1d01-4cda-a419-05e3759af118,2025-09-20 08:20:42,2025-09-20,2025-09-20 06:20:42 UTC,Rome,675852,max_65,Massimo Rosso,2025-09-20 15:02:28 UTC,2025-09-20 15:59:44 UTC,needs_id,"",https://www.inaturalist.org/observations/315253461,https://static.inaturalist.org/photos/569487517/medium.jpg,,"",,0,0,false,2,"Torino, Piemonte, IT",45.060640187,6.8900554426,37,,,,27222,obscured,,true,,,Italy,Nottua dei seminati,Agrotis ipsilon,Ipsilon Dart Moth,Insecta,126276
