latitude,longitude,place_country_name,scientific_name,common_name,Day,Month,Year
43.5978908751,12.2302465503,Italy,Agrotis ipsilon,Ipsilon Dart Moth,21,9,2023
44.8335129753,11.4613428193,Italy,Agrotis ipsilon,Ipsilon Dart Moth,22,9,2023
44.8833885192,12.2323617933,Italy,Agrotis ipsilon,Ipsilon Dart Moth,25,9,2023
44.8834228514,12.2322092056,Italy,Agrotis ipsilon,Ipsilon Dart Moth,2,10,2023
44.8805923461,12.2433481214,Italy,Agrotis ipsilon,Ipsilon Dart Moth,3,10,2023
44.8825798033,12.2314300536,Italy,Agrotis ipsilon,Ipsilon Dart Moth,3,10,2023
42.2673662977,13.3292255531,Italy,Agrotis ipsilon,Ipsilon Dart Moth,3,10,2023
45.099859402,7.2818507999,Italy,Agrotis ipsilon,Ipsilon Dart Moth,15,10,2023
43.919472,10.2934114,Italy,Agrotis ipsilon,Ipsilon Dart Moth,10,10,2023
45.0694424943,7.5664128095,Italy,Agrotis ipsilon,Ipsilon Dart Moth,19,10,2023
43.919472,10.2934114,Italy,Agrotis ipsilon,Ipsilon Dart Moth,13,10,2023
43.919472,10.2934114,Italy,Agrotis ipsilon,Ipsilon Dart Moth,13,10,2023
43.919472,10.2934114,Italy,Agrotis ipsilon,Ipsilon Dart Moth,15,10,2023
44.9152183531,12.2331399917,Italy,Agrotis ipsilon,Ipsilon Dart Moth,21,10,2023
44.9152183531,12.2331399917,Italy,Agrotis ipsilon,Ipsilon Dart Moth,21,10,2023
45.8830046557,11.8624481634,Italy,Agrotis ipsilon,Ipsilon Dart Moth,23,10,2023
40.9122083333,8.7884133333,Italy,Agrotis ipsilon,Ipsilon Dart Moth,26,10,2023
43.53232,10.92281,Italy,Agrotis ipsilon,Ipsilon Dart Moth,1,11,2023
44.5203335912,12.2721488089,Italy,Agrotis ipsilon,Ipsilon Dart Moth,8,11,2023
41.7288763889,15.9213177778,Italy,Agrotis ipsilon,Ipsilon Dart Moth,30,3,2024
44.8838805556,12.2320027778,Italy,Agrotis ipsilon,Ipsilon Dart Moth,5,4,2024
44.8839444444,12.2320527778,Italy,Agrotis ipsilon,Ipsilon Dart Moth,5,4,2024
44.8839138889,12.2321805556,Italy,Agrotis ipsilon,Ipsilon Dart Moth,5,4,2024
44.883378665,12.2323923163,Italy,Agrotis ipsilon,Ipsilon Dart Moth,8,4,2024
44.8333915997,11.4613499997,Italy,Agrotis ipsilon,Ipsilon Dart Moth,9,4,2024
44.8838555556,12.2319222222,Italy,Agrotis ipsilon,Ipsilon Dart Moth,9,4,2024
45.0638607872,9.3734774921,Italy,Agrotis ipsilon,Ipsilon Dart Moth,11,4,2024
44.8838777778,12.2320111111,Italy,Agrotis ipsilon,Ipsilon Dart Moth,11,4,2024
44.8839694444,12.23205,Italy,Agrotis ipsilon,Ipsilon Dart Moth,11,4,2024
44.7589415698,11.7834689591,Italy,Agrotis ipsilon,Ipsilon Dart Moth,11,4,2024
44.7085559305,8.2303603739,Italy,Agrotis ipsilon,Ipsilon Dart Moth,13,4,2024
44.8833111111,12.2322055556,Italy,Agrotis ipsilon,Ipsilon Dart Moth,15,4,2024
44.9040777778,12.2679805556,Italy,Agrotis ipsilon,Ipsilon Dart Moth,17,4,2024
41.7014653126,12.3827480103,Italy,Agrotis ipsilon,Ipsilon Dart Moth,26,4,2024
41.6793583475,12.3924708312,Italy,Agrotis ipsilon,Ipsilon Dart Moth,26,4,2024
41.8565697383,12.530516088,Italy,Agrotis ipsilon,Ipsilon Dart Moth,29,4,2024
43.920744,10.294019,Italy,Agrotis ipsilon,Ipsilon Dart Moth,27,4,2024
43.920744,10.294019,Italy,Agrotis ipsilon,Ipsilon Dart Moth,27,4,2024
43.920744,10.294019,Italy,Agrotis ipsilon,Ipsilon Dart Moth,28,4,2024
43.920744,10.294019,Italy,Agrotis ipsilon,Ipsilon Dart Moth,28,4,2024
43.920744,10.294019,Italy,Agrotis ipsilon,Ipsilon Dart Moth,28,4,2024
45.0729040586,7.3900287568,Italy,Agrotis ipsilon,Ipsilon Dart Moth,28,5,2024
45.0810784,7.5738951997,Italy,Agrotis ipsilon,Ipsilon Dart Moth,4,6,2024
44.4990766171,11.2789350003,Italy,Agrotis ipsilon,Ipsilon Dart Moth,8,6,2024
46.7860140012,11.9346130639,Italy,Agrotis ipsilon,Ipsilon Dart Moth,9,6,2024
45.9396429607,9.1275483011,Italy,Agrotis ipsilon,Ipsilon Dart Moth,17,6,2024
44.6442960415,10.9492868185,Italy,Agrotis ipsilon,Ipsilon Dart Moth,27,6,2024
46.1157643,9.2597708997,Italy,Agrotis ipsilon,Ipsilon Dart Moth,28,6,2024
42.6238,11.2799,Italy,Agrotis ipsilon,Ipsilon Dart Moth,21,6,2024
46.54454,11.25863,Italy,Agrotis ipsilon,Ipsilon Dart Moth,27,6,2024
45.7986487903,10.8944348749,Italy,Agrotis ipsilon,Ipsilon Dart Moth,16,7,2024
45.7986431803,10.8944342043,Italy,Agrotis ipsilon,Ipsilon Dart Moth,16,7,2024
45.7986357721,10.894433535,Italy,Agrotis ipsilon,Ipsilon Dart Moth,16,7,2024
45.7986478437,10.8944109692,Italy,Agrotis ipsilon,Ipsilon Dart Moth,16,7,2024
45.9999423,8.5873571,Italy,Agrotis ipsilon,Ipsilon Dart Moth,21,7,2024
44.8832166667,12.2323555556,Italy,Agrotis ipsilon,Ipsilon Dart Moth,25,7,2024
45.1788493569,7.3075476999,Italy,Agrotis ipsilon,Ipsilon Dart Moth,29,7,2024
44.6073570241,11.7869703011,Italy,Agrotis ipsilon,Ipsilon Dart Moth,3,8,2024
45.4693033333,10.9051883333,Italy,Agrotis ipsilon,Ipsilon Dart Moth,6,8,2024
45.4688301121,10.9049354866,Italy,Agrotis ipsilon,Ipsilon Dart Moth,6,8,2024
42.7650315825,10.8714175969,Italy,Agrotis ipsilon,Ipsilon Dart Moth,6,8,2024
44.8298997031,11.6254814342,Italy,Agrotis ipsilon,Ipsilon Dart Moth,7,8,2024
45.5727330213,9.4272555783,Italy,Agrotis ipsilon,Ipsilon Dart Moth,15,6,2024
45.7339032517,9.7461266443,Italy,Agrotis ipsilon,Ipsilon Dart Moth,10,8,2024
45.7837080822,12.1933821961,Italy,Agrotis ipsilon,Ipsilon Dart Moth,10,8,2024
45.4901287777,11.1438414205,Italy,Agrotis ipsilon,Ipsilon Dart Moth,17,8,2024
43.3579292681,10.5311756954,Italy,Agrotis ipsilon,Ipsilon Dart Moth,18,8,2024
46.4453484882,11.334948577,Italy,Agrotis ipsilon,Ipsilon Dart Moth,19,8,2024
44.8836138889,12.2326694444,Italy,Agrotis ipsilon,Ipsilon Dart Moth,21,8,2024
46.1198766623,12.4772586282,Italy,Agrotis ipsilon,Ipsilon Dart Moth,14,8,2024
42.1616471667,12.2163083333,Italy,Agrotis ipsilon,Ipsilon Dart Moth,1,9,2024
44.1336701038,8.2423361018,Italy,Agrotis ipsilon,Ipsilon Dart Moth,30,8,2024
45.3959082999,9.5063793194,Italy,Agrotis ipsilon,Ipsilon Dart Moth,5,9,2024
44.8835305556,12.2326527778,Italy,Agrotis ipsilon,Ipsilon Dart Moth,6,9,2024
39.2425205195,9.3051409904,Italy,Agrotis ipsilon,Ipsilon Dart Moth,29,9,2024
41.8943257117,16.1448528434,Italy,Agrotis ipsilon,Ipsilon Dart Moth,25,9,2024
41.9953375683,14.9884954467,Italy,Agrotis ipsilon,Ipsilon Dart Moth,1,10,2024
41.8255500489,12.3981212452,Italy,Agrotis ipsilon,Ipsilon Dart Moth,9,10,2024
45.0531931,8.6488894997,Italy,Agrotis ipsilon,Ipsilon Dart Moth,10,10,2024
45.0362728626,7.7529382198,Italy,Agrotis ipsilon,Ipsilon Dart Moth,13,10,2024
46.6182901209,11.1890908728,Italy,Agrotis ipsilon,Ipsilon Dart Moth,20,10,2024
45.9348677386,9.4770300016,Italy,Agrotis ipsilon,Ipsilon Dart Moth,9,8,2024
44.6928567046,8.883966431,Italy,Agrotis ipsilon,Ipsilon Dart Moth,28,10,2024
36.71475,14.8093888889,Italy,Agrotis ipsilon,Ipsilon Dart Moth,15,11,2024
42.1263583333,12.0470888333,Italy,Agrotis ipsilon,Ipsilon Dart Moth,26,11,2024
42.1268798941,12.0478438586,Italy,Agrotis ipsilon,Ipsilon Dart Moth,26,11,2024
41.9220329722,12.5251149722,Italy,Agrotis ipsilon,Ipsilon Dart Moth,13,11,2024
44.6356770718,12.2649307922,Italy,Agrotis ipsilon,Ipsilon Dart Moth,2,12,2024
41.9190360105,12.4867068976,Italy,Agrotis ipsilon,Ipsilon Dart Moth,23,12,2024
43.893763,12.9016902,Italy,Agrotis ipsilon,Ipsilon Dart Moth,24,12,2024
40.7263033333,17.2872783333,Italy,Agrotis ipsilon,Ipsilon Dart Moth,6,1,2025
41.9514894113,12.5247083511,Italy,Agrotis ipsilon,Ipsilon Dart Moth,8,1,2025
39.2434895753,9.3046300296,Italy,Agrotis ipsilon,Ipsilon Dart Moth,11,1,2025
39.2425205195,9.3051409904,Italy,Agrotis ipsilon,Ipsilon Dart Moth,21,1,2025
41.1366329,16.8679053,Italy,Agrotis ipsilon,Ipsilon Dart Moth,1,8,2024
44.8998432289,9.2619788649,Italy,Agrotis ipsilon,Ipsilon Dart Moth,24,2,2025
41.9190360105,12.4867068976,Italy,Agrotis ipsilon,Ipsilon Dart Moth,6,3,2025
41.7415770895,12.2607297823,Italy,Agrotis ipsilon,Ipsilon Dart Moth,15,3,2025
45.5492589722,9.3371879722,Italy,Agrotis ipsilon,Ipsilon Dart Moth,21,3,2025
41.3968734997,12.8908564,Italy,Agrotis ipsilon,Ipsilon Dart Moth,23,3,2025
39.2425205195,9.3051409904,Italy,Agrotis ipsilon,Ipsilon Dart Moth,21,3,2025
45.0353861111,9.0463388889,Italy,Agrotis ipsilon,Ipsilon Dart Moth,25,3,2025
45.8937555556,13.0608861111,Italy,Agrotis ipsilon,Ipsilon Dart Moth,25,3,2025
40.9413133425,15.5691367015,Italy,Agrotis ipsilon,Ipsilon Dart Moth,28,3,2025
44.51060112,12.10205549,Italy,Agrotis ipsilon,Ipsilon Dart Moth,29,3,2025
43.7729374,11.2554225997,Italy,Agrotis ipsilon,Ipsilon Dart Moth,30,3,2025
42.67737,11.3619533333,Italy,Agrotis ipsilon,Ipsilon Dart Moth,30,3,2025
42.6773333333,11.36205,Italy,Agrotis ipsilon,Ipsilon Dart Moth,30,3,2025
42.67728,11.3621166667,Italy,Agrotis ipsilon,Ipsilon Dart Moth,30,3,2025
42.677345,11.36185,Italy,Agrotis ipsilon,Ipsilon Dart Moth,31,3,2025
40.9414172,15.5695329,Italy,Agrotis ipsilon,Ipsilon Dart Moth,29,3,2025
45.0354055556,9.0462916667,Italy,Agrotis ipsilon,Ipsilon Dart Moth,2,4,2025
43.9176483056,10.5125503333,Italy,Agrotis ipsilon,Ipsilon Dart Moth,2,4,2025
42.1319628246,12.06646543,Italy,Agrotis ipsilon,Ipsilon Dart Moth,2,4,2025
42.6772833333,11.3619616667,Italy,Agrotis ipsilon,Ipsilon Dart Moth,2,4,2025
40.9419579107,15.541074967,Italy,Agrotis ipsilon,Ipsilon Dart Moth,28,3,2025
44.6273583333,10.9084966667,Italy,Agrotis ipsilon,Ipsilon Dart Moth,12,4,2025
44.51032006,12.10333206,Italy,Agrotis ipsilon,Ipsilon Dart Moth,17,4,2025
45.1967406471,6.9867181971,Italy,Agrotis ipsilon,Ipsilon Dart Moth,19,4,2025
44.1762237806,12.3368384689,Italy,Agrotis ipsilon,Ipsilon Dart Moth,21,4,2025
45.0353388889,9.0463138889,Italy,Agrotis ipsilon,Ipsilon Dart Moth,22,4,2025
44.8833527778,12.2323888889,Italy,Agrotis ipsilon,Ipsilon Dart Moth,22,4,2025
44.8833777778,12.232275,Italy,Agrotis ipsilon,Ipsilon Dart Moth,22,4,2025
44.8833777778,12.232275,Italy,Agrotis ipsilon,Ipsilon Dart Moth,22,4,2025
44.1475707038,8.2772059634,Italy,Agrotis ipsilon,Ipsilon Dart Moth,21,4,2025
45.01275401,7.6427127,Italy,Agrotis ipsilon,Ipsilon Dart Moth,26,4,2025
43.3126361111,11.3375416667,Italy,Agrotis ipsilon,Ipsilon Dart Moth,26,4,2025
45.0116469005,7.6452411711,Italy,Agrotis ipsilon,Ipsilon Dart Moth,26,4,2025
45.0116469005,7.6452411711,Italy,Agrotis ipsilon,Ipsilon Dart Moth,26,4,2025
40.8829643087,14.2987509817,Italy,Agrotis ipsilon,Ipsilon Dart Moth,29,4,2025
43.3128128056,11.3381395278,Italy,Agrotis ipsilon,Ipsilon Dart Moth,26,4,2025
45.0353861111,9.0463388889,Italy,Agrotis ipsilon,Ipsilon Dart Moth,1,5,2025
44.0660172489,8.2185033336,Italy,Agrotis ipsilon,Ipsilon Dart Moth,6,5,2025
41.9190360105,12.4867068976,Italy,Agrotis ipsilon,Ipsilon Dart Moth,10,5,2025
46.81509357,11.93314612,Italy,Agrotis ipsilon,Ipsilon Dart Moth,24,5,2025
45.1529722629,10.7818190753,Italy,Agrotis ipsilon,Ipsilon Dart Moth,30,5,2025
42.0792042892,12.2302702814,Italy,Agrotis ipsilon,Ipsilon Dart Moth,30,5,2025
45.504762444,10.7510608491,Italy,Agrotis ipsilon,Ipsilon Dart Moth,25,5,2025
37.9875101342,14.1149058074,Italy,Agrotis ipsilon,Ipsilon Dart Moth,2,6,2025
37.9875101342,14.1149058074,Italy,Agrotis ipsilon,Ipsilon Dart Moth,2,6,2025
37.9875101342,14.1149058074,Italy,Agrotis ipsilon,Ipsilon Dart Moth,2,6,2025
45.0842728148,10.2634630725,Italy,Agrotis ipsilon,Ipsilon Dart Moth,4,6,2025
45.4295834364,10.9842125326,Italy,Agrotis ipsilon,Ipsilon Dart Moth,4,6,2025
45.0926284324,6.9172007963,Italy,Agrotis ipsilon,Ipsilon Dart Moth,5,6,2025
45.188588949,9.1505652666,Italy,Agrotis ipsilon,Ipsilon Dart Moth,6,6,2025
45.1862716667,10.788445,Italy,Agrotis ipsilon,Ipsilon Dart Moth,6,6,2025
46.3257535997,10.8612608,Italy,Agrotis ipsilon,Ipsilon Dart Moth,6,6,2025
44.7826443976,10.3692782298,Italy,Agrotis ipsilon,Ipsilon Dart Moth,6,6,2025
44.7825614531,10.3697825932,Italy,Agrotis ipsilon,Ipsilon Dart Moth,6,6,2025
45.4452956866,12.4618170038,Italy,Agrotis ipsilon,Ipsilon Dart Moth,7,6,2025
46.0798314788,11.9144757092,Italy,Agrotis ipsilon,Ipsilon Dart Moth,7,6,2025
45.7831396954,12.1938630659,Italy,Agrotis ipsilon,Ipsilon Dart Moth,7,6,2025
45.8084416667,9.8239216667,Italy,Agrotis ipsilon,Ipsilon Dart Moth,7,6,2025
45.6074753443,9.6239801869,Italy,Agrotis ipsilon,Ipsilon Dart Moth,8,6,2025
46.8186859722,11.937272,Italy,Agrotis ipsilon,Ipsilon Dart Moth,6,6,2025
46.7855860774,11.9395650923,Italy,Agrotis ipsilon,Ipsilon Dart Moth,10,6,2025
45.5213101641,10.250444563,Italy,Agrotis ipsilon,Ipsilon Dart Moth,12,6,2025
45.521217107,10.2505253307,Italy,Agrotis ipsilon,Ipsilon Dart Moth,12,6,2025
44.80866565,10.08322104,Italy,Agrotis ipsilon,Ipsilon Dart Moth,13,6,2025
46.1506391119,9.3368420005,Italy,Agrotis ipsilon,Ipsilon Dart Moth,11,6,2025
46.7188784997,11.6431445,Italy,Agrotis ipsilon,Ipsilon Dart Moth,16,6,2025
45.0173851098,7.3739784957,Italy,Agrotis ipsilon,Ipsilon Dart Moth,15,6,2025
45.2985384,11.9941744,Italy,Agrotis ipsilon,Ipsilon Dart Moth,17,6,2025
37.6263782556,13.6256741638,Italy,Agrotis ipsilon,Ipsilon Dart Moth,16,6,2025
46.4529736,11.0639608,Italy,Agrotis ipsilon,Ipsilon Dart Moth,17,6,2025
45.7742808392,12.8992012162,Italy,Agrotis ipsilon,Ipsilon Dart Moth,13,6,2025
44.7927579511,7.6649267719,Italy,Agrotis ipsilon,Ipsilon Dart Moth,18,6,2025
45.52672,9.468755,Italy,Agrotis ipsilon,Ipsilon Dart Moth,19,6,2025
45.0039646091,6.8814250969,Italy,Agrotis ipsilon,Ipsilon Dart Moth,22,6,2025
45.0319785605,6.90028647,Italy,Agrotis ipsilon,Ipsilon Dart Moth,22,6,2025
45.0536783062,8.6464068666,Italy,Agrotis ipsilon,Ipsilon Dart Moth,19,6,2025
46.1117775,8.2913239,Italy,Agrotis ipsilon,Ipsilon Dart Moth,24,6,2025
45.0829209518,6.8299465367,Italy,Agrotis ipsilon,Ipsilon Dart Moth,24,6,2025
45.9348677386,9.4770300016,Italy,Agrotis ipsilon,Ipsilon Dart Moth,20,6,2025
45.1587244178,6.8461770528,Italy,Agrotis ipsilon,Ipsilon Dart Moth,25,6,2025
45.65699768,7.8599066701,Italy,Agrotis ipsilon,Ipsilon Dart Moth,26,6,2025
45.0681719421,6.9263769655,Italy,Agrotis ipsilon,Ipsilon Dart Moth,28,6,2025
45.1517901045,6.8219342678,Italy,Agrotis ipsilon,Ipsilon Dart Moth,1,7,2025
45.9473533611,8.4706430278,Italy,Agrotis ipsilon,Ipsilon Dart Moth,14,6,2025
45.1783696525,6.9699126377,Italy,Agrotis ipsilon,Ipsilon Dart Moth,6,7,2025
41.1025705192,16.8403441831,Italy,Agrotis ipsilon,Ipsilon Dart Moth,3,7,2025
45.7778833333,8.4289305556,Italy,Agrotis ipsilon,Ipsilon Dart Moth,11,7,2025
43.5430739302,11.9478266314,Italy,Agrotis ipsilon,Ipsilon Dart Moth,12,7,2025
46.4073579837,11.6567080468,Italy,Agrotis ipsilon,Ipsilon Dart Moth,13,7,2025
46.4072608873,11.6564579308,Italy,Agrotis ipsilon,Ipsilon Dart Moth,14,7,2025
45.1739504308,6.8041132475,Italy,Agrotis ipsilon,Ipsilon Dart Moth,15,7,2025
44.8492384333,10.00572,Italy,Agrotis ipsilon,Ipsilon Dart Moth,4,6,2025
45.9259715165,10.8922673296,Italy,Agrotis ipsilon,Ipsilon Dart Moth,16,7,2025
46.6985333333,10.5558305556,Italy,Agrotis ipsilon,Ipsilon Dart Moth,18,7,2025
46.406649,11.6574889,Italy,Agrotis ipsilon,Ipsilon Dart Moth,14,7,2025
46.6985111111,10.5558305556,Italy,Agrotis ipsilon,Ipsilon Dart Moth,17,7,2025
46.6985166667,10.5558833333,Italy,Agrotis ipsilon,Ipsilon Dart Moth,18,7,2025
45.78342517,12.1937600523,Italy,Agrotis ipsilon,Ipsilon Dart Moth,20,7,2025
45.7631097,12.4654500997,Italy,Agrotis ipsilon,Ipsilon Dart Moth,21,7,2025
45.845183552,10.1484657079,Italy,Agrotis ipsilon,Ipsilon Dart Moth,25,7,2025
45.7830632105,12.1941166185,Italy,Agrotis ipsilon,Ipsilon Dart Moth,15,7,2025
45.6032638333,9.6299419167,Italy,Agrotis ipsilon,Ipsilon Dart Moth,27,7,2025
44.7145723977,10.6610968709,Italy,Agrotis ipsilon,Ipsilon Dart Moth,27,7,2025
45.8368756782,12.1653511003,Italy,Agrotis ipsilon,Ipsilon Dart Moth,29,7,2025
46.7061919167,11.1863604179,Italy,Agrotis ipsilon,Ipsilon Dart Moth,30,7,2025
45.6412442399,9.0401115641,Italy,Agrotis ipsilon,Ipsilon Dart Moth,30,7,2025
44.43669417,12.20387306,Italy,Agrotis ipsilon,Ipsilon Dart Moth,27,7,2025
45.7630744,12.4655795,Italy,Agrotis ipsilon,Ipsilon Dart Moth,30,7,2025
45.1695470399,6.8129989075,Italy,Agrotis ipsilon,Ipsilon Dart Moth,2,8,2025
45.0546028357,7.6868114465,Italy,Agrotis ipsilon,Ipsilon Dart Moth,3,8,2025
45.7360124295,7.54325615,Italy,Agrotis ipsilon,Ipsilon Dart Moth,14,6,2025
45.5733225705,10.5460974946,Italy,Agrotis ipsilon,Ipsilon Dart Moth,4,8,2025
44.948086,11.4870131,Italy,Agrotis ipsilon,Ipsilon Dart Moth,6,8,2025
45.8829174504,11.862895299,Italy,Agrotis ipsilon,Ipsilon Dart Moth,6,8,2025
45.7397,7.4631972222,Italy,Agrotis ipsilon,Ipsilon Dart Moth,11,8,2025
45.078300667,6.9897349205,Italy,Agrotis ipsilon,Ipsilon Dart Moth,14,8,2025
46.8974886996,11.4308622346,Italy,Agrotis ipsilon,Ipsilon Dart Moth,14,8,2025
44.6957656139,12.1802091971,Italy,Agrotis ipsilon,Ipsilon Dart Moth,14,8,2025
46.8973758094,11.4336353792,Italy,Agrotis ipsilon,Ipsilon Dart Moth,14,8,2025
45.0950723733,6.834981779,Italy,Agrotis ipsilon,Ipsilon Dart Moth,15,8,2025
45.6121598091,11.4596864674,Italy,Agrotis ipsilon,Ipsilon Dart Moth,15,8,2025
45.6121598091,11.4596864674,Italy,Agrotis ipsilon,Ipsilon Dart Moth,15,8,2025
45.6121598091,11.4596864674,Italy,Agrotis ipsilon,Ipsilon Dart Moth,15,8,2025
45.6121598091,11.4596864674,Italy,Agrotis ipsilon,Ipsilon Dart Moth,15,8,2025
41.8255500489,12.3981212452,Italy,Agrotis ipsilon,Ipsilon Dart Moth,17,8,2025
42.5347333333,11.341195,Italy,Agrotis ipsilon,Ipsilon Dart Moth,17,8,2025
45.7831592672,12.1938492358,Italy,Agrotis ipsilon,Ipsilon Dart Moth,16,8,2025
46.6565694444,11.0606416667,Italy,Agrotis ipsilon,Ipsilon Dart Moth,17,8,2025
45.9932706,10.3511313,Italy,Agrotis ipsilon,Ipsilon Dart Moth,18,8,2025
45.7831941629,12.1940011159,Italy,Agrotis ipsilon,Ipsilon Dart Moth,17,8,2025
45.5267524,9.4688407,Italy,Agrotis ipsilon,Ipsilon Dart Moth,18,8,2025
45.98380661,13.2258911131,Italy,Agrotis ipsilon,Ipsilon Dart Moth,16,8,2025
45.079137383,6.8208053945,Italy,Agrotis ipsilon,Ipsilon Dart Moth,19,8,2025
45.7204666667,9.7342583333,Italy,Agrotis ipsilon,Ipsilon Dart Moth,19,8,2025
46.6427007543,11.3572950661,Italy,Agrotis ipsilon,Ipsilon Dart Moth,19,8,2025
46.6564583333,11.0606805556,Italy,Agrotis ipsilon,Ipsilon Dart Moth,19,8,2025
45.7830604216,12.1940105036,Italy,Agrotis ipsilon,Ipsilon Dart Moth,19,8,2025
46.1719715309,11.3006370887,Italy,Agrotis ipsilon,Ipsilon Dart Moth,19,8,2025
41.1303138937,16.8692881722,Italy,Agrotis ipsilon,Ipsilon Dart Moth,20,8,2025
41.4907599112,12.5988125056,Italy,Agrotis ipsilon,Ipsilon Dart Moth,20,8,2025
39.3664989722,16.228666,Italy,Agrotis ipsilon,Ipsilon Dart Moth,21,8,2025
39.3664649722,16.229008,Italy,Agrotis ipsilon,Ipsilon Dart Moth,22,8,2025
39.3664649722,16.229008,Italy,Agrotis ipsilon,Ipsilon Dart Moth,22,8,2025
39.3664399722,16.229202,Italy,Agrotis ipsilon,Ipsilon Dart Moth,22,8,2025
39.3664369722,16.229009,Italy,Agrotis ipsilon,Ipsilon Dart Moth,22,8,2025
45.7829942522,12.193406336,Italy,Agrotis ipsilon,Ipsilon Dart Moth,19,8,2025
45.7829942522,12.193406336,Italy,Agrotis ipsilon,Ipsilon Dart Moth,19,8,2025
45.7100369722,10.9356889722,Italy,Agrotis ipsilon,Ipsilon Dart Moth,23,8,2025
45.836877547,9.4092130288,Italy,Agrotis ipsilon,Ipsilon Dart Moth,23,8,2025
45.174293,8.101196,Italy,Agrotis ipsilon,Ipsilon Dart Moth,23,8,2025
43.9893616,7.6840188,Italy,Agrotis ipsilon,Ipsilon Dart Moth,22,8,2025
45.1729386737,8.1028491631,Italy,Agrotis ipsilon,Ipsilon Dart Moth,22,8,2025
39.40325597,8.40035737,Italy,Agrotis ipsilon,Ipsilon Dart Moth,25,8,2025
45.8337416667,8.7039666667,Italy,Agrotis ipsilon,Ipsilon Dart Moth,25,8,2025
42.0512581918,13.9277642593,Italy,Agrotis ipsilon,Ipsilon Dart Moth,25,8,2025
43.8508998817,10.2602791468,Italy,Agrotis ipsilon,Ipsilon Dart Moth,22,8,2025
42.5559827485,11.1686663702,Italy,Agrotis ipsilon,Ipsilon Dart Moth,26,8,2025
42.3541128727,13.309135437,Italy,Agrotis ipsilon,Ipsilon Dart Moth,25,8,2025
45.2215939562,12.2980289161,Italy,Agrotis ipsilon,Ipsilon Dart Moth,23,8,2025
45.0129005752,7.2010116008,Italy,Agrotis ipsilon,Ipsilon Dart Moth,25,8,2025
45.0953172822,7.3235065909,Italy,Agrotis ipsilon,Ipsilon Dart Moth,25,8,2025
46.9171715,11.9847379,Italy,Agrotis ipsilon,Ipsilon Dart Moth,26,8,2025
44.0701390997,12.5834513,Italy,Agrotis ipsilon,Ipsilon Dart Moth,25,8,2025
44.7508447407,8.672176525,Italy,Agrotis ipsilon,Ipsilon Dart Moth,29,8,2025
39.3675523573,16.2286147848,Italy,Agrotis ipsilon,Ipsilon Dart Moth,20,8,2025
39.3676321907,16.2286774814,Italy,Agrotis ipsilon,Ipsilon Dart Moth,20,8,2025
46.1055746749,10.6599418936,Italy,Agrotis ipsilon,Ipsilon Dart Moth,19,8,2025
43.286439,13.7466299722,Italy,Agrotis ipsilon,Ipsilon Dart Moth,31,8,2025
45.6022962,8.1314291,Italy,Agrotis ipsilon,Ipsilon Dart Moth,2,9,2025
46.4836179722,11.3031539722,Italy,Agrotis ipsilon,Ipsilon Dart Moth,3,9,2025
45.8046784,11.713187322,Italy,Agrotis ipsilon,Ipsilon Dart Moth,3,9,2025
45.7398578057,7.4631651118,Italy,Agrotis ipsilon,Ipsilon Dart Moth,4,9,2025
43.8695017499,11.5663309158,Italy,Agrotis ipsilon,Ipsilon Dart Moth,5,9,2025
45.1956697221,6.9029702029,Italy,Agrotis ipsilon,Ipsilon Dart Moth,9,9,2025
45.1143244705,6.8027560503,Italy,Agrotis ipsilon,Ipsilon Dart Moth,10,9,2025
39.3673802485,16.2287515774,Italy,Agrotis ipsilon,Ipsilon Dart Moth,21,8,2025
45.0240305407,6.8628989264,Italy,Agrotis ipsilon,Ipsilon Dart Moth,12,9,2025
45.1723864635,6.845337749,Italy,Agrotis ipsilon,Ipsilon Dart Moth,16,9,2025
45.0779243051,6.8821759885,Italy,Agrotis ipsilon,Ipsilon Dart Moth,16,9,2025
46.4474103092,11.2550519407,Italy,Agrotis ipsilon,Ipsilon Dart Moth,16,9,2025
46.5033516008,11.9858573377,Italy,Agrotis ipsilon,Ipsilon Dart Moth,10,8,2025
46.6997172217,11.9383336117,Italy,Agrotis ipsilon,Ipsilon Dart Moth,7,9,2025
45.0704308603,6.9552057441,Italy,Agrotis ipsilon,Ipsilon Dart Moth,18,9,2025
46.7575083333,10.78023,Italy,Agrotis ipsilon,Ipsilon Dart Moth,19,9,2025
45.0513438393,6.9864229526,Italy,Agrotis ipsilon,Ipsilon Dart Moth,20,9,2025
45.060640187,6.8900554426,Italy,Agrotis ipsilon,Ipsilon Dart Moth,20,9,2025
45.6924133333,13.74752,Italy,Baizongia pistaciae,Pistacia Horn Gall Aphid,22,9,2023
44.1773924046,12.3345870897,Italy,Aploneura lentisci,Mealy Grass Root Aphid,23,9,2023
45.0696016531,8.6095656364,Italy,Macrosiphoniella,Anthemid Aphids,23,9,2023
43.872347,11.881218,Italy,Pemphigus spyrothecae,Poplar Spiral Gall Aphid,22,9,2023
44.7537817136,11.7676157531,Italy,Eriosoma lanuginosum,Elm Balloon-gall Aphid,26,9,2023
38.0175871185,15.7143138429,Italy,Aphididae,Aphids,26,9,2023
44.4996861111,11.3532916667,Italy,Aphididae,Aphids,27,9,2023
42.11536664,13.34019619,Italy,Aphididae,Aphids,26,9,2023
46.29006,11.5786266667,Italy,Anoecia,,30,9,2023
44.8158045921,7.2238513827,Italy,Macrosiphoniella,Anthemid Aphids,30,9,2023
38.1080821045,12.7905676514,Italy,Forda formicaria,Pistachio-Grass Root Aphid,30,9,2023
42.1318433333,12.0885516667,Italy,Aphis fabae,Black Bean Aphid,2,10,2023
45.5073027101,9.2704254912,Italy,Uroleucon,Large Daisy Aphids,5,10,2023
44.655025,10.901983,Italy,Aphis,,5,10,2023
44.6528710379,10.8973874152,Italy,Aphididae,Aphids,5,10,2023
45.6495083847,13.7768182531,Italy,Aphididae,Aphids,6,10,2023
39.2283977736,9.19110585,Italy,Aphididae,Aphids,4,10,2023
44.9975856323,8.2977968082,Italy,Aphidinae,,8,10,2023
39.250660675,9.1743004695,Italy,Aploneura lentisci,Mealy Grass Root Aphid,5,10,2023
44.7416626935,8.7162327776,Italy,Aphididae,Aphids,6,10,2023
45.9492332728,8.6772231268,Italy,Pemphigus spyrothecae,Poplar Spiral Gall Aphid,11,10,2023
43.0650118739,12.6248232275,Italy,Aphis nerii,Oleander Aphid,12,10,2023
44.1767491834,12.3376635835,Italy,Tuberolachnus salignus,Giant Willow Aphid,13,10,2023
45.6924527778,9.6327833333,Italy,Aphidinae,,13,10,2023
39.2446797249,9.1635514211,Italy,Aploneura lentisci,Mealy Grass Root Aphid,14,10,2023
44.4933833333,11.2075277778,Italy,Aphididae,Aphids,15,10,2023
44.1151417066,12.1520241357,Italy,Macrosiphoniella,Anthemid Aphids,14,10,2023
45.0117861111,11.4225305556,Italy,Aphididae,Aphids,14,10,2023
41.8895032573,12.4144428223,Italy,Drepanaphis,,17,10,2023
45.4546599762,9.3223617598,Italy,Aphidinae,,17,10,2023
44.1215929762,8.2143356837,Italy,Baizongia pistaciae,Pistacia Horn Gall Aphid,22,9,2023
39.2446797249,9.1635514211,Italy,Aploneura lentisci,Mealy Grass Root Aphid,14,10,2023
42.5314333333,11.3418,Italy,Eriosoma lanuginosum,Elm Balloon-gall Aphid,18,10,2023
39.2446797249,9.1635514211,Italy,Aploneura lentisci,Mealy Grass Root Aphid,14,10,2023
39.2537196034,9.1747473925,Italy,Aphis,,19,10,2023
46.824454258,12.0222891122,Italy,Cinara,Giant Conifer Aphids,19,10,2023
45.4024616667,9.1428805,Italy,Aphididae,Aphids,20,10,2023
40.3876425078,15.3680702671,Italy,Forda formicaria,Pistachio-Grass Root Aphid,20,10,2023
45.4549812411,9.3225491792,Italy,Macrosiphini,,20,10,2023
44.3975105997,8.6041928997,Italy,Forda formicaria,Pistachio-Grass Root Aphid,21,10,2023
44.3998413083,8.6141777036,Italy,Forda formicaria,Pistachio-Grass Root Aphid,21,10,2023
45.6896666667,10.6398472222,Italy,Panaphis juglandis,Walnut Aphid,21,10,2023
44.5112647778,7.4716601111,Italy,Aphididae,Aphids,22,10,2023
44.6906609785,8.0370159565,Italy,Anoecia corni,Common dogwood-grass aphid,22,10,2023
44.3958037,8.606953,Italy,Baizongia pistaciae,Pistacia Horn Gall Aphid,23,10,2023
44.456095,11.2813683333,Italy,Aphididae,Aphids,7,10,2023
44.3986053467,8.6073064803,Italy,Baizongia pistaciae,Pistacia Horn Gall Aphid,23,10,2023
45.655485,10.041362,Italy,Anoecia,,1,10,2023
39.1574205141,9.0015778589,Italy,Aploneura lentisci,Mealy Grass Root Aphid,15,10,2023
42.3368573,13.4535251,Italy,Aphididae,Aphids,15,10,2023
42.3368573,13.4535251,Italy,Uroleucon,Large Daisy Aphids,18,10,2023
44.4756008161,11.0130566731,Italy,Macrosiphini,,25,10,2023
44.7418155474,11.7754036472,Italy,Macrosiphini,,25,10,2023
45.0859786446,7.671754472,Italy,Drepanosiphum,,28,10,2023
45.1630584685,7.0042835397,Italy,Aphidinae,,28,10,2023
45.1630594,7.0042540238,Italy,Aphididae,Aphids,28,10,2023
44.3568069413,10.6288640946,Italy,Panaphis juglandis,Walnut Aphid,28,10,2023
45.4205033333,12.3831133333,Italy,Pemphigus immunis,,29,10,2023
44.3550590992,10.6223771721,Italy,Aphididae,Aphids,29,10,2023
44.3549660841,10.6224314868,Italy,Aphididae,Aphids,29,10,2023
41.1898887997,14.162423,Italy,Aphididae,Aphids,29,10,2023
42.7112102587,11.5304613469,Italy,Eriosoma lanuginosum,Elm Balloon-gall Aphid,29,10,2023
44.1771065026,12.3377645016,Italy,Macrosiphini,,29,10,2023
45.1362195,7.6231666667,Italy,Aphis nerii,Oleander Aphid,1,11,2023
44.4640677886,11.1067847908,Italy,Anoecia,,4,11,2023
43.7179744631,11.1659033597,Italy,Lachninae,Giant Aphids,4,11,2023
43.718845116,11.1667113751,Italy,Lachninae,Giant Aphids,4,11,2023
44.955005,8.18748,Italy,Macrosiphum euphorbiae,Potato Aphid,4,11,2023
45.7263361722,9.7127086669,Italy,Pemphigus spyrothecae,Poplar Spiral Gall Aphid,5,11,2023
39.2195453378,9.1654870659,Italy,Aploneura lentisci,Mealy Grass Root Aphid,4,11,2023
43.44904316,12.97598193,Italy,Aphididae,Aphids,6,11,2023
44.4933472222,11.2070194444,Italy,Aphididae,Aphids,6,11,2023
45.7225861658,9.6487701297,Italy,Aphididae,Aphids,31,10,2023
45.0617408611,7.6525869167,Italy,Aphis,,7,11,2023
45.1320724486,7.052016735,Italy,Eriosoma lanuginosum,Elm Balloon-gall Aphid,7,11,2023
44.495468,11.3546089722,Italy,Aphididae,Aphids,7,11,2023
44.495483,11.354558,Italy,Aphididae,Aphids,7,11,2023
45.0858221725,7.6712153479,Italy,Anoecia,,12,11,2023
44.5144601139,11.1290005222,Italy,Aphidinae,,12,11,2023
44.4934777778,11.2071138889,Italy,Aphididae,Aphids,12,11,2023
41.1643194444,9.1830527778,Italy,Aphididae,Aphids,2,11,2023
40.4936366364,17.3491379459,Italy,Eriosoma lanuginosum,Elm Balloon-gall Aphid,12,11,2023
44.6597708844,11.6665353926,Italy,Aphididae,Aphids,29,10,2023
45.5599864964,12.1927488595,Italy,Aphidinae,,15,11,2023
44.4869388889,11.2204027778,Italy,Aphididae,Aphids,17,11,2023
46.1848005788,9.6795346859,Italy,Aphididae,Aphids,11,11,2023
45.4983887887,9.2581117898,Italy,Aphididae,Aphids,16,11,2023
45.0831656,7.6576123,Italy,Drepanosiphum,,17,11,2023
45.083165,7.657611,Italy,Aphididae,Aphids,17,11,2023
38.2957205162,15.88198299,Italy,Neotoxoptera,,18,11,2023
45.0245361111,7.6632118056,Italy,Aphididae,Aphids,21,11,2023
45.7103970922,8.2297597672,Italy,Macrosiphum,,23,11,2023
41.2525291,13.4491482,Italy,Aphis fabae,Black Bean Aphid,23,11,2023
41.2525291,13.4491482,Italy,Uroleucon,Large Daisy Aphids,23,11,2023
44.5144828262,11.1290347204,Italy,Aphididae,Aphids,26,11,2023
45.7232668205,9.7188253323,Italy,Brevicoryne brassicae,Cabbage Aphid,11,11,2023
39.2152915743,9.1604612768,Italy,Aploneura lentisci,Mealy Grass Root Aphid,13,11,2023
45.6526866643,10.039618662,Italy,Pemphigus spyrothecae,Poplar Spiral Gall Aphid,9,11,2023
39.2337817255,9.1690567508,Italy,Aploneura lentisci,Mealy Grass Root Aphid,9,11,2023
45.0151939167,7.66088675,Italy,Tetraneura akinire,Oriental Grass Root Aphid,6,12,2023
39.2148395839,9.1703644193,Italy,Aploneura lentisci,Mealy Grass Root Aphid,26,11,2023
39.1885084549,9.1638009623,Italy,Aploneura lentisci,Mealy Grass Root Aphid,22,11,2023
44.4940416667,11.2100666667,Italy,Pemphigus vesicarius,,12,12,2023
43.1593420263,11.1518049985,Italy,Eriosoma lanuginosum,Elm Balloon-gall Aphid,12,12,2023
44.2804920256,11.0046898574,Italy,Aphididae,Aphids,26,11,2023
45.5599815667,12.1927478537,Italy,Aphidinae,,20,12,2023
41.948785,12.544988,Italy,Aphididae,Aphids,22,12,2023
44.6912856166,8.0364809139,Italy,Aphididae,Aphids,22,12,2023
43.822453422,7.6551515982,Italy,Aphididae,Aphids,21,12,2023
40.5096474376,16.7289239077,Italy,Aploneura lentisci,Mealy Grass Root Aphid,26,12,2023
36.8797434345,14.7659877688,Italy,Aphis nerii,Oleander Aphid,28,12,2023
44.193200216,10.886362195,Italy,Aphididae,Aphids,28,12,2023
46.0738625829,11.1118259308,Italy,Macrosiphum,,29,12,2023
44.9800561,7.7418053,Italy,Aphididae,Aphids,29,12,2023
40.7148873415,16.4133766362,Italy,Uroleucon sonchi,Sow-thistle Aphid,20,12,2023
42.722504447,11.5194440909,Italy,Eriosoma lanuginosum,Elm Balloon-gall Aphid,3,1,2024
41.9485770462,12.5444706157,Italy,Aphididae,Aphids,4,1,2024
45.1230687117,10.4441034776,Italy,Aphididae,Aphids,4,1,2024
45.1221086271,10.4444832938,Italy,Aphididae,Aphids,4,1,2024
45.1234864867,10.4439683687,Italy,Aphididae,Aphids,4,1,2024
41.9489039722,12.544945,Italy,Aphididae,Aphids,4,1,2024
44.483525,11.1998722222,Italy,Eriosoma lanuginosum,Elm Balloon-gall Aphid,4,1,2024
45.1216688195,10.4447410185,Italy,Aphididae,Aphids,5,1,2024
46.088489,11.1804183,Italy,Aphididae,Aphids,7,1,2024
45.1235162284,10.4439996254,Italy,Aphididae,Aphids,8,1,2024
39.2169846945,9.2914573476,Italy,Aploneura lentisci,Mealy Grass Root Aphid,20,12,2023
45.1229849176,10.4440115887,Italy,Aphididae,Aphids,10,1,2024
43.2747760273,12.4223422632,Italy,Macrosiphini,,4,1,2024
45.1230862641,10.4439508353,Italy,Aphididae,Aphids,15,1,2024
39.2027500962,9.1529135406,Italy,Aploneura lentisci,Mealy Grass Root Aphid,26,12,2023
45.123187745,10.4439495843,Italy,Aphididae,Aphids,18,1,2024
45.1232607066,10.4439832439,Italy,Aphididae,Aphids,20,1,2024
46.15198,11.1296119997,Italy,Aphis,,13,10,2023
44.514928463,11.1293254048,Italy,Aphididae,Aphids,21,1,2024
38.0019815204,12.8138485551,Italy,Baizongia pistaciae,Pistacia Horn Gall Aphid,21,1,2024
45.1236401649,10.4439024044,Italy,Aphididae,Aphids,22,1,2024
38.107115,12.790364,Italy,Geoica,,4,1,2024
38.107115,12.790364,Italy,Baizongia pistaciae,Pistacia Horn Gall Aphid,4,1,2024
38.105655,12.789835,Italy,Aploneura lentisci,Mealy Grass Root Aphid,4,1,2024
46.1034246667,11.0558587058,Italy,Eriosomatinae,Woolly Aphids and Gall-making Aphids,21,1,2024
45.1258202936,10.442172766,Italy,Aphididae,Aphids,25,1,2024
45.6761111111,12.2380555556,Italy,Aphididae,Aphids,5,11,2023
45.1231363665,10.4439849656,Italy,Aphididae,Aphids,28,1,2024
44.7706336114,11.6346976934,Italy,Eriosoma lanuginosum,Elm Balloon-gall Aphid,27,1,2024
38.4154699997,15.8917082997,Italy,Pemphigus bursarius,Poplar Gall Aphid,31,1,2024
44.1771909028,12.3374671116,Italy,Macrosiphini,,31,1,2024
46.1360748592,9.6144933748,Italy,Aphididae,Aphids,28,1,2024
43.9039123214,12.2696038708,Italy,Lachninae,Giant Aphids,28,10,2023
45.7333085945,9.3846245286,Italy,Acyrthosiphon,,2,2,2024
44.4467001865,11.379317008,Italy,Eriosoma lanuginosum,Elm Balloon-gall Aphid,3,2,2024
42.0387649536,12.1532096861,Italy,Eriosoma lanuginosum,Elm Balloon-gall Aphid,3,2,2024
45.5023555311,9.2314885184,Italy,Aphididae,Aphids,3,2,2024
44.4468027778,11.3791694444,Italy,Eriosoma lanuginosum,Elm Balloon-gall Aphid,3,2,2024
42.2427302172,11.1066138337,Italy,Aploneura lentisci,Mealy Grass Root Aphid,3,2,2024
43.7860259722,7.631058,Italy,Aphis jacobaeae,Ragwort Aphid,6,2,2024
45.7226881567,9.6496493229,Italy,Aphididae,Aphids,8,2,2024
45.123421,10.443892,Italy,Aphididae,Aphids,5,2,2024
42.8258109591,11.2589830584,Italy,Eriosoma lanuginosum,Elm Balloon-gall Aphid,9,2,2024
40.7711943997,14.7889151997,Italy,Aphididae,Aphids,12,2,2024
42.6801706928,11.0736461893,Italy,Eriosoma lanuginosum,Elm Balloon-gall Aphid,15,2,2024
45.122913,10.44408,Italy,Aphididae,Aphids,6,2,2024
41.9487939722,12.5450239722,Italy,Aphididae,Aphids,18,2,2024
42.7265025494,11.5157629118,Italy,Eriosoma lanuginosum,Elm Balloon-gall Aphid,21,2,2024
42.7214083538,11.5181378166,Italy,Eriosoma lanuginosum,Elm Balloon-gall Aphid,21,2,2024
42.7083353816,11.5259760366,Italy,Eriosoma lanuginosum,Elm Balloon-gall Aphid,22,2,2024
44.473612,11.095113,Italy,Aphididae,Aphids,25,2,2024
44.4936083333,11.2073555556,Italy,Aphididae,Aphids,25,2,2024
41.740932,12.658051,Italy,Aphis sambuci,Elder Aphid,25,2,2024
42.0558376094,11.8390393419,Italy,Aploneura lentisci,Mealy Grass Root Aphid,2,3,2024
44.65818,10.91122,Italy,Aphididae,Aphids,3,3,2024
44.65818,10.91122,Italy,Aphidinae,,3,3,2024
45.4230508857,9.1274157912,Italy,Macrosiphini,,2,3,2024
41.9524046,12.5271156997,Italy,Eriosoma lanuginosum,Elm Balloon-gall Aphid,9,3,2024
42.0396,11.83477,Italy,Aphis nerii,Oleander Aphid,9,3,2024
39.2412935323,9.1836459562,Italy,Aphididae,Aphids,19,2,2024
45.2957881574,11.9957040623,Italy,Aphis fabae,Black Bean Aphid,5,3,2024
37.7104415,14.8610313997,Italy,Baizongia pistaciae,Pistacia Horn Gall Aphid,9,10,2023
45.9843666667,9.2132638889,Italy,Sitobion,,11,3,2024
45.9843666667,9.2132638889,Italy,Sitobion,,11,3,2024
41.6154691997,12.500806,Italy,Eriosoma lanuginosum,Elm Balloon-gall Aphid,13,3,2024
45.5844925604,9.2744484544,Italy,Aphidinae,,14,3,2024
45.4530633333,12.353605,Italy,Aphididae,Aphids,16,3,2024
44.8407154732,11.6478481628,Italy,Aphididae,Aphids,16,3,2024
45.6077545341,11.3939509778,Italy,Cinara,Giant Conifer Aphids,16,3,2024
42.6206097882,12.2472245222,Italy,Anoecia,,9,11,2023
45.0868206514,7.6700532809,Italy,Aphidinae,,17,3,2024
45.6399825897,10.03820069,Italy,Aphis,,17,3,2024
45.0350219997,11.6415459997,Italy,Aphis,,20,3,2024
44.5015722222,11.3534694444,Italy,Aphidinae,,21,3,2024
45.6330593764,9.8720505969,Italy,Aphididae,Aphids,21,3,2024
38.1797675833,15.2303876667,Italy,Pemphigus,Poplar Leaf-stem Gall Aphids,22,3,2024
45.3590777563,10.7343761623,Italy,Aphididae,Aphids,23,3,2024
44.0080916667,12.6457583333,Italy,Lachninae,Giant Aphids,23,3,2024
44.4403408398,11.4281988106,Italy,Eriosoma lanuginosum,Elm Balloon-gall Aphid,23,3,2024
45.59636771,10.21335528,Italy,Pemphigus,Poplar Leaf-stem Gall Aphids,24,3,2024
45.705431532,9.5235020487,Italy,Aphididae,Aphids,24,3,2024
43.53195676,13.28897818,Italy,Macrosiphini,,26,3,2024
37.2932172075,14.8496311158,Italy,Aphididae,Aphids,26,3,2024
43.7278516199,11.2200078741,Italy,Aphididae,Aphids,30,3,2024
45.7617153997,9.5701555,Italy,Aphididae,Aphids,30,3,2024
43.7325766398,11.2194902077,Italy,Aphididae,Aphids,30,3,2024
45.9845638889,9.2133083333,Italy,Aphididae,Aphids,30,3,2024
42.0558376094,11.8390393419,Italy,Aphis,,30,3,2024
44.4934916667,11.2070416667,Italy,Aphidinae,,31,3,2024
44.4935,11.2072166667,Italy,Uroleucon,Large Daisy Aphids,31,3,2024
44.4901466986,11.1783669144,Italy,Macrosiphum rosae,Rose Aphid,1,4,2024
42.5383633333,11.3515866667,Italy,Eriosoma lanuginosum,Elm Balloon-gall Aphid,1,4,2024
45.4335603,12.3499500997,Italy,Aphididae,Aphids,1,4,2024
44.4946944444,11.221025,Italy,Brevicoryne brassicae,Cabbage Aphid,1,4,2024
42.1336528333,12.0507083333,Italy,Aphis spiraecola,Spiraea Aphid,1,4,2024
45.0963645003,7.663629055,Italy,Aphidinae,,2,4,2024
43.5456348957,13.3605481312,Italy,Megoura viciae,Vetch Aphid,3,4,2024
44.4934833333,11.2072416667,Italy,Aphididae,Aphids,28,10,2023
44.4652138889,11.1992194444,Italy,Anoecia,,28,10,2023
41.4696072,14.5734415,Italy,Macrosiphum,,31,3,2024
44.5531,11.3589819722,Italy,Aphididae,Aphids,4,4,2024
44.1052888889,9.8228611111,Italy,Aphis,,2,4,2024
44.4962769722,11.3529149722,Italy,Aphididae,Aphids,5,4,2024
44.502478,11.3541679722,Italy,Aphididae,Aphids,4,4,2024
44.1547997144,12.3847470805,Italy,Aphis craccivora,Cowpea Aphid,5,4,2024
44.5023971,11.3363438997,Italy,Aphis,,5,4,2024
44.6235504801,11.04292992,Italy,Aphididae,Aphids,3,4,2024
44.284247,11.109556,Italy,Cryptomyzus ribis,Redcurrant Blister Aphid,6,4,2024
44.1547997144,12.3847470805,Italy,Macrosiphum,,6,4,2024
45.6077518092,11.3946465635,Italy,Aphididae,Aphids,6,4,2024
44.6338462778,7.4940972222,Italy,Macrosiphum,,7,4,2024
45.3619373912,9.6583079982,Italy,Aphis sambuci,Elder Aphid,6,4,2024
41.9521839,12.5237725997,Italy,Aphididae,Aphids,7,4,2024
38.103148402,12.6874514669,Italy,Geoica utricularia,,7,4,2024
44.7795158712,10.2000657111,Italy,Aphididae,Aphids,7,4,2024
38.2342681667,15.2450866667,Italy,Aphis nerii,Oleander Aphid,7,4,2024
44.494740376,11.3555187732,Italy,Aphididae,Aphids,8,4,2024
42.7232589845,11.5183669809,Italy,Eriosoma lanuginosum,Elm Balloon-gall Aphid,7,4,2024
44.1782241333,12.3350242898,Italy,Aphididae,Aphids,5,4,2024
45.4461603997,11.0019834997,Italy,Aphididae,Aphids,9,4,2024
45.4438947,11.0078461,Italy,Aphis,,9,4,2024
45.4481234,11.0005924,Italy,Aphididae,Aphids,9,4,2024
44.4289160875,8.8221874454,Italy,Aphididae,Aphids,8,4,2024
38.1091394273,12.7886720251,Italy,Baizongia pistaciae,Pistacia Horn Gall Aphid,9,4,2024
43.5447814147,13.361244835,Italy,Aphidinae,,10,4,2024
43.1081583333,12.3372616667,Italy,Uroleucon sonchi,Sow-thistle Aphid,10,4,2024
44.5364633333,11.4044383333,Italy,Eriosomatini,,11,4,2024
45.4605198106,7.7357605897,Italy,Brevicoryne brassicae,Cabbage Aphid,11,4,2024
41.9246216667,16.0866528333,Italy,Aploneura lentisci,Mealy Grass Root Aphid,11,4,2024
39.3514638889,16.2369805556,Italy,Aphis sambuci,Elder Aphid,11,4,2024
43.819225,12.2376666667,Italy,Megoura viciae,Vetch Aphid,10,4,2024
41.9524757,12.5243041997,Italy,Aphis nerii,Oleander Aphid,12,4,2024
44.6544084401,10.9001980349,Italy,Aphis,,12,4,2024
43.5879268465,13.5146812722,Italy,Sitobion,,12,4,2024
44.48265,11.2703416667,Italy,Aphididae,Aphids,12,4,2024
44.1763444914,12.3359935731,Italy,Uroleucon sonchi,Sow-thistle Aphid,11,4,2024
37.0524648789,14.5718163097,Italy,Tetraneura ulmi,Elm Sack Gall Aphid,12,4,2024
45.0907150629,7.7575043254,Italy,Macrosiphum rosae,Rose Aphid,13,4,2024
45.0306265997,11.6416564997,Italy,Hyalopterus pruni,Mealy Plum Aphid,13,4,2024
37.969145,13.4549202,Italy,Aphis fabae,Black Bean Aphid,9,4,2024
43.2149885537,11.2404546887,Italy,Macrosiphini,,13,4,2024
45.0100884,11.6620603,Italy,Aphis fabae,Black Bean Aphid,13,4,2024
45.4276064,12.3576920997,Italy,Aphididae,Aphids,13,4,2024
44.2362618,8.4340159997,Italy,Aphis,,13,4,2024
44.2356986997,8.4336729047,Italy,Aphididae,Aphids,13,4,2024
39.7020638889,8.754575,Italy,Aploneura lentisci,Mealy Grass Root Aphid,24,3,2024
45.19890975,9.1055421667,Italy,Sitobion,,14,4,2024
43.7307518955,11.2195461988,Italy,Aphididae,Aphids,13,4,2024
44.3118111111,11.8569861111,Italy,Macrosiphum,,14,4,2024
43.6197516867,13.5179140046,Italy,Brevicoryne brassicae,Cabbage Aphid,14,4,2024
41.9574408978,12.5345100649,Italy,Aphididae,Aphids,14,4,2024
42.7755283376,11.0938239713,Italy,Macrosiphum rosae,Rose Aphid,11,4,2024
42.7755283376,11.0938239713,Italy,Macrosiphum rosae,Rose Aphid,14,4,2024
39.2825737193,9.0005690977,Italy,Aphidinae,,15,4,2024
46.6739532581,11.1523219943,Italy,Tetraneura ulmi,Elm Sack Gall Aphid,15,4,2024
41.1202388333,16.869275,Italy,Macrosiphini,,15,4,2024
45.490661,11.505081,Italy,Tetraneura,,13,4,2024
41.9574588997,12.5342418997,Italy,Aphis fabae,Black Bean Aphid,14,4,2024
44.4881375834,11.2963867933,Italy,Aphis nerii,Oleander Aphid,16,4,2024
44.1779476131,12.3346243054,Italy,Dysaphis crataegi,hawthorn-carrot aphid,16,4,2024
42.3606350416,13.3776982235,Italy,Cinara tujafilina,Cypress Pine Aphid,14,4,2024
44.9401494997,8.0992923997,Italy,Eriosoma lanuginosum,Elm Balloon-gall Aphid,16,4,2024
45.4774314995,11.4559826722,Italy,Eriosoma lanigerum,Woolly Apple Aphid,16,4,2024
44.9040222222,12.2635,Italy,Tetraneura akinire,Oriental Grass Root Aphid,17,4,2024
37.4702871891,15.0694364682,Italy,Aphididae,Aphids,18,4,2024
44.6496166667,10.93227,Italy,Tetraneura,,18,4,2024
45.732735948,8.9766414464,Italy,Aphididae,Aphids,19,4,2024
37.4199067,14.3728264,Italy,Tetraneura ulmi,Elm Sack Gall Aphid,15,4,2024
37.4199067,14.3728264,Italy,Eriosoma lanuginosum,Elm Balloon-gall Aphid,15,4,2024
45.0858387429,7.6711841673,Italy,Aphidinae,,20,4,2024
45.0858924784,7.6712787151,Italy,Aphididae,Aphids,20,4,2024
45.0862082625,7.6716113091,Italy,Aphididae,Aphids,20,4,2024
45.0861029224,7.6715281606,Italy,Aphidinae,,20,4,2024
45.0861197295,7.6716002449,Italy,Macrosiphum rosae,Rose Aphid,20,4,2024
45.0860579457,7.671646513,Italy,Macrosiphum rosae,Rose Aphid,20,4,2024
45.085989297,7.6715150848,Italy,Aphididae,Aphids,20,4,2024
37.9662239325,13.4579497386,Italy,Sitobion,,10,4,2024
44.7835808,10.3616253,Italy,Aphidini,,20,4,2024
45.0859384022,7.6714138314,Italy,Aphididae,Aphids,20,4,2024
42.7755283376,11.0938239713,Italy,Aphididae,Aphids,20,4,2024
45.51828508,11.00851141,Italy,Tetraneura caerulescens,,21,4,2024
46.6809438262,11.1763080675,Italy,Dysaphis,,21,4,2024
45.3583020242,9.6558466515,Italy,Aphis sambuci,Elder Aphid,21,4,2024
44.7194027981,8.2860608026,Italy,Uroleucon sonchi,Sow-thistle Aphid,21,4,2024
45.3081436461,9.1010084376,Italy,Tinocallis,,21,4,2024
41.2814301328,13.6956313942,Italy,Aphis sambuci,Elder Aphid,21,4,2024
44.11809,12.2198416667,Italy,Tetraneura caerulescens,,23,4,2024
40.749532375,9.59302146,Italy,Aphidini,,22,4,2024
37.098137586,14.3430456519,Italy,Aphis craccivora,Cowpea Aphid,24,4,2024
45.0212096944,7.6730780278,Italy,Aphididae,Aphids,24,4,2024
46.6709517,11.1681475,Italy,Aphididae,Aphids,24,4,2024
45.4617069522,9.1717895027,Italy,Eriosomatinae,Woolly Aphids and Gall-making Aphids,24,4,2024
44.9517360997,8.0837696,Italy,Tetraneura caerulescens,,24,4,2024
44.39,7.4305555556,Italy,Aphis,,23,4,2024
45.7458333333,7.4883333333,Italy,Tetraneura,,25,4,2024
45.5355224609,9.3154344559,Italy,Tetraneura akinire,Oriental Grass Root Aphid,25,4,2024
40.8955825,15.030768,Italy,Tetraneura caerulescens,,25,4,2024
45.33807,8.8674233333,Italy,Tetraneura caerulescens,,25,4,2024
45.7900083333,10.0303555,Italy,Tetraneura akinire,Oriental Grass Root Aphid,25,4,2024
38.26164225,15.62312063,Italy,Aphididae,Aphids,26,4,2024
44.001369002,11.9276037812,Italy,Aphidini,,26,4,2024
38.2631845493,15.626311088,Italy,Aphididae,Aphids,26,4,2024
38.2690367408,15.2262988737,Italy,Acyrthosiphon,,26,4,2024
38.2694419205,15.2269748841,Italy,Aploneura lentisci,Mealy Grass Root Aphid,26,4,2024
45.7174194444,11.3339361111,Italy,Aphididae,Aphids,26,4,2024
44.4770572943,11.3561353418,Italy,Cinara,Giant Conifer Aphids,25,4,2024
45.8429582127,12.1835629642,Italy,Tetraneura akinire,Oriental Grass Root Aphid,26,4,2024
42.2282288991,12.5970370427,Italy,Macrosiphum,,26,4,2024
43.9659383429,11.4648716667,Italy,Aphis sambuci,Elder Aphid,26,4,2024
42.1298379582,12.5070329232,Italy,Macrosiphini,,26,4,2024
42.9352541728,10.5207442492,Italy,Tetraneura akinire,Oriental Grass Root Aphid,26,4,2024
42.1323817839,12.0861766487,Italy,Aphis fabae,Black Bean Aphid,26,4,2024
38.208405,15.2570166667,Italy,Aphis fabae,Black Bean Aphid,27,4,2024
44.0001194444,11.9354277778,Italy,Aphididae,Aphids,25,4,2024
44.0021333333,11.9347194444,Italy,Tetraneura akinire,Oriental Grass Root Aphid,25,4,2024
41.9327694457,12.5594906702,Italy,Macrosiphum rosae,Rose Aphid,27,4,2024
44.6733092402,10.6566283107,Italy,Tetraneura,,26,4,2024
41.9597080018,12.8021340072,Italy,Aphis spiraecola,Spiraea Aphid,27,4,2024
41.7997263,12.7036549997,Italy,Aphis fabae,Black Bean Aphid,27,4,2024
44.4639359434,11.1067217588,Italy,Aphididae,Aphids,27,4,2024
38.2087492018,15.2564525394,Italy,Hyalopterus pruni,Mealy Plum Aphid,27,4,2024
38.1731706848,15.243518874,Italy,Brachycaudus cardui,Plum-thistle Aphid,26,4,2024
43.3204566667,11.3349233333,Italy,Tetraneura,,27,4,2024
43.3204116667,11.334365,Italy,Tetraneura,,27,4,2024
38.2086985849,15.2568554171,Italy,Aphis,,27,4,2024
41.8434771519,12.5639960421,Italy,Tetraneura caerulescens,,27,4,2024
41.843637005,12.56368,Italy,Aphis,,27,4,2024
41.8447239949,12.5627796732,Italy,Aphididae,Aphids,27,4,2024
38.1679546792,13.221618259,Italy,Uroleucon,Large Daisy Aphids,18,4,2024
42.1615971667,12.21635,Italy,Macrosiphum rosae,Rose Aphid,28,4,2024
41.7728817381,12.4339069426,Italy,Aphididae,Aphids,27,4,2024
38.255263106,15.597930802,Italy,Aphis,,27,4,2024
38.2429861111,15.2419472222,Italy,Aphis,,27,4,2024
41.8508881331,12.5540682301,Italy,Aphididae,Aphids,28,4,2024
41.8189686587,12.9337292165,Italy,Tetraneura caerulescens,,28,4,2024
41.8189686587,12.9337292165,Italy,Tetraneura caerulescens,,28,4,2024
42.1541516667,12.1301183333,Italy,Eriosomatinae,Woolly Aphids and Gall-making Aphids,28,4,2024
45.3505338556,11.1847569421,Italy,Eriosoma lanigerum,Woolly Apple Aphid,23,4,2024
45.7160821306,9.6919041127,Italy,Tetraneura caerulescens,,28,4,2024
45.71678792,9.69206222,Italy,Tetraneura caerulescens,,28,4,2024
42.1460566667,12.4780133333,Italy,Eriosomatini,,28,4,2024
42.1460637683,12.4782054685,Italy,Eriosomatini,,28,4,2024
38.2019206781,15.2548278056,Italy,Aphididae,Aphids,26,4,2024
38.2412027778,15.2416027778,Italy,Aphis fabae,Black Bean Aphid,27,4,2024
45.2773181761,9.7615899146,Italy,Tetraneura akinire,Oriental Grass Root Aphid,27,4,2024
45.7185962501,9.3845162541,Italy,Aphidinae,,28,4,2024
41.97972053,12.51361088,Italy,Aphis craccivora,Cowpea Aphid,28,4,2024
38.1774581514,15.2412064746,Italy,Aphidinae,,28,4,2024
44.9927576464,7.9234077036,Italy,Tetraneura,,28,4,2024
44.7283254109,11.2924761325,Italy,Aphis nerii,Oleander Aphid,28,4,2024
41.97046857,12.52823979,Italy,Tetraneura caerulescens,,28,4,2024
41.97132736,12.52799125,Italy,Aphis fabae,Black Bean Aphid,28,4,2024
38.2110388,15.2296414,Italy,Aphis nerii,Oleander Aphid,28,4,2024
42.1029081614,12.3164818166,Italy,Tetraneura caerulescens,,26,4,2024
44.7283392263,11.2924660742,Italy,Macrosiphum rosae,Rose Aphid,28,4,2024
44.4990166667,11.2045055556,Italy,Siphini,,28,4,2024
43.3189578,11.334719,Italy,Tetraneura akinire,Oriental Grass Root Aphid,28,4,2024
41.8189686587,12.9337292165,Italy,Eriosomatini,,28,4,2024
41.8189686587,12.9337292165,Italy,Eriosomatini,,28,4,2024
41.8677944444,12.5008055556,Italy,Aphis,,27,4,2024
43.32038,11.3348466667,Italy,Aphis,,28,4,2024
42.127118603,12.0997403902,Italy,Tetraneura,,29,4,2024
38.2693101332,15.2255912124,Italy,Aphididae,Aphids,29,4,2024
38.269975,15.2292683333,Italy,Aphididae,Aphids,29,4,2024
38.2701207088,15.2295138853,Italy,Macrosiphini,,29,4,2024
38.2556570033,15.2403283864,Italy,Aphididae,Aphids,29,4,2024
38.2699033962,15.230107829,Italy,Macrosiphini,,29,4,2024
46.0648268323,11.6331559047,Italy,Aphididae,Aphids,7,11,2023
38.2701050269,15.229611285,Italy,Toxoptera,,29,4,2024
46.3100883333,11.6101633333,Italy,Aphis gossypii,Melon Aphid,29,4,2024
40.8619623417,14.1968725181,Italy,Aphididae,Aphids,29,4,2024
41.9692802854,12.5262470171,Italy,Aphis nerii,Oleander Aphid,29,4,2024
40.1998846921,17.9225981839,Italy,Aploneura lentisci,Mealy Grass Root Aphid,28,4,2024
44.7422812041,10.869623702,Italy,Tetraneura caerulescens,,29,4,2024
42.0480357575,12.6584987638,Italy,Aphididae,Aphids,27,4,2024
42.0480357575,12.6584987638,Italy,Aphididae,Aphids,27,4,2024
43.623770474,11.2806656957,Italy,Aphididae,Aphids,29,4,2024
44.6909024787,8.0362901343,Italy,Uroleucon sonchi,Sow-thistle Aphid,29,4,2024
42.1617916667,12.21623,Italy,Aphis fabae,Black Bean Aphid,29,4,2024
38.2050997898,15.2482887919,Italy,Aphis,,29,4,2024
38.2050486969,15.2479334055,Italy,Aphis sambuci,Elder Aphid,29,4,2024
38.2316189407,15.2488685248,Italy,Aphis,,29,4,2024
43.4839616794,11.262370348,Italy,Tetraneura akinire,Oriental Grass Root Aphid,29,4,2024
41.7815334979,12.4103014916,Italy,Eriosomatini,,27,4,2024
44.6529638889,10.8968194444,Italy,Hyalopterus pruni,Mealy Plum Aphid,29,4,2024
44.6527222222,10.8961694444,Italy,Tetraneura,,29,4,2024
44.6527222222,10.8961694444,Italy,Tetraneura ulmi,Elm Sack Gall Aphid,29,4,2024
40.8762815649,14.248991432,Italy,Tetraneura akinire,Oriental Grass Root Aphid,29,4,2024
38.1981771305,15.2681673691,Italy,Aphididae,Aphids,29,4,2024
38.1162447627,13.3489888161,Italy,Aphididae,Aphids,29,4,2024
40.4162559509,17.6208114624,Italy,Aphididae,Aphids,29,4,2024
45.7098583333,9.6513916667,Italy,Aphis,,29,4,2024
45.6067041603,11.3954548377,Italy,Aphis nerii,Oleander Aphid,29,4,2024
38.1853231661,15.2154589444,Italy,Aphididae,Aphids,26,4,2024
38.1835545803,15.2167222649,Italy,Aphididae,Aphids,26,4,2024
38.1839617462,15.2152611315,Italy,Aphis,,26,4,2024
38.1843868303,15.2147049084,Italy,Macrosiphini,,26,4,2024
40.3017638889,17.9105583333,Italy,Aphididae,Aphids,29,4,2024
41.6823027778,12.3812916667,Italy,Aphidinae,,27,4,2024
38.2693,15.2323,Italy,Aphididae,Aphids,29,4,2024
41.8634837207,12.4668187934,Italy,Aphididae,Aphids,30,4,2024
41.8634872377,12.4666662257,Italy,Aphididae,Aphids,30,4,2024
41.8634783997,12.4665888,Italy,Aphis,,30,4,2024
41.8634280051,12.4666175712,Italy,Aphis,,30,4,2024
41.86364224,12.46657166,Italy,Aphididae,Aphids,30,4,2024
41.8634306033,12.4665948562,Italy,Aphis nerii,Oleander Aphid,30,4,2024
45.7150968284,9.6912911188,Italy,Eriosomatini,,27,4,2024
45.717509359,9.6922959093,Italy,Aphididae,Aphids,27,4,2024
42.100325,12.172735,Italy,Aphis sambuci,Elder Aphid,29,4,2024
45.0306368997,11.6416719997,Italy,Hyalopterus pruni,Mealy Plum Aphid,29,4,2024
44.8296593082,11.6253805161,Italy,Myzus cerasi,Black Cherry Aphid,30,4,2024
38.2302252115,15.2418441698,Italy,Macrosiphum,,28,4,2024
38.2199549997,15.2334382997,Italy,Aphis nerii,Oleander Aphid,28,4,2024
42.5882871,12.664669,Italy,Aphididae,Aphids,28,4,2024
43.3203696944,11.3365878889,Italy,Aphididae,Aphids,28,4,2024
44.9599838056,8.0913371944,Italy,Tetraneura akinire,Oriental Grass Root Aphid,30,4,2024
43.3204848997,11.3347466,Italy,Tetraneura,,28,4,2024
41.8917455551,13.1771985731,Italy,Macrosiphini,,28,4,2024
38.2342499,15.2451465997,Italy,Aphis nerii,Oleander Aphid,28,4,2024
38.2444715997,15.2502432997,Italy,Aphis craccivora,Cowpea Aphid,28,4,2024
38.2518766,15.2407283,Italy,Eriosomatini,,28,4,2024
45.533764937,9.3181117997,Italy,Rhopalosiphum padi,Bird Cherry-oat Aphid,30,4,2024
44.9517499,7.7776328,Italy,Aphididae,Aphids,30,4,2024
38.2455332774,15.2393879369,Italy,Macrosiphini,,29,4,2024
38.0137073447,15.6453365547,Italy,Macrosiphini,,27,4,2024
38.2687583333,15.2252138889,Italy,Toxoptera,,28,4,2024
38.1766265997,15.2310082997,Italy,Megoura viciae,Vetch Aphid,26,4,2024
38.2214060078,15.2342605591,Italy,Aphis nerii,Oleander Aphid,28,4,2024
43.3197054,11.3338089,Italy,Eriosomatini,,28,4,2024
38.1817653951,15.2572873235,Italy,Megoura viciae,Vetch Aphid,29,4,2024
45.4663472222,11.8619611111,Italy,Aphis,,1,5,2024
38.208687078,15.2563398331,Italy,Aphidinae,,27,4,2024
38.225963531,15.2403709296,Italy,Aphis craccivora,Cowpea Aphid,28,4,2024
38.1853728774,15.2144638174,Italy,Aphis craccivora,Cowpea Aphid,26,4,2024
46.1324395002,13.4093488952,Italy,Tetraneura caerulescens,,30,4,2024
45.3803972281,11.8534929205,Italy,Aphididae,Aphids,2,5,2024
38.1806149,15.228415,Italy,Pemphigus,Poplar Leaf-stem Gall Aphids,27,4,2024
38.2301416,15.2416932997,Italy,Aphis craccae,Tufted Vetch Aphid,27,4,2024
44.4998166667,11.3529277778,Italy,Aphis,,2,5,2024
38.2301965997,15.24183,Italy,Aphis,,27,4,2024
45.453392,11.5897539722,Italy,Tetraneura akinire,Oriental Grass Root Aphid,26,4,2024
38.1867304142,15.213691704,Italy,Aphis fabae,Black Bean Aphid,26,4,2024
42.1631268232,12.2080790251,Italy,Aphis fabae,Black Bean Aphid,29,4,2024
38.1829874431,15.216088593,Italy,Aphidinae,,26,4,2024
37.6493307018,15.0011798995,Italy,Uroleucon,Large Daisy Aphids,19,4,2024
45.509714884,9.5946217328,Italy,Tetraneura ulmi,Elm Sack Gall Aphid,3,5,2024
38.17948975,15.2303481111,Italy,Aphis fabae,Black Bean Aphid,29,4,2024
43.283655,10.514347,Italy,Tetraneura caerulescens,,3,5,2024
38.2443021538,15.240514434,Italy,Macrosiphini,,29,4,2024
38.2049354272,15.2566235919,Italy,Aphis craccivora,Cowpea Aphid,29,4,2024
38.1933359163,15.2387513463,Italy,Rhopalosiphum nymphaeae,waterlily aphid,29,4,2024
38.1933359163,15.2387513463,Italy,Periphyllus,Periphyllus Aphids,29,4,2024
38.1933359163,15.2387513463,Italy,Aphis,,29,4,2024
38.1936440917,15.2406375714,Italy,Eriosoma lanuginosum,Elm Balloon-gall Aphid,29,4,2024
38.1936440917,15.2406375714,Italy,Aphis fabae,Black Bean Aphid,29,4,2024
44.79307,11.6208083333,Italy,Tetraneura ulmi,Elm Sack Gall Aphid,1,5,2024
46.3679642632,11.2652979791,Italy,Eriosomatinae,Woolly Aphids and Gall-making Aphids,3,5,2024
38.1765974722,15.23102675,Italy,Aphis fabae,Black Bean Aphid,29,4,2024
38.1767308611,15.230885,Italy,Brevicoryne brassicae,Cabbage Aphid,29,4,2024
45.9291914687,8.4794158861,Italy,Macrosiphini,,3,5,2024
41.5781182668,12.9439950265,Italy,Aphididae,Aphids,20,4,2024
38.1773010534,15.2344996488,Italy,Aphis fabae,Black Bean Aphid,27,4,2024
44.485675,11.2202166667,Italy,Hyalopterus,Mealy Plum-Reed Aphids,3,5,2024
44.4673777778,11.2200222222,Italy,Aphis,,3,5,2024
43.8781947848,11.0545578226,Italy,Aphidinae,,2,5,2024
46.6693485529,11.1680735182,Italy,Tetraneura ulmi,Elm Sack Gall Aphid,4,5,2024
45.3316497803,9.487452507,Italy,Tetraneura caerulescens,,4,5,2024
41.874805,12.4734366667,Italy,Aphis,,4,5,2024
41.8747633333,12.47345,Italy,Aphis,,4,5,2024
45.0938850187,7.5809982419,Italy,Eriosomatini,,4,5,2024
45.0791702104,9.889640141,Italy,Aphididae,Aphids,3,5,2024
44.0649276077,12.561394684,Italy,Chaitophorus,,4,5,2024
44.9946867083,7.651645951,Italy,Aphididae,Aphids,4,5,2024
38.1777508884,15.2383803869,Italy,Pemphigus vesicarius,,28,4,2024
38.2002567567,15.2456741056,Italy,Aphidinae,,29,4,2024
42.0796126481,12.238753438,Italy,Tetraneura caerulescens,,29,4,2024
38.1993386393,15.2476504575,Italy,Aphis,,26,4,2024
38.1993386393,15.2476504575,Italy,Aphis,,26,4,2024
44.7827379811,10.347428971,Italy,Aphidinae,,4,5,2024
45.1492150148,7.3798783288,Italy,Tetraneura caerulescens,,3,5,2024
42.4249926936,12.1538896859,Italy,Aphis,,4,5,2024
46.7189052,11.1937418,Italy,Aphidinae,,5,5,2024
44.6339225556,7.4940848333,Italy,Aphididae,Aphids,5,5,2024
45.3692616,10.7356394997,Italy,Eriosoma lanuginosum,Elm Balloon-gall Aphid,4,5,2024
42.98415848,10.60427312,Italy,Tetraneura caerulescens,,5,5,2024
44.779412624,10.1994350081,Italy,Aphididae,Aphids,5,5,2024
41.7385860765,12.2509404875,Italy,Aphidinae,,5,5,2024
41.87683,12.4762583333,Italy,Aphis nerii,Oleander Aphid,5,5,2024
37.0960987682,14.4241352007,Italy,Aploneura lentisci,Mealy Grass Root Aphid,5,5,2024
45.5690383539,9.9896366894,Italy,Tetraneura,,5,5,2024
38.1823547209,15.2441214638,Italy,Aphis,,26,4,2024
38.1823547209,15.2441214638,Italy,Aphis,,26,4,2024
38.1823547209,15.2441214638,Italy,Aphis spiraecola,Spiraea Aphid,26,4,2024
44.3422983442,11.1041817069,Italy,Tetraneura,,5,5,2024
43.2970283333,11.3344366667,Italy,Eriosoma lanuginosum,Elm Balloon-gall Aphid,28,4,2024
45.0329361111,12.2287833333,Italy,Tetraneura caerulescens,,5,5,2024
42.130003857,12.5072802195,Italy,Aphididae,Aphids,29,4,2024
44.4272251194,8.8218321361,Italy,Aphidinae,,5,5,2024
44.3435332073,11.1132100224,Italy,Lachnus,,5,5,2024
44.3506740418,11.1083820462,Italy,Lachnus,,5,5,2024
44.4366032,8.8210206,Italy,Tetraneura,,5,5,2024
39.2155305556,9.2919305556,Italy,Aploneura lentisci,Mealy Grass Root Aphid,13,1,2024
40.3072400999,15.112959668,Italy,Aphis fabae,Black Bean Aphid,4,5,2024
42.986517051,10.4885376245,Italy,Aploneura lentisci,Mealy Grass Root Aphid,5,5,2024
41.7988256421,12.7046717608,Italy,Periphyllus,Periphyllus Aphids,6,5,2024
45.5074611111,11.1918888889,Italy,Eriosomatinae,Woolly Aphids and Gall-making Aphids,1,5,2024
45.4257318125,8.5072049126,Italy,Aphis sambuci,Elder Aphid,4,5,2024
46.7181360997,11.6503606,Italy,Aphidinae,,6,5,2024
44.9517506997,7.7776357,Italy,Acyrthosiphon primulae,Primrose Aphid,6,5,2024
44.9517474,7.7776323997,Italy,Macrosiphini,,6,5,2024
44.3010429722,11.778197,Italy,Macrosiphini,,6,5,2024
41.770175,12.357095,Italy,Macrosiphum rosae,Rose Aphid,7,5,2024
44.4292963497,8.8219538357,Italy,Tetraneura,,6,5,2024
44.4292988677,8.8219471302,Italy,Tetraneura,,6,5,2024
44.4293081639,8.8219427168,Italy,Tetraneura akinire,Oriental Grass Root Aphid,6,5,2024
43.6138534672,12.6576635942,Italy,Aphis,,7,5,2024
41.9128303137,12.4590845872,Italy,Macrosiphini,,8,5,2024
39.3760108238,9.0539695323,Italy,Aploneura lentisci,Mealy Grass Root Aphid,6,5,2024
41.9193053339,12.4692638219,Italy,Hyalopterus pruni,Mealy Plum Aphid,8,5,2024
45.360431806,9.6530614783,Italy,Macrosiphum rosae,Rose Aphid,7,5,2024
44.4964888889,11.3558722222,Italy,Cinara,Giant Conifer Aphids,9,5,2024
46.2460085801,11.0592962589,Italy,Aphididae,Aphids,9,5,2024
42.5548133611,12.71602725,Italy,Aphididae,Aphids,9,5,2024
45.5598216667,10.176565,Italy,Tetraneura caerulescens,,9,5,2024
43.10290109,13.2270711,Italy,Eriosoma,,9,5,2024
44.4904638889,11.2075555556,Italy,Dysaphis,,9,5,2024
44.4892388889,11.2051944444,Italy,Myzus cerasi,Black Cherry Aphid,9,5,2024
44.4879472222,11.2080638889,Italy,Aphididae,Aphids,9,5,2024
44.4873555556,11.2082916667,Italy,Aphis,,9,5,2024
45.7002529867,9.810464792,Italy,Tetraneura,,10,5,2024
45.5021010382,9.2218473181,Italy,Macrosiphini,,10,5,2024
45.3663123,10.2187585,Italy,Macrosiphum rosae,Rose Aphid,10,5,2024
45.8368938981,9.0457411855,Italy,Eriosoma lanigerum,Woolly Apple Aphid,10,5,2024
44.8279116667,11.600845,Italy,Aphis,,10,5,2024
45.7186924489,9.3846977432,Italy,Macrosiphum rosae,Rose Aphid,10,5,2024
42.9353913868,10.5205296725,Italy,Aphididae,Aphids,11,5,2024
39.1112501282,16.5298141167,Italy,Macrosiphini,,11,5,2024
45.7808535022,9.6290239723,Italy,Aphidinae,,11,5,2024
40.84555,14.5096361111,Italy,Macrosiphum rosae,Rose Aphid,11,5,2024
45.5548283844,9.3445064127,Italy,Eriosoma lanuginosum,Elm Balloon-gall Aphid,11,5,2024
45.5548283844,9.3445064127,Italy,Tetraneura ulmi,Elm Sack Gall Aphid,11,5,2024
46.5363283333,12.1400666667,Italy,Periphyllus,Periphyllus Aphids,11,5,2024
40.8152691133,16.3626763684,Italy,Acyrthosiphon pisum,Pea Aphid,25,4,2024
44.244691,8.4287206997,Italy,Forda formicaria,Pistachio-Grass Root Aphid,11,5,2024
44.4909888889,11.206075,Italy,Brachycaudus,Short-tailed Aphids,11,5,2024
44.4883833333,11.1999416667,Italy,Aphididae,Aphids,11,5,2024
44.2434921264,8.4278306958,Italy,Aphidinae,,11,5,2024
44.2435455322,8.4277982711,Italy,Aploneura lentisci,Mealy Grass Root Aphid,11,5,2024
44.4776638889,11.2028055556,Italy,Macrosiphini,,11,5,2024
45.67132796,9.78640031,Italy,Tetraneura,,12,5,2024
45.1763757365,10.1594254654,Italy,Tetraneura caerulescens,,12,5,2024
42.4675027778,12.1727416667,Italy,Tetraneura caerulescens,,9,5,2024
44.3454416667,11.32185,Italy,Aphididae,Aphids,12,5,2024
40.967645,14.7886966667,Italy,Aphididae,Aphids,12,5,2024
45.3599342387,11.7157085311,Italy,Eriosoma lanuginosum,Elm Balloon-gall Aphid,12,5,2024
45.653058,10.02249,Italy,Eriosomatini,,26,4,2024
43.703195,10.9249716667,Italy,Tetraneura,,12,5,2024
45.0430335833,7.6659597778,Italy,Tetraneura,,13,5,2024
41.9126251664,12.4593906105,Italy,Aphididae,Aphids,8,5,2024
42.2459831238,12.0923604965,Italy,Tetraneura ulmi,Elm Sack Gall Aphid,12,5,2024
46.4902108595,11.3984703273,Italy,Tetraneura ulmi,Elm Sack Gall Aphid,13,5,2024
44.3511104909,11.368904261,Italy,Macrosiphoniella artemisiae,Mugwort Aphid,13,5,2024
39.1371166083,8.9719894901,Italy,Aploneura lentisci,Mealy Grass Root Aphid,8,4,2024
44.0511475958,12.5685788309,Italy,Hyalopterus,Mealy Plum-Reed Aphids,14,5,2024
44.6904529722,8.0385709722,Italy,Macrosiphum rosae,Rose Aphid,13,5,2024
44.690229,8.0362779722,Italy,Aphididae,Aphids,13,5,2024
44.5403739722,11.417215,Italy,Aphididae,Aphids,14,5,2024
44.5226329722,11.4208429722,Italy,Aphididae,Aphids,14,5,2024
41.8083062257,13.7890447676,Italy,Phyllaphis fagi,Woolly Beech Aphid,14,5,2024
46.5174116667,11.4994866667,Italy,Dysaphis,,14,5,2024
46.7938161274,11.9403425977,Italy,Aphididae,Aphids,11,5,2024
44.7033030831,11.7848478736,Italy,Aphididae,Aphids,12,5,2024
45.2344150851,9.0049359658,Italy,Tetraneura caerulescens,,14,5,2024
43.7784173,11.2604251,Italy,Aphis nerii,Oleander Aphid,15,5,2024
41.9196166667,12.4691616667,Italy,Aphididae,Aphids,15,5,2024
44.7556663983,10.1427341625,Italy,Tetraneura ulmi,Elm Sack Gall Aphid,15,5,2024
44.5036194444,10.5401388889,Italy,Tetraneura ulmi,Elm Sack Gall Aphid,15,5,2024
42.5353704355,12.3434004933,Italy,Tetraneura ulmi,Elm Sack Gall Aphid,15,5,2024
43.1079359528,10.5672394697,Italy,Uroleucon sonchi,Sow-thistle Aphid,15,5,2024
43.7786676249,11.2599992752,Italy,Aphis nerii,Oleander Aphid,16,5,2024
43.7780118,11.2600995,Italy,Aphis nerii,Oleander Aphid,16,5,2024
45.12735768,7.05779902,Italy,Tetraneura caerulescens,,16,5,2024
43.8178836,11.2020192997,Italy,Brevicoryne brassicae,Cabbage Aphid,16,5,2024
45.5612954341,12.2343787551,Italy,Aphis gossypii,Melon Aphid,16,5,2024
42.9930500833,10.4937305972,Italy,Aphididae,Aphids,15,5,2024
42.0719382479,12.2836231068,Italy,Macrosiphum rosae,Rose Aphid,17,5,2024
44.471908667,11.4150392939,Italy,Tetraneura,,17,5,2024
42.4813583333,12.1684283333,Italy,Tetraneura caerulescens,,17,5,2024
45.0321278333,7.6452783333,Italy,Eucallipterus tiliae,Lime Leaf Aphid,17,5,2024
43.7779163834,11.2601138948,Italy,Aphis nerii,Oleander Aphid,16,5,2024
46.4652773997,11.3373377,Italy,Eriosomatini,,17,5,2024
45.4794921875,9.5009317398,Italy,Tetraneura ulmi,Elm Sack Gall Aphid,17,5,2024
40.9438949722,14.777219,Italy,Aphis fabae,Black Bean Aphid,17,5,2024
44.6577666667,10.9091444444,Italy,Pemphigus,Poplar Leaf-stem Gall Aphids,17,5,2024
45.0683713972,7.5499454808,Italy,Aphis fabae,Black Bean Aphid,17,5,2024
44.6567916667,10.9062833333,Italy,Aphidinae,,17,5,2024
45.7186923352,9.3847057044,Italy,Macrosiphini,,17,5,2024
45.590625,8.7107866667,Italy,Eucallipterus tiliae,Lime Leaf Aphid,18,5,2024
44.4720383333,11.4155916667,Italy,Aphis,,18,5,2024
45.7888171,9.4391575,Italy,Tetraneura,,18,5,2024
42.18234728,12.37829673,Italy,Tetraneura caerulescens,,18,5,2024
45.085955446,7.6714815572,Italy,Aphididae,Aphids,18,5,2024
45.4716099722,9.497638,Italy,Tetraneura caerulescens,,9,5,2024
44.0913391113,10.4422092438,Italy,Brevicoryne brassicae,Cabbage Aphid,18,5,2024
44.130982,9.692534,Italy,Megoura viciae,Vetch Aphid,18,5,2024
45.583306,8.96785166,Italy,Aphis fabae,Black Bean Aphid,18,5,2024
42.1291916667,12.0506971667,Italy,Brevicoryne brassicae,Cabbage Aphid,18,5,2024
45.706265,9.2760483333,Italy,Tetraneura ulmi,Elm Sack Gall Aphid,19,5,2024
45.706215,9.2759383333,Italy,Tetraneura ulmi,Elm Sack Gall Aphid,19,5,2024
44.5009111111,11.3531194444,Italy,Aphididae,Aphids,19,5,2024
45.528120501,9.7303131782,Italy,Aphididae,Aphids,19,5,2024
45.528094962,9.7303472624,Italy,Aphididae,Aphids,19,5,2024
45.6102775689,9.1668277513,Italy,Aphididae,Aphids,19,5,2024
45.1394668348,10.4405824035,Italy,Eriosomatinae,Woolly Aphids and Gall-making Aphids,19,5,2024
45.1395345519,10.4405014714,Italy,Tetraneura,,19,5,2024
42.4246292683,13.2547457373,Italy,Eriosomatini,,15,5,2024
44.8299575294,11.6254004651,Italy,Macrosiphini,,19,5,2024
45.6926777,9.2338879,Italy,Aphis nerii,Oleander Aphid,19,5,2024
45.3697616667,7.7823533333,Italy,Eriosomatini,,19,5,2024
45.1382220349,7.733630687,Italy,Macrosiphum rosae,Rose Aphid,19,5,2024
45.7026933333,9.27344,Italy,Aphididae,Aphids,19,5,2024
41.8208166667,12.4721138889,Italy,Macrosiphini,,19,5,2024
38.04620407,13.2465713,Italy,Aphididae,Aphids,19,5,2024
45.7290791902,9.6764270961,Italy,Tetraneura caerulescens,,19,5,2024
45.6142789682,9.0045374259,Italy,Aphis sambuci,Elder Aphid,19,5,2024
42.1284333333,12.0469278333,Italy,Aphis craccivora,Cowpea Aphid,19,5,2024
45.1400246393,10.4413502338,Italy,Aphis craccivora,Cowpea Aphid,19,5,2024
45.6142789682,9.0045374259,Italy,Eriosomatinae,Woolly Aphids and Gall-making Aphids,19,5,2024
40.81544502,16.3601025874,Italy,Macrosiphini,,26,4,2024
44.5087109174,9.7441339315,Italy,Eriosomatinae,Woolly Aphids and Gall-making Aphids,18,5,2024
44.0459152852,9.9653700739,Italy,Aphididae,Aphids,20,5,2024
44.05154927,9.96232258,Italy,Aphis craccivora,Cowpea Aphid,20,5,2024
45.5983052174,8.9454550929,Italy,Lachninae,Giant Aphids,19,5,2024
42.1320918694,12.0755892992,Italy,Aphis craccivora,Cowpea Aphid,19,5,2024
43.7205817798,10.4123273492,Italy,Aphis fabae,Black Bean Aphid,20,5,2024
46.3800256833,11.2855902314,Italy,Macrosiphoniella,Anthemid Aphids,16,5,2024
40.8154614349,16.3607366669,Italy,Acyrthosiphon pisum,Pea Aphid,26,4,2024
40.8134056444,16.3592550573,Italy,Macrosiphini,,26,4,2024
45.5330403963,9.4026176538,Italy,Eucallipterus tiliae,Lime Leaf Aphid,21,5,2024
41.7268005997,12.6238314997,Italy,Aphididae,Aphids,21,5,2024
40.73721116,14.71155921,Italy,Aphis gossypii,Melon Aphid,21,5,2024
44.2867444444,11.8721777778,Italy,Macrosiphum,,21,5,2024
44.4575803997,11.3490973997,Italy,Aphididae,Aphids,21,5,2024
45.7296966667,9.7417383333,Italy,Tetraneura caerulescens,,21,5,2024
43.7207915077,10.3837976227,Italy,Uroleucon sonchi,Sow-thistle Aphid,20,5,2024
41.2525073962,13.4491767159,Italy,Uroleucon sonchi,Sow-thistle Aphid,20,5,2024
45.5103294997,9.1047051997,Italy,Aphididae,Aphids,22,5,2024
45.3663123,10.2187585,Italy,Macrosiphum,,21,5,2024
45.30334885,8.92552953,Italy,Eriosoma lanuginosum,Elm Balloon-gall Aphid,22,5,2024
46.7373815681,11.1246754602,Italy,Tetraneura ulmi,Elm Sack Gall Aphid,22,5,2024
44.25466379,11.74591091,Italy,Eriosoma lanuginosum,Elm Balloon-gall Aphid,22,5,2024
44.2750816345,11.5860900879,Italy,Aphididae,Aphids,22,5,2024
39.0748777373,16.5146576241,Italy,Macrosiphini,,22,5,2024
43.6899917089,10.4960721659,Italy,Macrosiphum rosae,Rose Aphid,22,5,2024
41.78715,12.3471616667,Italy,Aphis gossypii,Melon Aphid,22,5,2024
41.7869009752,12.3468864478,Italy,Aphis gossypii,Melon Aphid,22,5,2024
41.7871500765,12.3469152913,Italy,Aphis gossypii,Melon Aphid,22,5,2024
45.5193468173,10.955287315,Italy,Tetraneura caerulescens,,14,5,2024
42.131955614,12.0653640479,Italy,Tetraneura caerulescens,,22,5,2024
40.8055718383,16.3621966361,Italy,Uroleucon sonchi,Sow-thistle Aphid,27,4,2024
45.478948,7.879823,Italy,Aphididae,Aphids,25,10,2023
42.1253316667,12.0583833333,Italy,Tetraneura caerulescens,,23,5,2024
43.7029869773,11.1118005216,Italy,Aphididae,Aphids,23,5,2024
44.5008722222,11.3539833333,Italy,Hyalopterus,Mealy Plum-Reed Aphids,23,5,2024
43.7207915077,10.3837976227,Italy,Aphis fabae,Black Bean Aphid,21,5,2024
43.6963088719,10.4449298568,Italy,Uroleucon sonchi,Sow-thistle Aphid,22,5,2024
46.262270724,8.3194110543,Italy,Aphidinae,,17,10,2023
41.7869133333,12.3472716667,Italy,Aphis nerii,Oleander Aphid,23,5,2024
41.7869716667,12.3472366667,Italy,Aphis nerii,Oleander Aphid,23,5,2024
45.5664166667,9.7445666667,Italy,Tetraneura,,23,5,2024
46.7138872296,11.6605209635,Italy,Aphis,,23,5,2024
43.7821388889,12.3499111111,Italy,Aphididae,Aphids,14,5,2024
44.8077889298,10.3162596747,Italy,Myzus persicae,Green Peach Aphid,24,5,2024
44.8077844103,10.3161815554,Italy,Aphidinae,,24,5,2024
44.1392528333,9.677645,Italy,Baizongia pistaciae,Pistacia Horn Gall Aphid,20,5,2024
45.0187853872,7.6821394188,Italy,Tetraneura ulmi,Elm Sack Gall Aphid,24,5,2024
41.8621813,12.5697849,Italy,Aphididae,Aphids,24,5,2024
43.77793953,11.26017162,Italy,Aphis nerii,Oleander Aphid,24,5,2024
43.7780166667,11.2602,Italy,Aphis nerii,Oleander Aphid,24,5,2024
43.7783705977,11.2598628178,Italy,Aphis nerii,Oleander Aphid,24,5,2024
41.9524279997,12.5272892997,Italy,Eriosoma lanuginosum,Elm Balloon-gall Aphid,24,5,2024
41.95247441,12.52726252,Italy,Eriosoma lanuginosum,Elm Balloon-gall Aphid,24,5,2024
41.9522856997,12.5271579997,Italy,Eriosoma lanuginosum,Elm Balloon-gall Aphid,24,5,2024
41.78602,12.3478216667,Italy,Aphis craccivora,Cowpea Aphid,24,5,2024
41.7870366667,12.3474116667,Italy,Aphis nerii,Oleander Aphid,24,5,2024
41.7870533333,12.3475366667,Italy,Aphis nerii,Oleander Aphid,24,5,2024
43.7414277504,11.2119448185,Italy,Eriosomatinae,Woolly Aphids and Gall-making Aphids,24,5,2024
43.6893788882,10.5021166499,Italy,Aphis fabae,Black Bean Aphid,22,5,2024
40.8039251437,16.3628899968,Italy,Macrosiphum rosae,Rose Aphid,27,4,2024
41.89188,12.4921866667,Italy,Aphis nerii,Oleander Aphid,25,5,2024
41.8918633333,12.4921833333,Italy,Aphis nerii,Oleander Aphid,25,5,2024
41.8920466667,12.4933583333,Italy,Aphididae,Aphids,25,5,2024
42.9352247171,10.520886071,Italy,Aphididae,Aphids,25,5,2024
43.6571,10.5047966667,Italy,Aphis,,25,5,2024
43.2794027778,11.9875361111,Italy,Macrosiphum,,25,5,2024
42.1250083333,12.284275,Italy,Eriosoma lanigerum,Woolly Apple Aphid,25,5,2024
45.59385088,8.86557664,Italy,Eriosoma lanuginosum,Elm Balloon-gall Aphid,25,5,2024
45.59412636,8.8653393,Italy,Eriosoma lanuginosum,Elm Balloon-gall Aphid,25,5,2024
41.7864155878,12.3421558337,Italy,Aphis nerii,Oleander Aphid,25,5,2024
41.7858358474,12.3403715881,Italy,Aphidinae,,25,5,2024
41.7870609591,12.3473681258,Italy,Aphis nerii,Oleander Aphid,25,5,2024
41.7870191727,12.3473537797,Italy,Aphis nerii,Oleander Aphid,25,5,2024
45.029875,12.226125,Italy,Aphididae,Aphids,25,5,2024
46.3708345553,11.0832053415,Italy,Tetraneura,,25,5,2024
44.2506953997,8.4321297,Italy,Aphis,,25,5,2024
45.2600509497,8.7299028527,Italy,Aphis,,25,5,2024
44.5102797108,11.1359336972,Italy,Cinara,Giant Conifer Aphids,25,5,2024
40.4023076575,17.9443259815,Italy,Hyalopterus pruni,Mealy Plum Aphid,26,5,2024
43.7190944601,10.3959212825,Italy,Aphis sambuci,Elder Aphid,24,5,2024
40.9088883333,14.79763,Italy,Aphis gossypii,Melon Aphid,26,5,2024
44.3934572103,11.422093762,Italy,Eriosoma lanuginosum,Elm Balloon-gall Aphid,24,5,2024
44.4700555556,11.2787972222,Italy,Eriosoma lanuginosum,Elm Balloon-gall Aphid,26,5,2024
44.4700555556,11.2787972222,Italy,Tetraneura ulmi,Elm Sack Gall Aphid,26,5,2024
44.3991466667,11.577475,Italy,Aphidinae,,26,5,2024
44.8707563889,11.7037413889,Italy,Tetraneura caerulescens,,26,5,2024
44.9000383333,8.1958333333,Italy,Aphididae,Aphids,26,5,2024
41.9532063997,12.5281344,Italy,Aphididae,Aphids,26,5,2024
43.7203961,10.5407054997,Italy,Aphis gossypii,Melon Aphid,26,5,2024
45.53193524,9.20946111,Italy,Tetraneura caerulescens,,26,5,2024
43.6840286415,10.3418590002,Italy,Aphis fabae,Black Bean Aphid,23,5,2024
43.7203536997,10.5409974997,Italy,Aphis fabae,Black Bean Aphid,26,5,2024
42.5348383333,11.34113,Italy,Aphis nerii,Oleander Aphid,26,5,2024
45.5870616,10.1535501,Italy,Aphis,,26,5,2024
45.5870616,10.1535501,Italy,Aphididae,Aphids,26,5,2024
40.8041954559,16.3621158421,Italy,Aphis cytisorum sarothamni,Broom aphid,27,4,2024
43.7368300029,10.328445,Italy,Aphis fabae,Black Bean Aphid,24,5,2024
43.7153568,10.5457938,Italy,Aphis craccivora,Cowpea Aphid,26,5,2024
44.8785814583,8.0835392699,Italy,Eriosoma lanuginosum,Elm Balloon-gall Aphid,26,5,2024
43.7406814014,10.3200084626,Italy,Aphididae,Aphids,24,5,2024
45.2952384947,12.0178241728,Italy,Tetraneura akinire,Oriental Grass Root Aphid,25,5,2024
45.6335805556,11.308325,Italy,Tetraneura akinire,Oriental Grass Root Aphid,25,5,2024
38.8686452551,16.5788519382,Italy,Macrosiphini,,27,5,2024
45.9073472222,12.1716361111,Italy,Tetraneura akinire,Oriental Grass Root Aphid,18,5,2024
45.1477589974,7.1404763915,Italy,Pemphigus vesicarius,,27,5,2024
45.0411623,7.7079015,Italy,Aphis,,22,5,2024
44.6553944444,10.9035027778,Italy,Aphidinae,,27,5,2024
45.4360211944,10.9915746473,Italy,Aphis,,27,5,2024
41.7860216667,12.341575,Italy,Aphis nerii,Oleander Aphid,27,5,2024
46.4211846905,13.0508031764,Italy,Aphididae,Aphids,27,5,2024
41.8872528056,13.3152360833,Italy,Aphidinae,,27,5,2024
44.4999767318,11.3528536633,Italy,Aphididae,Aphids,27,5,2024
44.5009578983,11.3539949432,Italy,Hyalopterus,Mealy Plum-Reed Aphids,27,5,2024
44.5083983333,9.7449283333,Italy,Aphididae,Aphids,27,5,2024
45.562792,9.3494153997,Italy,Tetraneura caerulescens,,27,5,2024
45.598523914,8.9331586235,Italy,Panaphis juglandis,Walnut Aphid,28,5,2024
45.2913819069,11.8035153163,Italy,Aphidinae,,28,5,2024
44.4892333333,11.2100888889,Italy,Aphidinae,,28,5,2024
45.1678940759,11.3810685443,Italy,Eriosoma lanigerum,Woolly Apple Aphid,28,5,2024
46.0531392278,9.0864668414,Italy,Phyllaphis fagi,Woolly Beech Aphid,28,5,2024
41.9171801353,12.4932659045,Italy,Aphis nerii,Oleander Aphid,29,5,2024
44.8519859314,8.0731973647,Italy,Eriosomatini,,26,5,2024
44.4261576,8.8219156997,Italy,Eriosoma lanuginosum,Elm Balloon-gall Aphid,29,5,2024
40.817273474,16.3559306051,Italy,Sitobion fragariae,Grain Aphid,28,4,2024
46.0369233386,13.2724254951,Italy,Aphididae,Aphids,9,5,2024
42.9241638889,11.544325,Italy,Acyrthosiphon,,25,5,2024
42.9243210203,11.5399336576,Italy,Tetraneura caerulescens,,30,5,2024
45.534003,10.169988,Italy,Pemphigus spyrothecae,Poplar Spiral Gall Aphid,17,5,2024
41.7513909322,12.8458308801,Italy,Wahlgreniella,,30,5,2024
43.8548347795,10.2495605126,Italy,Aphis,,30,5,2024
44.4849555556,11.2206638889,Italy,Aphididae,Aphids,30,5,2024
44.4698333333,11.1993416667,Italy,Eriosomatinae,Woolly Aphids and Gall-making Aphids,30,5,2024
41.8725043545,12.2623142973,Italy,Aphis,,30,5,2024
42.3368573,13.4535251,Italy,Macrosiphum euphorbiae,Potato Aphid,23,5,2024
42.1609,12.216455,Italy,Macrosiphum rosae,Rose Aphid,31,5,2024
39.2204258783,9.1649278253,Italy,Aphididae,Aphids,4,5,2024
44.040823173,10.6357245147,Italy,Eriosoma lanigerum,Woolly Apple Aphid,31,5,2024
45.69222,9.8428783333,Italy,Myzus persicae,Green Peach Aphid,31,5,2024
41.8798716667,13.1927133333,Italy,Tetraneura akinire,Oriental Grass Root Aphid,1,6,2024
45.7649277778,8.9361222222,Italy,Aphididae,Aphids,1,6,2024
45.5683168724,8.7514722375,Italy,Tetraneura,,1,6,2024
40.666305,16.6156183333,Italy,Eriosoma lanuginosum,Elm Balloon-gall Aphid,1,6,2024
46.51355,11.3513833333,Italy,Pemphigini,,1,6,2024
42.4355046,12.1343941,Italy,Tetraneura caerulescens,,1,6,2024
44.685587636,11.0814542764,Italy,Aphis,,1,6,2024
44.4613164,11.2868995,Italy,Eriosomatinae,Woolly Aphids and Gall-making Aphids,1,6,2024
42.1612888333,12.2163,Italy,Panaphis juglandis,Walnut Aphid,2,6,2024
42.1609,12.21643,Italy,Macrosiphum rosae,Rose Aphid,2,6,2024
45.61849006,9.07563091,Italy,Cinara,Giant Conifer Aphids,2,6,2024
39.3246286819,9.1305278242,Italy,Aploneura lentisci,Mealy Grass Root Aphid,6,5,2024
44.201281,8.3761141,Italy,Forda formicaria,Pistachio-Grass Root Aphid,2,6,2024
44.2004737853,8.3773946761,Italy,Forda formicaria,Pistachio-Grass Root Aphid,2,6,2024
44.0647522225,12.5615690276,Italy,Aphidinae,,2,6,2024
45.1277501217,7.6354839653,Italy,Eucallipterus tiliae,Lime Leaf Aphid,3,6,2024
42.1332491312,12.0766023311,Italy,Acyrthosiphon,,3,6,2024
44.8072248,10.3279435,Italy,Macrosiphum rosae,Rose Aphid,3,6,2024
45.88895894,8.6342420429,Italy,Tetraneura caerulescens,,3,6,2024
40.8154922126,16.3622861024,Italy,Acyrthosiphon pisum,Pea Aphid,1,5,2024
42.2098416667,11.7130466667,Italy,Eriosoma lanuginosum,Elm Balloon-gall Aphid,3,6,2024
42.2107666667,11.71152,Italy,Hyalopterus pruni,Mealy Plum Aphid,3,6,2024
42.9881717928,10.5092637241,Italy,Aphididae,Aphids,4,6,2024
41.8793716667,12.2366616667,Italy,Aphis nerii,Oleander Aphid,4,6,2024
45.3663123,10.2187585,Italy,Aphis sambuci,Elder Aphid,4,6,2024
40.815455107,16.3603822694,Italy,Aphis fabae,Black Bean Aphid,1,5,2024
44.4915277778,11.2681833333,Italy,Aphis,,5,6,2024
45.4752038759,9.2329684984,Italy,Aphididae,Aphids,4,6,2024
43.7323195198,11.5554894914,Italy,Aphididae,Aphids,5,6,2024
41.8623248,12.5724289997,Italy,Aphis nerii,Oleander Aphid,5,6,2024
44.5101460303,11.3149651978,Italy,Aphis fabae,Black Bean Aphid,5,6,2024
41.8621729997,12.5727031997,Italy,Aphis nerii,Oleander Aphid,5,6,2024
45.589407,10.20435,Italy,Forda formicaria,Pistachio-Grass Root Aphid,24,5,2024
41.7856859722,13.00238,Italy,Tetraneura ulmi,Elm Sack Gall Aphid,5,6,2024
41.7860259722,13.0022009722,Italy,Tetraneura akinire,Oriental Grass Root Aphid,5,6,2024
46.06263168,11.1194382159,Italy,Macrosiphum rosae,Rose Aphid,6,6,2024
41.897195,12.4644033333,Italy,Pemphigus spyrothecae,Poplar Spiral Gall Aphid,6,6,2024
44.11833082,12.33614139,Italy,Macrosiphum rosae,Rose Aphid,6,6,2024
44.11822875,12.33605,Italy,Aphis spiraecola,Spiraea Aphid,6,6,2024
43.7778431997,11.2601557,Italy,Aphis nerii,Oleander Aphid,7,6,2024
42.4105796814,12.2041997908,Italy,Macrosiphum rosae,Rose Aphid,7,6,2024
41.8930966667,12.4906866667,Italy,Eucallipterus tiliae,Lime Leaf Aphid,7,6,2024
44.51013,11.3149633333,Italy,Aphis fabae,Black Bean Aphid,5,6,2024
46.2903576997,11.4609413222,Italy,Aphididae,Aphids,7,6,2024
45.272553,8.985772,Italy,Tetraneura caerulescens,,10,5,2024
44.7241397063,8.1122524012,Italy,Brachycaudus cardui,Plum-thistle Aphid,7,6,2024
41.8463133333,12.5628583333,Italy,Eriosoma lanuginosum,Elm Balloon-gall Aphid,7,6,2024
44.469411216,11.1013107374,Italy,Aphididae,Aphids,19,4,2024
44.5087886042,11.3176712824,Italy,Aphis fabae,Black Bean Aphid,5,6,2024
44.5732154846,10.5865058899,Italy,Aphididae,Aphids,8,6,2024
45.06951817,7.71105279,Italy,Aphididae,Aphids,8,6,2024
46.6502955507,11.8733735383,Italy,Aphis,,8,6,2024
40.561025,14.2055216667,Italy,Melanaphis donacis,Giant Reed Aphid,8,6,2024
41.884954,12.292875,Italy,Aphididae,Aphids,8,6,2024
40.555845,14.2217533333,Italy,Aphidinae,,8,6,2024
45.5020973,9.2318578,Italy,Eucallipterus tiliae,Lime Leaf Aphid,7,6,2024
39.9428984562,9.1801154986,Italy,Eriosoma lanuginosum,Elm Balloon-gall Aphid,8,6,2024
39.3252607365,9.1225975379,Italy,Aploneura lentisci,Mealy Grass Root Aphid,6,5,2024
43.822508147,10.7030862663,Italy,Brachycaudus cardui,Plum-thistle Aphid,9,6,2024
41.4577997056,15.5567150884,Italy,Aphidinae,,9,6,2024
45.0817638333,12.2750833333,Italy,Acyrthosiphon,,9,6,2024
42.0790589616,12.2388084233,Italy,Aphis,,9,6,2024
45.7472838448,7.3863047361,Italy,Aphididae,Aphids,9,6,2024
40.9026812271,14.220829457,Italy,Myzus persicae,Green Peach Aphid,9,6,2024
45.0735755013,7.4628687453,Italy,Eriosoma lanuginosum,Elm Balloon-gall Aphid,5,6,2024
41.8483916667,13.7134683333,Italy,Dysaphis,,4,6,2024
45.6490625782,8.1564551811,Italy,Macrosiphini,,8,6,2024
44.0755150448,10.4823987186,Italy,Aphididae,Aphids,9,6,2024
44.3559805556,11.1234666667,Italy,Aphis fabae,Black Bean Aphid,9,6,2024
45.521287,11.5200639667,Italy,Aphidinae,,9,6,2024
42.1249099722,12.618002,Italy,Aphis nerii,Oleander Aphid,9,6,2024
42.7755283376,11.0938239713,Italy,Aphididae,Aphids,8,6,2024
42.05235,13.9980716667,Italy,Aphididae,Aphids,10,6,2024
44.4304990609,8.8211864813,Italy,Aphididae,Aphids,10,6,2024
41.86622,12.5120616667,Italy,Tetraneura akinire,Oriental Grass Root Aphid,11,6,2024
45.6145588635,9.4850693093,Italy,Tetraneura caerulescens,,11,6,2024
42.7204971313,12.1083469391,Italy,Aphididae,Aphids,11,6,2024
42.0914974511,12.2711830214,Italy,Myzus cerasi,Black Cherry Aphid,11,6,2024
44.453633127,8.8673802312,Italy,Eriosomatinae,Woolly Aphids and Gall-making Aphids,9,6,2024
42.0405516667,14.1785216667,Italy,Macrosiphini,,12,6,2024
44.4934166667,11.207075,Italy,Macrosiphini,,12,6,2024
41.9489099722,12.545013,Italy,Aphididae,Aphids,12,6,2024
46.537450314,11.4573766664,Italy,Eriosomatinae,Woolly Aphids and Gall-making Aphids,12,6,2024
44.4977032921,11.3507052019,Italy,Aphis nerii,Oleander Aphid,12,6,2024
44.9481131304,9.3407117575,Italy,Eriosoma,,12,6,2024
44.4633379704,11.1069665104,Italy,Panaphis juglandis,Walnut Aphid,12,6,2024
43.6092170535,13.4565420449,Italy,Eucallipterus tiliae,Lime Leaf Aphid,12,6,2024
42.0521916667,13.9966666667,Italy,Aphidinae,,13,6,2024
46.6162732733,10.8351122215,Italy,Macrosiphini,,13,6,2024
43.8427469084,11.1910768971,Italy,Eucallipterus tiliae,Lime Leaf Aphid,13,6,2024
45.1740932775,7.5831782073,Italy,Anoecia,,13,6,2024
45.6971153767,8.3600880951,Italy,Aphididae,Aphids,13,6,2024
45.5795821594,8.7088872492,Italy,Tetraneura caerulescens,,13,6,2024
45.8601775142,9.4087761641,Italy,Eucallipterus tiliae,Lime Leaf Aphid,14,6,2024
45.4711037182,9.1892863969,Italy,Aphis,,8,6,2024
45.7613222222,9.7286611111,Italy,Eriosomatinae,Woolly Aphids and Gall-making Aphids,14,6,2024
46.7318945817,11.6493960561,Italy,Myzus cerasi,Black Cherry Aphid,15,6,2024
45.200253,10.7482222,Italy,Sitobion,,15,6,2024
41.7411110034,12.2513260144,Italy,Hyadaphis coriandri,Coriander Aphid,15,6,2024
39.2425288287,9.3053502027,Italy,Aphididae,Aphids,2,6,2024
42.9883324331,10.5091879517,Italy,Lachnus,,15,6,2024
45.6642861111,8.8869916667,Italy,Tetraneura ulmi,Elm Sack Gall Aphid,16,6,2024
44.1444597997,9.668746,Italy,Megoura,,10,6,2024
46.07614704,8.2642054,Italy,Tetraneura,,16,6,2024
44.2925774745,10.7056098059,Italy,Aphidinae,,17,6,2024
41.8061888889,12.6026888889,Italy,Aphididae,Aphids,17,6,2024
45.7174152835,7.2412783653,Italy,Mordwilkoja,,17,6,2024
40.8202238181,16.4009459298,Italy,Acyrthosiphon,,3,5,2024
43.7779896997,11.2600358,Italy,Aphis nerii,Oleander Aphid,18,6,2024
46.4314413717,11.3379691697,Italy,Aphididae,Aphids,18,6,2024
41.2461316204,14.0679888055,Italy,Aphidinae,,18,6,2024
45.7872198151,9.3463661894,Italy,Macrosiphini,,18,6,2024
43.9023585376,11.6649313644,Italy,Aphididae,Aphids,19,6,2024
43.8427466666,11.1911184713,Italy,Eucallipterus tiliae,Lime Leaf Aphid,19,6,2024
45.4167898136,10.4001031875,Italy,Panaphis juglandis,Walnut Aphid,19,6,2024
42.4100313291,13.591634581,Italy,Aphis,,18,6,2024
44.4933138889,11.2127027778,Italy,Panaphis juglandis,Walnut Aphid,21,6,2024
39.2355891822,9.2169137299,Italy,Aploneura lentisci,Mealy Grass Root Aphid,20,6,2024
41.8679594312,12.5846373662,Italy,Eucallipterus tiliae,Lime Leaf Aphid,21,6,2024
44.3421486207,12.3305856056,Italy,Eriosomatinae,Woolly Aphids and Gall-making Aphids,21,6,2024
45.4433866667,11.0073388833,Italy,Aphis nerii,Oleander Aphid,21,6,2024
45.6307435,9.7401899,Italy,Panaphis juglandis,Walnut Aphid,23,6,2024
45.7235977008,7.5080709904,Italy,Pemphigus vesicarius,,22,6,2024
43.9231930653,11.8495028839,Italy,Eriosomatini,,15,6,2024
43.9214659076,11.8453779817,Italy,Pemphigus immunis,,15,6,2024
42.9002020749,11.6617639912,Italy,Aphis craccivora,Cowpea Aphid,21,6,2024
44.803548741,7.9417825118,Italy,Tetraneura caerulescens,,27,5,2024
44.802844114,7.9418250918,Italy,Tetraneura akinire,Oriental Grass Root Aphid,27,5,2024
40.7779310962,16.7731110014,Italy,Geoica utricularia,,23,6,2024
40.7779473449,16.7731539168,Italy,Baizongia pistaciae,Pistacia Horn Gall Aphid,23,6,2024
40.7793949175,16.7744378009,Italy,Forda marginata,,23,6,2024
45.6327222222,11.3082861111,Italy,Aphididae,Aphids,23,6,2024
45.4298910597,9.1885726765,Italy,Illinoia liriodendri,tuliptree aphid,24,6,2024
43.9882959722,10.1586239722,Italy,Aphididae,Aphids,24,6,2024
43.5453981969,13.3616803586,Italy,Anoecia,,24,6,2024
44.8336471061,11.4613164438,Italy,Panaphis juglandis,Walnut Aphid,24,6,2024
44.4146844748,8.9448224008,Italy,Calaphis,Dark-veined Birch Aphids,24,6,2024
44.445255,9.9995816667,Italy,Aphididae,Aphids,22,6,2024
44.5013,11.3533805556,Italy,Aphididae,Aphids,25,6,2024
39.11104331,16.5292411298,Italy,Panaphis juglandis,Walnut Aphid,25,6,2024
43.0915946,12.4289447,Italy,Panaphis juglandis,Walnut Aphid,25,6,2024
43.8969023384,10.7534074411,Italy,Aphis fabae,Black Bean Aphid,25,6,2024
43.53048,13.61557,Italy,Eriosoma,,26,6,2024
45.7566206997,6.9818639997,Italy,Aphididae,Aphids,24,6,2024
45.5193538986,10.2572125196,Italy,Eucallipterus tiliae,Lime Leaf Aphid,28,6,2024
45.8182892,8.8252083,Italy,Aphididae,Aphids,28,6,2024
42.7339391179,10.963431783,Italy,Aploneura lentisci,Mealy Grass Root Aphid,12,5,2024
44.48195,11.2629666667,Italy,Aphididae,Aphids,28,6,2024
45.5563926,10.9115085997,Italy,Eriosoma lanuginosum,Elm Balloon-gall Aphid,29,6,2024
44.5145798912,11.1297569051,Italy,Calaphidinae,,28,6,2024
42.2213399,12.336245,Italy,Acyrthosiphon,,29,6,2024
45.1260324356,10.0532693642,Italy,Dysaphis,,15,6,2024
42.20372,14.37043,Italy,Aphis,,30,6,2024
45.6554907072,12.2047230014,Italy,Tetraneura,,30,6,2024
45.394004238,11.8803623877,Italy,Aphis,,30,6,2024
45.3941152717,11.8805627228,Italy,Aphidinae,,30,6,2024
44.185591,10.562203,Italy,Tetraneura ulmi,Elm Sack Gall Aphid,29,6,2024
44.3291784168,11.0947500542,Italy,Aphis,,30,6,2024
42.47772362,14.19542578,Italy,Aphididae,Aphids,1,7,2024
43.0554,10.6860166667,Italy,Eriosoma lanuginosum,Elm Balloon-gall Aphid,18,6,2024
45.6916393083,12.1756079722,Italy,Panaphis juglandis,Walnut Aphid,2,7,2024
42.0586235,12.9921447,Italy,Panaphis juglandis,Walnut Aphid,2,7,2024
46.6810953228,10.5293234751,Italy,Aphididae,Aphids,26,6,2024
46.0846088774,12.8749556467,Italy,Tetraneura,,3,7,2024
44.5035694444,10.5406472222,Italy,Rhopalosiphum nymphaeae,waterlily aphid,4,7,2024
45.1230540007,7.6297561079,Italy,Aphididae,Aphids,4,7,2024
41.7417827273,13.001342006,Italy,Panaphis juglandis,Walnut Aphid,4,7,2024
45.4110365672,11.8870193992,Italy,Chaitophorus,,4,7,2024
42.625213721,13.6310257763,Italy,Macrosiphum rosae,Rose Aphid,27,5,2024
38.1952638889,13.3353138889,Italy,Aphididae,Aphids,5,7,2024
44.1447611667,9.6742166667,Italy,Megoura,,28,5,2024
45.4093717045,11.8965947823,Italy,Aphis,,5,7,2024
40.7954986919,16.3675337359,Italy,Tetraneura caerulescens,,5,5,2024
42.2321767085,13.3833903911,Italy,Eriosomatinae,Woolly Aphids and Gall-making Aphids,5,7,2024
40.8247991978,16.4052803158,Italy,Aphis fabae,Black Bean Aphid,10,5,2024
45.6260244112,7.9824189842,Italy,Aphididae,Aphids,2,6,2024
45.74342962,10.56675217,Italy,Aphididae,Aphids,6,7,2024
46.4882633333,11.1534833333,Italy,Aphis,,6,7,2024
44.5273998213,11.29451892,Italy,Aphidinae,,6,7,2024
45.6285643379,9.0012256604,Italy,Tetraneura,,7,7,2024
44.8418166582,9.995345436,Italy,Panaphis juglandis,Walnut Aphid,7,7,2024
42.9422713338,13.0833005905,Italy,Pemphigus vesicarius,,7,7,2024
42.9422691248,13.0833136663,Italy,Pemphigus,Poplar Leaf-stem Gall Aphids,7,7,2024
44.6341449722,10.9640789722,Italy,Eucallipterus tiliae,Lime Leaf Aphid,9,7,2024
45.558302,10.180357,Italy,Forda formicaria,Pistachio-Grass Root Aphid,21,6,2024
45.0548880417,7.2926037012,Italy,Aphididae,Aphids,9,7,2024
43.4052601353,13.0039715767,Italy,Eucallipterus tiliae,Lime Leaf Aphid,10,7,2024
45.540711,11.5048949722,Italy,Macrosiphini,,7,7,2024
45.0548880417,7.2926037012,Italy,Aphidinae,,9,7,2024
45.7744561087,9.6701249108,Italy,Aphis sambuci,Elder Aphid,12,5,2024
44.43039875,8.74901648,Italy,Aphis gossypii,Melon Aphid,12,7,2024
44.9391926815,7.114740415,Italy,Aphididae,Aphids,16,5,2024
44.8113342653,7.0361997122,Italy,Aphididae,Aphids,16,5,2024
46.0308611667,9.1297083333,Italy,Aphididae,Aphids,12,7,2024
45.0743305249,7.7292623128,Italy,Aphis fabae,Black Bean Aphid,13,7,2024
44.4967722222,11.2093777778,Italy,Chaitophorus,,14,7,2024
44.044957,12.453964,Italy,Aphididae,Aphids,14,7,2024
44.276371,10.7005319444,Italy,Eriosoma lanuginosum,Elm Balloon-gall Aphid,13,7,2024
40.6536636353,15.7972068787,Italy,Aphididae,Aphids,15,7,2024
46.46254,12.2008433333,Italy,Aphis,,15,7,2024
38.9658599997,8.4344532997,Italy,Aploneura lentisci,Mealy Grass Root Aphid,16,7,2024
46.0139087241,12.2275112942,Italy,Aphididae,Aphids,16,7,2024
38.9721483,8.4426383,Italy,Aploneura lentisci,Mealy Grass Root Aphid,17,7,2024
40.8230070898,16.4107216263,Italy,Aphis fabae,Black Bean Aphid,11,5,2024
40.8228512687,16.410785995,Italy,Aphis fabae,Black Bean Aphid,11,5,2024
39.9488096042,9.1694040969,Italy,Brachycaudus cardui,Plum-thistle Aphid,4,6,2024
46.4624883333,12.2004116667,Italy,Aphis,,19,7,2024
42.1407138333,12.1871466667,Italy,Phyllaphis fagi,Woolly Beech Aphid,19,7,2024
44.1760770998,12.3373832926,Italy,Aploneura lentisci,Mealy Grass Root Aphid,19,7,2024
40.815454399,16.3602808683,Italy,Macrosiphum euphorbiae,Potato Aphid,12,5,2024
45.7327153538,8.9767363295,Italy,Aphis nerii,Oleander Aphid,20,7,2024
45.7703525927,13.6237931997,Italy,Forda formicaria,Pistachio-Grass Root Aphid,20,7,2024
46.0497091,10.6103807997,Italy,Aphididae,Aphids,20,7,2024
40.8154623376,16.3608027086,Italy,Brevicoryne brassicae,Cabbage Aphid,12,5,2024
46.0638388333,9.269105,Italy,Anoecia,,21,7,2024
45.4385532259,12.3204897344,Italy,Tetraneura,,21,7,2024
45.453583984,9.3224036694,Italy,Macrosiphini,,22,7,2024
42.7057837129,11.530136368,Italy,Forda formicaria,Pistachio-Grass Root Aphid,23,7,2024
42.7082935866,11.5259292425,Italy,Eriosoma lanuginosum,Elm Balloon-gall Aphid,23,7,2024
45.5943755997,10.8350308997,Italy,Aphididae,Aphids,22,7,2024
46.0052594836,9.3745126161,Italy,Aphis nerii,Oleander Aphid,24,7,2024
46.4161879188,11.2087017085,Italy,Aphis,,24,7,2024
46.0044251139,12.1566044167,Italy,Aphis,,26,7,2024
46.2404861111,10.8037472222,Italy,Aphididae,Aphids,26,7,2024
42.564802923,14.1068302888,Italy,Aphididae,Aphids,26,7,2024
46.3130675044,11.4902525023,Italy,Aphididae,Aphids,28,7,2024
42.0693923866,13.2573563339,Italy,Macrosiphoniella,Anthemid Aphids,25,7,2024
45.6910162395,11.2297855651,Italy,Eulachnus,Pine Needle Aphids,27,7,2024
40.8152734051,16.4109702083,Italy,Sitobion avenae,English Grain Aphid,17,5,2024
46.20605,10.8380777778,Italy,Aphididae,Aphids,29,7,2024
46.2014833333,10.8281888889,Italy,Aphididae,Aphids,29,7,2024
42.9234527778,13.2805472222,Italy,Aphididae,Aphids,29,7,2024
46.2667527778,10.8224111111,Italy,Aphididae,Aphids,30,7,2024
45.11751,10.3574266667,Italy,Aphis,,31,7,2024
44.7260133333,7.997655,Italy,Tetraneura,,21,5,2024
43.7205110251,10.3831388801,Italy,Aphis craccivora,Cowpea Aphid,30,7,2024
42.7066574768,11.5272985909,Italy,Eriosoma lanuginosum,Elm Balloon-gall Aphid,2,8,2024
46.7317669858,11.6491254467,Italy,Tuberolachnus salignus,Giant Willow Aphid,3,8,2024
42.0522075,12.9642500997,Italy,Tetraneura akinire,Oriental Grass Root Aphid,3,8,2024
41.1368624,16.8201095,Italy,Aphis craccivora,Cowpea Aphid,2,7,2024
44.4079666667,11.9707472222,Italy,Aphididae,Aphids,4,8,2024
42.9209440574,11.6380596355,Italy,Pemphigus,Poplar Leaf-stem Gall Aphids,2,8,2024
45.4114716667,11.88075,Italy,Eucallipterus,,18,6,2024
44.2931183333,12.08812,Italy,Aphididae,Aphids,5,8,2024
44.8238495,9.827037,Italy,Eriosoma lanuginosum,Elm Balloon-gall Aphid,4,8,2024
46.4306694444,11.7348638889,Italy,Aphis,,7,8,2024
44.822183215,7.2134125479,Italy,Aphis,,7,8,2024
44.4102333333,11.9856916667,Italy,Aphididae,Aphids,8,8,2024
46.50185,11.7430388889,Italy,Aphidinae,,9,8,2024
44.306001995,7.3711475065,Italy,Aphis craccae,Tufted Vetch Aphid,8,6,2024
46.4300132536,11.6870833933,Italy,Lachninae,Giant Aphids,8,8,2024
46.3223723362,13.0734666064,Italy,Pemphigus spyrothecae,Poplar Spiral Gall Aphid,12,8,2024
45.8569150929,12.1424105018,Italy,Macrosiphum,,13,8,2024
41.738634261,12.2512429328,Italy,Aphididae,Aphids,10,8,2024
45.7135543823,9.674074173,Italy,Aphis nerii,Oleander Aphid,13,8,2024
44.2645505524,7.3435086571,Italy,Macrosiphini,,24,7,2024
42.7383160703,12.8400738537,Italy,Forda marginata,,14,8,2024
45.6716557706,8.1920370621,Italy,Eucallipterus tiliae,Lime Leaf Aphid,9,8,2024
44.8500527778,11.5877583333,Italy,Aphis nerii,Oleander Aphid,17,8,2024
46.5572966667,11.735605,Italy,Aphididae,Aphids,16,8,2024
43.0742536139,10.6135548472,Italy,Aphididae,Aphids,17,8,2024
43.7204283971,11.0339199007,Italy,Pemphigus,Poplar Leaf-stem Gall Aphids,19,8,2024
46.4681663333,12.6849555833,Italy,Aphididae,Aphids,22,8,2024
44.2021865663,7.2421522096,Italy,Aphis,,26,7,2024
44.2861655006,7.024038237,Italy,Aphis,,17,8,2024
46.4299777778,11.3366416667,Italy,Aphis,,25,8,2024
44.495375,11.2089666667,Italy,Macrosiphini,,26,8,2024
44.2662377742,12.1659673378,Italy,Baizongia pistaciae,Pistacia Horn Gall Aphid,26,8,2024
42.1503111667,12.1963333333,Italy,Aphididae,Aphids,27,8,2024
45.5540886218,9.3079914898,Italy,Aphis,,29,8,2024
45.6797386021,8.799293451,Italy,Aphis nerii,Oleander Aphid,30,8,2024
45.9486769773,9.7061363679,Italy,Aphididae,Aphids,23,8,2024
45.88717,11.0415305,Italy,Macrosiphini,,4,9,2024
45.703926,13.73591,Italy,Pemphigus,Poplar Leaf-stem Gall Aphids,2,9,2024
44.5028194444,11.1880861111,Italy,Aphididae,Aphids,6,9,2024
45.6715808749,8.1920995636,Italy,Aphidinae,,3,9,2024
39.9587080974,9.1563256457,Italy,Aphididae,Aphids,7,6,2024
44.9663166667,9.2079166667,Italy,Eriosoma lanuginosum,Elm Balloon-gall Aphid,8,9,2024
45.7065417268,11.3457132876,Italy,Aphis,,8,9,2024
44.1456184386,9.6542863844,Italy,Forda formicaria,Pistachio-Grass Root Aphid,7,9,2024
42.0919674329,12.2685521096,Italy,Aphis gossypii,Melon Aphid,11,9,2024
46.0706381,11.1123214,Italy,Drepanosiphum,,9,9,2024
44.82982,11.6438916667,Italy,Hyalopterus pruni,Mealy Plum Aphid,11,9,2024
44.9850061275,7.5859891623,Italy,Anoecia,,2,9,2024
46.50488749,11.36132948,Italy,Forda formicaria,Pistachio-Grass Root Aphid,14,9,2024
44.2156478701,9.5860623399,Italy,Forda formicaria,Pistachio-Grass Root Aphid,8,8,2024
44.2442452359,9.5727234471,Italy,Forda formicaria,Pistachio-Grass Root Aphid,8,8,2024
43.1530571088,11.486633945,Italy,Eriosoma lanuginosum,Elm Balloon-gall Aphid,15,9,2024
44.907294,9.27689417,Italy,Eriosoma lanuginosum,Elm Balloon-gall Aphid,15,9,2024
46.3756006663,10.6931788474,Italy,Euceraphis,Birch Aphids,15,9,2024
43.1610669553,11.3931702822,Italy,Eriosoma lanuginosum,Elm Balloon-gall Aphid,16,9,2024
46.6517290153,11.1473520105,Italy,Anoecia,,11,10,2023
45.8857783333,11.0398221667,Italy,Aphis spiraecola,Spiraea Aphid,17,9,2024
42.6809128833,11.7530847306,Italy,Aphididae,Aphids,17,9,2024
43.1680436352,10.7774596905,Italy,Eriosoma lanuginosum,Elm Balloon-gall Aphid,18,9,2024
43.1678528251,10.7784174561,Italy,Eriosoma lanuginosum,Elm Balloon-gall Aphid,18,9,2024
45.9424722797,10.186957963,Italy,Drepanosiphum,,20,9,2024
45.7880801719,8.7250727039,Italy,Aphis verbasci,Mullein Aphid,21,8,2024
39.2817524088,9.4187783063,Italy,Aphididae,Aphids,12,9,2024
45.123436,10.444038,Italy,Aphididae,Aphids,3,4,2024
46.637269,11.353944,Italy,Megoura viciae,Vetch Aphid,22,9,2024
45.1220575,10.4416213,Italy,Aphididae,Aphids,22,9,2024
45.9380253233,9.3857289478,Italy,Toxoptera,,24,9,2024
44.500857,11.353977,Italy,Chaitophorus,,24,9,2024
43.7159143,10.9316848139,Italy,Pemphigus spyrothecae,Poplar Spiral Gall Aphid,25,9,2024
45.9389583333,8.4936466667,Italy,Aphis fabae,Black Bean Aphid,22,9,2024
45.8199424058,11.1331146955,Italy,Eulachnus,Pine Needle Aphids,28,9,2024
40.8707535762,14.3144301698,Italy,Aphis nerii,Oleander Aphid,1,10,2024
44.4928138889,11.2148194444,Italy,Periphyllus,Periphyllus Aphids,1,10,2024
44.70308,8.0396111667,Italy,Pemphigus immunis,,5,10,2024
45.5605144414,12.1855806559,Italy,Acyrthosiphon,,6,10,2024
43.7002527778,10.4001638889,Italy,Aphis craccivora,Cowpea Aphid,6,10,2024
43.6711882783,10.6540098084,Italy,Aphididae,Aphids,6,10,2024
43.6712245975,10.6540107431,Italy,Aphis fabae,Black Bean Aphid,6,10,2024
45.9380253233,9.3857289478,Italy,Maculolachnus submacula,Rose Root Aphid,7,10,2024
44.4600916667,11.213725,Italy,Macrosiphini,,9,4,2024
44.2612104998,11.0367181152,Italy,Aphididae,Aphids,13,4,2024
45.4381515618,8.9711504818,Italy,Tetraneura akinire,Oriental Grass Root Aphid,6,10,2024
42.3368573,13.4535251,Italy,Aphis,,3,10,2024
42.2917586876,13.5762982886,Italy,Eriosomatinae,Woolly Aphids and Gall-making Aphids,6,10,2024
44.514513428,11.1297200248,Italy,Lachninae,Giant Aphids,23,9,2024
44.1370181827,12.2461114079,Italy,Aphididae,Aphids,27,9,2024
45.4547481714,9.3224325031,Italy,Aphis craccivora,Cowpea Aphid,10,10,2024
43.4089254,11.1354421,Italy,Aphididae,Aphids,11,10,2024
45.9256645669,8.5615912149,Italy,Eriosomatinae,Woolly Aphids and Gall-making Aphids,6,10,2024
44.0439721667,9.9583466667,Italy,Anoecia,,13,10,2024
43.9725036389,10.1954278889,Italy,Aphis nerii,Oleander Aphid,14,10,2024
43.9725036389,10.1954278889,Italy,Aphidinae,,14,10,2024
45.7212129722,6.9966449722,Italy,Aphididae,Aphids,16,10,2024
44.4997086598,11.3528392464,Italy,Macrosiphini,,15,10,2024
44.1850844455,11.5521776139,Italy,Lachninae,Giant Aphids,15,10,2024
44.4999532965,11.3531681523,Italy,Aphididae,Aphids,18,10,2024
44.2872759722,9.455465,Italy,Aphididae,Aphids,19,10,2024
45.6423968542,10.0353731308,Italy,Tetraneura ulmi,Elm Sack Gall Aphid,21,10,2024
40.724761972,8.5901816307,Italy,Macrosiphum rosae,Rose Aphid,22,10,2024
42.0544797966,14.4935640807,Italy,Aphididae,Aphids,22,10,2024
44.1120315095,10.4636504129,Italy,Megoura,,30,9,2024
43.7769840029,12.090756208,Italy,Drepanosiphum,,24,10,2024
45.8184432983,10.7963209152,Italy,Aphis nerii,Oleander Aphid,25,10,2024
43.7788883333,11.0794805,Italy,Macrosiphoniella artemisiae,Mugwort Aphid,26,10,2024
39.9368333333,16.0323638333,Italy,Aphididae,Aphids,26,10,2024
44.6719245833,8.8825149444,Italy,Aphididae,Aphids,27,10,2024
46.0041388833,11.2583216667,Italy,Aphididae,Aphids,27,10,2024
45.1241154,10.4434119,Italy,Aphididae,Aphids,28,10,2024
46.3353468581,10.6675244495,Italy,Lachninae,Giant Aphids,29,10,2024
39.2423325232,9.3052844886,Italy,Aphis nerii,Oleander Aphid,30,10,2024
45.6543540783,13.7988059968,Italy,Aphididae,Aphids,30,10,2024
45.9380253233,9.3857289478,Italy,Aphididae,Aphids,31,10,2024
45.9380253233,9.3857289478,Italy,Macrosiphini,,31,10,2024
45.9380253233,9.3857289478,Italy,Aphis,,1,11,2024
40.3200954,9.3238703,Italy,Aloephagus myersi,Aloe Vera Aphid,3,11,2024
41.9490184118,12.5452497974,Italy,Aphididae,Aphids,5,11,2024
42.8925736345,12.4062617496,Italy,Eriosomatinae,Woolly Aphids and Gall-making Aphids,5,11,2024
43.9723748997,10.1954416,Italy,Aphis nerii,Oleander Aphid,8,11,2024
45.8918213935,8.8117989918,Italy,Aphididae,Aphids,9,11,2024
43.3855137997,11.2264949997,Italy,Eriosoma lanuginosum,Elm Balloon-gall Aphid,10,11,2024
41.9489434997,12.5448763,Italy,Aphis gossypii,Melon Aphid,12,11,2024
42.7755283376,11.0938239713,Italy,Aphis spiraecola,Spiraea Aphid,13,11,2024
45.0702821895,7.6868563145,Italy,Aphididae,Aphids,15,11,2024
45.7167710668,9.6919929609,Italy,Eriosoma lanuginosum,Elm Balloon-gall Aphid,16,11,2024
45.4251383333,9.2368966667,Italy,Aphididae,Aphids,17,11,2024
44.65509675,10.47710538,Italy,Aphididae,Aphids,17,11,2024
45.819264722,9.0413189366,Italy,Lachnus roboris,Variegated Oak Aphid,17,11,2024
46.0647824001,12.4255438149,Italy,Aphididae,Aphids,17,11,2024
41.9378168,12.5291685,Italy,Aphididae,Aphids,18,11,2024
37.0775916667,14.2496133333,Italy,Aphis nerii,Oleander Aphid,19,11,2024
37.0773494667,14.2495907639,Italy,Aphis nerii,Oleander Aphid,19,11,2024
42.4494625319,13.2983701805,Italy,Aphididae,Aphids,17,11,2024
44.3294083333,11.091775,Italy,Aphididae,Aphids,7,7,2024
44.1780541336,12.3331132159,Italy,Aphididae,Aphids,20,11,2024
42.1419161504,12.0868810639,Italy,Aphis fabae,Black Bean Aphid,19,11,2024
40.4931320085,17.2241703048,Italy,Aphis nerii,Oleander Aphid,21,11,2024
40.5628176133,8.3510677976,Italy,Aploneura lentisci,Mealy Grass Root Aphid,23,11,2024
45.119219,10.540423,Italy,Aphididae,Aphids,24,11,2024
40.8147979124,16.3604108012,Italy,Macrosiphum euphorbiae,Potato Aphid,2,6,2024
40.6297768578,9.5978188638,Italy,Aphis nerii,Oleander Aphid,9,10,2024
45.5408639862,11.5403974082,Italy,Aphididae,Aphids,22,6,2024
38.0355916667,12.589535,Italy,Rhopalosiphum nymphaeae,waterlily aphid,3,12,2024
44.93026415,10.63526628,Italy,Pemphigus obesinymphae,Cherubic Poplar Petiole-gall Aphid,4,12,2024
43.91355,12.1994283333,Italy,Aphididae,Aphids,15,10,2024
42.1528783333,12.26516,Italy,Macrosiphini,,4,12,2024
45.7432265299,7.4631195143,Italy,Eriosoma lanuginosum,Elm Balloon-gall Aphid,5,12,2024
39.2589642827,9.1781068593,Italy,Aploneura lentisci,Mealy Grass Root Aphid,28,9,2024
45.6742763695,8.1897260623,Italy,Tetraneura,,5,12,2024
45.1636611111,10.4339222222,Italy,Aphididae,Aphids,2,12,2024
45.166775,10.4284888889,Italy,Aphididae,Aphids,6,12,2024
44.4774027778,11.2096527778,Italy,Megoura viciae,Vetch Aphid,3,5,2024
45.8055962653,9.648874902,Italy,Aphididae,Aphids,4,6,2024
39.2351565395,9.1163040698,Italy,Aploneura lentisci,Mealy Grass Root Aphid,4,10,2024
37.2819133333,15.000405555,Italy,Macrosiphini,,28,12,2024
44.7825614531,10.3697825932,Italy,Rhopalosiphum nymphaeae,waterlily aphid,11,11,2024
46.4290666667,11.7292194444,Italy,Brachycaudus cardui,Plum-thistle Aphid,7,8,2024
44.328875,11.1042861111,Italy,Aphididae,Aphids,7,7,2024
45.1516772434,12.3280524865,Italy,Aphis,,30,5,2024
43.7514490154,11.2414189428,Italy,Eriosoma lanuginosum,Elm Balloon-gall Aphid,2,1,2025
45.1219268,10.4410943,Italy,Aphididae,Aphids,2,1,2025
45.1220742,10.441554,Italy,Aphididae,Aphids,2,1,2025
42.9892883333,13.7912616667,Italy,Tetraneura caerulescens,,5,5,2024
44.2331027,8.4151814997,Italy,Aploneura lentisci,Mealy Grass Root Aphid,4,1,2025
42.7846592037,11.488483492,Italy,Eriosoma lanuginosum,Elm Balloon-gall Aphid,4,1,2025
39.2413337807,9.1836174577,Italy,Aphididae,Aphids,7,11,2024
44.175828944,12.3349900916,Italy,Aphididae,Aphids,6,1,2025
45.1237634,10.4415991,Italy,Aphididae,Aphids,6,1,2025
46.0215034242,10.9733406058,Italy,Eriosomatini,,17,5,2024
46.1034902592,11.0573392319,Italy,Pemphigus,Poplar Leaf-stem Gall Aphids,17,5,2024
42.1255962915,12.0461684838,Italy,Eriosoma lanuginosum,Elm Balloon-gall Aphid,8,1,2025
45.122037,10.4416364,Italy,Aphididae,Aphids,8,1,2025
45.1234736,10.4418792,Italy,Aphididae,Aphids,8,1,2025
46.0844551643,12.8733935952,Italy,Macrosiphoniella,Anthemid Aphids,10,1,2025
46.084431212,12.8733650967,Italy,Aphis spiraecola,Spiraea Aphid,10,1,2025
42.7226054084,11.5193966711,Italy,Eriosoma lanuginosum,Elm Balloon-gall Aphid,10,1,2025
44.2250633239,8.4103698728,Italy,Aploneura lentisci,Mealy Grass Root Aphid,4,1,2025
45.123388,10.444184,Italy,Aphididae,Aphids,11,1,2025
46.0844228403,12.8732299805,Italy,Aphidinae,,11,1,2025
42.0396,11.83477,Italy,Periphyllus,Periphyllus Aphids,11,1,2025
41.9523570221,12.5272064935,Italy,Eriosoma lanuginosum,Elm Balloon-gall Aphid,12,1,2025
45.1222998,10.441427,Italy,Aphididae,Aphids,12,1,2025
45.1220536,10.4416545,Italy,Aphididae,Aphids,12,1,2025
44.3652397012,9.3425292868,Italy,Aphididae,Aphids,12,11,2023
45.1222455,10.4414081,Italy,Aphididae,Aphids,14,1,2025
45.1220158,10.4414123,Italy,Aphididae,Aphids,14,1,2025
45.1221503,10.4405345,Italy,Aphididae,Aphids,14,1,2025
45.1236535,10.441149,Italy,Aphididae,Aphids,14,1,2025
45.1221439,10.4404972,Italy,Aphididae,Aphids,15,1,2025
45.1236564,10.4399625,Italy,Aphididae,Aphids,15,1,2025
45.123596,10.440207,Italy,Aphididae,Aphids,19,1,2025
45.1231534174,10.4455465917,Italy,Aphididae,Aphids,20,1,2025
45.8048861111,8.6298111111,Italy,Idiopterus nephrelepidis,Fern aphid,22,1,2025
46.4222562194,10.9525995844,Italy,Macrosiphini,,22,9,2024
45.4141581828,11.1706277356,Italy,Eriosoma lanuginosum,Elm Balloon-gall Aphid,23,1,2025
42.0790589616,12.2388084233,Italy,Aphididae,Aphids,24,1,2025
42.0790589616,12.2388084233,Italy,Aphidinae,,24,1,2025
42.0914996903,12.2711830214,Italy,Aphididae,Aphids,24,1,2025
45.123315,10.44385,Italy,Aphididae,Aphids,24,1,2025
40.8670055118,14.3527529016,Italy,Toxoptera,,25,1,2025
45.1222466,10.4410993,Italy,Aphididae,Aphids,25,1,2025
42.0911,12.2727777778,Italy,Aphididae,Aphids,21,1,2025
37.0772209167,14.24867725,Italy,Myzus cerasi,Black Cherry Aphid,26,1,2025
37.0773315278,14.2482929167,Italy,Anoecia,,5,12,2024
37.9245821261,15.7796001204,Italy,Aploneura lentisci,Mealy Grass Root Aphid,26,1,2025
41.966795,12.66782,Italy,Tuberculatus,,31,1,2025
42.0623990772,11.8144383654,Italy,Uroleucon sonchi,Sow-thistle Aphid,3,2,2025
45.123281,10.444018,Italy,Aphididae,Aphids,5,2,2025
42.1416608353,12.0843051374,Italy,Eriosoma lanuginosum,Elm Balloon-gall Aphid,12,2,2025
40.7561244108,14.4099711254,Italy,Aphis spiraecola,Spiraea Aphid,13,2,2025
39.1112118864,16.5297095105,Italy,Aphis,,16,2,2025
41.95228807,12.52714645,Italy,Eriosoma lanuginosum,Elm Balloon-gall Aphid,16,2,2025
44.4432384863,8.8218568977,Italy,Uroleucon,Large Daisy Aphids,16,2,2025
44.1151044816,10.4591369256,Italy,Macrosiphum rosae,Rose Aphid,20,2,2025
44.3123076475,9.180290848,Italy,Baizongia pistaciae,Pistacia Horn Gall Aphid,19,2,2025
42.7258390796,11.5162865374,Italy,Eriosoma lanuginosum,Elm Balloon-gall Aphid,23,2,2025
42.7225485654,11.5193382828,Italy,Eriosoma lanuginosum,Elm Balloon-gall Aphid,23,2,2025
44.3420638333,11.1114832778,Italy,Aphididae,Aphids,7,7,2024
45.1221423,10.4414842,Italy,Aphididae,Aphids,25,2,2025
43.9726219167,10.1960229722,Italy,Aphis,,1,3,2025
42.7226668095,12.1201327443,Italy,Aphididae,Aphids,21,2,2025
41.9138773973,12.4853818864,Italy,Aphididae,Aphids,22,2,2025
44.6705354997,9.1767839997,Italy,Eriosoma lanuginosum,Elm Balloon-gall Aphid,28,2,2025
41.8838783333,12.4891333333,Italy,Brachycaudus helichrysi,Leafcurl Plum Aphid,4,3,2025
45.853521,9.297477,Italy,Macrosiphum hellebori,Hellebore Aphid,23,3,2024
39.9465316667,8.708205,Italy,Megoura viciae,Vetch Aphid,6,3,2025
46.2640829,11.2285376,Italy,Aphididae,Aphids,13,10,2024
44.1677046298,9.6292664856,Italy,Sitobion,,16,3,2025
45.3663123,10.2187585,Italy,Aphididae,Aphids,16,3,2025
43.7205851721,10.3836196661,Italy,Aphidinae,,19,3,2025
43.7210860256,10.3836776689,Italy,Aphidinae,,19,3,2025
45.5649926194,10.8755847444,Italy,Eriosoma lanuginosum,Elm Balloon-gall Aphid,22,3,2025
40.8217609,14.4691589997,Italy,Tuberculatus,,22,3,2025
43.7805645639,11.0356216667,Italy,Aphididae,Aphids,23,3,2025
40.2990813997,18.3922547997,Italy,Aphididae,Aphids,24,3,2025
37.969019,13.4546882,Italy,Tuberolachnus salignus,Giant Willow Aphid,25,3,2025
41.8515866667,12.411505,Italy,Pemphigus immunis,,26,3,2025
45.34584,11.956996,Italy,Aphis,,27,3,2025
45.6786379,9.2398776,Italy,Aphididae,Aphids,8,11,2024
40.4221709932,15.0045128788,Italy,Uroleucon sonchi,Sow-thistle Aphid,28,3,2025
44.1057666667,9.82097,Italy,Aphididae,Aphids,28,3,2025
43.7675645342,11.2557701021,Italy,Aphididae,Aphids,26,3,2025
46.6726102528,11.1620114606,Italy,Eulachnus,Pine Needle Aphids,30,3,2025
41.7399133333,13.0026861167,Italy,Uroleucon sonchi,Sow-thistle Aphid,29,3,2025
45.7719292877,9.2124538717,Italy,Aphididae,Aphids,31,3,2025
45.3583171227,9.6558064688,Italy,Aphis sambuci,Elder Aphid,31,3,2025
43.6243007746,13.5124617442,Italy,Eriosoma lanuginosum,Elm Balloon-gall Aphid,31,3,2025
42.732204348,11.5299727532,Italy,Eriosoma lanuginosum,Elm Balloon-gall Aphid,31,3,2025
44.427263,8.8219048,Italy,Aphididae,Aphids,1,4,2025
41.9037622917,12.5144382566,Italy,Panaphis juglandis,Walnut Aphid,2,4,2025
40.7543725022,14.413879104,Italy,Uroleucon sonchi,Sow-thistle Aphid,2,4,2025
44.1767792406,12.3369306698,Italy,Liosomaphis berberidis,barberry aphid,2,4,2025
44.1765897596,12.3369202763,Italy,Liosomaphis berberidis,barberry aphid,2,4,2025
45.2103136888,8.259315043,Italy,Aphidinae,,3,4,2025
44.496324055,11.3538061827,Italy,Aphididae,Aphids,3,4,2025
45.5509944,9.2203227,Italy,Aphis sambuci,Elder Aphid,4,4,2025
38.2034133462,13.3257682372,Italy,Aphis nerii,Oleander Aphid,4,4,2025
45.0834079,7.6237272,Italy,Aphididae,Aphids,5,4,2025
37.9293416667,13.4038283333,Italy,Aphididae,Aphids,5,4,2025
42.5562218151,12.7122551948,Italy,Aphis sambuci,Elder Aphid,5,4,2025
42.5382687432,11.3514785075,Italy,Eriosoma lanuginosum,Elm Balloon-gall Aphid,5,4,2025
43.7740898904,10.7144193934,Italy,Uroleucon,Large Daisy Aphids,5,4,2025
43.669479999,10.6540549703,Italy,Aphididae,Aphids,5,4,2025
45.7646586838,10.0740315714,Italy,Aphis fabae,Black Bean Aphid,6,4,2025
44.46645,11.2570716667,Italy,Eriosoma lanuginosum,Elm Balloon-gall Aphid,4,4,2025
41.8630637997,12.6045738,Italy,Aphididae,Aphids,6,4,2025
41.9192707805,12.4552596257,Italy,Aphis fabae,Black Bean Aphid,6,4,2025
45.4545871535,12.353877008,Italy,Aphis sambuci,Elder Aphid,7,4,2025
42.1321555,12.0865361667,Italy,Calaphis,Dark-veined Birch Aphids,7,4,2025
45.2375123495,10.2566653248,Italy,Macrosiphini,,7,4,2025
41.9518193,12.526374,Italy,Tetraneura akinire,Oriental Grass Root Aphid,8,4,2025
41.1101916667,16.87935,Italy,Aphis,,8,4,2025
46.0625949413,11.1193931848,Italy,Macrosiphum rosae,Rose Aphid,9,4,2025
40.7569929827,14.4167463854,Italy,Aphididae,Aphids,9,4,2025
45.606715,9.1311248997,Italy,Macrosiphum euphorbiae,Potato Aphid,9,4,2025
44.6091444444,11.1319944444,Italy,Aphis fabae,,9,4,2025
45.3583455173,9.6558272575,Italy,Aphis sambuci,Elder Aphid,3,4,2025
45.42702505,10.9921116382,Italy,Aphis,,10,4,2025
44.2696978528,8.438531225,Italy,Aphis,,11,4,2025
41.9522897,12.5273429,Italy,Tetraneura caerulescens,,11,4,2025
41.9537308116,12.426539394,Italy,Eriosoma lanuginosum,Elm Balloon-gall Aphid,11,4,2025
42.539145,11.34775,Italy,Eriosoma lanuginosum,Elm Balloon-gall Aphid,12,4,2025
46.5365443924,11.2409985065,Italy,Aphididae,Aphids,12,4,2025
42.2541329,11.835091,Italy,Eriosoma lanuginosum,Elm Balloon-gall Aphid,12,4,2025
45.6448216976,10.0307678192,Italy,Aphis sambuci,Elder Aphid,12,4,2025
45.6448216976,10.0307678192,Italy,Aphis sambuci,Elder Aphid,12,4,2025
42.45538,11.3209783333,Italy,Baizongia pistaciae,Pistacia Horn Gall Aphid,12,4,2025
44.5881709378,10.7388085127,Italy,Macrosiphini,,12,4,2025
44.176391381,12.3375519365,Italy,Aphis,,13,4,2025
41.9100068997,12.488827,Italy,Tetraneura akinire,Oriental Grass Root Aphid,13,4,2025
39.110334,9.521978,Italy,Aphidinae,,13,4,2025
39.120553,9.5193549722,Italy,Aphididae,Aphids,13,4,2025
37.9937881032,13.2510811584,Italy,Aphididae,Aphids,22,3,2025
40.5641487238,15.771429576,Italy,Macrosiphini,,13,4,2025
41.85254304,12.69011528,Italy,Tetraneura caerulescens,,13,4,2025
46.4498533333,11.3000966667,Italy,Periphyllus,Periphyllus Aphids,12,4,2025
40.8735631542,14.3059500307,Italy,Macrosiphum rosae,Rose Aphid,15,4,2025
41.8862149689,12.4780888665,Italy,Aphis fabae,Black Bean Aphid,15,4,2025
40.42754,15.735198,Italy,Aphis craccae,Tufted Vetch Aphid,15,4,2025
44.7561588281,10.5233677222,Italy,Aphis sambuci,Elder Aphid,15,4,2025
45.121929,10.445129,Italy,Aphididae,Aphids,15,4,2025
45.6869,9.6484166667,Italy,Aphis craccivora,Cowpea Aphid,16,4,2025
44.7639904705,10.316215627,Italy,Aphis,,18,5,2024
45.1162195,7.6243633333,Italy,Tetraneura akinire,Oriental Grass Root Aphid,17,4,2025
43.0439849722,11.4964829722,Italy,Aphis,,18,4,2025
44.4760444444,11.4947416667,Italy,Aphis sambuci,Elder Aphid,18,4,2025
45.1221203,10.441664,Italy,Aphididae,Aphids,18,4,2025
45.8287329392,11.8790244768,Italy,Aphis sambuci,Elder Aphid,18,4,2025
36.7147212,14.8094291,Italy,Periphyllus,Periphyllus Aphids,16,3,2025
44.6904261037,8.0366655004,Italy,Cryptomyzus ribis,Redcurrant Blister Aphid,18,4,2025
44.1772791501,12.3374999687,Italy,Aphididae,Aphids,18,4,2025
42.01027166,13.9417042,Italy,Uroleucon aeneum,Dark-tailed Thistle Aphid,19,4,2025
45.5883439004,8.87651164,Italy,Tetraneura akinire,Oriental Grass Root Aphid,18,4,2025
44.4900472222,11.2048916667,Italy,Tetraneura caerulescens,,19,4,2025
44.4906694444,11.1986277778,Italy,Tetraneura ulmi,Elm Sack Gall Aphid,19,4,2025
44.4908027778,11.1984361111,Italy,Tetraneura caerulescens,,19,4,2025
45.9180965571,11.0573365912,Italy,Myzus cerasi,Black Cherry Aphid,19,4,2025
45.9178672749,11.0638976097,Italy,Aphis craccivora,Cowpea Aphid,19,4,2025
44.4790361111,11.1785833333,Italy,Aphididae,Aphids,19,4,2025
44.4733944444,11.176275,Italy,Aphis,,19,4,2025
44.4701666667,11.1720361111,Italy,Uroleucon,Large Daisy Aphids,19,4,2025
42.7636041479,13.142055363,Italy,Eriosoma lanuginosum,Elm Balloon-gall Aphid,19,4,2025
44.507635,11.347949,Italy,Aphidinae,,19,4,2025
45.069635,11.7751,Italy,Aphididae,Aphids,19,4,2025
45.818295,8.2513216667,Italy,Eriosoma lanuginosum,Elm Balloon-gall Aphid,18,4,2025
40.6040030752,14.3490933456,Italy,Macrosiphini,,19,4,2025
42.5384383333,11.3467133333,Italy,Eriosoma lanuginosum,Elm Balloon-gall Aphid,19,4,2025
45.21672,10.7167633333,Italy,Tetraneura akinire,Oriental Grass Root Aphid,20,4,2025
45.7037305404,9.667424696,Italy,Aphis,,20,4,2025
42.1325128169,12.0692840964,Italy,Eriosoma lanuginosum,Elm Balloon-gall Aphid,20,4,2025
44.7075133333,12.2348866667,Italy,Aphididae,Aphids,20,4,2025
41.0934530499,14.3292071298,Italy,Aphis nerii,Oleander Aphid,19,4,2025
45.16040369,10.79845132,Italy,Macrosiphum rosae,Rose Aphid,21,4,2025
45.1604818,10.7983476,Italy,Macrosiphum rosae,Rose Aphid,21,4,2025
40.8227333333,15.23467,Italy,Uroleucon,Large Daisy Aphids,21,4,2025
45.4624399059,9.1915225983,Italy,Sitobion,,21,4,2025
41.8860527349,12.4791286301,Italy,Aphis,,20,4,2025
45.0618203962,7.6783117668,Italy,Aphididae,Aphids,21,4,2025
42.7483299997,10.1227815547,Italy,Aphis,,6,4,2025
42.13189974,12.07838823,Italy,Tetraneura akinire,Oriental Grass Root Aphid,22,4,2025
42.13189974,12.07838823,Italy,Tetraneura akinire,Oriental Grass Root Aphid,22,4,2025
46.7179195997,11.6435403997,Italy,Aphis,,22,4,2025
42.1318500303,12.0783233922,Italy,Tetraneura akinire,Oriental Grass Root Aphid,22,4,2025
42.096346273,12.1940982741,Italy,Aphis,,22,4,2025
40.8956709023,14.1016836217,Italy,Aphis nerii,Oleander Aphid,22,4,2025
45.541383,11.5033949722,Italy,Aulacorthum,,22,4,2025
44.3704194444,11.3385194167,Italy,Aphididae,Aphids,12,5,2024
41.9523692,12.52712931,Italy,Tetraneura akinire,Oriental Grass Root Aphid,23,4,2025
45.4984332046,9.4254890084,Italy,Aphididae,Aphids,23,4,2025
44.4056766132,8.9694534442,Italy,Macrosiphini,,20,3,2025
44.4754859107,8.9525993878,Italy,Aphidinae,,5,4,2025
37.0716555,15.2755966667,Italy,Aploneura lentisci,Mealy Grass Root Aphid,14,4,2025
45.3531543736,10.900740847,Italy,Tetraneura akinire,Oriental Grass Root Aphid,23,4,2025
46.4642999398,11.2742408096,Italy,Aphididae,Aphids,24,4,2025
42.7755283376,11.0938239713,Italy,Aphis craccivora,Cowpea Aphid,23,4,2025
44.7888617022,10.4453826767,Italy,Tetraneura caerulescens,,24,4,2025
45.3880240371,11.8119354532,Italy,Aphis,,24,4,2025
38.208929915,15.2438157611,Italy,Megoura viciae,Vetch Aphid,25,4,2025
41.8548983333,12.5317,Italy,Aphididae,Aphids,25,4,2025
45.0148326992,7.6219568342,Italy,Aphis gossypii,Melon Aphid,25,4,2025
38.2585179,15.2411972,Italy,Aphis,,25,4,2025
38.23020059,15.24175454,Italy,Hyalopterus,Mealy Plum-Reed Aphids,25,4,2025
45.0109366363,7.6359784827,Italy,Aulacorthum solani,Foxglove Aphid,25,4,2025
45.9380253233,9.3857289478,Italy,Hyperomyzus,Currant-Daisy Aphids,25,4,2025
41.93574805,12.50574879,Italy,Macrosiphum euphorbiae,Potato Aphid,25,4,2025
41.9353733333,12.506755,Italy,Macrosiphum euphorbiae,Potato Aphid,25,4,2025
41.9355166667,12.50616,Italy,Macrosiphum euphorbiae,Potato Aphid,25,4,2025
45.0791443662,7.6507889852,Italy,Aphis nerii,Oleander Aphid,25,4,2025
41.8799410912,12.4145466125,Italy,Aphis,,25,4,2025
41.93019282,12.50592371,Italy,Aphis fabae,Black Bean Aphid,25,4,2025
41.9298516667,12.5058766667,Italy,Aphis fabae,Black Bean Aphid,25,4,2025
41.9301183333,12.5058533333,Italy,Aphis fabae,Black Bean Aphid,25,4,2025
43.9630724491,12.7642388945,Italy,Uroleucon sonchi,Sow-thistle Aphid,25,4,2025
45.0151469835,7.6204753295,Italy,Aphididae,Aphids,25,4,2025
38.2072254433,15.2395225918,Italy,Anoecia,,25,4,2025
42.1613695,12.2163783333,Italy,Aphis fabae,Black Bean Aphid,25,4,2025
45.0825626729,7.6812089235,Italy,Aphis,,25,4,2025
38.184863301,15.2611543983,Italy,Megoura viciae,Vetch Aphid,25,4,2025
41.97803925,12.53170598,Italy,Aphis craccivora,Cowpea Aphid,26,4,2025
41.97369332,12.52962042,Italy,Tetraneura ulmi,Elm Sack Gall Aphid,26,4,2025
41.9649145,12.5328503,Italy,Tetraneura ulmi,Elm Sack Gall Aphid,26,4,2025
46.6565364013,11.0028867424,Italy,Acyrthosiphon,,26,4,2025
46.3516326,11.2843974,Italy,Aphis,,26,4,2025
42.1046117,12.4486201,Italy,Aphididae,Aphids,26,4,2025
38.2553525409,15.5972590763,Italy,Aphididae,Aphids,26,4,2025
45.7876107859,11.6904295562,Italy,Aphis sambuci,Elder Aphid,26,4,2025
45.0137469,7.6474805997,Italy,Macrosiphini,,26,4,2025
38.2026430621,15.2298664922,Italy,Aphis craccivora,Cowpea Aphid,26,4,2025
38.2023698787,15.2318648422,Italy,Aphis craccivora,Cowpea Aphid,26,4,2025
42.2191757863,12.6016908694,Italy,Tetraneura akinire,Oriental Grass Root Aphid,26,4,2025
45.0119431845,7.6451375708,Italy,Tetraneura akinire,Oriental Grass Root Aphid,26,4,2025
45.0119431845,7.6451375708,Italy,Tetraneura akinire,Oriental Grass Root Aphid,26,4,2025
45.0119431845,7.6451375708,Italy,Tetraneura akinire,Oriental Grass Root Aphid,26,4,2025
45.0119431845,7.6451375708,Italy,Tetraneura akinire,Oriental Grass Root Aphid,26,4,2025
43.312255,11.33795,Italy,Aphis,,26,4,2025
45.0139793,7.6486171,Italy,Aphidinae,,26,4,2025
45.1291007882,8.4507377073,Italy,Macrosiphini,,26,4,2025
45.4695277778,11.8487194444,Italy,Aphis sambuci,Elder Aphid,26,4,2025
44.4254182997,8.8218826997,Italy,Aphis,,24,4,2025
44.3823131255,9.0450293943,Italy,Aphis,,26,4,2025
40.3476383333,18.1574221667,Italy,Hyalopterus,Mealy Plum-Reed Aphids,27,4,2025
45.4053746,9.4944896,Italy,Aphididae,Aphids,27,4,2025
45.5210975997,8.9789431997,Italy,Aphis sambuci,Elder Aphid,27,4,2025
41.8456428259,12.8959355503,Italy,Tetraneura caerulescens,,27,4,2025
44.7546966667,11.6423033333,Italy,Aphidini,,27,4,2025
37.1261104329,14.4455536455,Italy,Aphididae,Aphids,21,4,2025
41.0471920829,14.9087215215,Italy,Macrosiphum rosae,Rose Aphid,27,4,2025
45.0552221667,7.686345,Italy,Macrosiphum rosae,Rose Aphid,27,4,2025
40.5184123141,9.7235099226,Italy,Aphididae,Aphids,27,4,2025
41.7972084,12.7253551997,Italy,Aphis fabae,Black Bean Aphid,27,4,2025
45.2455380383,11.6969118783,Italy,Aphidinae,,27,4,2025
46.0848651425,13.1892210245,Italy,Aphidinae,,27,4,2025
45.0548916255,7.6867372122,Italy,Macrosiphum rosae,Rose Aphid,27,4,2025
41.95252644,12.55756698,Italy,Periphyllus,Periphyllus Aphids,27,4,2025
41.69756792,13.02066813,Italy,Baizongia pistaciae,Pistacia Horn Gall Aphid,27,4,2025
41.69770585,13.02413348,Italy,Eriosoma lanuginosum,Elm Balloon-gall Aphid,27,4,2025
45.0550848,7.6862764997,Italy,Macrosiphini,,27,4,2025
45.0552143,7.6862665,Italy,Macrosiphum,,27,4,2025
45.0551675,7.6865345997,Italy,Macrosiphum,,27,4,2025
41.1885847,15.3059537,Italy,Aphididae,Aphids,27,4,2025
45.0546276,7.68646,Italy,Sitobion,,27,4,2025
45.0548068,7.6869968,Italy,Aphidinae,,27,4,2025
45.0548068,7.6869968,Italy,Macrosiphum rosae,Rose Aphid,27,4,2025
45.0545657997,7.6861455997,Italy,Myzus cerasi,Black Cherry Aphid,27,4,2025
45.0548933533,7.6865190268,Italy,Macrosiphum rosae,Rose Aphid,27,4,2025
43.3124967158,11.3378362645,Italy,Aphididae,Aphids,27,4,2025
45.0176997,7.61693805,Italy,Tetraneura,,28,4,2025
45.0187825,7.6142991,Italy,Tetraneura ulmi,Elm Sack Gall Aphid,28,4,2025
45.0191053,7.6131924,Italy,Eriosoma lanuginosum,Elm Balloon-gall Aphid,28,4,2025
45.01746237,7.61015307,Italy,Aphis fabae,Black Bean Aphid,28,4,2025
45.064535,7.6080266667,Italy,Aphis fabae,Black Bean Aphid,28,4,2025
41.9144550798,12.5097021087,Italy,Phyllaphis fagi,Woolly Beech Aphid,28,4,2025
41.9146828365,12.5097420093,Italy,Phyllaphis fagi,Woolly Beech Aphid,28,4,2025
41.9145061647,12.5098054134,Italy,Phyllaphis fagi,Woolly Beech Aphid,28,4,2025
45.0166905,7.6108666,Italy,Aphidinae,,28,4,2025
46.31677803,11.6022429,Italy,Aphididae,Aphids,28,4,2025
41.75393215,12.99770933,Italy,Aphis fabae,Black Bean Aphid,28,4,2025
45.0165879,7.6187659,Italy,Aphididae,Aphids,28,4,2025
40.8825523944,14.3002201617,Italy,Aphis,,28,4,2025
45.0645023961,7.6885276193,Italy,Macrosiphini,,28,4,2025
41.9320133333,12.5066033333,Italy,Tetraneura akinire,Oriental Grass Root Aphid,28,4,2025
39.2425205195,9.3051409904,Italy,Aphis,,11,4,2025
38.2230763749,15.2371615264,Italy,Macrosiphum euphorbiae,Potato Aphid,28,4,2025
41.2520718277,13.4499277344,Italy,Aphis ruborum,Small Bramble Aphid,26,4,2025
45.6127861111,9.7453638889,Italy,Tetraneura caerulescens,,23,4,2025
45.4763198585,9.2313165218,Italy,Aphididae,Aphids,28,4,2025
41.9193038939,12.4596662519,Italy,Aphis fabae,Black Bean Aphid,28,4,2025
38.2315518207,15.2483962243,Italy,Uroleucon sonchi,Sow-thistle Aphid,28,4,2025
41.9251406331,12.4989042431,Italy,Tetraneura akinire,Oriental Grass Root Aphid,28,4,2025
45.073425,7.711325,Italy,Aphidinae,,28,4,2025
45.85408,9.389155,Italy,Anoecia,,28,4,2025
41.7217184,12.3572176,Italy,Tetraneura akinire,Oriental Grass Root Aphid,26,4,2025
45.8846247275,8.6445572997,Italy,Aphis,,28,4,2025
45.1020333333,7.6655583333,Italy,Aphis craccivora,Cowpea Aphid,28,4,2025
43.3116033333,11.3364716667,Italy,Aphis,,26,4,2025
45.0175106687,7.6585348696,Italy,Macrosiphum rosae,Rose Aphid,28,4,2025
45.0161327135,7.6408007741,Italy,Aphis fabae,Black Bean Aphid,28,4,2025
44.4615138889,11.2144305556,Italy,Aphidinae,,28,4,2025
44.4605361111,11.2137472222,Italy,Aphididae,Aphids,28,4,2025
44.4582944444,11.2154277778,Italy,Periphyllus,Periphyllus Aphids,28,4,2025
44.457575,11.2203305556,Italy,Aphididae,Aphids,28,4,2025
45.136805,10.3675216667,Italy,Tetraneura akinire,Oriental Grass Root Aphid,29,4,2025
44.4622916667,11.2207444444,Italy,Periphyllus,Periphyllus Aphids,28,4,2025
44.4623638889,11.2208833333,Italy,Anoecia,,28,4,2025
43.6002645139,11.0570077222,Italy,Tetraneura akinire,Oriental Grass Root Aphid,28,4,2025
44.4675,11.2163305556,Italy,Aphis,,28,4,2025
40.7561213631,14.4139790162,Italy,Megoura viciae,Vetch Aphid,29,4,2025
44.8080876,10.3162249,Italy,Aphididae,Aphids,29,4,2025
44.91469,8.1399386,Italy,Tetraneura caerulescens,,29,4,2025
46.6517422549,11.1458813399,Italy,Aphididae,Aphids,24,4,2025
43.5882906291,13.5147047415,Italy,Macrosiphum rosae,Rose Aphid,29,4,2025
45.4088340518,11.8864409325,Italy,Macrosiphum,,29,4,2025
45.3939871257,7.6542315166,Italy,Eriosomatinae,Woolly Aphids and Gall-making Aphids,29,4,2025
43.8784388889,11.8334222222,Italy,Aphididae,Aphids,25,4,2025
38.2144518675,15.2328020537,Italy,Aphididae,Aphids,27,4,2025
38.2144518675,15.2328020537,Italy,Aphis,,27,4,2025
38.2209227036,15.2333783857,Italy,Aphis nerii,Oleander Aphid,27,4,2025
42.1064751924,12.4467838928,Italy,Tetraneura,,26,4,2025
38.2117106035,15.2446708828,Italy,Aphis craccae,Tufted Vetch Aphid,28,4,2025
44.9037664,8.1295777997,Italy,Aphis,,30,4,2025
37.0762333333,15.275855,Italy,Aphis sambuci,Elder Aphid,29,4,2025
37.0762471667,15.2758533333,Italy,Aphididae,Aphids,29,4,2025
43.312745,11.3379383333,Italy,Aphis,,27,4,2025
45.0566717802,7.6882301626,Italy,Macrosiphum rosae,Rose Aphid,27,4,2025
44.50085,11.3536777778,Italy,Aphis sambuci,Elder Aphid,30,4,2025
44.1714143847,9.6148499474,Italy,Acyrthosiphon,,30,4,2025
44.6347153314,10.4151255956,Italy,Aphis,,30,4,2025
44.6178685614,10.5747109526,Italy,Macrosiphini,,30,4,2025
38.202325,15.2318865997,Italy,Aphis craccivora,Cowpea Aphid,26,4,2025
38.2345568709,15.2391091355,Italy,Uroleucon sonchi,Sow-thistle Aphid,27,4,2025
45.856055,9.389475,Italy,Macrosiphum rosae,Rose Aphid,29,4,2025
38.1827805635,15.2554064244,Italy,Aphis nerii,Oleander Aphid,30,4,2025
43.6224195817,13.5161497816,Italy,Aphis,,30,4,2025
45.6709503771,12.1162643284,Italy,Aphis fabae,Black Bean Aphid,27,4,2025
43.6222492012,13.5166835412,Italy,Uroleucon,Large Daisy Aphids,27,4,2025
44.2003139104,10.8949043602,Italy,Eriosoma lanuginosum,Elm Balloon-gall Aphid,25,4,2025
46.1117226,8.2914276997,Italy,Macrosiphum euphorbiae,Potato Aphid,1,5,2025
45.4147526894,11.8675725907,Italy,Hyperomyzus,Currant-Daisy Aphids,28,4,2025
45.6491463292,10.0308024623,Italy,Acyrthosiphon,,1,5,2025
44.2958066242,11.7878020182,Italy,Acyrthosiphon,,1,5,2025
42.7241319942,11.5409388876,Italy,Aphis,,1,5,2025
45.7913017512,9.4282426313,Italy,Prociphilus,Woolly Aphids,1,5,2025
45.7786367215,9.4336332008,Italy,Tetraneura caerulescens,,1,5,2025
45.778528457,9.4336818159,Italy,Tetraneura akinire,Oriental Grass Root Aphid,1,5,2025
45.7789498222,9.4336026907,Italy,Periphyllus,Periphyllus Aphids,1,5,2025
43.96775,10.2093966667,Italy,Aphididae,Aphids,26,4,2025
44.8859048058,8.0557157099,Italy,Macrosiphum rosae,Rose Aphid,1,5,2025
44.0496606,9.8337479,Italy,Therioaphis,,1,5,2025
44.0508536997,9.8343401,Italy,Uroleucon,Large Daisy Aphids,1,5,2025
45.3939893,7.6542377,Italy,Pemphigus populi,,29,4,2025
46.402725,12.9683916667,Italy,Prociphilus,Woolly Aphids,1,5,2025
44.58806827,10.53353728,Italy,Tetraneura caerulescens,,2,5,2025
38.174972,13.358935,Italy,Macrosiphini,,1,5,2025
44.4901777778,11.2086222222,Italy,Brachycaudus tragopogonis,Goatsbeard Aphid,2,5,2025
40.12357,9.4963666667,Italy,Macrosiphini,,1,5,2025
45.0793519941,7.6509147137,Italy,Aphis nerii,Oleander Aphid,2,5,2025
46.3824116667,12.8636666667,Italy,Prociphilus,Woolly Aphids,2,5,2025
43.7222253436,10.4235612354,Italy,Aphididae,Aphids,2,5,2025
46.0537238801,13.0411598748,Italy,Macrosiphum rosae,Rose Aphid,2,5,2025
45.7279586667,9.7384376389,Italy,Myzus persicae,Green Peach Aphid,2,5,2025
46.1848098637,9.6796620908,Italy,Aphis,,25,4,2025
44.4593810002,11.2136942893,Italy,Aphis sambuci,Elder Aphid,28,4,2025
40.6689128938,14.7299402207,Italy,Aphis nerii,Oleander Aphid,3,5,2025
43.7896316667,10.3837616667,Italy,Tetraneura akinire,Oriental Grass Root Aphid,3,5,2025
41.2678577224,13.592835401,Italy,Aphis cytisorum,Laburnum aphid,2,5,2025
37.5042535539,15.0907632487,Italy,Aphis nerii,Oleander Aphid,3,5,2025
41.2688899268,13.5919770942,Italy,Aphis fabae,,2,5,2025
45.3725325834,10.2082489321,Italy,Macrosiphum rosae,Rose Aphid,3,5,2025
41.8456428259,12.8959355503,Italy,Tetraneura caerulescens,,27,4,2025
43.0629328968,12.6388945738,Italy,Prociphilus,Woolly Aphids,3,5,2025
46.33574184,11.28700596,Italy,Eriosomatinae,Woolly Aphids and Gall-making Aphids,3,5,2025
44.454122383,8.7123591699,Italy,Aphis,,3,5,2025
45.532525,9.2103783333,Italy,Macrosiphum rosae,Rose Aphid,4,5,2025
40.8723837929,14.1957883537,Italy,Aphididae,Aphids,4,5,2025
40.8723244,14.2768432,Italy,Macrosiphum euphorbiae,Potato Aphid,4,5,2025
42.81676899,11.17007583,Italy,Tetraneura,,4,5,2025
44.54833524,10.55106552,Italy,Eriosoma lanuginosum,Elm Balloon-gall Aphid,4,5,2025
46.40047,12.9989666667,Italy,Aphididae,Aphids,3,5,2025
44.4311439124,8.7491136789,Italy,Aphis fabae,Black Bean Aphid,3,5,2025
38.22746275,15.2429571111,Italy,Aphididae,Aphids,28,4,2025
46.0588879511,11.1000829563,Italy,Prociphilus,Woolly Aphids,4,5,2025
38.1766932997,15.2307666,Italy,Brevicoryne brassicae,Cabbage Aphid,27,4,2025
38.17736,15.2315115997,Italy,Brachycaudus,Short-tailed Aphids,27,4,2025
45.9380253233,9.3857289478,Italy,Aphidinae,,4,5,2025
45.4476826579,10.141836625,Italy,Macrosiphum,,4,5,2025
45.0319472222,7.6579944444,Italy,Aphis,,28,4,2025
45.0117555556,7.6276055556,Italy,Tetraneura caerulescens,,28,4,2025
44.9569709593,7.895306057,Italy,Macrosiphini,,4,5,2025
45.3327395403,7.8527992219,Italy,Tetraneura caerulescens,,5,5,2025
41.892782608,12.4708481335,Italy,Aphis craccivora,Cowpea Aphid,5,5,2025
44.5114138889,11.1893027778,Italy,Thecabius affinis,Poplar-Buttercup Gall Aphid,5,5,2025
43.094203949,13.642534256,Italy,Aphididae,Aphids,5,5,2025
42.129017102,12.0522785559,Italy,Tetraneura ulmi,Elm Sack Gall Aphid,5,5,2025
42.1291056224,12.0519003645,Italy,Eriosomatini,,5,5,2025
42.1291361667,12.0516805,Italy,Dysaphis,,5,5,2025
44.1777405827,12.3370976374,Italy,Aphis,,5,5,2025
41.9123533333,12.4823,Italy,Aphididae,Aphids,25,4,2025
44.7681623065,11.7508783384,Italy,Brachycaudus cardui,Plum-thistle Aphid,4,5,2025
45.7077066667,9.6918383333,Italy,Aphis fabae,Black Bean Aphid,6,5,2025
41.956875,12.7984416667,Italy,Macrosiphini,,6,5,2025
43.721720343,10.5250876841,Italy,Aphididae,Aphids,6,5,2025
45.5200817097,10.251067567,Italy,Aphis,,6,5,2025
44.0961138333,9.7451583333,Italy,Aphididae,Aphids,6,5,2025
42.127475,12.0701445,Italy,Eriosomatinae,Woolly Aphids and Gall-making Aphids,6,5,2025
38.1936798185,15.5542088673,Italy,Macrosiphum euphorbiae,Potato Aphid,4,5,2025
44.1772603945,12.3413754255,Italy,Uroleucon sonchi,Sow-thistle Aphid,7,5,2025
45.1652066667,10.5170516667,Italy,Aphididae,Aphids,7,5,2025
45.2763075546,8.9928376367,Italy,Tetraneura caerulescens,,7,5,2025
43.7222614519,10.9741757065,Italy,Pemphigus immunis,,7,5,2025
41.8915023348,12.4807596405,Italy,Aphis craccivora,Cowpea Aphid,7,5,2025
41.8912548662,12.4807575708,Italy,Aphis fabae,Black Bean Aphid,7,5,2025
43.721783385,11.0332268849,Italy,Aphididae,Aphids,7,5,2025
45.3582802471,9.6562175658,Italy,Tetraneura caerulescens,,4,5,2025
46.36824686,11.265766,Italy,Eriosomatini,,8,5,2025
39.838931,16.2584529722,Italy,Aphididae,Aphids,8,5,2025
39.0760111667,16.1654971667,Italy,Tetraneura ulmi,Elm Sack Gall Aphid,8,5,2025
45.639180709,10.0389212742,Italy,Tetraneura akinire,Oriental Grass Root Aphid,7,5,2025
45.4327767591,12.3497436958,Italy,Macrosiphum rosae,Rose Aphid,8,5,2025
41.9539966667,12.442405,Italy,Aphididae,Aphids,8,5,2025
37.5107168054,15.0843433068,Italy,Macrosiphum rosae,Rose Aphid,6,5,2025
43.7219396719,10.9525453672,Italy,Aphis nerii,Oleander Aphid,8,5,2025
45.6746670089,8.5880789063,Italy,Aphididae,Aphids,8,5,2025
43.7228720539,10.9530365467,Italy,Pemphigus populi,,8,5,2025
45.50959138,9.2604181,Italy,Tetraneura caerulescens,,9,5,2025
44.49623945,11.30298373,Italy,Eriosoma lanigerum,Woolly Apple Aphid,9,5,2025
40.7576367853,14.412468262,Italy,Aphis gossypii,Melon Aphid,9,5,2025
44.5009643073,11.3538497019,Italy,Aphis,,8,5,2025
44.714455423,10.1321322285,Italy,Tetraneura caerulescens,,9,5,2025
44.5006966667,11.04065,Italy,Aphididae,Aphids,9,5,2025
44.7136882,10.13182677,Italy,Tetraneura caerulescens,,9,5,2025
44.7222166667,10.1179305556,Italy,Aulacorthum,,9,5,2025
45.4908260592,12.4119262397,Italy,Aphis,,9,5,2025
45.5928027778,13.7612444444,Italy,Aphis nerii,Oleander Aphid,9,5,2025
44.951866708,9.3592783436,Italy,Tetraneura akinire,Oriental Grass Root Aphid,9,5,2025
45.474571005,11.4993246347,Italy,Myzus cerasi,Black Cherry Aphid,9,5,2025
39.94959614,9.6619378,Italy,Megoura viciae,Vetch Aphid,10,5,2025
45.7186138064,9.3846325949,Italy,Aphididae,Aphids,10,5,2025
40.6686779212,14.80456485,Italy,Aphididae,Aphids,10,5,2025
40.8247424,14.1951708,Italy,Greenidea ficicola,Hairy-tailed Fig Aphid,10,5,2025
45.1025937346,8.3569281176,Italy,Tetraneura caerulescens,,10,5,2025
45.1026093308,8.3568901476,Italy,Eriosoma lanuginosum,Elm Balloon-gall Aphid,10,5,2025
41.8353490906,12.5987723978,Italy,Aphis nerii,Oleander Aphid,10,5,2025
45.8944969177,8.5275812149,Italy,Aphididae,Aphids,10,5,2025
40.8417675371,14.1543058209,Italy,Aphis sambuci,Elder Aphid,2,5,2025
45.5464333333,9.20643,Italy,Tetraneura akinire,Oriental Grass Root Aphid,10,5,2025
45.5192666667,12.3838133333,Italy,Eriosomatini,,10,5,2025
44.6942694444,12.2372111111,Italy,Aphis holoenotherae,,10,5,2025
44.7950533911,7.7167072892,Italy,Tetraneura caerulescens,,10,5,2025
44.7950533911,7.7167072892,Italy,Tetraneura caerulescens,,10,5,2025
44.7950533911,7.7167072892,Italy,Tetraneura caerulescens,,10,5,2025
44.7950533911,7.7167072892,Italy,Tetraneura,,10,5,2025
44.7950533911,7.7167072892,Italy,Tetraneura caerulescens,,10,5,2025
44.7950533911,7.7167072892,Italy,Tetraneura caerulescens,,10,5,2025
44.7950533911,7.7167072892,Italy,Tetraneura caerulescens,,10,5,2025
44.7950533911,7.7167072892,Italy,Tetraneura caerulescens,,10,5,2025
44.7950533911,7.7167072892,Italy,Tetraneura caerulescens,,10,5,2025
44.7950533911,7.7167072892,Italy,Tetraneura caerulescens,,10,5,2025
44.7950533911,7.7167072892,Italy,Tetraneura caerulescens,,10,5,2025
44.7950533911,7.7167072892,Italy,Tetraneura caerulescens,,10,5,2025
43.9223251458,12.8986982256,Italy,Cryptomyzus ribis,Redcurrant Blister Aphid,10,5,2025
43.7435333333,10.6720083333,Italy,Macrosiphoniella,Anthemid Aphids,9,5,2025
44.7950533911,7.7167072892,Italy,Tetraneura,,10,5,2025
43.6047168367,13.4476267174,Italy,Tetraneura ulmi,Elm Sack Gall Aphid,10,5,2025
44.67301258,10.65587559,Italy,Tetraneura akinire,Oriental Grass Root Aphid,11,5,2025
40.3579510187,18.170231047,Italy,Uroleucon sonchi,Sow-thistle Aphid,11,5,2025
44.7876739121,11.6436753653,Italy,Macrosiphini,,10,5,2025
44.000586394,11.1405605078,Italy,Aphididae,Aphids,11,5,2025
43.6047869997,13.4477893263,Italy,Tetraneura caerulescens,,10,5,2025
45.9380253233,9.3857289478,Italy,Macrosiphini,,11,5,2025
45.9380253233,9.3857289478,Italy,Macrosiphum rosae,Rose Aphid,11,5,2025
42.06213004,12.96450093,Italy,Eriosoma lanuginosum,Elm Balloon-gall Aphid,11,5,2025
41.8092879585,12.5605017697,Italy,Aphis,,11,5,2025
41.8211166695,12.4043811658,Italy,Aphidinae,,11,5,2025
43.6042123409,13.44783023,Italy,Tetraneura ulmi,Elm Sack Gall Aphid,10,5,2025
40.8210117746,14.9780066684,Italy,Aphididae,Aphids,10,5,2025
44.9797577603,7.8679811503,Italy,Macrosiphini,,11,5,2025
43.6047401428,13.4476184844,Italy,Tetraneura ulmi,Elm Sack Gall Aphid,10,5,2025
43.6044412825,13.4477588162,Italy,Tetraneura ulmi,Elm Sack Gall Aphid,8,5,2025
45.1529643838,7.5014328879,Italy,Tetraneura caerulescens,,12,5,2025
40.7713029,14.7893554997,Italy,Phyllaphis fagi,Woolly Beech Aphid,12,5,2025
42.0977695,12.1861633333,Italy,Macrosiphum,,12,5,2025
44.4907777778,11.2093888889,Italy,Aphididae,Aphids,12,5,2025
44.4901083333,11.2082472222,Italy,Tetraneura caerulescens,,12,5,2025
44.4889055556,11.2085416667,Italy,Aphididae,Aphids,12,5,2025
43.7315882,12.8162363,Italy,Aphis spiraecola,Spiraea Aphid,12,5,2025
44.49947,11.0400305,Italy,Aphidinae,,12,5,2025
45.0153274536,8.3224182129,Italy,Tetraneura ulmi,Elm Sack Gall Aphid,12,5,2025
45.9537469722,12.671234,Italy,Tetraneura akinire,Oriental Grass Root Aphid,12,5,2025
42.4121083921,11.2148204818,Italy,Therioaphis,,23,4,2025
45.5598633333,12.3281116667,Italy,Tetraneura caerulescens,,11,5,2025
45.33725,11.2165583333,Italy,Dysaphis plantaginea,Rosy Apple Aphid,8,5,2025
43.80281019,11.30070381,Italy,Eriosomatinae,Woolly Aphids and Gall-making Aphids,13,5,2025
44.4907777778,11.21,Italy,Prociphilus fraxini,,13,5,2025
44.489789,11.209892,Italy,Aphis,,13,5,2025
45.0648971024,7.6879797833,Italy,Uroleucon sonchi,Sow-thistle Aphid,13,5,2025
44.49862,11.0394471667,Italy,Macrosiphini,,13,5,2025
44.5013337,11.3858739,Italy,Pachypappa warshavensis,,13,5,2025
45.5377386,9.2099318,Italy,Macrosiphini,,13,5,2025
44.501675,11.38464,Italy,Aphididae,Aphids,13,5,2025
44.7817594103,10.4406842421,Italy,Aphis sambuci,Elder Aphid,13,5,2025
44.1767236948,12.3424647376,Italy,Eucallipterus tiliae,Lime Leaf Aphid,14,5,2025
44.1774986857,12.3346880078,Italy,Eucallipterus tiliae,Lime Leaf Aphid,14,5,2025
45.8090466667,9.5554333333,Italy,Eriosoma lanigerum,Woolly Apple Aphid,14,5,2025
44.58071,8.2151333333,Italy,Aphis,,14,5,2025
45.84227959,10.56422857,Italy,Tetraneura akinire,Oriental Grass Root Aphid,14,5,2025
43.9873769707,12.6530028507,Italy,Tetraneura akinire,Oriental Grass Root Aphid,14,5,2025
42.0796888333,12.4011533333,Italy,Aphis nerii,Oleander Aphid,14,5,2025
44.3887972222,7.4331194444,Italy,Aphis sambuci,Elder Aphid,14,5,2025
40.3354417865,15.3375837828,Italy,Aphididae,Aphids,14,5,2025
44.7687019547,10.7558571199,Italy,Tetraneura caerulescens,,14,5,2025
44.8278866667,11.60097,Italy,Aphis fabae,Black Bean Aphid,12,5,2025
43.7193471956,10.3757591173,Italy,Aphis gossypii,Melon Aphid,12,5,2025
41.9354427343,12.0941755321,Italy,Hyalopterus,Mealy Plum-Reed Aphids,15,5,2025
45.1888583333,11.4733972222,Italy,Aphididae,Aphids,21,4,2025
43.1130467,12.397764,Italy,Brachycaudus,Short-tailed Aphids,15,5,2025
46.1848015073,9.6796580675,Italy,Aphididae,Aphids,10,5,2025
46.4897166667,11.34672,Italy,Aphis fabae,Black Bean Aphid,14,5,2025
40.7549315027,14.412865229,Italy,Uroleucon sonchi,Sow-thistle Aphid,16,5,2025
44.5027888889,11.1833416667,Italy,Aphididae,Aphids,16,5,2025
46.0640028333,11.1506333333,Italy,Aphididae,Aphids,16,5,2025
45.9380253233,9.3857289478,Italy,Aphidini,,16,5,2025
45.9380253233,9.3857289478,Italy,Macrosiphoniella,Anthemid Aphids,16,5,2025
45.4070513919,9.2762907967,Italy,Aphis sambuci,Elder Aphid,16,5,2025
45.9380253233,9.3857289478,Italy,Aphidinae,,16,5,2025
44.7650017776,8.0758806411,Italy,Aphis fabae,Black Bean Aphid,16,5,2025
44.6900416667,11.085565,Italy,Aphis,,17,5,2025
43.8258466667,11.173495,Italy,Hyalopterus pruni,Mealy Plum Aphid,17,5,2025
42.4238395691,12.1529359818,Italy,Aphididae,Aphids,17,5,2025
41.72219496,12.57478817,Italy,Megoura viciae,Vetch Aphid,17,5,2025
45.4744682044,9.2037095502,Italy,Tinocallis,,17,5,2025
45.7583007778,11.7168807778,Italy,Aphis,,17,5,2025
44.4685380663,11.2858003929,Italy,Tetraneura akinire,Oriental Grass Root Aphid,17,5,2025
44.4684929876,11.2858246799,Italy,Tetraneura ulmi,Elm Sack Gall Aphid,17,5,2025
45.4491615278,9.1671323611,Italy,Aphididae,Aphids,17,5,2025
45.3913513334,9.2861016467,Italy,Uroleucon aeneum,Dark-tailed Thistle Aphid,17,5,2025
44.8724805,8.0496227997,Italy,Tetraneura caerulescens,,17,5,2025
43.5468367239,13.3904345074,Italy,Periphyllus,Periphyllus Aphids,17,5,2025
44.4738138889,11.2779472222,Italy,Chaitophorus,,17,5,2025
41.8819969722,12.2951499722,Italy,Aphididae,Aphids,17,5,2025
39.2036986111,9.1528692533,Italy,Aploneura lentisci,Mealy Grass Root Aphid,25,3,2024
44.6917441858,11.0867929457,Italy,Aphididae,Aphids,17,5,2025
45.1380001943,10.4362318665,Italy,Tetraneura akinire,Oriental Grass Root Aphid,18,5,2025
45.0702821895,7.6868563145,Italy,Aphididae,Aphids,17,5,2025
45.6950028526,12.2717922181,Italy,Tetraneura akinire,Oriental Grass Root Aphid,17,5,2025
45.6748180314,12.2459377348,Italy,Aphis sambuci,Elder Aphid,17,5,2025
45.1890638889,11.4744305556,Italy,Aphididae,Aphids,18,5,2025
45.1889777778,11.4742916667,Italy,Aphididae,Aphids,18,5,2025
45.1889777778,11.4742916667,Italy,Myzus persicae,Green Peach Aphid,18,5,2025
45.1564549,10.429187,Italy,Toxoptera,,18,5,2025
43.0797083333,11.2993966667,Italy,Aphis fabae,Black Bean Aphid,14,5,2025
44.678589,8.0914599,Italy,Tetraneura caerulescens,,18,5,2025
45.1380001943,10.4362318665,Italy,Colopha compressa,,18,5,2025
42.1319024048,12.0812648535,Italy,Eriosomatini,,18,5,2025
41.0549441558,14.6278633922,Italy,Tetraneura akinire,Oriental Grass Root Aphid,18,5,2025
46.6580609722,11.1859339722,Italy,Aphididae,Aphids,18,5,2025
41.748307806,12.2955576239,Italy,Aphididae,Aphids,21,4,2025
41.7480259094,12.2949287058,Italy,Aphidinae,,21,4,2025
41.7478337994,12.2947570444,Italy,Aphis fabae,Black Bean Aphid,21,4,2025
45.7292694645,9.6765337139,Italy,Aphis,,18,5,2025
45.607395,10.3085583333,Italy,Aphis fabae,Black Bean Aphid,16,5,2025
43.6380621996,12.7131788805,Italy,Eriosomatinae,Woolly Aphids and Gall-making Aphids,17,5,2025
45.1889777778,11.4742916667,Italy,Aphis spiraecola,Spiraea Aphid,18,5,2025
37.5156370012,15.0832546424,Italy,Aphididae,Aphids,19,5,2025
45.8143847541,8.6107497014,Italy,Calaphis,Dark-veined Birch Aphids,19,5,2025
44.0048456451,10.5625855953,Italy,Aphididae,Aphids,18,5,2025
45.1889777778,11.4742916667,Italy,Aphididae,Aphids,18,5,2025
45.1889777778,11.4742916667,Italy,Aphididae,Aphids,18,5,2025
43.9396033333,12.5495716667,Italy,Aphis sambuci,Elder Aphid,19,5,2025
40.62200925,14.5451583611,Italy,Aphis sambuci,Elder Aphid,11,5,2025
42.058919,12.664062,Italy,Tetraneura akinire,Oriental Grass Root Aphid,30,4,2025
45.5090490102,9.1979451478,Italy,Eucallipterus tiliae,Lime Leaf Aphid,19,5,2025
45.1382092064,10.4362694453,Italy,Aphididae,Aphids,18,5,2025
43.7188240344,10.3783642128,Italy,Aphidinae,,19,5,2025
43.7054573823,10.4192619359,Italy,Aphis fabae,Black Bean Aphid,19,5,2025
46.1115747997,8.2914776,Italy,Aphidinae,,20,5,2025
37.5819351,13.9474827,Italy,Aphididae,Aphids,13,5,2025
37.0768441897,14.2492930935,Italy,Aphidinae,,20,5,2025
42.0570980997,11.9418898,Italy,Uroleucon sonchi,Sow-thistle Aphid,20,5,2025
43.71074,10.41726,Italy,Aphididae,Aphids,20,5,2025
40.8348161137,14.108161591,Italy,Aphis,,17,5,2025
43.8020141383,11.2024689093,Italy,Periphyllus,Periphyllus Aphids,17,5,2025
43.7208917651,10.3850096061,Italy,Aphis fabae,Black Bean Aphid,19,5,2025
45.5320558553,10.953454636,Italy,Macrosiphum rosae,Rose Aphid,20,5,2025
44.8059683,10.3258469997,Italy,Tetraneura akinire,Oriental Grass Root Aphid,20,5,2025
42.1579101947,14.0017516539,Italy,Aphis fabae,Black Bean Aphid,20,5,2025
44.7064824244,10.8931641563,Italy,Aphididae,Aphids,19,5,2025
42.1561694444,12.2478138889,Italy,Acyrthosiphon,,18,5,2025
40.17261732,16.69427153,Italy,Tetraneura caerulescens,,12,5,2025
44.8227005003,8.003855705,Italy,Tetraneura caerulescens,,17,5,2025
40.77311325,14.7867078611,Italy,Myzus persicae,Green Peach Aphid,21,5,2025
45.476912618,9.2356343363,Italy,Aphis,,21,5,2025
45.5208877671,10.2486637703,Italy,Aphis sambuci,Elder Aphid,21,5,2025
45.5207673446,10.2484610871,Italy,Aphis sambuci,Elder Aphid,21,5,2025
43.7413,11.2203966667,Italy,Aphis fabae,Black Bean Aphid,18,5,2025
41.919764042,12.4287017983,Italy,Tetraneura akinire,Oriental Grass Root Aphid,21,5,2025
44.4988833333,11.0399916667,Italy,Sitobion avenae,English Grain Aphid,21,5,2025
44.498645,11.0397555,Italy,Melanaphis,,21,5,2025
41.9189862,12.5155272,Italy,Macrosiphum euphorbiae,Potato Aphid,21,5,2025
44.2252564937,11.7350691184,Italy,Periphyllus,Periphyllus Aphids,5,5,2025
44.43678303,8.85123625,Italy,Forda formicaria,Pistachio-Grass Root Aphid,21,5,2025
43.6042261794,13.4513710812,Italy,Aphididae,Aphids,21,5,2025
43.774495,10.7140583333,Italy,Tetraneura akinire,Oriental Grass Root Aphid,17,5,2025
44.6528129575,8.0511217117,Italy,Tetraneura caerulescens,,18,5,2025
43.7321523691,10.408673059,Italy,Aphidinae,,21,5,2025
43.7078382514,10.3723469721,Italy,Chaitophorus populeti,Poplar Shoot Aphid,19,5,2025
43.7228628465,10.3874190152,Italy,Toxoptera,,19,5,2025
41.9122850997,12.5400814997,Italy,Aphididae,Aphids,20,5,2025
45.89323,11.0417166667,Italy,Aphididae,Aphids,21,5,2025
38.539505,14.8698833333,Italy,Aphis nerii,Oleander Aphid,21,5,2025
43.6007756445,10.5163829339,Italy,Aphididae,Aphids,22,5,2025
43.6997796017,10.4346813302,Italy,Megoura viciae,Vetch Aphid,21,5,2025
46.1116551,8.2914242997,Italy,Macrosiphum euphorbiae,Potato Aphid,20,5,2025
45.6753699627,12.2419878468,Italy,Aphididae,Aphids,22,5,2025
43.75667,10.4440416667,Italy,Aphis,,22,5,2025
43.757026635,10.4441787073,Italy,Thecabius affinis,Poplar-Buttercup Gall Aphid,22,5,2025
43.7570866959,10.4440606901,Italy,Pemphigus immunis,,22,5,2025
43.7172964453,10.3788543865,Italy,Aphis gossypii,Melon Aphid,22,5,2025
44.7194027981,8.2860608026,Italy,Aphididae,Aphids,14,5,2025
43.7056019,10.4202274,Italy,Aphididae,Aphids,21,5,2025
43.7317874471,10.4201507438,Italy,Macrosiphum rosae,Rose Aphid,20,5,2025
44.9200466667,7.858445,Italy,Panaphis juglandis,Walnut Aphid,22,5,2025
43.7273521389,10.6180944167,Italy,Macrosiphum rosae,Rose Aphid,22,5,2025
44.1702111997,8.3484447997,Italy,Aphis nerii,Oleander Aphid,22,5,2025
43.7203611003,10.3824472119,Italy,Megoura viciae,Vetch Aphid,21,5,2025
43.7239999544,10.4279928663,Italy,Aphis fabae,Black Bean Aphid,20,5,2025
43.7250103882,10.4295539655,Italy,Megoura,,20,5,2025
43.711679119,10.3835911676,Italy,Aphis,,22,5,2025
41.9070966667,12.4541466667,Italy,Aphididae,Aphids,23,5,2025
37.9678586244,13.4550537553,Italy,Aphis gossypii,Melon Aphid,21,5,2025
37.9679832457,13.4534864883,Italy,Hyalopterus pruni,Mealy Plum Aphid,19,5,2025
37.9683215782,13.4547739479,Italy,Aphis craccivora,Cowpea Aphid,22,5,2025
43.70035,10.3995638889,Italy,Aphis,,23,5,2025
43.7584116667,10.4349866667,Italy,Megoura,,23,5,2025
43.7174600136,10.3797810897,Italy,Aphis fabae,Black Bean Aphid,23,5,2025
43.7170722955,10.3819942474,Italy,Aphidinae,,23,5,2025
43.723110429,10.522889729,Italy,Aphis,,22,5,2025
44.4837888889,11.350675,Italy,Eucallipterus tiliae,Lime Leaf Aphid,23,5,2025
45.5181309527,10.231571105,Italy,Aphis fabae,Black Bean Aphid,23,5,2025
44.4835222222,11.3506611111,Italy,Eucallipterus tiliae,Lime Leaf Aphid,23,5,2025
44.1774984452,12.3376783356,Italy,Tuberculatus,,21,5,2025
43.6895271062,10.5332285262,Italy,Uroleucon sonchi,Sow-thistle Aphid,21,5,2025
43.720475515,10.382574826,Italy,Megoura viciae,Vetch Aphid,21,5,2025
44.8109639722,11.578898,Italy,Tetraneura akinire,Oriental Grass Root Aphid,24,5,2025
45.5044392988,10.7512177468,Italy,Megoura viciae,Vetch Aphid,18,5,2025
45.5047186072,10.7509594432,Italy,Aphidinae,,18,5,2025
43.6495661614,13.3436169291,Italy,Aphis spiraecola,Spiraea Aphid,23,5,2025
43.758755,10.43477,Italy,Aphis fabae,Black Bean Aphid,24,5,2025
43.7585033333,10.435245,Italy,Megoura viciae,Vetch Aphid,24,5,2025
45.5318033333,9.1964466667,Italy,Acyrthosiphon,,24,5,2025
43.7170426865,10.3932687861,Italy,Macrosiphum euphorbiae,Potato Aphid,20,5,2025
43.7169631327,10.3932455231,Italy,Macrosiphum euphorbiae,Potato Aphid,20,5,2025
43.7169709533,10.3932614811,Italy,Macrosiphum euphorbiae,Potato Aphid,20,5,2025
45.9380253233,9.3857289478,Italy,Toxoptera,,24,5,2025
43.6705644229,10.6504362876,Italy,Aphis fabae,Black Bean Aphid,24,5,2025
45.9380253233,9.3857289478,Italy,Aphis,,24,5,2025
43.7627633333,10.4365533333,Italy,Macrosiphum rosae,Rose Aphid,24,5,2025
43.7577179,11.2489936,Italy,Aphis fabae,Black Bean Aphid,24,5,2025
43.7253890352,10.4105890921,Italy,Aphis,,24,5,2025
40.6379997886,14.4020488858,Italy,Cinara,Giant Conifer Aphids,24,5,2025
45.4231986944,9.18581675,Italy,Chaitophorus populeti,Poplar Shoot Aphid,24,5,2025
41.8849689722,12.292804,Italy,Tetraneura,,24,5,2025
41.8151808572,12.0817235503,Italy,Uroleucon sonchi,Sow-thistle Aphid,24,5,2025
44.6904159722,8.0364029722,Italy,Macrosiphum rosae,Rose Aphid,24,5,2025
43.8030394762,10.4371197845,Italy,Anoecia,,22,5,2025
45.4681122612,9.1824027523,Italy,Aphididae,Aphids,24,5,2025
45.67393481,9.23253073,Italy,Aphididae,Aphids,24,5,2025
46.6659962473,10.5818343823,Italy,Aphididae,Aphids,24,5,2025
40.2958952,8.4976661,Italy,Aphididae,Aphids,24,5,2025
38.1646944399,14.9302912987,Italy,Aphididae,Aphids,23,5,2025
45.8825497678,8.7850428739,Italy,Macrosiphum rosae,Rose Aphid,24,5,2025
45.0497194444,12.3599527778,Italy,Acyrthosiphon,,18,5,2025
45.96034,12.6812159722,Italy,Aphididae,Aphids,21,5,2025
39.1116073109,8.2858619839,Italy,Aploneura lentisci,Mealy Grass Root Aphid,4,4,2025
39.7877444392,16.5261352534,Italy,Aphis spiraecola,Spiraea Aphid,20,5,2025
39.6651783333,16.4243416667,Italy,Aphis spiraecola,Spiraea Aphid,20,5,2025
43.7575176732,10.443836107,Italy,Pemphigus immunis,,23,5,2025
43.7571997182,10.4440870507,Italy,Rhopalosiphum padi,Bird Cherry-oat Aphid,23,5,2025
45.6719107415,8.1918589486,Italy,Brachycaudus cardui,Plum-thistle Aphid,24,5,2025
43.7175410575,10.4209351924,Italy,Tetraneura,,22,5,2025
43.7176030918,10.4209164178,Italy,Tetraneura akinire,Oriental Grass Root Aphid,22,5,2025
44.5157861111,11.2813916667,Italy,Aphididae,Aphids,24,5,2025
45.5047589259,10.7515576331,Italy,Macrosiphini,,24,5,2025
45.5475213147,10.752462355,Italy,Aphididae,Aphids,24,5,2025
44.6795114797,11.6503326051,Italy,Aphididae,Aphids,24,5,2025
44.67539502,10.64868757,Italy,Tetraneura caerulescens,,25,5,2025
44.4901716667,11.2092666667,Italy,Tetraneura,,23,5,2025
43.7061276596,10.3918471415,Italy,Tetraneura ulmi,Elm Sack Gall Aphid,23,5,2025
43.8237981219,10.7011567522,Italy,Aphididae,Aphids,25,5,2025
43.8237388889,10.701125,Italy,Aphis spiraecola,Spiraea Aphid,25,5,2025
43.8237653906,10.7011294272,Italy,Aphididae,Aphids,25,5,2025
40.8424333333,14.2487333333,Italy,Aphididae,Aphids,25,5,2025
46.24712165,11.0597833333,Italy,Macrosiphini,,25,5,2025
43.7172336834,10.3785496205,Italy,Anoecia,,25,5,2025
45.7283968966,11.7773789008,Italy,Tetraneura akinire,Oriental Grass Root Aphid,25,5,2025
45.5209129125,10.2487919597,Italy,Aphis sambuci,Elder Aphid,25,5,2025
41.06375,14.5525388889,Italy,Tetraneura caerulescens,,25,5,2025
43.7201146162,10.3958482318,Italy,Aphididae,Aphids,25,5,2025
39.9834866559,9.2644560985,Italy,Brachycaudus cardui,Plum-thistle Aphid,15,5,2025
45.5159209,9.203108,Italy,Aphis,,25,5,2025
43.7371333333,10.4483666667,Italy,Tetraneura ulmi,Elm Sack Gall Aphid,25,5,2025
45.5778285,9.2268921,Italy,Aphis sambuci,Elder Aphid,25,5,2025
45.5779152,9.225824,Italy,Aphis sambuci,Elder Aphid,25,5,2025
43.5867707054,10.3997153854,Italy,Aphididae,Aphids,24,5,2025
43.5856976512,10.4014084908,Italy,Aphididae,Aphids,24,5,2025
43.5852920682,10.4010883226,Italy,Aphis fabae,Black Bean Aphid,24,5,2025
40.5346413693,9.803419716,Italy,Aphididae,Aphids,17,5,2025
43.752688767,10.4698370479,Italy,Megoura viciae,Vetch Aphid,24,5,2025
44.1773010315,12.3371750861,Italy,Aphis fabae,Black Bean Aphid,24,5,2025
44.4831444444,11.2188138889,Italy,Uroleucon,Large Daisy Aphids,26,5,2025
43.6047869997,13.4477893263,Italy,Tetraneura caerulescens,,26,5,2025
40.6158828899,14.3811300024,Italy,Aphidinae,,24,5,2025
44.6968986997,10.2143001,Italy,Tetraneura akinire,Oriental Grass Root Aphid,24,5,2025
42.9764242,10.4890173472,Italy,Hyalopterus,Mealy Plum-Reed Aphids,25,5,2025
42.102025,12.44892,Italy,Anoecia,,27,5,2025
37.5202325997,15.0835585,Italy,Macrosiphum rosae,Rose Aphid,27,5,2025
41.2655045876,14.5636917559,Italy,Aphis craccivora,Cowpea Aphid,27,5,2025
46.1754796264,13.5979999545,Italy,Macrosiphum rosae,Rose Aphid,27,5,2025
41.7879659722,12.7122759722,Italy,Aphis,,27,5,2025
42.1158905,13.3381772217,Italy,Aphis,,27,5,2025
40.9467589951,8.8293033466,Italy,Aphis nerii,Oleander Aphid,27,5,2025
42.1319695,11.97532,Italy,Eriosoma lanuginosum,Elm Balloon-gall Aphid,27,5,2025
43.7228332857,10.4017581046,Italy,Sitobion,,19,5,2025
42.0839995997,12.5534738,Italy,Aphidinae,,27,5,2025
45.926165,11.0440516667,Italy,Aphididae,Aphids,28,5,2025
45.9635391526,9.9736275896,Italy,Hyperomyzus,Currant-Daisy Aphids,25,5,2025
45.5197588821,10.2512746586,Italy,Aphis,,28,5,2025
45.4541366667,12.3568383333,Italy,Aphis nerii,Oleander Aphid,27,5,2025
43.0063036,11.5111498997,Italy,Dysaphis plantaginea,Rosy Apple Aphid,24,5,2025
42.8049048,11.2666114,Italy,Kaltenbachiella pallida,Elm-mint Gall Aphid,28,5,2025
45.4623258871,7.7929403116,Italy,Aphididae,Aphids,28,5,2025
44.4722333333,11.0922111111,Italy,Aphididae,Aphids,28,5,2025
44.4654638889,11.0882777778,Italy,Tetraneura caerulescens,,28,5,2025
44.4653861111,11.088025,Italy,Tetraneura ulmi,Elm Sack Gall Aphid,28,5,2025
44.4646555556,11.0860861111,Italy,Aphis fabae,Black Bean Aphid,28,5,2025
43.6037503277,13.4497557208,Italy,Aphis nerii,Oleander Aphid,24,5,2025
41.8915416667,12.4891138889,Italy,Aphis nerii,Oleander Aphid,28,5,2025
37.7006260156,15.0052028631,Italy,Aphididae,Aphids,25,5,2025
37.7006260156,15.0052028631,Italy,Aphididae,Aphids,25,5,2025
37.7006260156,15.0052028631,Italy,Aphididae,Aphids,25,5,2025
45.524024646,10.2486290574,Italy,Macrosiphum rosae,Rose Aphid,29,5,2025
41.8255301521,13.2495323665,Italy,Aphididae,Aphids,29,5,2025
41.7963164595,13.2516029672,Italy,Aphididae,Aphids,29,5,2025
44.66457073,11.00489561,Italy,Eriosoma lanigerum,Woolly Apple Aphid,29,5,2025
44.66452253,11.00487134,Italy,Aphididae,Aphids,29,5,2025
41.3487841997,13.4309033,Italy,Aphididae,Aphids,25,5,2025
42.1323410999,12.0823298228,Italy,Macrosiphum rosae,Rose Aphid,29,5,2025
45.6428033333,12.2183883333,Italy,Tetraneura ulmi,Elm Sack Gall Aphid,29,5,2025
40.6260452222,14.5404701111,Italy,Brevicoryne brassicae,Cabbage Aphid,29,5,2025
45.6944417476,13.415880762,Italy,Tetraneura akinire,Oriental Grass Root Aphid,28,5,2025
42.7789047559,10.7940600067,Italy,Macrosiphini,,27,5,2025
43.4762884722,10.9749910167,Italy,Lachnus,,29,5,2025
45.4918090241,8.7262086438,Italy,Macrosiphini,,30,5,2025
44.4991583333,11.0391861667,Italy,Macrosiphini,,30,5,2025
45.0244445556,7.6632671111,Italy,Aphis,,30,5,2025
43.7707366667,10.716355,Italy,Hyalopterus pruni,Mealy Plum Aphid,30,5,2025
44.9916904225,9.5956858993,Italy,Pemphigus immunis,,29,5,2025
41.9181060926,13.1199090306,Italy,Aphididae,Aphids,30,5,2025
45.7398638889,7.4631333333,Italy,Eucallipterus tiliae,Lime Leaf Aphid,31,5,2025
44.4784246884,10.6972654536,Italy,Aphididae,Aphids,30,5,2025
43.6701211409,10.6495488349,Italy,Tetraneura ulmi,Elm Sack Gall Aphid,29,5,2025
43.9980086588,11.7865115404,Italy,Aphididae,Aphids,30,5,2025
43.5580116667,12.128125,Italy,Uroleucon sonchi,Sow-thistle Aphid,30,5,2025
44.2291370445,11.737328209,Italy,Forda formicaria,Pistachio-Grass Root Aphid,6,5,2025
44.2291370445,11.737328209,Italy,Fordini,,6,5,2025
44.2291370445,11.737328209,Italy,Geoica utricularia,,6,5,2025
37.8805666667,15.1727966667,Italy,Eriosoma lanuginosum,Elm Balloon-gall Aphid,30,5,2025
37.6879257893,14.9815035242,Italy,Macrosiphini,,25,5,2025
45.8454017639,8.7884454727,Italy,Aphis sambuci,Elder Aphid,31,5,2025
44.4650722222,11.2158055556,Italy,Aphididae,Aphids,31,5,2025
44.4650722222,11.2158055556,Italy,Aphididae,Aphids,31,5,2025
42.069589,11.810745,Italy,Aphididae,Aphids,30,5,2025
46.4501183333,11.0840316667,Italy,Aphididae,Aphids,31,5,2025
44.2253934417,11.7373748124,Italy,Cinara,Giant Conifer Aphids,6,5,2025
44.4617444444,11.2156777778,Italy,Aphididae,Aphids,31,5,2025
44.4613472222,11.2144416667,Italy,Periphyllus,Periphyllus Aphids,31,5,2025
44.4613472222,11.2144416667,Italy,Periphyllus,Periphyllus Aphids,31,5,2025
44.1436083333,10.6618138889,Italy,Periphyllus,Periphyllus Aphids,30,5,2025
44.4603944444,11.2136638889,Italy,Aphididae,Aphids,31,5,2025
44.4550111111,11.2110194444,Italy,Aphididae,Aphids,31,5,2025
44.4584222222,11.2121944444,Italy,Aphis,,31,5,2025
44.4595416667,11.2119361111,Italy,Uroleucon jaceae,Large Knapweed Aphid,31,5,2025
41.9497038939,12.5252626464,Italy,Aphis nerii,Oleander Aphid,1,6,2025
44.4743305556,11.2152722222,Italy,Aphidinae,,31,5,2025
38.4675716667,14.9576916667,Italy,Sitobion,,24,5,2025
42.11518371,13.33934374,Italy,Uroleucon aeneum,Dark-tailed Thistle Aphid,29,5,2025
44.67013009,10.61287007,Italy,Illinoia liriodendri,tuliptree aphid,2,6,2025
46.1118065,8.2910874,Italy,Macrosiphini,,2,6,2025
43.66755,10.6384116667,Italy,Aphididae,Aphids,30,5,2025
38.5387383333,14.869845,Italy,Hyalopterus pruni,Mealy Plum Aphid,28,5,2025
38.54007,14.8621366667,Italy,Brevicoryne brassicae,Cabbage Aphid,30,5,2025
45.4113802058,11.8892210349,Italy,Aphididae,Aphids,3,6,2025
45.8906272,12.3107811,Italy,Macrosiphum rosae,Rose Aphid,3,6,2025
42.1200978,13.335154,Italy,Tetraneura akinire,Oriental Grass Root Aphid,30,5,2025
44.527755,12.2422466667,Italy,Tetraneura akinire,Oriental Grass Root Aphid,28,5,2025
43.7113233333,11.926655,Italy,Aphididae,Aphids,3,6,2025
44.4285507309,8.8224086361,Italy,Aphididae,Aphids,2,6,2025
45.6508033333,10.0409166667,Italy,Hyalopterus pruni,Mealy Plum Aphid,4,6,2025
41.9367003,12.5658704,Italy,Tetraneura ulmi,Elm Sack Gall Aphid,27,5,2025
44.7293083333,10.39728,Italy,Lachninae,Giant Aphids,3,6,2025
46.5011966667,11.3537966667,Italy,Aphis nerii,Oleander Aphid,3,6,2025
43.3516366667,11.2979033333,Italy,Macrosiphum rosae,Rose Aphid,4,6,2025
46.0837258933,12.8756620735,Italy,Thecabius affinis,Poplar-Buttercup Gall Aphid,5,6,2025
45.6688479,9.2305799,Italy,Anoecia,,5,6,2025
44.5052027778,12.28055,Italy,Aphididae,Aphids,4,6,2025
40.6273614997,14.3711018997,Italy,Aphididae,Aphids,6,6,2025
42.9553270284,11.4861584459,Italy,Eriosoma lanuginosum,Elm Balloon-gall Aphid,6,6,2025
42.9552675241,11.4861750234,Italy,Tetraneura ulmi,Elm Sack Gall Aphid,6,6,2025
43.6174866667,13.51727,Italy,Eucallipterus tiliae,Lime Leaf Aphid,6,6,2025
43.61745,13.5172966667,Italy,Eucallipterus tiliae,Lime Leaf Aphid,6,6,2025
45.9194451151,13.5175834224,Italy,Tetraneura,,6,6,2025
40.9400034619,8.824467659,Italy,Aphis fabae,Black Bean Aphid,1,6,2025
44.4206055556,11.9717138889,Italy,Aphididae,Aphids,6,6,2025
45.4096698,10.9908728,Italy,Aphididae,Aphids,7,6,2025
45.4591434351,9.2215615643,Italy,Aphidinae,,4,6,2025
43.6708456838,10.6525591068,Italy,Chaitophorus populeti,Poplar Shoot Aphid,7,6,2025
43.6707288719,10.6525553291,Italy,Chaitophorus populeti,Poplar Shoot Aphid,7,6,2025
44.3204563936,11.3513455912,Italy,Prociphilus,Woolly Aphids,12,5,2025
44.5777862977,8.0522595606,Italy,Aphididae,Aphids,7,6,2025
46.4566764722,11.2688922778,Italy,Tetraneura caerulescens,,7,6,2025
43.6135940556,11.4024333889,Italy,Aphis,,7,6,2025
44.4118852693,8.8773680101,Italy,Melanaphis sorghi,Sorghum Aphid,1,6,2025
44.53720217,10.55366475,Italy,Aphis craccivora,Cowpea Aphid,8,6,2025
45.8084666667,9.82393,Italy,Aphididae,Aphids,7,6,2025
43.6616594974,10.6641228817,Italy,Macrosiphoniella,Anthemid Aphids,8,6,2025
43.6610766815,10.6649970242,Italy,Tetraneura ulmi,Elm Sack Gall Aphid,8,6,2025
43.6602656271,10.6648374726,Italy,Tetraneura ulmi,Elm Sack Gall Aphid,8,6,2025
43.6589118343,10.6636918676,Italy,Aphididae,Aphids,8,6,2025
40.97112737,14.18736667,Italy,Aphididae,Aphids,8,6,2025
43.6134643333,11.3981876111,Italy,Brachycaudus cardui,Plum-thistle Aphid,8,6,2025
43.6211166111,11.3886718611,Italy,Aphis craccivora,Cowpea Aphid,8,6,2025
44.5763519174,8.0500445142,Italy,Tetraneura ulmi,Elm Sack Gall Aphid,8,6,2025
44.4998416667,11.352925,Italy,Aphididae,Aphids,8,6,2025
44.7890783333,11.62953,Italy,Macrosiphum rosae,Rose Aphid,8,6,2025
43.6183730866,11.3944666242,Italy,Aphis,,8,6,2025
43.8128280556,11.2004318056,Italy,Hyalopterus,Mealy Plum-Reed Aphids,8,6,2025
37.692158315,15.1074675098,Italy,Aphis gossypii,Melon Aphid,8,6,2025
37.691883457,15.1076220721,Italy,Aphididae,Aphids,8,6,2025
40.6481313272,15.8088410273,Italy,Aphis,,6,5,2025
44.4689702558,11.4218159392,Italy,Eucallipterus tiliae,Lime Leaf Aphid,28,6,2024
41.7689028522,12.3617273569,Italy,Eriosoma lanuginosum,Elm Balloon-gall Aphid,9,6,2025
45.7009444596,8.3681799844,Italy,Callipterinella tuberculata,Red-banded Birch Aphid,8,6,2025
45.9854226662,8.1566736289,Italy,Phyllaphis fagi,Woolly Beech Aphid,26,5,2025
43.761545,11.247166,Italy,Brachycaudus cardui,Plum-thistle Aphid,8,6,2025
46.1932666667,10.7924694444,Italy,Aphididae,Aphids,9,6,2025
38.0864733,12.8067756997,Italy,Aploneura lentisci,Mealy Grass Root Aphid,6,6,2025
45.5235900879,9.3337430954,Italy,Eucallipterus tiliae,Lime Leaf Aphid,10,6,2025
40.1161516667,9.40875,Italy,Macrosiphini,,17,5,2025
44.3258870631,11.3593047112,Italy,Pemphigus immunis,,12,5,2025
45.5367172415,10.7719479258,Italy,Toxoptera,,11,6,2025
43.7229003889,10.390275,Italy,Aphis nerii,Oleander Aphid,10,6,2025
43.8470802222,10.3505783056,Italy,Tetraneura,,11,6,2025
37.3404444444,13.7404055556,Italy,Aphis,,11,6,2025
43.252955,11.39498,Italy,Aphidinae,,10,6,2025
42.4496166667,13.91133,Italy,Eriosoma lanuginosum,Elm Balloon-gall Aphid,10,6,2025
43.762654981,11.2522559295,Italy,Aphididae,Aphids,8,6,2025
39.504434,16.256678,Italy,Tetraneura akinire,Oriental Grass Root Aphid,17,5,2025
46.1987583333,10.7577166667,Italy,Aphididae,Aphids,13,6,2025
46.1422902997,12.2268738997,Italy,Tetraneura akinire,Oriental Grass Root Aphid,13,6,2025
42.1625471667,12.23297,Italy,Myzus cerasi,Black Cherry Aphid,13,6,2025
44.3685517331,7.5499698266,Italy,Tetraneura akinire,Oriental Grass Root Aphid,10,5,2025
43.6148490833,11.4025173056,Italy,Aphididae,Aphids,12,6,2025
44.4991866213,11.3534145802,Italy,Eucallipterus tiliae,Lime Leaf Aphid,15,5,2025
43.0392055657,13.2218262926,Italy,Macrosiphini,,14,6,2025
38.1112235094,12.6785316299,Italy,Geoica,,8,6,2025
44.5036361111,10.5398805556,Italy,Aphididae,Aphids,14,6,2025
46.1116455,8.2916474997,Italy,Eucallipterus tiliae,Lime Leaf Aphid,15,6,2025
46.0939903259,10.4299554825,Italy,Aphis fabae,Black Bean Aphid,15,6,2025
45.0853275997,7.6704363997,Italy,Macrosiphum rosae,Rose Aphid,15,6,2025
44.51117,9.7398,Italy,Aphidini,,15,6,2025
46.0804519653,10.3659057617,Italy,Myzus cerasi,Black Cherry Aphid,15,6,2025
45.8633332907,8.8226301397,Italy,Aphis nerii,Oleander Aphid,15,6,2025
45.7789003997,7.5563877,Italy,Aphididae,Aphids,15,6,2025
43.3170863655,11.3389564678,Italy,Eucallipterus tiliae,Lime Leaf Aphid,16,6,2025
44.3571,8.444175,Italy,Macrosiphum rosae,Rose Aphid,16,6,2025
45.7269613207,12.2526928782,Italy,Aphididae,Aphids,16,6,2025
45.3988805608,11.8919766694,Italy,Aphididae,Aphids,15,6,2025
44.666556027,11.7337428286,Italy,Aphidini,,13,6,2025
44.7614584745,10.4490317032,Italy,Macrosiphum rosae,Rose Aphid,2,6,2025
41.9158246,12.3516868,Italy,Toxoptera,,17,6,2025
42.1314695,12.0580833333,Italy,Brachycaudus cardui,Plum-thistle Aphid,17,6,2025
46.1115411997,8.2912715,Italy,Eucallipterus tiliae,Lime Leaf Aphid,19,6,2025
46.1114069997,8.2915735997,Italy,Aphididae,Aphids,19,6,2025
43.7228332857,10.4017581046,Italy,Aphididae,Aphids,19,6,2025
43.7228385,10.4017581,Italy,Rhopalosiphum,Cherry-Grass Aphids,9,6,2025
43.7065792536,10.3739492517,Italy,Sitobion,,9,6,2025
43.7067014586,10.3591842707,Italy,Aphididae,Aphids,9,6,2025
43.6976720455,10.3470038281,Italy,Aphididae,Aphids,11,6,2025
43.7023533361,10.3763535218,Italy,Aphididae,Aphids,11,6,2025
45.4800302716,11.8487833813,Italy,Aphis craccivora,Cowpea Aphid,19,6,2025
42.1329833333,12.070575,Italy,Aphidinae,,19,6,2025
43.3201019132,11.3390776977,Italy,Tetraneura ulmi,Elm Sack Gall Aphid,3,5,2025
44.3649749793,7.5445952017,Italy,Aphidinae,,24,5,2025
45.0377782318,7.4645156041,Italy,Shivaphis celti,Asian Woolly Hackberry Aphid,18,6,2025
45.8569150929,12.1424105018,Italy,Tetraneura ulmi,Elm Sack Gall Aphid,20,6,2025
40.939162866,14.7130221874,Italy,Aphididae,Aphids,20,6,2025
40.7535063705,16.3845380619,Italy,Aphis fabae,Black Bean Aphid,2,5,2025
42.0276418877,12.9201713204,Italy,Tetraneura ulmi,Elm Sack Gall Aphid,21,6,2025
42.0277121199,12.9199768603,Italy,Eriosoma lanuginosum,Elm Balloon-gall Aphid,21,6,2025
43.6568306287,10.6905933142,Italy,Tetraneura ulmi,Elm Sack Gall Aphid,21,6,2025
45.8393153362,7.6157450862,Italy,Brachycaudus cardui,Plum-thistle Aphid,21,6,2025
40.9319944432,15.6005594507,Italy,Hyalopterus,Mealy Plum-Reed Aphids,19,6,2025
44.4269027778,11.9072611111,Italy,Chaitophorus populeti,Poplar Shoot Aphid,21,6,2025
37.0748941,14.2395245972,Italy,Brevicoryne brassicae,Cabbage Aphid,15,6,2025
44.307038,11.03031,Italy,Macrosiphum rosae,Rose Aphid,22,6,2025
43.724263,10.516429,Italy,Aphis nerii,Oleander Aphid,23,6,2025
45.8398813661,7.6163559593,Italy,Metopolophium dirhodum,Rose Grain Aphid,23,6,2025
45.8381445142,7.6199630275,Italy,Aphis gossypii,Melon Aphid,23,6,2025
45.6392722222,11.3092972222,Italy,Aphididae,Aphids,17,6,2025
41.7689703685,12.361957524,Italy,Eriosoma lanigerum,Woolly Apple Aphid,23,6,2025
46.5393388889,11.4587,Italy,Aphididae,Aphids,23,6,2025
46.6269958908,10.928702876,Italy,Eriosoma lanigerum,Woolly Apple Aphid,24,6,2025
45.6964068733,9.1199731994,Italy,Myzus persicae,Green Peach Aphid,25,5,2025
45.671468233,8.1921161123,Italy,Aphis,,21,6,2025
41.9522689,12.5271784,Italy,Tetraneura akinire,Oriental Grass Root Aphid,24,6,2025
44.1452838569,9.6535870805,Italy,Forda formicaria,Pistachio-Grass Root Aphid,25,6,2025
41.9802216951,12.5348351151,Italy,Aphis,,25,6,2025
46.6249115,10.9323285,Italy,Eriosoma lanigerum,Woolly Apple Aphid,26,6,2025
44.5001354661,8.9745784966,Italy,Tetraneura ulmi,Elm Sack Gall Aphid,26,6,2025
45.8918412282,9.1578109619,Italy,Aphis,,26,6,2025
46.0467305,11.4737216667,Italy,Eriosoma lanigerum,Woolly Apple Aphid,12,6,2025
45.5361333333,12.2013366667,Italy,Aphis,,10,5,2025
46.0373334371,11.0976428166,Italy,Aphis nerii,Oleander Aphid,29,7,2024
46.0413990619,8.8021754403,Italy,Phyllaphis fagi,Woolly Beech Aphid,27,6,2025
41.9523720997,12.5273219,Italy,Tetraneura akinire,Oriental Grass Root Aphid,29,6,2025
41.9523720997,12.5273219,Italy,Tetraneura akinire,Oriental Grass Root Aphid,29,6,2025
37.878775,15.1741016667,Italy,Aphis nerii,Oleander Aphid,27,5,2025
45.6457541788,11.122112794,Italy,Rhopalosiphum padi,Bird Cherry-oat Aphid,18,5,2025
46.6972881123,12.2169236094,Italy,Brachycaudus cardui,Plum-thistle Aphid,30,6,2025
40.7550877778,16.385598078,Italy,Tetraneura caerulescens,,2,5,2025
45.9497778297,11.0249355063,Italy,Tuberolachnus salignus,Giant Willow Aphid,11,8,2024
46.6281084,10.9164993997,Italy,Aphis spiraecola,Spiraea Aphid,2,7,2025
45.2684232406,7.4815049674,Italy,Eriosoma lanuginosum,Elm Balloon-gall Aphid,3,7,2025
46.76226583,10.53270359,Italy,Tetraneura ulmi,Elm Sack Gall Aphid,4,7,2025
41.9597080018,12.8021340072,Italy,Hyalopterus pruni,Mealy Plum Aphid,5,6,2025
45.54015,12.2083716667,Italy,Aphis spiraecola,Spiraea Aphid,4,5,2025
43.9378419412,12.4549542446,Italy,Macrosiphum euphorbiae,Potato Aphid,10,6,2025
45.1591861667,10.8009466667,Italy,Pemphigus immunis,,6,7,2025
45.7072888,13.71418881,Italy,Anoecia,,7,5,2025
39.2179112492,9.1636670144,Italy,Aploneura lentisci,Mealy Grass Root Aphid,30,3,2024
44.1254379411,10.457316041,Italy,Aphis,,24,5,2025
45.6472512434,13.7623487117,Italy,Hoplocallis picta,Painted Holm Oak Aphid,6,4,2025
45.6521306503,13.786204097,Italy,Aphis aurantii,Black Citrus Aphid,6,4,2025
46.21131147,11.10793057,Italy,Aphis craccivora,Cowpea Aphid,11,7,2025
40.2854611111,15.49495,Italy,Brachycaudus cardui,Plum-thistle Aphid,7,7,2025
46.685208,11.2976799722,Italy,Tuberolachnus salignus,Giant Willow Aphid,11,7,2025
43.6042485101,13.4478070987,Italy,Tetraneura ulmi,Elm Sack Gall Aphid,24,5,2025
38.9702565997,8.4405066,Italy,Aploneura lentisci,Mealy Grass Root Aphid,8,7,2025
45.8284214002,10.8120010088,Italy,Geoica,,14,7,2025
44.72646,10.2034028167,Italy,Aphis ruborum,Small Bramble Aphid,9,5,2025
44.84845075,10.0024577167,Italy,Aphididae,Aphids,4,6,2025
44.8418665569,9.994846447,Italy,Aphidinae,,4,6,2025
44.8858472,8.0557099,Italy,Aphis fabae,Black Bean Aphid,16,7,2025
45.6913687832,11.7010929144,Italy,Tetraneura akinire,Oriental Grass Root Aphid,16,7,2025
46.3039216833,10.73688915,Italy,Aphididae,Aphids,8,7,2025
46.37212,10.6550087,Italy,Aphididae,Aphids,11,7,2025
44.1394027778,9.6778555556,Italy,Forda formicaria,Pistachio-Grass Root Aphid,18,7,2025
41.9835531476,12.8145455942,Italy,Geoica utricularia,,9,7,2025
40.7435535199,16.3877626111,Italy,Aphis gossypii,Melon Aphid,7,5,2025
46.064571,9.73334234,Italy,Aphis fabae,Black Bean Aphid,19,7,2025
44.9530193788,6.7934292555,Italy,Aphis fabae,Black Bean Aphid,19,7,2025
40.7434568463,16.3883205873,Italy,Uroleucon sonchi,Sow-thistle Aphid,7,5,2025
43.6544175501,10.668661671,Italy,Eriosomatinae,Woolly Aphids and Gall-making Aphids,19,7,2025
38.265075,15.2371066,Italy,Geoica utricularia,,20,7,2025
45.5212584083,10.2502885283,Italy,Aphis,,23,7,2025
42.1696712,12.2200935,Italy,Aphis craccivora,Cowpea Aphid,24,7,2025
45.1520477663,7.6161918417,Italy,Lachnus roboris,Variegated Oak Aphid,24,7,2025
42.7860412597,10.1682147978,Italy,Lachnus,,24,7,2025
40.8212888889,14.4342166667,Italy,Pemphigus spyrothecae,Poplar Spiral Gall Aphid,24,7,2025
45.5205621109,10.2496826723,Italy,Aphis nerii,Oleander Aphid,25,7,2025
46.4942717072,11.3466466963,Italy,Aphis nerii,Oleander Aphid,24,7,2025
44.1984517987,12.4101928622,Italy,Aphis nerii,Oleander Aphid,26,7,2025
38.9667167664,8.9797725677,Italy,Aphididae,Aphids,26,7,2025
46.2734888889,9.3378333333,Italy,Uroleucon sonchi,Sow-thistle Aphid,27,7,2025
41.554463,14.6774669,Italy,Myzus cerasi,Black Cherry Aphid,27,7,2025
42.1480204441,14.1608380644,Italy,Aphis craccivora,Cowpea Aphid,27,7,2025
44.1979352427,12.4042966962,Italy,Eulachnus,Pine Needle Aphids,28,7,2025
43.2439969854,12.04539123,Italy,Pemphigus immunis,,28,7,2025
40.9046235316,16.4225885429,Italy,Hyalopterus pruni,Mealy Plum Aphid,10,5,2025
43.235582872,11.1886950702,Italy,Pemphigus immunis,,29,7,2025
45.8314611111,8.8541333333,Italy,Aphididae,Aphids,31,7,2025
42.4368171692,12.1358385086,Italy,Tetraneura ulmi,Elm Sack Gall Aphid,31,7,2025
44.7020792225,12.2045494461,Italy,Pemphigus spyrothecae,Poplar Spiral Gall Aphid,14,7,2025
46.3977581682,12.6481578592,Italy,Uroleucon,Large Daisy Aphids,1,8,2025
45.9854360745,8.1566476823,Italy,Eucallipterus tiliae,Lime Leaf Aphid,2,7,2025
40.9012317097,14.1951067373,Italy,Aphis gossypii,Melon Aphid,2,8,2025
45.673748557,8.1912335528,Italy,Eucallipterus tiliae,Lime Leaf Aphid,2,8,2025
43.2423839335,12.0448569327,Italy,Aphis,,1,8,2025
43.8697682932,10.9156408533,Italy,Aphididae,Aphids,3,8,2025
43.2859420776,13.7433452606,Italy,Aphis nerii,Oleander Aphid,4,8,2025
43.8287912973,11.8169023097,Italy,Phyllaphis fagi,Woolly Beech Aphid,9,6,2025
43.1760633333,10.6277716667,Italy,Uroleucon sonchi,Sow-thistle Aphid,6,8,2025
44.2122649,10.3339193997,Italy,Eriosoma lanuginosum,Elm Balloon-gall Aphid,7,8,2025
41.9862472222,13.8016777778,Italy,Forda formicaria,Pistachio-Grass Root Aphid,7,8,2025
45.5734218451,10.5459375679,Italy,Aphis hederae,ivy aphid,8,8,2025
45.6905520295,12.1752420813,Italy,Aphis spiraecola,Spiraea Aphid,8,8,2025
45.5734518856,10.5465551466,Italy,Aphis nerii,Oleander Aphid,8,8,2025
41.0362194444,9.4705972222,Italy,Aploneura lentisci,Mealy Grass Root Aphid,3,8,2025
44.7835888889,8.9335194444,Italy,Tetraneura caerulescens,,18,5,2024
44.7836027778,8.9335027778,Italy,Tetraneura caerulescens,,18,5,2024
44.4645989949,11.1049209908,Italy,Aphidinae,,21,6,2025
44.1693590155,7.3431769088,Italy,Aphididae,Aphids,22,6,2025
45.1930699997,9.1308538997,Italy,Eriosoma lanigerum,Woolly Apple Aphid,4,8,2025
46.477518785,11.5576128289,Italy,Tuberolachnus salignus,Giant Willow Aphid,11,8,2025
40.721010676,16.4318017691,Italy,Macrosiphum potentillae,,12,5,2025
44.3297257186,11.096540764,Italy,Panaphis juglandis,Walnut Aphid,6,7,2025
46.1719883333,10.8002383333,Italy,Pemphigus populinigrae,Poplar-cudweed Pouch Gall Aphid,12,8,2025
45.6913565892,7.1869616384,Italy,Aphis nerii,Oleander Aphid,12,8,2025
45.7946835,7.4969612807,Italy,Tuberolachnus salignus,Giant Willow Aphid,13,8,2025
45.9856708337,8.156759143,Italy,Euceraphis,Birch Aphids,9,7,2025
46.40543,11.145768,Italy,Myzus cerasi,Black Cherry Aphid,12,8,2025
45.073061,7.8749859722,Italy,Phyllaphis fagi,Woolly Beech Aphid,22,7,2025
42.4546139425,12.8927658498,Italy,Panaphis juglandis,Walnut Aphid,15,8,2025
46.3981416945,11.5908639062,Italy,Aphis sambuci,Elder Aphid,14,8,2025
43.8913199977,12.092743367,Italy,Pemphigus vesicarius,,15,8,2025
40.7911004835,14.0534567509,Italy,Aphis spiraecola,Spiraea Aphid,16,8,2025
40.8242798705,16.4103510758,Italy,Macrosiphum euphorbiae,Potato Aphid,16,5,2025
40.6212417877,16.4096239954,Italy,Geoica utricularia,,9,8,2025
44.1002555556,10.7546888889,Italy,Aphididae,Aphids,18,8,2025
45.5574583333,10.5771666667,Italy,Forda formicaria,Pistachio-Grass Root Aphid,19,8,2025
45.5573519044,10.5772576787,Italy,Forda formicaria,Pistachio-Grass Root Aphid,19,8,2025
37.5604982686,14.9068340458,Italy,Aphis nerii,Oleander Aphid,19,8,2025
42.1007222222,14.0593416667,Italy,Aphis,,20,8,2025
46.4957488914,11.8731200695,Italy,Aphis craccae,Tufted Vetch Aphid,3,8,2025
46.1542249,10.1567579,Italy,Aphididae,Aphids,22,8,2025
37.7297286944,15.1041259722,Italy,Macrosiphum euphorbiae,Potato Aphid,23,8,2025
46.5249503525,11.8578224257,Italy,Uroleucon solidaginis,Goldenrod Aphid,4,8,2025
44.4762349699,6.9354503752,Italy,Macrosiphini,,2,8,2025
44.0181675833,8.1905547157,Italy,Eriosoma lanigerum,Woolly Apple Aphid,24,8,2025
44.4089721944,10.0067194444,Italy,Sitobion,,25,6,2025
40.82649,15.243015,Italy,Pemphigus immunis,,26,8,2025
45.0674624838,11.7909700423,Italy,Aphididae,Aphids,25,8,2025
37.9729675403,12.0682873204,Italy,Aploneura lentisci,Mealy Grass Root Aphid,26,8,2025
41.7703368448,12.3659895821,Italy,Eriosoma lanuginosum,Elm Balloon-gall Aphid,27,8,2025
44.5575865489,7.0915848686,Italy,Cinara,Giant Conifer Aphids,6,8,2025
43.5583868954,11.2658168376,Italy,Eriosoma lanuginosum,Elm Balloon-gall Aphid,29,8,2025
46.1648130348,10.1818592101,Italy,Aphidinae,,30,8,2025
46.4115810491,11.6589440033,Italy,Anoecia,,30,8,2025
40.822149931,16.352619412,Italy,Uroleucon sonchi,Sow-thistle Aphid,18,5,2025
46.7163746,11.649633,Italy,Anoecia,,31,8,2025
45.9082452001,13.5283923894,Italy,Pemphigus immunis,,31,8,2025
44.4656611111,11.1996333333,Italy,Thecabius,,4,9,2025
44.3172912598,9.3290405273,Italy,Aphis nerii,Oleander Aphid,5,9,2025
44.4508613738,8.1362430549,Italy,Stomaphis,,5,9,2025
44.3680835704,8.0897626733,Italy,Stomaphis,,5,9,2025
38.6740026324,16.557299292,Italy,Phyllaphis fagi,Woolly Beech Aphid,5,9,2025
39.265400162,9.5813853666,Italy,Aploneura lentisci,Mealy Grass Root Aphid,6,9,2025
46.5473393764,11.1419056566,Italy,Tuberolachnus salignus,Giant Willow Aphid,6,9,2025
46.3775283333,10.9202333333,Italy,Aphididae,Aphids,7,9,2025
46.496774126,11.8828866631,Italy,Aphidinae,,7,8,2025
40.7674177573,16.7618438409,Italy,Geoica utricularia,,8,9,2025
40.7674149049,16.7618474172,Italy,Baizongia pistaciae,Pistacia Horn Gall Aphid,8,9,2025
44.3357827318,7.4291772514,Italy,Stomaphis,,9,9,2025
43.6380054209,12.7103830129,Italy,Forda formicaria,Pistachio-Grass Root Aphid,9,9,2025
41.8496579722,12.6310599722,Italy,Aploneura lentisci,Mealy Grass Root Aphid,10,9,2025
43.7071383333,10.4377416667,Italy,Aphis nerii,Oleander Aphid,11,9,2025
45.6153344627,9.4842218236,Italy,Aphididae,Aphids,15,6,2025
46.54819222,11.8751615658,Italy,Periphyllus lyropictus,Norway Maple Aphid,9,8,2025
42.9086430997,13.9023277,Italy,Hyalopterus pruni,Mealy Plum Aphid,13,9,2025
44.1457520357,9.6592156962,Italy,Baizongia pistaciae,Pistacia Horn Gall Aphid,13,9,2025
44.1457835522,9.6595509723,Italy,Forda formicaria,Pistachio-Grass Root Aphid,13,9,2025
43.5431135978,13.387184487,Italy,Aphis,,17,8,2025
43.7128876883,10.4117969424,Italy,Aphis,,14,9,2025
45.4416666667,10.9856916667,Italy,Eulachnus,Pine Needle Aphids,15,9,2025
44.1394027778,9.6778555556,Italy,Baizongia pistaciae,Pistacia Horn Gall Aphid,18,7,2025
42.1798818997,14.1634087997,Italy,Lachnus,,15,9,2025
43.783875,11.254875,Italy,Aphis gossypii,Melon Aphid,31,8,2025
38.019436165,13.9496720321,Italy,Aphididae,Aphids,17,9,2025
42.2135088588,12.6024928028,Italy,Aploneura lentisci,Mealy Grass Root Aphid,19,9,2025
42.2135783333,12.6026366667,Italy,Aploneura lentisci,Mealy Grass Root Aphid,19,9,2025
36.7051845075,14.7857129019,Italy,Aphis nerii,Oleander Aphid,19,9,2025
37.72186,14.8439133333,Italy,Baizongia pistaciae,Pistacia Horn Gall Aphid,20,9,2025
44.4254636113,8.8624645674,Italy,Helicoverpa armigera,Cotton Bollworm Moth,21,9,2023
43.6169036397,12.2244715418,Italy,Helicoverpa armigera,Cotton Bollworm Moth,21,9,2023
42.534755,11.3411083333,Italy,Helicoverpa armigera,Cotton Bollworm Moth,21,9,2023
44.146974672,9.6552956477,Italy,Helicoverpa armigera,Cotton Bollworm Moth,21,9,2023
44.9040662417,12.2632872098,Italy,Helicoverpa armigera,Cotton Bollworm Moth,21,9,2023
45.9182309072,10.8696527034,Italy,Helicoverpa armigera,Cotton Bollworm Moth,22,9,2023
43.0255102141,12.0774168894,Italy,Helicoverpa armigera,Cotton Bollworm Moth,22,9,2023
45.3757912839,11.8633920327,Italy,Helicoverpa armigera,Cotton Bollworm Moth,22,9,2023
45.133249,10.0226511,Italy,Helicoverpa armigera,Cotton Bollworm Moth,22,9,2023
45.6436655854,11.7125572779,Italy,Helicoverpa armigera,Cotton Bollworm Moth,23,9,2023
45.6458463448,11.7137970593,Italy,Helicoverpa armigera,Cotton Bollworm Moth,23,9,2023
45.3355951518,11.7735299841,Italy,Helicoverpa armigera,Cotton Bollworm Moth,23,9,2023
46.6737515044,11.1523478106,Italy,Helicoverpa armigera,Cotton Bollworm Moth,21,9,2023
45.0668666667,11.1316861111,Italy,Helicoverpa armigera,Cotton Bollworm Moth,23,9,2023
45.3318252711,9.3953922763,Italy,Helicoverpa armigera,Cotton Bollworm Moth,23,9,2023
44.7601994203,10.6778476738,Italy,Helicoverpa armigera,Cotton Bollworm Moth,24,9,2023
45.4394623417,9.8073847392,Italy,Helicoverpa armigera,Cotton Bollworm Moth,24,9,2023
45.7606883333,10.81005,Italy,Helicoverpa armigera,Cotton Bollworm Moth,23,9,2023
45.7607033333,10.8101616667,Italy,Helicoverpa armigera,Cotton Bollworm Moth,23,9,2023
45.7607283333,10.8101916667,Italy,Helicoverpa armigera,Cotton Bollworm Moth,23,9,2023
45.7606466667,10.8102033333,Italy,Helicoverpa armigera,Cotton Bollworm Moth,23,9,2023
45.7606583333,10.81018,Italy,Helicoverpa armigera,Cotton Bollworm Moth,23,9,2023
45.5293656551,8.6958486959,Italy,Helicoverpa armigera,Cotton Bollworm Moth,24,9,2023
45.6803633348,9.2976264283,Italy,Helicoverpa armigera,Cotton Bollworm Moth,24,9,2023
46.03776573,12.35203726,Italy,Helicoverpa armigera,Cotton Bollworm Moth,24,9,2023
43.8912873791,12.8945411369,Italy,Helicoverpa armigera,Cotton Bollworm Moth,25,9,2023
46.0318236188,12.600476481,Italy,Helicoverpa armigera,Cotton Bollworm Moth,25,9,2023
44.8061509337,10.3197904676,Italy,Helicoverpa armigera,Cotton Bollworm Moth,25,9,2023
45.5192649231,9.1025463661,Italy,Helicoverpa armigera,Cotton Bollworm Moth,25,9,2023
45.0710837013,7.513820976,Italy,Helicoverpa armigera,Cotton Bollworm Moth,25,9,2023
41.7019026396,16.0627799887,Italy,Helicoverpa armigera,Cotton Bollworm Moth,24,9,2023
44.6875971054,8.0352389792,Italy,Helicoverpa armigera,Cotton Bollworm Moth,25,9,2023
44.6876341321,8.0352569394,Italy,Helicoverpa armigera,Cotton Bollworm Moth,25,9,2023
45.4716271278,11.5406740084,Italy,Helicoverpa armigera,Cotton Bollworm Moth,25,9,2023
45.3167809056,9.6107244466,Italy,Helicoverpa armigera,Cotton Bollworm Moth,25,9,2023
44.8464997418,11.6152736172,Italy,Helicoverpa armigera,Cotton Bollworm Moth,26,9,2023
42.2072245941,14.5423056949,Italy,Helicoverpa armigera,Cotton Bollworm Moth,26,9,2023
41.9592583653,12.0518113442,Italy,Helicoverpa armigera,Cotton Bollworm Moth,25,9,2023
44.9742350168,7.5885365903,Italy,Helicoverpa armigera,Cotton Bollworm Moth,26,9,2023
44.15845,8.310555,Italy,Helicoverpa armigera,Cotton Bollworm Moth,26,9,2023
41.7786023113,12.789194833,Italy,Helicoverpa armigera,Cotton Bollworm Moth,24,9,2023
45.4120924241,11.8676497042,Italy,Helicoverpa armigera,Cotton Bollworm Moth,25,9,2023
45.3169944291,9.6101619425,Italy,Helicoverpa armigera,Cotton Bollworm Moth,25,9,2023
45.3166769118,9.6108007057,Italy,Helicoverpa armigera,Cotton Bollworm Moth,25,9,2023
41.9593461252,12.0519213148,Italy,Helicoverpa armigera,Cotton Bollworm Moth,25,9,2023
45.1277290691,7.6354977116,Italy,Helicoverpa armigera,Cotton Bollworm Moth,26,9,2023
45.8196666667,10.798025,Italy,Helicoverpa armigera,Cotton Bollworm Moth,26,9,2023
41.0284270727,13.9449233562,Italy,Helicoverpa armigera,Cotton Bollworm Moth,27,9,2023
46.3584133333,11.87267,Italy,Helicoverpa armigera,Cotton Bollworm Moth,27,9,2023
43.8919593176,12.8955342248,Italy,Helicoverpa armigera,Cotton Bollworm Moth,27,9,2023
45.5634097171,12.1966169402,Italy,Helicoverpa armigera,Cotton Bollworm Moth,27,9,2023
45.5634430492,12.1966098994,Italy,Helicoverpa armigera,Cotton Bollworm Moth,27,9,2023
45.8637659,9.3961885,Italy,Helicoverpa armigera,Cotton Bollworm Moth,28,9,2023
44.4789548071,11.2977674603,Italy,Helicoverpa armigera,Cotton Bollworm Moth,28,9,2023
44.4789548071,11.2977674603,Italy,Helicoverpa armigera,Cotton Bollworm Moth,28,9,2023
45.6103930238,8.6950054984,Italy,Helicoverpa armigera,Cotton Bollworm Moth,22,9,2023
45.61077739,8.6951534792,Italy,Helicoverpa armigera,Cotton Bollworm Moth,22,9,2023
45.7103970922,8.2297597672,Italy,Helicoverpa armigera,Cotton Bollworm Moth,28,9,2023
44.8663063049,9.544421196,Italy,Helicoverpa armigera,Cotton Bollworm Moth,28,9,2023
45.8659939186,9.39160835,Italy,Helicoverpa armigera,Cotton Bollworm Moth,27,9,2023
46.5072845505,13.2617435977,Italy,Helicoverpa armigera,Cotton Bollworm Moth,29,9,2023
45.7045749,11.2241883,Italy,Helicoverpa armigera,Cotton Bollworm Moth,25,9,2023
45.36769104,11.9868707656,Italy,Helicoverpa armigera,Cotton Bollworm Moth,30,9,2023
44.1202138333,9.7083633333,Italy,Helicoverpa armigera,Cotton Bollworm Moth,28,9,2023
42.7755283376,11.0938239713,Italy,Helicoverpa armigera,Cotton Bollworm Moth,29,9,2023
45.3949045211,11.9996358741,Italy,Helicoverpa armigera,Cotton Bollworm Moth,30,9,2023
45.805075,8.9308194444,Italy,Helicoverpa armigera,Cotton Bollworm Moth,30,9,2023
45.804025,8.9257527778,Italy,Helicoverpa armigera,Cotton Bollworm Moth,30,9,2023
43.51237241,13.62414498,Italy,Helicoverpa armigera,Cotton Bollworm Moth,30,9,2023
45.4982333333,10.99383,Italy,Helicoverpa armigera,Cotton Bollworm Moth,30,9,2023
45.3781745,10.7086711,Italy,Helicoverpa armigera,Cotton Bollworm Moth,30,9,2023
45.6340919,12.5740990997,Italy,Helicoverpa armigera,Cotton Bollworm Moth,30,9,2023
41.8255500489,12.3981212452,Italy,Helicoverpa armigera,Cotton Bollworm Moth,30,9,2023
41.9190360105,12.4867068976,Italy,Helicoverpa armigera,Cotton Bollworm Moth,1,10,2023
41.9190360105,12.4867068976,Italy,Helicoverpa armigera,Cotton Bollworm Moth,1,10,2023
38.0253134722,12.536709475,Italy,Helicoverpa armigera,Cotton Bollworm Moth,1,10,2023
45.0694406,7.5664745,Italy,Helicoverpa armigera,Cotton Bollworm Moth,1,10,2023
41.9055773691,12.3962634802,Italy,Helicoverpa armigera,Cotton Bollworm Moth,1,10,2023
43.6225662231,13.4141530989,Italy,Helicoverpa armigera,Cotton Bollworm Moth,29,9,2023
45.639640398,11.2963529304,Italy,Helicoverpa armigera,Cotton Bollworm Moth,1,10,2023
45.65535028,10.04120862,Italy,Helicoverpa armigera,Cotton Bollworm Moth,1,10,2023
45.7441179899,7.4013639987,Italy,Helicoverpa armigera,Cotton Bollworm Moth,1,10,2023
45.6398833333,11.2963555556,Italy,Helicoverpa armigera,Cotton Bollworm Moth,1,10,2023
46.306409404,13.1142955242,Italy,Helicoverpa armigera,Cotton Bollworm Moth,1,10,2023
43.80651,7.6421033333,Italy,Helicoverpa armigera,Cotton Bollworm Moth,1,10,2023
45.6091221,10.701564,Italy,Helicoverpa armigera,Cotton Bollworm Moth,1,10,2023
43.7845843801,7.638810575,Italy,Helicoverpa armigera,Cotton Bollworm Moth,2,10,2023
45.0041416984,7.2402158645,Italy,Helicoverpa armigera,Cotton Bollworm Moth,1,10,2023
45.8360916667,11.8198633333,Italy,Helicoverpa armigera,Cotton Bollworm Moth,2,10,2023
42.1400309713,12.1047328413,Italy,Helicoverpa armigera,Cotton Bollworm Moth,2,10,2023
42.1339405881,12.0766110239,Italy,Helicoverpa armigera,Cotton Bollworm Moth,2,10,2023
45.6431480533,8.2767391002,Italy,Helicoverpa armigera,Cotton Bollworm Moth,2,10,2023
45.2173887829,9.7063880414,Italy,Helicoverpa armigera,Cotton Bollworm Moth,2,10,2023
45.5196193749,8.683314721,Italy,Helicoverpa armigera,Cotton Bollworm Moth,30,9,2023
42.1338361667,12.0765361667,Italy,Helicoverpa armigera,Cotton Bollworm Moth,2,10,2023
45.7744762758,8.7383143281,Italy,Helicoverpa armigera,Cotton Bollworm Moth,2,10,2023
45.427813752,10.9661371439,Italy,Helicoverpa armigera,Cotton Bollworm Moth,3,10,2023
45.5980116667,8.26968,Italy,Helicoverpa armigera,Cotton Bollworm Moth,3,10,2023
45.1670653535,7.3883154743,Italy,Helicoverpa armigera,Cotton Bollworm Moth,2,10,2023
45.5633186405,12.1864392981,Italy,Helicoverpa armigera,Cotton Bollworm Moth,3,10,2023
45.654605,9.7344416667,Italy,Helicoverpa armigera,Cotton Bollworm Moth,2,10,2023
44.9004732066,9.2630161142,Italy,Helicoverpa armigera,Cotton Bollworm Moth,30,9,2023
44.9536585816,9.3524299935,Italy,Helicoverpa armigera,Cotton Bollworm Moth,4,10,2023
44.5028872456,10.9424968299,Italy,Helicoverpa armigera,Cotton Bollworm Moth,4,10,2023
45.5633350719,12.1952644363,Italy,Helicoverpa armigera,Cotton Bollworm Moth,4,10,2023
44.3977098086,11.4098464803,Italy,Helicoverpa armigera,Cotton Bollworm Moth,29,9,2023
45.3044666667,10.81965,Italy,Helicoverpa armigera,Cotton Bollworm Moth,4,10,2023
44.9142913817,12.2328796386,Italy,Helicoverpa armigera,Cotton Bollworm Moth,4,10,2023
44.8833885192,12.2323617933,Italy,Helicoverpa armigera,Cotton Bollworm Moth,4,10,2023
45.6039716667,11.766525,Italy,Helicoverpa armigera,Cotton Bollworm Moth,5,10,2023
41.9094936998,12.3984781622,Italy,Helicoverpa armigera,Cotton Bollworm Moth,5,10,2023
45.6289905,12.3745787,Italy,Helicoverpa armigera,Cotton Bollworm Moth,3,10,2023
40.4163086045,17.2175492719,Italy,Helicoverpa armigera,Cotton Bollworm Moth,5,10,2023
43.7900483333,7.5951583333,Italy,Helicoverpa armigera,Cotton Bollworm Moth,5,10,2023
44.4283599854,8.7497816086,Italy,Helicoverpa armigera,Cotton Bollworm Moth,6,10,2023
45.8783130282,8.7856753564,Italy,Helicoverpa armigera,Cotton Bollworm Moth,5,10,2023
44.6913210797,8.0365714276,Italy,Helicoverpa armigera,Cotton Bollworm Moth,6,10,2023
45.6021315908,10.7155517486,Italy,Helicoverpa armigera,Cotton Bollworm Moth,6,10,2023
45.7067117083,11.346713081,Italy,Helicoverpa armigera,Cotton Bollworm Moth,7,10,2023
45.41089173,10.12337571,Italy,Helicoverpa armigera,Cotton Bollworm Moth,7,10,2023
41.2525291,13.4491482,Italy,Helicoverpa armigera,Cotton Bollworm Moth,3,10,2023
43.8919897612,12.895343788,Italy,Helicoverpa armigera,Cotton Bollworm Moth,7,10,2023
41.9190360105,12.4867068976,Italy,Helicoverpa armigera,Cotton Bollworm Moth,8,10,2023
45.4949623905,9.0931009336,Italy,Helicoverpa armigera,Cotton Bollworm Moth,7,10,2023
45.8095166667,11.7139283333,Italy,Helicoverpa armigera,Cotton Bollworm Moth,8,10,2023
43.78442,7.6386616667,Italy,Helicoverpa armigera,Cotton Bollworm Moth,8,10,2023
44.2781689592,11.2596756157,Italy,Helicoverpa armigera,Cotton Bollworm Moth,7,10,2023
44.2565597457,11.2561498115,Italy,Helicoverpa armigera,Cotton Bollworm Moth,8,10,2023
44.2565597457,11.2561498115,Italy,Helicoverpa armigera,Cotton Bollworm Moth,8,10,2023
44.2565597457,11.2561498115,Italy,Helicoverpa armigera,Cotton Bollworm Moth,8,10,2023
45.7094566263,11.3852892816,Italy,Helicoverpa armigera,Cotton Bollworm Moth,7,10,2023
44.9975533886,8.2978635281,Italy,Helicoverpa armigera,Cotton Bollworm Moth,8,10,2023
44.9587133333,8.1518778333,Italy,Helicoverpa armigera,Cotton Bollworm Moth,8,10,2023
44.4935944444,11.2073472222,Italy,Helicoverpa armigera,Cotton Bollworm Moth,8,10,2023
44.1665977317,8.3085131319,Italy,Helicoverpa armigera,Cotton Bollworm Moth,29,9,2023
45.3428,10.737875,Italy,Helicoverpa armigera,Cotton Bollworm Moth,8,10,2023
45.8636466667,9.3962983333,Italy,Helicoverpa armigera,Cotton Bollworm Moth,9,10,2023
46.0585219846,13.2375514135,Italy,Helicoverpa armigera,Cotton Bollworm Moth,9,10,2023
45.609994679,8.6950277037,Italy,Helicoverpa armigera,Cotton Bollworm Moth,24,9,2023
44.5204814977,12.2725258547,Italy,Helicoverpa armigera,Cotton Bollworm Moth,8,10,2023
45.5409324724,9.2084268923,Italy,Helicoverpa armigera,Cotton Bollworm Moth,9,10,2023
45.3043283333,10.8196133333,Italy,Helicoverpa armigera,Cotton Bollworm Moth,9,10,2023
45.0220991567,7.298990442,Italy,Helicoverpa armigera,Cotton Bollworm Moth,9,10,2023
45.3483326398,10.8385585248,Italy,Helicoverpa armigera,Cotton Bollworm Moth,9,10,2023
44.8833885192,12.2323617933,Italy,Helicoverpa armigera,Cotton Bollworm Moth,10,10,2023
45.3780392287,10.8137147321,Italy,Helicoverpa armigera,Cotton Bollworm Moth,10,10,2023
45.3808683873,10.8145407698,Italy,Helicoverpa armigera,Cotton Bollworm Moth,10,10,2023
44.7523561667,7.6016103472,Italy,Helicoverpa armigera,Cotton Bollworm Moth,7,10,2023
44.0590795953,11.9439178568,Italy,Helicoverpa armigera,Cotton Bollworm Moth,11,10,2023
45.069509,7.71109449,Italy,Helicoverpa armigera,Cotton Bollworm Moth,11,10,2023
45.18827225,7.2050677984,Italy,Helicoverpa armigera,Cotton Bollworm Moth,11,10,2023
45.6850966667,11.69126,Italy,Helicoverpa armigera,Cotton Bollworm Moth,12,10,2023
45.5825216667,9.441625,Italy,Helicoverpa armigera,Cotton Bollworm Moth,12,10,2023
45.7109372725,8.3097343028,Italy,Helicoverpa armigera,Cotton Bollworm Moth,11,10,2023
45.7109965364,8.3101439793,Italy,Helicoverpa armigera,Cotton Bollworm Moth,12,10,2023
45.8248171008,9.377547235,Italy,Helicoverpa armigera,Cotton Bollworm Moth,5,10,2023
44.8834228514,12.2322092056,Italy,Helicoverpa armigera,Cotton Bollworm Moth,12,10,2023
44.7330022377,11.7354673913,Italy,Helicoverpa armigera,Cotton Bollworm Moth,12,10,2023
45.8830046557,11.8624481634,Italy,Helicoverpa armigera,Cotton Bollworm Moth,8,10,2023
45.8830046557,11.8624481634,Italy,Helicoverpa armigera,Cotton Bollworm Moth,8,10,2023
45.8830046557,11.8624481634,Italy,Helicoverpa armigera,Cotton Bollworm Moth,8,10,2023
45.3958333333,11.2727777778,Italy,Helicoverpa armigera,Cotton Bollworm Moth,13,10,2023
45.4199972222,9.1755111111,Italy,Helicoverpa armigera,Cotton Bollworm Moth,13,10,2023
43.0774611667,12.618625,Italy,Helicoverpa armigera,Cotton Bollworm Moth,13,10,2023
45.1329088174,7.2864394926,Italy,Helicoverpa armigera,Cotton Bollworm Moth,13,10,2023
45.0765749143,7.2721316678,Italy,Helicoverpa armigera,Cotton Bollworm Moth,13,10,2023
45.6150634345,12.4896499515,Italy,Helicoverpa armigera,Cotton Bollworm Moth,14,10,2023
41.0333786902,13.9421824738,Italy,Helicoverpa armigera,Cotton Bollworm Moth,12,10,2023
45.4583348785,11.3781770606,Italy,Helicoverpa armigera,Cotton Bollworm Moth,14,10,2023
45.4894401944,11.5827888515,Italy,Helicoverpa armigera,Cotton Bollworm Moth,14,10,2023
42.1616695,12.2162883333,Italy,Helicoverpa armigera,Cotton Bollworm Moth,14,10,2023
40.5362833333,18.0757916667,Italy,Helicoverpa armigera,Cotton Bollworm Moth,15,10,2023
45.4884861111,8.643475,Italy,Helicoverpa armigera,Cotton Bollworm Moth,15,10,2023
43.0775539381,12.6187898787,Italy,Helicoverpa armigera,Cotton Bollworm Moth,13,10,2023
45.445112601,8.9516031297,Italy,Helicoverpa armigera,Cotton Bollworm Moth,8,10,2023
45.4200777778,9.1754194444,Italy,Helicoverpa armigera,Cotton Bollworm Moth,16,10,2023
45.550084,10.169967,Italy,Helicoverpa armigera,Cotton Bollworm Moth,23,9,2023
45.550326,10.170171,Italy,Helicoverpa armigera,Cotton Bollworm Moth,23,9,2023
44.8834037781,12.2322912214,Italy,Helicoverpa armigera,Cotton Bollworm Moth,16,10,2023
38.1565801071,14.7389219329,Italy,Helicoverpa armigera,Cotton Bollworm Moth,9,10,2023
44.690389966,8.0363857569,Italy,Helicoverpa armigera,Cotton Bollworm Moth,17,10,2023
43.919472,10.2934114,Italy,Helicoverpa armigera,Cotton Bollworm Moth,10,10,2023
43.919472,10.2934114,Italy,Helicoverpa armigera,Cotton Bollworm Moth,10,10,2023
43.919472,10.2934114,Italy,Helicoverpa armigera,Cotton Bollworm Moth,10,10,2023
43.919472,10.2934114,Italy,Helicoverpa armigera,Cotton Bollworm Moth,10,10,2023
43.919472,10.2934114,Italy,Helicoverpa armigera,Cotton Bollworm Moth,10,10,2023
43.919472,10.2934114,Italy,Helicoverpa armigera,Cotton Bollworm Moth,10,10,2023
43.919472,10.2934114,Italy,Helicoverpa armigera,Cotton Bollworm Moth,10,10,2023
43.919472,10.2934114,Italy,Helicoverpa armigera,Cotton Bollworm Moth,11,10,2023
43.919472,10.2934114,Italy,Helicoverpa armigera,Cotton Bollworm Moth,11,10,2023
43.919472,10.2934114,Italy,Helicoverpa armigera,Cotton Bollworm Moth,11,10,2023
43.919472,10.2934114,Italy,Helicoverpa armigera,Cotton Bollworm Moth,11,10,2023
43.919472,10.2934114,Italy,Helicoverpa armigera,Cotton Bollworm Moth,11,10,2023
43.919472,10.2934114,Italy,Helicoverpa armigera,Cotton Bollworm Moth,11,10,2023
43.919472,10.2934114,Italy,Helicoverpa armigera,Cotton Bollworm Moth,11,10,2023
43.919472,10.2934114,Italy,Helicoverpa armigera,Cotton Bollworm Moth,12,10,2023
43.919472,10.2934114,Italy,Helicoverpa armigera,Cotton Bollworm Moth,12,10,2023
43.919472,10.2934114,Italy,Helicoverpa armigera,Cotton Bollworm Moth,12,10,2023
43.919472,10.2934114,Italy,Helicoverpa armigera,Cotton Bollworm Moth,12,10,2023
43.919472,10.2934114,Italy,Helicoverpa armigera,Cotton Bollworm Moth,12,10,2023
43.919472,10.2934114,Italy,Helicoverpa armigera,Cotton Bollworm Moth,12,10,2023
43.919472,10.2934114,Italy,Helicoverpa armigera,Cotton Bollworm Moth,12,10,2023
45.8693799722,8.3976039722,Italy,Helicoverpa armigera,Cotton Bollworm Moth,18,10,2023
44.9655619545,8.6048466502,Italy,Helicoverpa armigera,Cotton Bollworm Moth,18,10,2023
41.9190342641,12.4867058918,Italy,Helicoverpa armigera,Cotton Bollworm Moth,19,10,2023
43.919472,10.2934114,Italy,Helicoverpa armigera,Cotton Bollworm Moth,12,10,2023
43.919472,10.2934114,Italy,Helicoverpa armigera,Cotton Bollworm Moth,12,10,2023
44.6911095237,8.0365564103,Italy,Helicoverpa armigera,Cotton Bollworm Moth,18,10,2023
43.919472,10.2934114,Italy,Helicoverpa armigera,Cotton Bollworm Moth,12,10,2023
43.919472,10.2934114,Italy,Helicoverpa armigera,Cotton Bollworm Moth,12,10,2023
43.919472,10.2934114,Italy,Helicoverpa armigera,Cotton Bollworm Moth,13,10,2023
43.919472,10.2934114,Italy,Helicoverpa armigera,Cotton Bollworm Moth,13,10,2023
43.919472,10.2934114,Italy,Helicoverpa armigera,Cotton Bollworm Moth,13,10,2023
43.919472,10.2934114,Italy,Helicoverpa armigera,Cotton Bollworm Moth,13,10,2023
43.919472,10.2934114,Italy,Helicoverpa armigera,Cotton Bollworm Moth,13,10,2023
43.919472,10.2934114,Italy,Helicoverpa armigera,Cotton Bollworm Moth,13,10,2023
43.919472,10.2934114,Italy,Helicoverpa armigera,Cotton Bollworm Moth,13,10,2023
43.919472,10.2934114,Italy,Helicoverpa armigera,Cotton Bollworm Moth,13,10,2023
43.919472,10.2934114,Italy,Helicoverpa armigera,Cotton Bollworm Moth,13,10,2023
44.9340216,11.4693666,Italy,Helicoverpa armigera,Cotton Bollworm Moth,18,10,2023
43.919472,10.2934114,Italy,Helicoverpa armigera,Cotton Bollworm Moth,14,10,2023
43.919472,10.2934114,Italy,Helicoverpa armigera,Cotton Bollworm Moth,14,10,2023
43.919472,10.2934114,Italy,Helicoverpa armigera,Cotton Bollworm Moth,14,10,2023
45.0580217,10.2347828,Italy,Helicoverpa armigera,Cotton Bollworm Moth,9,10,2023
43.919472,10.2934114,Italy,Helicoverpa armigera,Cotton Bollworm Moth,14,10,2023
43.919472,10.2934114,Italy,Helicoverpa armigera,Cotton Bollworm Moth,14,10,2023
43.919472,10.2934114,Italy,Helicoverpa armigera,Cotton Bollworm Moth,14,10,2023
43.919472,10.2934114,Italy,Helicoverpa armigera,Cotton Bollworm Moth,14,10,2023
43.919472,10.2934114,Italy,Helicoverpa armigera,Cotton Bollworm Moth,14,10,2023
43.919472,10.2934114,Italy,Helicoverpa armigera,Cotton Bollworm Moth,15,10,2023
43.919472,10.2934114,Italy,Helicoverpa armigera,Cotton Bollworm Moth,15,10,2023
43.919472,10.2934114,Italy,Helicoverpa armigera,Cotton Bollworm Moth,15,10,2023
43.919472,10.2934114,Italy,Helicoverpa armigera,Cotton Bollworm Moth,15,10,2023
43.919472,10.2934114,Italy,Helicoverpa armigera,Cotton Bollworm Moth,15,10,2023
43.919472,10.2934114,Italy,Helicoverpa armigera,Cotton Bollworm Moth,15,10,2023
41.9326175439,12.4180145192,Italy,Helicoverpa armigera,Cotton Bollworm Moth,6,10,2023
41.9328783333,12.4177083333,Italy,Helicoverpa armigera,Cotton Bollworm Moth,6,10,2023
40.9948963817,17.2225374946,Italy,Helicoverpa armigera,Cotton Bollworm Moth,19,10,2023
43.919472,10.2934114,Italy,Helicoverpa armigera,Cotton Bollworm Moth,15,10,2023
43.919472,10.2934114,Italy,Helicoverpa armigera,Cotton Bollworm Moth,15,10,2023
43.919472,10.2934114,Italy,Helicoverpa armigera,Cotton Bollworm Moth,15,10,2023
43.919472,10.2934114,Italy,Helicoverpa armigera,Cotton Bollworm Moth,15,10,2023
43.919472,10.2934114,Italy,Helicoverpa armigera,Cotton Bollworm Moth,15,10,2023
43.919472,10.2934114,Italy,Helicoverpa armigera,Cotton Bollworm Moth,15,10,2023
43.919472,10.2934114,Italy,Helicoverpa armigera,Cotton Bollworm Moth,15,10,2023
43.919472,10.2934114,Italy,Helicoverpa armigera,Cotton Bollworm Moth,15,10,2023
45.0374404587,10.2378900616,Italy,Helicoverpa armigera,Cotton Bollworm Moth,21,10,2023
42.7650817953,10.8715218678,Italy,Helicoverpa armigera,Cotton Bollworm Moth,21,10,2023
44.7089407506,11.6078701681,Italy,Helicoverpa armigera,Cotton Bollworm Moth,21,10,2023
42.2334902035,12.5988620427,Italy,Helicoverpa armigera,Cotton Bollworm Moth,21,10,2023
42.2334894492,12.598859109,Italy,Helicoverpa armigera,Cotton Bollworm Moth,21,10,2023
42.2335081408,12.5989000965,Italy,Helicoverpa armigera,Cotton Bollworm Moth,21,10,2023
44.8804702758,12.2210302353,Italy,Helicoverpa armigera,Cotton Bollworm Moth,21,10,2023
45.1429057924,8.5412511975,Italy,Helicoverpa armigera,Cotton Bollworm Moth,22,10,2023
45.5490750707,8.7058778107,Italy,Helicoverpa armigera,Cotton Bollworm Moth,22,10,2023
45.1338018514,7.6502287388,Italy,Helicoverpa armigera,Cotton Bollworm Moth,22,10,2023
45.7152630275,11.6946760565,Italy,Helicoverpa armigera,Cotton Bollworm Moth,10,10,2023
44.4251893865,8.8621977889,Italy,Helicoverpa armigera,Cotton Bollworm Moth,23,10,2023
46.3883441997,11.2495907,Italy,Helicoverpa armigera,Cotton Bollworm Moth,23,10,2023
45.65307,9.561745,Italy,Helicoverpa armigera,Cotton Bollworm Moth,23,10,2023
46.2910979059,13.1056881483,Italy,Helicoverpa armigera,Cotton Bollworm Moth,22,10,2023
45.638656,10.027322,Italy,Helicoverpa armigera,Cotton Bollworm Moth,1,10,2023
41.0569343645,14.3389988691,Italy,Helicoverpa armigera,Cotton Bollworm Moth,16,10,2023
41.0284793805,13.9447428707,Italy,Helicoverpa armigera,Cotton Bollworm Moth,25,10,2023
45.0863691843,8.127822993,Italy,Helicoverpa armigera,Cotton Bollworm Moth,13,10,2023
45.638598,10.027544,Italy,Helicoverpa armigera,Cotton Bollworm Moth,1,10,2023
45.0354530551,9.6718613058,Italy,Helicoverpa armigera,Cotton Bollworm Moth,25,10,2023
44.0800148125,9.8260819539,Italy,Helicoverpa armigera,Cotton Bollworm Moth,5,10,2023
43.777145,11.258795,Italy,Helicoverpa armigera,Cotton Bollworm Moth,26,10,2023
44.9944762768,8.3005478084,Italy,Helicoverpa armigera,Cotton Bollworm Moth,7,10,2023
44.3900416667,9.0725971667,Italy,Helicoverpa armigera,Cotton Bollworm Moth,27,10,2023
45.6979163733,8.2508501328,Italy,Helicoverpa armigera,Cotton Bollworm Moth,27,10,2023
44.7857611839,11.3764488675,Italy,Helicoverpa armigera,Cotton Bollworm Moth,27,10,2023
45.8084733333,11.762985,Italy,Helicoverpa armigera,Cotton Bollworm Moth,28,10,2023
42.7668684832,10.3231481564,Italy,Helicoverpa armigera,Cotton Bollworm Moth,7,10,2023
45.6275399306,9.0083029111,Italy,Helicoverpa armigera,Cotton Bollworm Moth,28,10,2023
45.6272190997,9.0172235,Italy,Helicoverpa armigera,Cotton Bollworm Moth,28,10,2023
43.9915666667,10.2516633333,Italy,Helicoverpa armigera,Cotton Bollworm Moth,29,10,2023
41.8761380134,12.4965774268,Italy,Helicoverpa armigera,Cotton Bollworm Moth,20,10,2023
45.0537446252,8.6464953795,Italy,Helicoverpa armigera,Cotton Bollworm Moth,30,10,2023
45.5112021459,9.2168208584,Italy,Helicoverpa armigera,Cotton Bollworm Moth,5,10,2023
45.3578616708,9.1396000609,Italy,Helicoverpa armigera,Cotton Bollworm Moth,3,10,2023
45.6526732997,12.3577711,Italy,Helicoverpa armigera,Cotton Bollworm Moth,31,10,2023
44.2938414952,12.0879069057,Italy,Helicoverpa armigera,Cotton Bollworm Moth,1,11,2023
44.4299183183,8.9556038752,Italy,Helicoverpa armigera,Cotton Bollworm Moth,5,11,2023
42.7358297,11.8623131,Italy,Helicoverpa armigera,Cotton Bollworm Moth,7,11,2023
45.7103970922,8.2297597672,Italy,Helicoverpa armigera,Cotton Bollworm Moth,10,11,2023
44.3683378926,8.2909497991,Italy,Helicoverpa armigera,Cotton Bollworm Moth,13,10,2023
45.6886343545,8.9192649722,Italy,Helicoverpa armigera,Cotton Bollworm Moth,11,11,2023
45.55268388,10.56110599,Italy,Helicoverpa armigera,Cotton Bollworm Moth,12,11,2023
45.5206259617,9.0991362557,Italy,Helicoverpa armigera,Cotton Bollworm Moth,25,9,2023
44.96003,8.1835216667,Italy,Helicoverpa armigera,Cotton Bollworm Moth,16,11,2023
45.5510883333,12.2492083333,Italy,Helicoverpa armigera,Cotton Bollworm Moth,11,10,2023
45.7640394592,12.4662178382,Italy,Helicoverpa armigera,Cotton Bollworm Moth,17,11,2023
45.1700583257,8.0034699664,Italy,Helicoverpa armigera,Cotton Bollworm Moth,20,11,2023
45.450772196,9.1134810448,Italy,Helicoverpa armigera,Cotton Bollworm Moth,28,10,2023
39.2425344079,9.3051450457,Italy,Helicoverpa armigera,Cotton Bollworm Moth,30,9,2023
46.6440083333,11.3794166667,Italy,Helicoverpa armigera,Cotton Bollworm Moth,28,9,2023
45.410323191,11.8951849915,Italy,Helicoverpa armigera,Cotton Bollworm Moth,25,9,2023
45.9616699997,10.904391,Italy,Helicoverpa armigera,Cotton Bollworm Moth,23,9,2023
43.8305015521,7.6544092968,Italy,Helicoverpa armigera,Cotton Bollworm Moth,3,10,2023
45.7757833333,11.7287472222,Italy,Helicoverpa armigera,Cotton Bollworm Moth,9,10,2023
43.8304869722,7.654401,Italy,Helicoverpa armigera,Cotton Bollworm Moth,8,2,2024
44.9286236,10.5229153,Italy,Helicoverpa armigera,Cotton Bollworm Moth,11,10,2023
38.6620944215,16.5252583846,Italy,Helicoverpa armigera,Cotton Bollworm Moth,26,4,2024
43.920744,10.294019,Italy,Helicoverpa armigera,Cotton Bollworm Moth,25,4,2024
43.920744,10.294019,Italy,Helicoverpa armigera,Cotton Bollworm Moth,25,4,2024
43.920744,10.294019,Italy,Helicoverpa armigera,Cotton Bollworm Moth,27,4,2024
43.920744,10.294019,Italy,Helicoverpa armigera,Cotton Bollworm Moth,27,4,2024
43.920744,10.294019,Italy,Helicoverpa armigera,Cotton Bollworm Moth,27,4,2024
43.920744,10.294019,Italy,Helicoverpa armigera,Cotton Bollworm Moth,27,4,2024
43.920744,10.294019,Italy,Helicoverpa armigera,Cotton Bollworm Moth,27,4,2024
43.920744,10.294019,Italy,Helicoverpa armigera,Cotton Bollworm Moth,27,4,2024
43.920744,10.294019,Italy,Helicoverpa armigera,Cotton Bollworm Moth,27,4,2024
43.920744,10.294019,Italy,Helicoverpa armigera,Cotton Bollworm Moth,27,4,2024
43.920744,10.294019,Italy,Helicoverpa armigera,Cotton Bollworm Moth,27,4,2024
45.3044133333,10.81962,Italy,Helicoverpa armigera,Cotton Bollworm Moth,5,5,2024
43.920744,10.294019,Italy,Helicoverpa armigera,Cotton Bollworm Moth,28,4,2024
43.920744,10.294019,Italy,Helicoverpa armigera,Cotton Bollworm Moth,28,4,2024
43.920744,10.294019,Italy,Helicoverpa armigera,Cotton Bollworm Moth,28,4,2024
43.920744,10.294019,Italy,Helicoverpa armigera,Cotton Bollworm Moth,28,4,2024
43.920744,10.294019,Italy,Helicoverpa armigera,Cotton Bollworm Moth,28,4,2024
43.920744,10.294019,Italy,Helicoverpa armigera,Cotton Bollworm Moth,28,4,2024
43.920744,10.294019,Italy,Helicoverpa armigera,Cotton Bollworm Moth,28,4,2024
43.920744,10.294019,Italy,Helicoverpa armigera,Cotton Bollworm Moth,28,4,2024
43.920744,10.294019,Italy,Helicoverpa armigera,Cotton Bollworm Moth,28,4,2024
43.920744,10.294019,Italy,Helicoverpa armigera,Cotton Bollworm Moth,28,4,2024
43.920744,10.294019,Italy,Helicoverpa armigera,Cotton Bollworm Moth,28,4,2024
43.920744,10.294019,Italy,Helicoverpa armigera,Cotton Bollworm Moth,28,4,2024
43.920744,10.294019,Italy,Helicoverpa armigera,Cotton Bollworm Moth,28,4,2024
43.920744,10.294019,Italy,Helicoverpa armigera,Cotton Bollworm Moth,29,4,2024
43.920744,10.294019,Italy,Helicoverpa armigera,Cotton Bollworm Moth,29,4,2024
43.920744,10.294019,Italy,Helicoverpa armigera,Cotton Bollworm Moth,29,4,2024
43.920744,10.294019,Italy,Helicoverpa armigera,Cotton Bollworm Moth,29,4,2024
43.920744,10.294019,Italy,Helicoverpa armigera,Cotton Bollworm Moth,29,4,2024
45.1314334806,7.3904715228,Italy,Helicoverpa armigera,Cotton Bollworm Moth,28,5,2024
45.1638153888,7.2838456971,Italy,Helicoverpa armigera,Cotton Bollworm Moth,28,5,2024
40.639307753,14.4083986804,Italy,Helicoverpa armigera,Cotton Bollworm Moth,28,5,2024
44.8833555556,12.2321527778,Italy,Helicoverpa armigera,Cotton Bollworm Moth,10,6,2024
45.4605092194,9.3165355,Italy,Helicoverpa armigera,Cotton Bollworm Moth,22,6,2024
42.9350736,10.5205429833,Italy,Helicoverpa armigera,Cotton Bollworm Moth,25,6,2024
45.7777722222,8.4288361111,Italy,Helicoverpa armigera,Cotton Bollworm Moth,1,7,2024
46.818357355,11.9320907314,Italy,Helicoverpa armigera,Cotton Bollworm Moth,6,7,2024
45.116128543,7.3632128918,Italy,Helicoverpa armigera,Cotton Bollworm Moth,5,7,2024
45.1419997889,7.2703684342,Italy,Helicoverpa armigera,Cotton Bollworm Moth,6,7,2024
44.7998975678,11.4410282335,Italy,Helicoverpa armigera,Cotton Bollworm Moth,5,7,2024
45.3673531506,7.253046956,Italy,Helicoverpa armigera,Cotton Bollworm Moth,8,7,2024
45.071872227,7.3917639068,Italy,Helicoverpa armigera,Cotton Bollworm Moth,9,7,2024
44.0615277778,10.592475,Italy,Helicoverpa armigera,Cotton Bollworm Moth,11,7,2024
37.9364283333,15.36002,Italy,Helicoverpa armigera,Cotton Bollworm Moth,22,7,2024
44.5105231077,12.1026004851,Italy,Helicoverpa armigera,Cotton Bollworm Moth,23,7,2024
44.8831861111,12.2324083333,Italy,Helicoverpa armigera,Cotton Bollworm Moth,25,7,2024
45.4688623692,11.54591394,Italy,Helicoverpa armigera,Cotton Bollworm Moth,26,7,2024
45.4440374468,10.7006105036,Italy,Helicoverpa armigera,Cotton Bollworm Moth,30,7,2024
38.2260243444,15.3910970315,Italy,Helicoverpa armigera,Cotton Bollworm Moth,30,7,2024
45.7778388889,8.4287833333,Italy,Helicoverpa armigera,Cotton Bollworm Moth,4,8,2024
45.8127937317,8.8098783493,Italy,Helicoverpa armigera,Cotton Bollworm Moth,6,8,2024
46.0228311997,10.9822980997,Italy,Helicoverpa armigera,Cotton Bollworm Moth,8,8,2024
45.4998163889,8.8167680556,Italy,Helicoverpa armigera,Cotton Bollworm Moth,9,8,2024
44.2917784063,12.0871738784,Italy,Helicoverpa armigera,Cotton Bollworm Moth,10,8,2024
41.6473868952,14.0555051342,Italy,Helicoverpa armigera,Cotton Bollworm Moth,11,8,2024
45.7778388889,8.4287805556,Italy,Helicoverpa armigera,Cotton Bollworm Moth,15,8,2024
45.7778388889,8.4287833333,Italy,Helicoverpa armigera,Cotton Bollworm Moth,15,8,2024
46.4649151643,10.2536639385,Italy,Helicoverpa armigera,Cotton Bollworm Moth,16,8,2024
45.2886611111,12.0140916667,Italy,Helicoverpa armigera,Cotton Bollworm Moth,16,8,2024
45.3839627988,10.7669654345,Italy,Helicoverpa armigera,Cotton Bollworm Moth,15,8,2024
45.3839101572,10.766977408,Italy,Helicoverpa armigera,Cotton Bollworm Moth,15,8,2024
45.3044166667,10.819645,Italy,Helicoverpa armigera,Cotton Bollworm Moth,20,8,2024
46.2064974429,12.617192584,Italy,Helicoverpa armigera,Cotton Bollworm Moth,18,8,2024
45.6038823806,9.4379551011,Italy,Helicoverpa armigera,Cotton Bollworm Moth,22,8,2024
45.1339913185,7.3704942464,Italy,Helicoverpa armigera,Cotton Bollworm Moth,23,8,2024
45.77785,8.4288,Italy,Helicoverpa armigera,Cotton Bollworm Moth,24,8,2024
44.7102317778,7.4322700278,Italy,Helicoverpa armigera,Cotton Bollworm Moth,26,8,2024
45.0908645731,7.5900523737,Italy,Helicoverpa armigera,Cotton Bollworm Moth,26,8,2024
42.7720777089,10.4075922444,Italy,Helicoverpa armigera,Cotton Bollworm Moth,27,8,2024
45.2282839,11.1347910997,Italy,Helicoverpa armigera,Cotton Bollworm Moth,27,8,2024
45.122482217,7.3609484732,Italy,Helicoverpa armigera,Cotton Bollworm Moth,26,8,2024
44.09015,10.5093333333,Italy,Helicoverpa armigera,Cotton Bollworm Moth,27,8,2024
44.51049013,12.10172456,Italy,Helicoverpa armigera,Cotton Bollworm Moth,27,8,2024
44.5231429657,8.828234151,Italy,Helicoverpa armigera,Cotton Bollworm Moth,29,8,2024
45.2886546925,12.0140020922,Italy,Helicoverpa armigera,Cotton Bollworm Moth,30,8,2024
46.0914916944,8.80056475,Italy,Helicoverpa armigera,Cotton Bollworm Moth,29,8,2024
45.1002366596,7.2875282765,Italy,Helicoverpa armigera,Cotton Bollworm Moth,29,8,2024
44.4190972222,8.971175,Italy,Helicoverpa armigera,Cotton Bollworm Moth,1,9,2024
45.5599836795,12.1927284077,Italy,Helicoverpa armigera,Cotton Bollworm Moth,1,9,2024
42.1616528333,12.21632,Italy,Helicoverpa armigera,Cotton Bollworm Moth,1,9,2024
44.8678832694,8.1040720833,Italy,Helicoverpa armigera,Cotton Bollworm Moth,2,9,2024
44.8299351321,11.6254663467,Italy,Helicoverpa armigera,Cotton Bollworm Moth,2,9,2024
42.8483705092,10.4094262049,Italy,Helicoverpa armigera,Cotton Bollworm Moth,3,9,2024
44.3195952502,7.2791474685,Italy,Helicoverpa armigera,Cotton Bollworm Moth,3,9,2024
44.1770504763,12.3359526694,Italy,Helicoverpa armigera,Cotton Bollworm Moth,5,9,2024
45.3044366667,10.8196166667,Italy,Helicoverpa armigera,Cotton Bollworm Moth,5,9,2024
45.5008463889,8.818695,Italy,Helicoverpa armigera,Cotton Bollworm Moth,6,9,2024
41.2785576134,14.3635490922,Italy,Helicoverpa armigera,Cotton Bollworm Moth,7,9,2024
45.2640748137,10.5662402853,Italy,Helicoverpa armigera,Cotton Bollworm Moth,8,9,2024
45.0754444548,7.3301107664,Italy,Helicoverpa armigera,Cotton Bollworm Moth,7,9,2024
41.2151127939,9.4033440202,Italy,Helicoverpa armigera,Cotton Bollworm Moth,9,9,2024
42.1338494871,12.0770967007,Italy,Helicoverpa armigera,Cotton Bollworm Moth,10,9,2024
40.8869495,8.2550795,Italy,Helicoverpa armigera,Cotton Bollworm Moth,10,9,2024
42.133775,12.0771055,Italy,Helicoverpa armigera,Cotton Bollworm Moth,10,9,2024
45.8229633333,8.8051116667,Italy,Helicoverpa armigera,Cotton Bollworm Moth,27,8,2024
41.8255500489,12.3981212452,Italy,Helicoverpa armigera,Cotton Bollworm Moth,10,9,2024
44.6857643611,11.3378597778,Italy,Helicoverpa armigera,Cotton Bollworm Moth,11,9,2024
45.3481830997,10.8385007,Italy,Helicoverpa armigera,Cotton Bollworm Moth,9,9,2024
45.4281399722,10.9683919722,Italy,Helicoverpa armigera,Cotton Bollworm Moth,10,9,2024
45.3006327599,11.7775301635,Italy,Helicoverpa armigera,Cotton Bollworm Moth,11,9,2024
45.6785491,12.0997274,Italy,Helicoverpa armigera,Cotton Bollworm Moth,11,9,2024
45.570983789,8.7341175025,Italy,Helicoverpa armigera,Cotton Bollworm Moth,11,9,2024
45.570983789,8.7341175025,Italy,Helicoverpa armigera,Cotton Bollworm Moth,11,9,2024
40.0511864238,15.4502101318,Italy,Helicoverpa armigera,Cotton Bollworm Moth,7,9,2024
44.5145091246,11.1297294125,Italy,Helicoverpa armigera,Cotton Bollworm Moth,12,9,2024
45.4280329722,10.9663289722,Italy,Helicoverpa armigera,Cotton Bollworm Moth,13,9,2024
45.4086882408,11.8778290227,Italy,Helicoverpa armigera,Cotton Bollworm Moth,13,9,2024
44.3222090904,7.2631028337,Italy,Helicoverpa armigera,Cotton Bollworm Moth,29,8,2024
44.9348431799,11.4837299584,Italy,Helicoverpa armigera,Cotton Bollworm Moth,14,9,2024
44.5944120445,11.059576066,Italy,Helicoverpa armigera,Cotton Bollworm Moth,10,9,2024
45.3296314985,9.8701374105,Italy,Helicoverpa armigera,Cotton Bollworm Moth,15,9,2024
45.7472838448,7.3863047361,Italy,Helicoverpa armigera,Cotton Bollworm Moth,15,9,2024
46.2009155333,13.0743844833,Italy,Helicoverpa armigera,Cotton Bollworm Moth,10,9,2024
43.0346603394,13.5388936996,Italy,Helicoverpa armigera,Cotton Bollworm Moth,15,9,2024
44.0010493889,12.6654110389,Italy,Helicoverpa armigera,Cotton Bollworm Moth,13,9,2024
45.6268075307,11.5230488588,Italy,Helicoverpa armigera,Cotton Bollworm Moth,15,9,2024
44.6380165274,10.9148257971,Italy,Helicoverpa armigera,Cotton Bollworm Moth,16,9,2024
45.62583,12.8880216667,Italy,Helicoverpa armigera,Cotton Bollworm Moth,7,9,2024
41.8255500489,12.3981212452,Italy,Helicoverpa armigera,Cotton Bollworm Moth,16,9,2024
45.4224510783,9.1860099495,Italy,Helicoverpa armigera,Cotton Bollworm Moth,17,9,2024
43.8185116667,7.7888216667,Italy,Helicoverpa armigera,Cotton Bollworm Moth,17,9,2024
45.46056,10.973516,Italy,Helicoverpa armigera,Cotton Bollworm Moth,15,9,2024
45.2912533079,12.0074906945,Italy,Helicoverpa armigera,Cotton Bollworm Moth,17,9,2024
45.7065632672,11.3460307941,Italy,Helicoverpa armigera,Cotton Bollworm Moth,18,9,2024
42.7636740995,10.8753044531,Italy,Helicoverpa armigera,Cotton Bollworm Moth,18,9,2024
45.6510685,13.7746344,Italy,Helicoverpa armigera,Cotton Bollworm Moth,19,9,2024
43.1389938273,10.5707429062,Italy,Helicoverpa armigera,Cotton Bollworm Moth,19,9,2024
45.2883440395,12.01349549,Italy,Helicoverpa armigera,Cotton Bollworm Moth,20,9,2024
45.6848803272,8.2437250402,Italy,Helicoverpa armigera,Cotton Bollworm Moth,21,9,2024
45.3541533771,9.6923514425,Italy,Helicoverpa armigera,Cotton Bollworm Moth,21,9,2024
45.2421010472,7.5797653478,Italy,Helicoverpa armigera,Cotton Bollworm Moth,22,9,2024
45.3384803145,9.8650379958,Italy,Helicoverpa armigera,Cotton Bollworm Moth,22,9,2024
45.2032718805,9.8262543759,Italy,Helicoverpa armigera,Cotton Bollworm Moth,22,9,2024
42.7755283376,11.0938239713,Italy,Helicoverpa armigera,Cotton Bollworm Moth,22,9,2024
42.9108514784,10.6649384648,Italy,Helicoverpa armigera,Cotton Bollworm Moth,20,9,2024
45.1770588354,7.3177551046,Italy,Helicoverpa armigera,Cotton Bollworm Moth,22,9,2024
44.9124930556,11.6731913889,Italy,Helicoverpa armigera,Cotton Bollworm Moth,20,9,2024
45.4505669722,11.0074,Italy,Helicoverpa armigera,Cotton Bollworm Moth,22,9,2024
44.8662910461,9.544549942,Italy,Helicoverpa armigera,Cotton Bollworm Moth,24,9,2024
44.4479179382,11.7970790863,Italy,Helicoverpa armigera,Cotton Bollworm Moth,25,9,2024
44.2921579735,12.0871335643,Italy,Helicoverpa armigera,Cotton Bollworm Moth,25,9,2024
44.2921579735,12.0871335643,Italy,Helicoverpa armigera,Cotton Bollworm Moth,26,9,2024
42.2749801745,13.3318126207,Italy,Helicoverpa armigera,Cotton Bollworm Moth,25,9,2024
38.0278780824,12.9305147566,Italy,Helicoverpa armigera,Cotton Bollworm Moth,26,9,2024
44.9902659722,9.687115,Italy,Helicoverpa armigera,Cotton Bollworm Moth,26,9,2024
45.3044166667,10.8196283333,Italy,Helicoverpa armigera,Cotton Bollworm Moth,27,9,2024
45.8636626944,9.3962526111,Italy,Helicoverpa armigera,Cotton Bollworm Moth,27,9,2024
40.615014513,14.558506161,Italy,Helicoverpa armigera,Cotton Bollworm Moth,26,9,2024
40.0890957062,15.6218625605,Italy,Helicoverpa armigera,Cotton Bollworm Moth,27,9,2024
42.2754872791,13.3321348782,Italy,Helicoverpa armigera,Cotton Bollworm Moth,25,9,2024
45.0431363927,6.791232191,Italy,Helicoverpa armigera,Cotton Bollworm Moth,26,9,2024
45.9240169722,8.5478109722,Italy,Helicoverpa armigera,Cotton Bollworm Moth,28,9,2024
38.9307222222,8.9229888889,Italy,Helicoverpa armigera,Cotton Bollworm Moth,18,9,2024
45.32093,11.7222616667,Italy,Helicoverpa armigera,Cotton Bollworm Moth,28,9,2024
45.9917833333,11.83658,Italy,Helicoverpa armigera,Cotton Bollworm Moth,29,9,2024
45.3663123,10.2187585,Italy,Helicoverpa armigera,Cotton Bollworm Moth,29,9,2024
45.8641471667,9.3919973333,Italy,Helicoverpa armigera,Cotton Bollworm Moth,29,9,2024
44.7777857867,11.382071877,Italy,Helicoverpa armigera,Cotton Bollworm Moth,29,9,2024
45.8526428137,12.2213238571,Italy,Helicoverpa armigera,Cotton Bollworm Moth,29,9,2024
45.5585592126,9.8286300525,Italy,Helicoverpa armigera,Cotton Bollworm Moth,29,9,2024
45.5804359807,9.6328165104,Italy,Helicoverpa armigera,Cotton Bollworm Moth,29,9,2024
39.9572583333,9.6920944444,Italy,Helicoverpa armigera,Cotton Bollworm Moth,30,9,2024
45.3663123,10.2187585,Italy,Helicoverpa armigera,Cotton Bollworm Moth,30,9,2024
45.3542717751,9.6921682048,Italy,Helicoverpa armigera,Cotton Bollworm Moth,30,9,2024
45.5888457648,10.7225751132,Italy,Helicoverpa armigera,Cotton Bollworm Moth,1,10,2024
45.7204133333,9.7353616667,Italy,Helicoverpa armigera,Cotton Bollworm Moth,2,10,2024
44.900194575,9.2607645841,Italy,Helicoverpa armigera,Cotton Bollworm Moth,30,9,2024
45.3592012879,9.7027473336,Italy,Helicoverpa armigera,Cotton Bollworm Moth,2,10,2024
44.3590861111,7.8318972222,Italy,Helicoverpa armigera,Cotton Bollworm Moth,2,10,2024
45.6146866667,8.9937666667,Italy,Helicoverpa armigera,Cotton Bollworm Moth,1,10,2024
43.7228385,10.4017581,Italy,Helicoverpa armigera,Cotton Bollworm Moth,15,8,2024
45.6848803272,8.2437250402,Italy,Helicoverpa armigera,Cotton Bollworm Moth,3,10,2024
45.7117166667,9.7347216667,Italy,Helicoverpa armigera,Cotton Bollworm Moth,5,10,2024
45.30443,10.8196116667,Italy,Helicoverpa armigera,Cotton Bollworm Moth,5,10,2024
40.2727097592,18.0486448109,Italy,Helicoverpa armigera,Cotton Bollworm Moth,4,10,2024
45.5642783333,8.7396916667,Italy,Helicoverpa armigera,Cotton Bollworm Moth,6,10,2024
45.3663123,10.2187585,Italy,Helicoverpa armigera,Cotton Bollworm Moth,6,10,2024
41.9190360105,12.4867068976,Italy,Helicoverpa armigera,Cotton Bollworm Moth,6,10,2024
45.0706726467,7.5495821983,Italy,Helicoverpa armigera,Cotton Bollworm Moth,6,10,2024
43.6711873764,10.6540111961,Italy,Helicoverpa armigera,Cotton Bollworm Moth,6,10,2024
46.0097078542,11.9215579398,Italy,Helicoverpa armigera,Cotton Bollworm Moth,7,10,2024
46.1359542667,12.9205688833,Italy,Helicoverpa armigera,Cotton Bollworm Moth,30,9,2024
46.0096786734,11.917511722,Italy,Helicoverpa armigera,Cotton Bollworm Moth,7,10,2024
45.3618251093,9.6537433192,Italy,Helicoverpa armigera,Cotton Bollworm Moth,30,9,2024
39.2425205195,9.3051409904,Italy,Helicoverpa armigera,Cotton Bollworm Moth,7,10,2024
45.418645,10.2767133333,Italy,Helicoverpa armigera,Cotton Bollworm Moth,9,10,2024
45.8880083333,11.0346945,Italy,Helicoverpa armigera,Cotton Bollworm Moth,9,10,2024
44.88385,12.232275,Italy,Helicoverpa armigera,Cotton Bollworm Moth,9,10,2024
44.88385,12.232275,Italy,Helicoverpa armigera,Cotton Bollworm Moth,9,10,2024
39.2425205195,9.3051409904,Italy,Helicoverpa armigera,Cotton Bollworm Moth,9,10,2024
42.207284486,14.5420286369,Italy,Helicoverpa armigera,Cotton Bollworm Moth,9,10,2024
44.3900752905,9.0727370676,Italy,Helicoverpa armigera,Cotton Bollworm Moth,10,10,2024
45.29485065,11.135702692,Italy,Helicoverpa armigera,Cotton Bollworm Moth,10,10,2024
41.1435555,9.3030083333,Italy,Helicoverpa armigera,Cotton Bollworm Moth,10,10,2024
44.639070516,10.9139346331,Italy,Helicoverpa armigera,Cotton Bollworm Moth,10,10,2024
45.0538156812,8.646457158,Italy,Helicoverpa armigera,Cotton Bollworm Moth,10,10,2024
44.8160986585,8.9306568614,Italy,Helicoverpa armigera,Cotton Bollworm Moth,14,9,2024
45.0934869094,7.6624897867,Italy,Helicoverpa armigera,Cotton Bollworm Moth,11,10,2024
40.7490283333,14.4805383333,Italy,Helicoverpa armigera,Cotton Bollworm Moth,12,10,2024
44.011355,10.226425,Italy,Helicoverpa armigera,Cotton Bollworm Moth,12,10,2024
39.230506341,9.1145246755,Italy,Helicoverpa armigera,Cotton Bollworm Moth,12,10,2024
44.391956957,9.0448459983,Italy,Helicoverpa armigera,Cotton Bollworm Moth,11,10,2024
44.3683283056,8.2909497991,Italy,Helicoverpa armigera,Cotton Bollworm Moth,7,10,2024
44.3683283056,8.2909497991,Italy,Helicoverpa armigera,Cotton Bollworm Moth,7,10,2024
45.732048,12.515505,Italy,Helicoverpa armigera,Cotton Bollworm Moth,12,10,2024
45.732138,12.515088,Italy,Helicoverpa armigera,Cotton Bollworm Moth,12,10,2024
45.3949085529,11.8361766409,Italy,Helicoverpa armigera,Cotton Bollworm Moth,13,10,2024
43.1610195,13.71782166,Italy,Helicoverpa armigera,Cotton Bollworm Moth,13,10,2024
45.4986237997,9.4510980997,Italy,Helicoverpa armigera,Cotton Bollworm Moth,13,10,2024
45.1572208129,10.4619978317,Italy,Helicoverpa armigera,Cotton Bollworm Moth,13,10,2024
45.5384250149,8.6983166635,Italy,Helicoverpa armigera,Cotton Bollworm Moth,13,10,2024
46.0097636872,11.918563658,Italy,Helicoverpa armigera,Cotton Bollworm Moth,13,10,2024
45.3567371854,9.6674168855,Italy,Helicoverpa armigera,Cotton Bollworm Moth,13,10,2024
44.8835083333,12.2320861111,Italy,Helicoverpa armigera,Cotton Bollworm Moth,14,10,2024
44.4101068112,11.3591790954,Italy,Helicoverpa armigera,Cotton Bollworm Moth,13,10,2024
44.819588,7.2089893,Italy,Helicoverpa armigera,Cotton Bollworm Moth,14,10,2024
45.3209694444,11.7152277778,Italy,Helicoverpa armigera,Cotton Bollworm Moth,27,9,2024
45.3210222222,11.7152111111,Italy,Helicoverpa armigera,Cotton Bollworm Moth,27,9,2024
45.6743361413,12.2519224137,Italy,Helicoverpa armigera,Cotton Bollworm Moth,15,10,2024
44.3611313739,9.1466267779,Italy,Helicoverpa armigera,Cotton Bollworm Moth,15,10,2024
45.3446092,11.9563716,Italy,Helicoverpa armigera,Cotton Bollworm Moth,9,10,2024
45.0435728165,7.3476310039,Italy,Helicoverpa armigera,Cotton Bollworm Moth,15,10,2024
45.1432833333,10.390325,Italy,Helicoverpa armigera,Cotton Bollworm Moth,15,10,2024
44.8315332204,11.6329466924,Italy,Helicoverpa armigera,Cotton Bollworm Moth,16,10,2024
44.5470698972,7.776365,Italy,Helicoverpa armigera,Cotton Bollworm Moth,16,10,2024
45.2425322968,11.7536370456,Italy,Helicoverpa armigera,Cotton Bollworm Moth,18,10,2024
45.58622,9.71175,Italy,Helicoverpa armigera,Cotton Bollworm Moth,19,10,2024
45.926483668,8.5620009321,Italy,Helicoverpa armigera,Cotton Bollworm Moth,6,10,2024
44.8674120753,10.058959052,Italy,Helicoverpa armigera,Cotton Bollworm Moth,20,10,2024
45.3900365586,11.0593190789,Italy,Helicoverpa armigera,Cotton Bollworm Moth,20,10,2024
45.4646299997,9.1813859997,Italy,Helicoverpa armigera,Cotton Bollworm Moth,21,10,2024
45.5011813889,8.8197430556,Italy,Helicoverpa armigera,Cotton Bollworm Moth,21,10,2024
44.8702057129,7.9861091621,Italy,Helicoverpa armigera,Cotton Bollworm Moth,21,10,2024
42.0634158142,11.8135767058,Italy,Helicoverpa armigera,Cotton Bollworm Moth,22,10,2024
44.6787092906,11.0287073627,Italy,Helicoverpa armigera,Cotton Bollworm Moth,22,10,2024
41.2466365524,14.0688363835,Italy,Helicoverpa armigera,Cotton Bollworm Moth,14,10,2024
41.8255500489,12.3981212452,Italy,Helicoverpa armigera,Cotton Bollworm Moth,22,10,2024
43.8941710313,12.8982050344,Italy,Helicoverpa armigera,Cotton Bollworm Moth,24,10,2024
45.441367505,11.0106339678,Italy,Helicoverpa armigera,Cotton Bollworm Moth,24,10,2024
45.3588219406,10.7397079747,Italy,Helicoverpa armigera,Cotton Bollworm Moth,24,10,2024
45.3852747733,7.4324281503,Italy,Helicoverpa armigera,Cotton Bollworm Moth,24,10,2024
41.9190360105,12.4867068976,Italy,Helicoverpa armigera,Cotton Bollworm Moth,25,10,2024
42.2072368037,14.542157383,Italy,Helicoverpa armigera,Cotton Bollworm Moth,24,10,2024
45.6569305556,11.9106611111,Italy,Helicoverpa armigera,Cotton Bollworm Moth,26,10,2024
45.3741797,11.8704999,Italy,Helicoverpa armigera,Cotton Bollworm Moth,26,10,2024
43.7606360389,11.2496146,Italy,Helicoverpa armigera,Cotton Bollworm Moth,26,10,2024
45.3043966667,10.81962,Italy,Helicoverpa armigera,Cotton Bollworm Moth,27,10,2024
39.7514696,8.6384419,Italy,Helicoverpa armigera,Cotton Bollworm Moth,27,10,2024
45.5112122488,9.2166679725,Italy,Helicoverpa armigera,Cotton Bollworm Moth,27,10,2024
45.46816514,9.1496457,Italy,Helicoverpa armigera,Cotton Bollworm Moth,28,10,2024
45.2893410952,12.0145009831,Italy,Helicoverpa armigera,Cotton Bollworm Moth,28,10,2024
39.2425205195,9.3051409904,Italy,Helicoverpa armigera,Cotton Bollworm Moth,29,10,2024
46.21302175,13.0533924833,Italy,Helicoverpa armigera,Cotton Bollworm Moth,7,10,2024
41.9357927889,12.5136438198,Italy,Helicoverpa armigera,Cotton Bollworm Moth,1,11,2024
46.2135250667,13.0321828333,Italy,Helicoverpa armigera,Cotton Bollworm Moth,29,10,2024
43.7631507997,11.2445208,Italy,Helicoverpa armigera,Cotton Bollworm Moth,9,11,2024
42.1328519599,12.078837119,Italy,Helicoverpa armigera,Cotton Bollworm Moth,19,11,2024
40.5506235,8.3201114997,Italy,Helicoverpa armigera,Cotton Bollworm Moth,21,11,2024
43.7727583333,11.2573366667,Italy,Helicoverpa armigera,Cotton Bollworm Moth,2,10,2024
45.2514861645,11.3344417275,Italy,Helicoverpa armigera,Cotton Bollworm Moth,10,10,2024
37.5203392555,15.0887384367,Italy,Helicoverpa armigera,Cotton Bollworm Moth,20,1,2025
45.4264786749,10.9923838824,Italy,Helicoverpa armigera,Cotton Bollworm Moth,20,1,2025
43.9176228502,10.5125507712,Italy,Helicoverpa armigera,Cotton Bollworm Moth,13,5,2024
45.1994510751,10.7525897026,Italy,Helicoverpa armigera,Cotton Bollworm Moth,21,10,2024
45.706329,7.216963,Italy,Helicoverpa armigera,Cotton Bollworm Moth,16,7,2024
45.5030772868,8.6594264015,Italy,Helicoverpa armigera,Cotton Bollworm Moth,16,9,2024
41.9332974291,12.1348215267,Italy,Helicoverpa armigera,Cotton Bollworm Moth,1,10,2024
40.9419366155,15.5411900952,Italy,Helicoverpa armigera,Cotton Bollworm Moth,28,3,2025
40.9419366667,15.54119,Italy,Helicoverpa armigera,Cotton Bollworm Moth,28,3,2025
40.9422019,15.5411796,Italy,Helicoverpa armigera,Cotton Bollworm Moth,28,3,2025
40.7951583333,13.4264305556,Italy,Helicoverpa armigera,Cotton Bollworm Moth,17,4,2025
38.0797122997,14.7911844997,Italy,Helicoverpa armigera,Cotton Bollworm Moth,17,4,2025
40.9716916667,17.2590638889,Italy,Helicoverpa armigera,Cotton Bollworm Moth,18,4,2025
44.8833527778,12.2323888889,Italy,Helicoverpa armigera,Cotton Bollworm Moth,22,4,2025
44.8833777778,12.232275,Italy,Helicoverpa armigera,Cotton Bollworm Moth,22,4,2025
41.4907599112,12.5988125056,Italy,Helicoverpa armigera,Cotton Bollworm Moth,25,4,2025
37.0932477006,14.4344851747,Italy,Helicoverpa armigera,Cotton Bollworm Moth,29,4,2025
39.3675659722,16.228401,Italy,Helicoverpa armigera,Cotton Bollworm Moth,2,5,2025
41.8255500489,12.3981212452,Italy,Helicoverpa armigera,Cotton Bollworm Moth,5,5,2025
44.1292695,9.69855,Italy,Helicoverpa armigera,Cotton Bollworm Moth,7,5,2025
45.4875525663,10.9933702501,Italy,Helicoverpa armigera,Cotton Bollworm Moth,9,5,2025
43.0860097997,10.6034299,Italy,Helicoverpa armigera,Cotton Bollworm Moth,11,5,2025
40.7338749997,16.4034250997,Italy,Helicoverpa armigera,Cotton Bollworm Moth,1,5,2025
41.8014554732,12.7312025375,Italy,Helicoverpa armigera,Cotton Bollworm Moth,17,5,2025
39.8821517805,18.1287263175,Italy,Helicoverpa armigera,Cotton Bollworm Moth,23,5,2025
37.85167,15.285895,Italy,Helicoverpa armigera,Cotton Bollworm Moth,26,5,2025
43.7228332857,10.4017581046,Italy,Helicoverpa armigera,Cotton Bollworm Moth,19,5,2025
37.9875101342,14.1149058074,Italy,Helicoverpa armigera,Cotton Bollworm Moth,1,6,2025
37.9875101342,14.1149058074,Italy,Helicoverpa armigera,Cotton Bollworm Moth,1,6,2025
37.9875101342,14.1149058074,Italy,Helicoverpa armigera,Cotton Bollworm Moth,1,6,2025
37.9875101342,14.1149058074,Italy,Helicoverpa armigera,Cotton Bollworm Moth,1,6,2025
37.9875101342,14.1149058074,Italy,Helicoverpa armigera,Cotton Bollworm Moth,1,6,2025
37.9875101342,14.1149058074,Italy,Helicoverpa armigera,Cotton Bollworm Moth,1,6,2025
37.9875101342,14.1149058074,Italy,Helicoverpa armigera,Cotton Bollworm Moth,1,6,2025
37.9875101342,14.1149058074,Italy,Helicoverpa armigera,Cotton Bollworm Moth,1,6,2025
40.9856902314,8.8650120822,Italy,Helicoverpa armigera,Cotton Bollworm Moth,2,6,2025
37.9875101342,14.1149058074,Italy,Helicoverpa armigera,Cotton Bollworm Moth,2,6,2025
37.9875101342,14.1149058074,Italy,Helicoverpa armigera,Cotton Bollworm Moth,3,6,2025
37.9875101342,14.1149058074,Italy,Helicoverpa armigera,Cotton Bollworm Moth,4,6,2025
38.0453950465,12.5919082595,Italy,Helicoverpa armigera,Cotton Bollworm Moth,6,6,2025
38.1548733454,12.7657660157,Italy,Helicoverpa armigera,Cotton Bollworm Moth,5,6,2025
38.1548733454,12.7657660157,Italy,Helicoverpa armigera,Cotton Bollworm Moth,5,6,2025
38.1548733454,12.7657660157,Italy,Helicoverpa armigera,Cotton Bollworm Moth,5,6,2025
38.0383203292,12.5905234739,Italy,Helicoverpa armigera,Cotton Bollworm Moth,7,6,2025
38.1548733454,12.7657660157,Italy,Helicoverpa armigera,Cotton Bollworm Moth,6,6,2025
38.1548733454,12.7657660157,Italy,Helicoverpa armigera,Cotton Bollworm Moth,6,6,2025
38.1548733454,12.7657660157,Italy,Helicoverpa armigera,Cotton Bollworm Moth,7,6,2025
41.7685907077,12.2223509156,Italy,Helicoverpa armigera,Cotton Bollworm Moth,7,6,2025
45.0014033556,9.5938130568,Italy,Helicoverpa armigera,Cotton Bollworm Moth,8,6,2025
37.417368927,14.1926701886,Italy,Helicoverpa armigera,Cotton Bollworm Moth,8,6,2025
37.417368927,14.1926701886,Italy,Helicoverpa armigera,Cotton Bollworm Moth,9,6,2025
37.417368927,14.1926701886,Italy,Helicoverpa armigera,Cotton Bollworm Moth,9,6,2025
37.9171572997,12.507709,Italy,Helicoverpa armigera,Cotton Bollworm Moth,5,6,2025
38.2108763997,13.3298126,Italy,Helicoverpa armigera,Cotton Bollworm Moth,5,6,2025
37.417368927,14.1926701886,Italy,Helicoverpa armigera,Cotton Bollworm Moth,10,6,2025
37.417368927,14.1926701886,Italy,Helicoverpa armigera,Cotton Bollworm Moth,11,6,2025
37.417368927,14.1926701886,Italy,Helicoverpa armigera,Cotton Bollworm Moth,11,6,2025
37.417368927,14.1926701886,Italy,Helicoverpa armigera,Cotton Bollworm Moth,11,6,2025
41.4907599112,12.5988125056,Italy,Helicoverpa armigera,Cotton Bollworm Moth,12,6,2025
41.4907599112,12.5988125056,Italy,Helicoverpa armigera,Cotton Bollworm Moth,12,6,2025
40.536775132,17.2386236455,Italy,Helicoverpa armigera,Cotton Bollworm Moth,14,6,2025
37.9104672435,13.9586427401,Italy,Helicoverpa armigera,Cotton Bollworm Moth,12,6,2025
37.9104672435,13.9586427401,Italy,Helicoverpa armigera,Cotton Bollworm Moth,12,6,2025
37.9104672435,13.9586427401,Italy,Helicoverpa armigera,Cotton Bollworm Moth,12,6,2025
37.9104672435,13.9586427401,Italy,Helicoverpa armigera,Cotton Bollworm Moth,12,6,2025
37.9104672435,13.9586427401,Italy,Helicoverpa armigera,Cotton Bollworm Moth,13,6,2025
37.9104672435,13.9586427401,Italy,Helicoverpa armigera,Cotton Bollworm Moth,13,6,2025
37.9104672435,13.9586427401,Italy,Helicoverpa armigera,Cotton Bollworm Moth,13,6,2025
37.7381007,13.5478525,Italy,Helicoverpa armigera,Cotton Bollworm Moth,14,6,2025
37.7381007,13.5478525,Italy,Helicoverpa armigera,Cotton Bollworm Moth,14,6,2025
37.7381007,13.5478525,Italy,Helicoverpa armigera,Cotton Bollworm Moth,14,6,2025
37.7381007,13.5478525,Italy,Helicoverpa armigera,Cotton Bollworm Moth,14,6,2025
41.8255500489,12.3981212452,Italy,Helicoverpa armigera,Cotton Bollworm Moth,15,6,2025
37.7381007,13.5478525,Italy,Helicoverpa armigera,Cotton Bollworm Moth,15,6,2025
37.7381007,13.5478525,Italy,Helicoverpa armigera,Cotton Bollworm Moth,15,6,2025
38.2106478552,13.3296099233,Italy,Helicoverpa armigera,Cotton Bollworm Moth,5,6,2025
42.7170866667,12.1116278333,Italy,Helicoverpa armigera,Cotton Bollworm Moth,16,6,2025
37.6217283531,13.6107824799,Italy,Helicoverpa armigera,Cotton Bollworm Moth,16,6,2025
37.6263782556,13.6256741638,Italy,Helicoverpa armigera,Cotton Bollworm Moth,16,6,2025
45.8126487732,8.809633255,Italy,Helicoverpa armigera,Cotton Bollworm Moth,17,6,2025
44.9983416946,7.6802879199,Italy,Helicoverpa armigera,Cotton Bollworm Moth,18,6,2025
37.6217283531,13.6107824799,Italy,Helicoverpa armigera,Cotton Bollworm Moth,17,6,2025
37.6217283531,13.6107824799,Italy,Helicoverpa armigera,Cotton Bollworm Moth,17,6,2025
37.6217283531,13.6107824799,Italy,Helicoverpa armigera,Cotton Bollworm Moth,17,6,2025
37.6202157182,13.6083148476,Italy,Helicoverpa armigera,Cotton Bollworm Moth,17,6,2025
37.6202157182,13.6083148476,Italy,Helicoverpa armigera,Cotton Bollworm Moth,17,6,2025
37.6202157182,13.6083148476,Italy,Helicoverpa armigera,Cotton Bollworm Moth,17,6,2025
37.6202157182,13.6083148476,Italy,Helicoverpa armigera,Cotton Bollworm Moth,17,6,2025
37.6263782556,13.6256741638,Italy,Helicoverpa armigera,Cotton Bollworm Moth,17,6,2025
37.5196908818,15.0690760463,Italy,Helicoverpa armigera,Cotton Bollworm Moth,19,6,2025
37.9246758366,14.6623295975,Italy,Helicoverpa armigera,Cotton Bollworm Moth,19,6,2025
37.9246758366,14.6623295975,Italy,Helicoverpa armigera,Cotton Bollworm Moth,19,6,2025
37.0671038735,14.7749607534,Italy,Helicoverpa armigera,Cotton Bollworm Moth,16,6,2025
38.0740901899,13.0829666018,Italy,Helicoverpa armigera,Cotton Bollworm Moth,20,6,2025
38.0740901899,13.0829666018,Italy,Helicoverpa armigera,Cotton Bollworm Moth,20,6,2025
42.3466769938,14.163994204,Italy,Helicoverpa armigera,Cotton Bollworm Moth,21,6,2025
37.9884282479,14.1161422912,Italy,Helicoverpa armigera,Cotton Bollworm Moth,2,6,2025
37.8676322902,14.0212583542,Italy,Helicoverpa armigera,Cotton Bollworm Moth,22,6,2025
38.1547575847,12.7658481036,Italy,Helicoverpa armigera,Cotton Bollworm Moth,5,6,2025
40.8466881359,17.454788076,Italy,Helicoverpa armigera,Cotton Bollworm Moth,22,6,2025
40.9722598466,17.4149193369,Italy,Helicoverpa armigera,Cotton Bollworm Moth,23,6,2025
40.73389,16.40343,Italy,Helicoverpa armigera,Cotton Bollworm Moth,1,5,2025
38.1547575847,12.7658481036,Italy,Helicoverpa armigera,Cotton Bollworm Moth,7,6,2025
40.9878641742,17.5110201123,Italy,Helicoverpa armigera,Cotton Bollworm Moth,24,6,2025
45.6358333333,9.2838888889,Italy,Helicoverpa armigera,Cotton Bollworm Moth,28,6,2025
43.7723216997,11.2553669,Italy,Helicoverpa armigera,Cotton Bollworm Moth,28,6,2025
44.1374614027,9.9295800179,Italy,Helicoverpa armigera,Cotton Bollworm Moth,28,6,2025
37.9968543914,13.883799836,Italy,Helicoverpa armigera,Cotton Bollworm Moth,29,6,2025
40.8659744659,8.8006667008,Italy,Helicoverpa armigera,Cotton Bollworm Moth,2,7,2025
45.0839904245,6.9910543031,Italy,Helicoverpa armigera,Cotton Bollworm Moth,7,7,2025
43.7228332857,10.4017581046,Italy,Helicoverpa armigera,Cotton Bollworm Moth,8,7,2025
41.722724,16.019563,Italy,Helicoverpa armigera,Cotton Bollworm Moth,28,4,2025
44.5294532776,10.513168335,Italy,Helicoverpa armigera,Cotton Bollworm Moth,9,7,2025
44.2914257751,11.8352338672,Italy,Helicoverpa armigera,Cotton Bollworm Moth,10,7,2025
42.0825126418,12.5446090847,Italy,Helicoverpa armigera,Cotton Bollworm Moth,9,7,2025
44.8475883333,11.6182966667,Italy,Helicoverpa armigera,Cotton Bollworm Moth,10,7,2025
38.0336153661,14.0163200721,Italy,Helicoverpa armigera,Cotton Bollworm Moth,3,7,2025
45.6961245775,8.9170739427,Italy,Helicoverpa armigera,Cotton Bollworm Moth,12,7,2025
38.6322604812,15.8475637436,Italy,Helicoverpa armigera,Cotton Bollworm Moth,12,7,2025
44.4792283333,10.9202449722,Italy,Helicoverpa armigera,Cotton Bollworm Moth,8,7,2025
45.1864085722,6.9629635282,Italy,Helicoverpa armigera,Cotton Bollworm Moth,16,7,2025
39.367515,16.228297,Italy,Helicoverpa armigera,Cotton Bollworm Moth,17,7,2025
39.367506,16.228266,Italy,Helicoverpa armigera,Cotton Bollworm Moth,17,7,2025
39.367475,16.228316,Italy,Helicoverpa armigera,Cotton Bollworm Moth,18,7,2025
39.366424,16.2290129722,Italy,Helicoverpa armigera,Cotton Bollworm Moth,18,7,2025
40.6471683333,17.94688,Italy,Helicoverpa armigera,Cotton Bollworm Moth,18,7,2025
38.6565421009,16.4622255384,Italy,Helicoverpa armigera,Cotton Bollworm Moth,19,7,2025
42.3538591583,13.3087921143,Italy,Helicoverpa armigera,Cotton Bollworm Moth,19,7,2025
40.9096728211,16.3019265735,Italy,Helicoverpa armigera,Cotton Bollworm Moth,20,7,2025
40.9790237001,16.2732550324,Italy,Helicoverpa armigera,Cotton Bollworm Moth,20,7,2025
40.92580509,8.8182821,Italy,Helicoverpa armigera,Cotton Bollworm Moth,23,7,2025
45.9855837544,8.1568821108,Italy,Helicoverpa armigera,Cotton Bollworm Moth,18,7,2025
44.4261501,8.8029933,Italy,Helicoverpa armigera,Cotton Bollworm Moth,25,7,2025
46.7026629277,11.130560562,Italy,Helicoverpa armigera,Cotton Bollworm Moth,25,7,2025
42.9699333333,13.2770916667,Italy,Helicoverpa armigera,Cotton Bollworm Moth,24,7,2025
45.5776027778,10.492875,Italy,Helicoverpa armigera,Cotton Bollworm Moth,26,7,2025
46.4032944444,9.3911472222,Italy,Helicoverpa armigera,Cotton Bollworm Moth,25,7,2025
45.7778861111,8.4288861111,Italy,Helicoverpa armigera,Cotton Bollworm Moth,26,7,2025
46.7026636175,11.1304921657,Italy,Helicoverpa armigera,Cotton Bollworm Moth,25,7,2025
46.7026636175,11.1304921657,Italy,Helicoverpa armigera,Cotton Bollworm Moth,25,7,2025
37.1778560509,13.7955407875,Italy,Helicoverpa armigera,Cotton Bollworm Moth,26,7,2025
43.9363533333,12.555355,Italy,Helicoverpa armigera,Cotton Bollworm Moth,27,7,2025
45.7778861111,8.4288888889,Italy,Helicoverpa armigera,Cotton Bollworm Moth,27,7,2025
45.8227716667,8.915255,Italy,Helicoverpa armigera,Cotton Bollworm Moth,26,7,2025
41.8335733992,13.3261640289,Italy,Helicoverpa armigera,Cotton Bollworm Moth,23,7,2025
44.5005052,12.2766262,Italy,Helicoverpa armigera,Cotton Bollworm Moth,28,7,2025
44.1356933152,9.8519324139,Italy,Helicoverpa armigera,Cotton Bollworm Moth,31,7,2025
45.353230942,10.185871129,Italy,Helicoverpa armigera,Cotton Bollworm Moth,2,8,2025
40.9561787491,16.3016655477,Italy,Helicoverpa armigera,Cotton Bollworm Moth,3,8,2025
45.7778833333,8.4289,Italy,Helicoverpa armigera,Cotton Bollworm Moth,2,8,2025
41.8255500489,12.3981212452,Italy,Helicoverpa armigera,Cotton Bollworm Moth,4,8,2025
45.2138545531,10.816540271,Italy,Helicoverpa armigera,Cotton Bollworm Moth,6,8,2025
44.5511508681,10.9258201718,Italy,Helicoverpa armigera,Cotton Bollworm Moth,7,8,2025
45.8829323877,11.8628094684,Italy,Helicoverpa armigera,Cotton Bollworm Moth,6,8,2025
45.8829025132,11.8627450953,Italy,Helicoverpa armigera,Cotton Bollworm Moth,7,8,2025
45.7778805556,8.4288972222,Italy,Helicoverpa armigera,Cotton Bollworm Moth,8,8,2025
45.4626916667,9.2228216667,Italy,Helicoverpa armigera,Cotton Bollworm Moth,8,8,2025
40.7196503887,16.4364620232,Italy,Helicoverpa armigera,Cotton Bollworm Moth,12,5,2025
44.8335361111,10.99715,Italy,Helicoverpa armigera,Cotton Bollworm Moth,9,8,2025
45.0265926837,6.8535686432,Italy,Helicoverpa armigera,Cotton Bollworm Moth,12,8,2025
45.1258693154,6.9806690301,Italy,Helicoverpa armigera,Cotton Bollworm Moth,13,8,2025
44.6233020825,11.7534701102,Italy,Helicoverpa armigera,Cotton Bollworm Moth,13,8,2025
42.7559583333,10.31322,Italy,Helicoverpa armigera,Cotton Bollworm Moth,15,8,2025
45.8235883333,8.7422616667,Italy,Helicoverpa armigera,Cotton Bollworm Moth,16,8,2025
45.1569063113,6.9315930674,Italy,Helicoverpa armigera,Cotton Bollworm Moth,17,8,2025
45.7831592672,12.1938492358,Italy,Helicoverpa armigera,Cotton Bollworm Moth,16,8,2025
44.5665206909,9.0939979553,Italy,Helicoverpa armigera,Cotton Bollworm Moth,17,8,2025
41.4907599112,12.5988125056,Italy,Helicoverpa armigera,Cotton Bollworm Moth,18,8,2025
45.132326301,6.9646357788,Italy,Helicoverpa armigera,Cotton Bollworm Moth,19,8,2025
39.367342,16.228059,Italy,Helicoverpa armigera,Cotton Bollworm Moth,19,8,2025
44.7072614167,11.7648340781,Italy,Helicoverpa armigera,Cotton Bollworm Moth,17,8,2025
45.71127,9.713705,Italy,Helicoverpa armigera,Cotton Bollworm Moth,19,8,2025
45.0699054004,8.6059153933,Italy,Helicoverpa armigera,Cotton Bollworm Moth,20,8,2025
44.833501,11.46145,Italy,Helicoverpa armigera,Cotton Bollworm Moth,19,8,2025
45.3686636495,7.3055974022,Italy,Helicoverpa armigera,Cotton Bollworm Moth,20,8,2025
45.3685828572,7.3075637966,Italy,Helicoverpa armigera,Cotton Bollworm Moth,20,8,2025
45.6432682849,11.594129288,Italy,Helicoverpa armigera,Cotton Bollworm Moth,18,8,2025
44.9902119722,9.6873599722,Italy,Helicoverpa armigera,Cotton Bollworm Moth,22,8,2025
45.1240506289,6.9206315108,Italy,Helicoverpa armigera,Cotton Bollworm Moth,22,8,2025
39.3664399722,16.229202,Italy,Helicoverpa armigera,Cotton Bollworm Moth,22,8,2025
44.629271596,12.2545982525,Italy,Helicoverpa armigera,Cotton Bollworm Moth,22,8,2025
45.0376938884,7.4198806286,Italy,Helicoverpa armigera,Cotton Bollworm Moth,22,8,2025
43.8866640016,10.4601431056,Italy,Helicoverpa armigera,Cotton Bollworm Moth,30,6,2025
45.72052,9.7343466667,Italy,Helicoverpa armigera,Cotton Bollworm Moth,22,8,2025
41.2782512248,14.3645683316,Italy,Helicoverpa armigera,Cotton Bollworm Moth,22,8,2025
45.1729798903,8.1026722233,Italy,Helicoverpa armigera,Cotton Bollworm Moth,22,8,2025
45.0137734786,8.9384130947,Italy,Helicoverpa armigera,Cotton Bollworm Moth,23,8,2025
41.9122237292,15.3384232149,Italy,Helicoverpa armigera,Cotton Bollworm Moth,22,8,2025
45.60263348,8.13162068,Italy,Helicoverpa armigera,Cotton Bollworm Moth,25,8,2025
45.6696383333,10.8063616667,Italy,Helicoverpa armigera,Cotton Bollworm Moth,25,8,2025
45.1298498591,7.2215428666,Italy,Helicoverpa armigera,Cotton Bollworm Moth,25,8,2025
45.7398149846,7.4630561471,Italy,Helicoverpa armigera,Cotton Bollworm Moth,27,8,2025
45.4867830525,8.6555827036,Italy,Helicoverpa armigera,Cotton Bollworm Moth,27,8,2025
43.8571285202,10.2605617018,Italy,Helicoverpa armigera,Cotton Bollworm Moth,24,8,2025
45.1419225123,9.9070087384,Italy,Helicoverpa armigera,Cotton Bollworm Moth,30,8,2025
44.7508145014,8.6722623557,Italy,Helicoverpa armigera,Cotton Bollworm Moth,29,8,2025
44.733364259,7.8175030276,Italy,Helicoverpa armigera,Cotton Bollworm Moth,29,8,2025
46.0581638333,8.1134166667,Italy,Helicoverpa armigera,Cotton Bollworm Moth,30,8,2025
45.1736933005,7.338002221,Italy,Helicoverpa armigera,Cotton Bollworm Moth,30,8,2025
45.5962235965,8.7411089614,Italy,Helicoverpa armigera,Cotton Bollworm Moth,30,8,2025
45.0645447432,8.6092634176,Italy,Helicoverpa armigera,Cotton Bollworm Moth,31,8,2025
45.5001096128,10.9354429754,Italy,Helicoverpa armigera,Cotton Bollworm Moth,31,8,2025
42.0371295039,12.1500581503,Italy,Helicoverpa armigera,Cotton Bollworm Moth,16,8,2025
39.3676391891,16.2291284278,Italy,Helicoverpa armigera,Cotton Bollworm Moth,21,8,2025
41.8255500489,12.3981212452,Italy,Helicoverpa armigera,Cotton Bollworm Moth,2,9,2025
45.5143569648,8.1302783325,Italy,Helicoverpa armigera,Cotton Bollworm Moth,3,9,2025
45.3485874323,10.1793318011,Italy,Helicoverpa armigera,Cotton Bollworm Moth,6,9,2025
45.5006337,8.8204077,Italy,Helicoverpa armigera,Cotton Bollworm Moth,7,9,2025
45.4619360911,7.8724339414,Italy,Helicoverpa armigera,Cotton Bollworm Moth,31,8,2025
45.9855728784,8.1568385821,Italy,Helicoverpa armigera,Cotton Bollworm Moth,1,8,2025
45.0154496506,6.9810909023,Italy,Helicoverpa armigera,Cotton Bollworm Moth,12,9,2025
45.0741637129,8.5938227262,Italy,Helicoverpa armigera,Cotton Bollworm Moth,13,9,2025
45.453583984,9.3224036694,Italy,Helicoverpa armigera,Cotton Bollworm Moth,13,9,2025
39.833179217,9.675882942,Italy,Helicoverpa armigera,Cotton Bollworm Moth,13,9,2025
45.1572006,7.4392359,Italy,Helicoverpa armigera,Cotton Bollworm Moth,13,9,2025
45.1861140562,7.2392604405,Italy,Helicoverpa armigera,Cotton Bollworm Moth,16,9,2025
45.1641755574,6.8724675651,Italy,Helicoverpa armigera,Cotton Bollworm Moth,17,9,2025
45.9176416667,10.8841283333,Italy,Helicoverpa armigera,Cotton Bollworm Moth,17,9,2025
45.917625,10.8841616667,Italy,Helicoverpa armigera,Cotton Bollworm Moth,17,9,2025
41.755977,12.705647,Italy,Helicoverpa armigera,Cotton Bollworm Moth,18,9,2025
45.0053283896,6.868547838,Italy,Helicoverpa armigera,Cotton Bollworm Moth,19,9,2025
45.9176216667,10.88415,Italy,Helicoverpa armigera,Cotton Bollworm Moth,19,9,2025
45.9176133333,10.8841366667,Italy,Helicoverpa armigera,Cotton Bollworm Moth,19,9,2025
45.0803355694,7.6512359896,Italy,Helicoverpa armigera,Cotton Bollworm Moth,19,9,2025
44.7921552967,10.3314394979,Italy,Helicoverpa armigera,Cotton Bollworm Moth,4,8,2025
45.5416485608,7.9197005159,Italy,Helicoverpa armigera,Cotton Bollworm Moth,9,9,2025
45.0048723286,10.3960392565,Italy,Nezara viridula,Southern Green Stink Bug,21,9,2023
45.7441216667,7.386775,Italy,Nezara viridula,Southern Green Stink Bug,21,9,2023
36.9565666667,14.780345,Italy,Nezara viridula,Southern Green Stink Bug,21,9,2023
42.1030349731,12.1575670242,Italy,Nezara viridula,Southern Green Stink Bug,22,9,2023
44.7927579511,7.6649267719,Italy,Nezara viridula,Southern Green Stink Bug,22,9,2023
45.6497721251,9.5119585459,Italy,Nezara viridula,Southern Green Stink Bug,23,9,2023
45.7739555556,8.8900277778,Italy,Nezara viridula,Southern Green Stink Bug,23,9,2023
43.9088326107,10.3362578899,Italy,Nezara viridula,Southern Green Stink Bug,23,9,2023
45.4818666667,10.8088638889,Italy,Nezara viridula,Southern Green Stink Bug,24,9,2023
37.7273844928,15.1349199191,Italy,Nezara viridula,Southern Green Stink Bug,24,9,2023
37.7274948077,15.1349698752,Italy,Nezara viridula,Southern Green Stink Bug,24,9,2023
45.6248397222,8.7150772222,Italy,Nezara viridula,Southern Green Stink Bug,24,9,2023
45.5415250221,10.2118017152,Italy,Nezara viridula,Southern Green Stink Bug,24,9,2023
45.2944513497,9.6730418131,Italy,Nezara viridula,Southern Green Stink Bug,24,9,2023
44.5395966667,9.130475,Italy,Nezara viridula,Southern Green Stink Bug,24,9,2023
45.0911781994,7.6345894486,Italy,Nezara viridula,Southern Green Stink Bug,24,9,2023
45.5173446146,9.3362653255,Italy,Nezara viridula,Southern Green Stink Bug,24,9,2023
45.6411922014,8.7274266779,Italy,Nezara viridula,Southern Green Stink Bug,24,9,2023
45.0911781994,7.6345894486,Italy,Nezara viridula,Southern Green Stink Bug,24,9,2023
43.3244266667,10.4880483333,Italy,Nezara viridula,Southern Green Stink Bug,25,9,2023
43.324315,10.4879033333,Italy,Nezara viridula,Southern Green Stink Bug,25,9,2023
45.7735271668,8.707157358,Italy,Nezara viridula,Southern Green Stink Bug,25,9,2023
40.2696361593,18.0604887754,Italy,Nezara viridula,Southern Green Stink Bug,25,9,2023
45.6183092693,9.4831095846,Italy,Nezara viridula,Southern Green Stink Bug,25,9,2023
45.7825257871,9.0446214044,Italy,Nezara viridula,Southern Green Stink Bug,26,9,2023
46.0104583635,11.2929144042,Italy,Nezara viridula,Southern Green Stink Bug,26,9,2023
42.1031761167,12.1576881408,Italy,Nezara viridula,Southern Green Stink Bug,26,9,2023
44.4646841788,11.1043902487,Italy,Nezara viridula,Southern Green Stink Bug,26,9,2023
45.4989809978,9.2588219047,Italy,Nezara viridula,Southern Green Stink Bug,27,9,2023
46.0684207,11.185384,Italy,Nezara viridula,Southern Green Stink Bug,27,9,2023
44.2750930786,11.5861272812,Italy,Nezara viridula,Southern Green Stink Bug,27,9,2023
45.3609526938,9.6542149408,Italy,Nezara viridula,Southern Green Stink Bug,27,9,2023
45.5241936927,9.2772004008,Italy,Nezara viridula,Southern Green Stink Bug,24,9,2023
45.168600249,10.0290811441,Italy,Nezara viridula,Southern Green Stink Bug,26,9,2023
43.680983422,10.5214007199,Italy,Nezara viridula,Southern Green Stink Bug,26,9,2023
43.5314689967,13.2897502184,Italy,Nezara viridula,Southern Green Stink Bug,28,9,2023
45.4755333333,9.2331033333,Italy,Nezara viridula,Southern Green Stink Bug,28,9,2023
45.6116062694,8.6942339972,Italy,Nezara viridula,Southern Green Stink Bug,22,9,2023
44.6644053,10.4727728,Italy,Nezara viridula,Southern Green Stink Bug,28,9,2023
45.6651411383,11.3623566428,Italy,Nezara viridula,Southern Green Stink Bug,29,9,2023
45.665824346,11.3619011717,Italy,Nezara viridula,Southern Green Stink Bug,29,9,2023
42.5348783333,11.3411833333,Italy,Nezara viridula,Southern Green Stink Bug,29,9,2023
42.5350916667,11.341155,Italy,Nezara viridula,Southern Green Stink Bug,29,9,2023
45.7842638889,8.9274861111,Italy,Nezara viridula,Southern Green Stink Bug,29,9,2023
45.5826759412,8.0567969689,Italy,Nezara viridula,Southern Green Stink Bug,28,9,2023
44.20534239,12.05348343,Italy,Nezara viridula,Southern Green Stink Bug,29,9,2023
42.83272,13.5132783333,Italy,Nezara viridula,Southern Green Stink Bug,30,9,2023
45.1733786441,10.7827387177,Italy,Nezara viridula,Southern Green Stink Bug,30,9,2023
44.4936027778,11.2074305556,Italy,Nezara viridula,Southern Green Stink Bug,30,9,2023
44.7927579511,7.6649267719,Italy,Nezara viridula,Southern Green Stink Bug,30,9,2023
42.11929525,12.08620689,Italy,Nezara viridula,Southern Green Stink Bug,30,9,2023
42.1415877,12.10460189,Italy,Nezara viridula,Southern Green Stink Bug,1,10,2023
45.3698220513,11.8692177907,Italy,Nezara viridula,Southern Green Stink Bug,1,10,2023
45.5257911681,9.277404785,Italy,Nezara viridula,Southern Green Stink Bug,1,10,2023
42.2184023587,12.6016665436,Italy,Nezara viridula,Southern Green Stink Bug,1,10,2023
42.8217195,11.2688527,Italy,Nezara viridula,Southern Green Stink Bug,1,10,2023
45.9938722222,12.8678861111,Italy,Nezara viridula,Southern Green Stink Bug,1,10,2023
40.3799571455,15.5301990733,Italy,Nezara viridula,Southern Green Stink Bug,2,10,2023
45.8822930037,12.9929595294,Italy,Nezara viridula,Southern Green Stink Bug,4,10,2023
45.8819931677,12.9024021495,Italy,Nezara viridula,Southern Green Stink Bug,4,10,2023
45.3185213,9.48800576,Italy,Nezara viridula,Southern Green Stink Bug,4,10,2023
45.6887783333,10.0987166667,Italy,Nezara viridula,Southern Green Stink Bug,5,10,2023
44.4994163653,7.7006780909,Italy,Nezara viridula,Southern Green Stink Bug,4,10,2023
43.1116871339,13.1306452677,Italy,Nezara viridula,Southern Green Stink Bug,6,10,2023
43.1116996167,13.1304095685,Italy,Nezara viridula,Southern Green Stink Bug,6,10,2023
45.4748439005,9.2348342389,Italy,Nezara viridula,Southern Green Stink Bug,5,10,2023
45.4747940586,9.2348791659,Italy,Nezara viridula,Southern Green Stink Bug,5,10,2023
45.7326215097,8.9766769856,Italy,Nezara viridula,Southern Green Stink Bug,6,10,2023
41.948987,12.545025,Italy,Nezara viridula,Southern Green Stink Bug,7,10,2023
45.6313514151,9.4574754857,Italy,Nezara viridula,Southern Green Stink Bug,7,10,2023
46.3294444444,9.4119444444,Italy,Nezara viridula,Southern Green Stink Bug,7,10,2023
41.8910865783,12.2952804564,Italy,Nezara viridula,Southern Green Stink Bug,7,10,2023
41.8924713133,12.2969179153,Italy,Nezara viridula,Southern Green Stink Bug,7,10,2023
44.958675,8.15185,Italy,Nezara viridula,Southern Green Stink Bug,8,10,2023
45.929841,8.480907,Italy,Nezara viridula,Southern Green Stink Bug,8,10,2023
45.7415283333,8.5031083333,Italy,Nezara viridula,Southern Green Stink Bug,8,10,2023
45.4203615694,9.1754956736,Italy,Nezara viridula,Southern Green Stink Bug,10,10,2023
45.7599171656,12.2318490967,Italy,Nezara viridula,Southern Green Stink Bug,10,10,2023
45.013094666,9.0795027908,Italy,Nezara viridula,Southern Green Stink Bug,9,10,2023
39.3488216667,16.2453066667,Italy,Nezara viridula,Southern Green Stink Bug,10,10,2023
45.9373512268,8.5786323547,Italy,Nezara viridula,Southern Green Stink Bug,11,10,2023
40.6909833333,9.72483,Italy,Nezara viridula,Southern Green Stink Bug,10,10,2023
42.1031303406,12.1577692031,Italy,Nezara viridula,Southern Green Stink Bug,12,10,2023
43.0649930131,12.6248319447,Italy,Nezara viridula,Southern Green Stink Bug,12,10,2023
40.831695,8.4011416667,Italy,Nezara viridula,Southern Green Stink Bug,12,10,2023
43.8036755167,10.4347161278,Italy,Nezara viridula,Southern Green Stink Bug,12,10,2023
45.4201720319,9.1753685474,Italy,Nezara viridula,Southern Green Stink Bug,12,10,2023
44.7136698841,7.4625083059,Italy,Nezara viridula,Southern Green Stink Bug,13,10,2023
46.5999917446,10.8608087897,Italy,Nezara viridula,Southern Green Stink Bug,13,10,2023
45.5620743032,12.1866267174,Italy,Nezara viridula,Southern Green Stink Bug,14,10,2023
41.1441224457,14.713586733,Italy,Nezara viridula,Southern Green Stink Bug,14,10,2023
45.489553,11.582573,Italy,Nezara viridula,Southern Green Stink Bug,14,10,2023
45.4895349722,11.582893,Italy,Nezara viridula,Southern Green Stink Bug,14,10,2023
44.2160966667,11.9899366667,Italy,Nezara viridula,Southern Green Stink Bug,14,10,2023
43.6098876369,13.4505005199,Italy,Nezara viridula,Southern Green Stink Bug,14,10,2023
45.765195,9.70052,Italy,Nezara viridula,Southern Green Stink Bug,15,10,2023
45.4209975508,9.1723455862,Italy,Nezara viridula,Southern Green Stink Bug,15,10,2023
45.4209752982,9.1724616595,Italy,Nezara viridula,Southern Green Stink Bug,15,10,2023
46.5086469283,11.7574709281,Italy,Nezara viridula,Southern Green Stink Bug,6,10,2023
42.7304847599,11.5400549895,Italy,Nezara viridula,Southern Green Stink Bug,15,10,2023
44.5112169944,7.722079216,Italy,Nezara viridula,Southern Green Stink Bug,16,10,2023
44.2750775,11.5861474,Italy,Nezara viridula,Southern Green Stink Bug,18,10,2023
44.4994163653,7.7006780909,Italy,Nezara viridula,Southern Green Stink Bug,17,10,2023
45.3604278848,9.6534231702,Italy,Nezara viridula,Southern Green Stink Bug,17,10,2023
45.6479924375,8.7224823609,Italy,Nezara viridula,Southern Green Stink Bug,14,10,2023
43.5950777778,11.7470027778,Italy,Nezara viridula,Southern Green Stink Bug,20,10,2023
45.4020833333,9.1433361667,Italy,Nezara viridula,Southern Green Stink Bug,20,10,2023
41.0285186667,13.9449233889,Italy,Nezara viridula,Southern Green Stink Bug,20,10,2023
43.5989386737,13.3252113685,Italy,Nezara viridula,Southern Green Stink Bug,14,10,2023
44.4935444444,11.2072944444,Italy,Nezara viridula,Southern Green Stink Bug,21,10,2023
45.5191166667,9.1056445,Italy,Nezara viridula,Southern Green Stink Bug,21,10,2023
45.4329385987,8.8344991207,Italy,Nezara viridula,Southern Green Stink Bug,21,10,2023
45.637638,8.7718749722,Italy,Nezara viridula,Southern Green Stink Bug,21,10,2023
45.2849669194,11.5386377056,Italy,Nezara viridula,Southern Green Stink Bug,21,10,2023
44.6686814021,11.6987413665,Italy,Nezara viridula,Southern Green Stink Bug,21,10,2023
42.2335680295,12.5989943091,Italy,Nezara viridula,Southern Green Stink Bug,21,10,2023
45.892145,12.58393,Italy,Nezara viridula,Southern Green Stink Bug,22,10,2023
45.1763166216,11.7655866221,Italy,Nezara viridula,Southern Green Stink Bug,22,10,2023
45.1002544538,7.6300403377,Italy,Nezara viridula,Southern Green Stink Bug,22,10,2023
41.9755438593,12.3000140861,Italy,Nezara viridula,Southern Green Stink Bug,22,10,2023
45.118325566,10.535392729,Italy,Nezara viridula,Southern Green Stink Bug,22,10,2023
45.1176837132,10.5398313178,Italy,Nezara viridula,Southern Green Stink Bug,22,10,2023
45.11825,10.535273,Italy,Nezara viridula,Southern Green Stink Bug,22,10,2023
44.1131583333,12.3390116667,Italy,Nezara viridula,Southern Green Stink Bug,22,10,2023
44.4509267413,11.0400066404,Italy,Nezara viridula,Southern Green Stink Bug,22,10,2023
45.3549166667,10.1967783333,Italy,Nezara viridula,Southern Green Stink Bug,23,10,2023
44.7927579511,7.6649267719,Italy,Nezara viridula,Southern Green Stink Bug,21,10,2023
43.5314818796,13.2897974923,Italy,Nezara viridula,Southern Green Stink Bug,24,10,2023
45.645976,10.036046,Italy,Nezara viridula,Southern Green Stink Bug,1,10,2023
44.4348573861,8.8192728917,Italy,Nezara viridula,Southern Green Stink Bug,25,10,2023
44.435989909,8.820019138,Italy,Nezara viridula,Southern Green Stink Bug,25,10,2023
44.2763944444,11.8674083333,Italy,Nezara viridula,Southern Green Stink Bug,25,10,2023
45.83717,11.689835,Italy,Nezara viridula,Southern Green Stink Bug,26,10,2023
45.83102,11.6997866667,Italy,Nezara viridula,Southern Green Stink Bug,26,10,2023
45.3849235502,11.2719541803,Italy,Nezara viridula,Southern Green Stink Bug,23,10,2023
45.0727375976,7.6963278651,Italy,Nezara viridula,Southern Green Stink Bug,26,10,2023
45.3960909835,9.5064654015,Italy,Nezara viridula,Southern Green Stink Bug,26,10,2023
45.8155353,8.9634838,Italy,Nezara viridula,Southern Green Stink Bug,26,10,2023
44.4357646382,8.8199175433,Italy,Nezara viridula,Southern Green Stink Bug,27,10,2023
44.3384394095,10.6070570648,Italy,Nezara viridula,Southern Green Stink Bug,28,10,2023
42.1030883789,12.1578102111,Italy,Nezara viridula,Southern Green Stink Bug,28,10,2023
45.1412959722,7.3774889722,Italy,Nezara viridula,Southern Green Stink Bug,28,10,2023
42.27376306,12.6211671,Italy,Nezara viridula,Southern Green Stink Bug,29,10,2023
44.3569416652,10.6290441379,Italy,Nezara viridula,Southern Green Stink Bug,29,10,2023
43.4712779549,12.7259632945,Italy,Nezara viridula,Southern Green Stink Bug,29,10,2023
42.7520846854,10.2126358822,Italy,Nezara viridula,Southern Green Stink Bug,25,10,2023
42.7755283376,11.0938239713,Italy,Nezara viridula,Southern Green Stink Bug,30,10,2023
43.7407019722,10.524273,Italy,Nezara viridula,Southern Green Stink Bug,14,10,2023
43.6704493078,12.8870329456,Italy,Nezara viridula,Southern Green Stink Bug,31,10,2023
38.1908133882,15.2374520525,Italy,Nezara viridula,Southern Green Stink Bug,1,11,2023
43.2831175352,13.6524190754,Italy,Nezara viridula,Southern Green Stink Bug,1,11,2023
45.65525429,10.0403162697,Italy,Nezara viridula,Southern Green Stink Bug,1,11,2023
40.4581812846,15.5519943684,Italy,Nezara viridula,Southern Green Stink Bug,1,11,2023
44.8525276111,9.8700818889,Italy,Nezara viridula,Southern Green Stink Bug,2,11,2023
44.8525733889,9.8699426389,Italy,Nezara viridula,Southern Green Stink Bug,4,11,2023
45.5434958718,11.6197676584,Italy,Nezara viridula,Southern Green Stink Bug,4,11,2023
45.5213976425,9.3309247121,Italy,Nezara viridula,Southern Green Stink Bug,5,11,2023
45.5279759,10.257766,Italy,Nezara viridula,Southern Green Stink Bug,5,11,2023
45.3046133333,10.82,Italy,Nezara viridula,Southern Green Stink Bug,5,11,2023
45.7636612519,9.8015414178,Italy,Nezara viridula,Southern Green Stink Bug,5,11,2023
44.2750821212,11.5861391276,Italy,Nezara viridula,Southern Green Stink Bug,7,11,2023
42.1030464172,12.1577320097,Italy,Nezara viridula,Southern Green Stink Bug,8,11,2023
45.0879173278,7.3621234892,Italy,Nezara viridula,Southern Green Stink Bug,6,11,2023
42.1030349731,12.1577272414,Italy,Nezara viridula,Southern Green Stink Bug,9,11,2023
40.8140940917,16.3590394083,Italy,Nezara viridula,Southern Green Stink Bug,15,10,2023
40.8153129558,16.3587042122,Italy,Nezara viridula,Southern Green Stink Bug,15,10,2023
42.1031684875,12.1578350067,Italy,Nezara viridula,Southern Green Stink Bug,10,11,2023
44.7683961075,7.7809679881,Italy,Nezara viridula,Southern Green Stink Bug,11,11,2023
44.3899716667,9.0725861667,Italy,Nezara viridula,Southern Green Stink Bug,11,11,2023
44.1771351169,12.3367194459,Italy,Nezara viridula,Southern Green Stink Bug,11,11,2023
44.4935083333,11.2070222222,Italy,Nezara viridula,Southern Green Stink Bug,12,11,2023
45.1393957892,7.9673955962,Italy,Nezara viridula,Southern Green Stink Bug,13,11,2023
44.8375690122,7.2401461407,Italy,Nezara viridula,Southern Green Stink Bug,8,11,2023
42.7851417391,12.0328517979,Italy,Nezara viridula,Southern Green Stink Bug,14,11,2023
42.7587199,11.1169752,Italy,Nezara viridula,Southern Green Stink Bug,15,11,2023
41.8414748142,12.4576781023,Italy,Nezara viridula,Southern Green Stink Bug,4,10,2023
43.55428,10.71147,Italy,Nezara viridula,Southern Green Stink Bug,17,11,2023
43.6002473613,13.3222703263,Italy,Nezara viridula,Southern Green Stink Bug,19,11,2023
42.1030197142,12.1575536728,Italy,Nezara viridula,Southern Green Stink Bug,20,11,2023
45.7905047919,12.1425198019,Italy,Nezara viridula,Southern Green Stink Bug,20,11,2023
43.3153337702,11.0746166278,Italy,Nezara viridula,Southern Green Stink Bug,19,11,2023
43.8043204129,10.496179238,Italy,Nezara viridula,Southern Green Stink Bug,21,11,2023
44.2749676142,11.5860160813,Italy,Nezara viridula,Southern Green Stink Bug,22,11,2023
44.2749652136,11.5860180929,Italy,Nezara viridula,Southern Green Stink Bug,22,11,2023
44.2749990616,11.5860499442,Italy,Nezara viridula,Southern Green Stink Bug,22,11,2023
44.2750746795,11.5860462561,Italy,Nezara viridula,Southern Green Stink Bug,22,11,2023
43.5179106,11.8486598,Italy,Nezara viridula,Southern Green Stink Bug,23,11,2023
44.4672335612,11.3698188967,Italy,Nezara viridula,Southern Green Stink Bug,24,11,2023
45.1233459227,7.3626144603,Italy,Nezara viridula,Southern Green Stink Bug,24,11,2023
40.8171276828,16.4182972068,Italy,Nezara viridula,Southern Green Stink Bug,30,10,2023
45.6906694444,11.3912722222,Italy,Nezara viridula,Southern Green Stink Bug,21,11,2023
45.5882613057,8.049329035,Italy,Nezara viridula,Southern Green Stink Bug,27,11,2023
45.8177947778,8.8421268333,Italy,Nezara viridula,Southern Green Stink Bug,1,12,2023
45.032192,7.645101,Italy,Nezara viridula,Southern Green Stink Bug,6,12,2023
45.840877533,8.7495279312,Italy,Nezara viridula,Southern Green Stink Bug,7,12,2023
45.6014289722,8.0648193333,Italy,Nezara viridula,Southern Green Stink Bug,8,12,2023
41.6432847,14.1040822,Italy,Nezara viridula,Southern Green Stink Bug,8,12,2023
41.8414609206,12.45046556,Italy,Nezara viridula,Southern Green Stink Bug,8,12,2023
40.061936104,15.4497874601,Italy,Nezara viridula,Southern Green Stink Bug,9,12,2023
45.2309884,11.7516741,Italy,Nezara viridula,Southern Green Stink Bug,9,12,2023
45.6427566194,11.2984769046,Italy,Nezara viridula,Southern Green Stink Bug,9,12,2023
44.1162112516,10.460027419,Italy,Nezara viridula,Southern Green Stink Bug,10,12,2023
43.4527619217,11.2581755362,Italy,Nezara viridula,Southern Green Stink Bug,13,12,2023
45.7828767186,9.0459197014,Italy,Nezara viridula,Southern Green Stink Bug,13,12,2023
41.2740497889,13.877488263,Italy,Nezara viridula,Southern Green Stink Bug,14,12,2023
43.4363883333,10.719375,Italy,Nezara viridula,Southern Green Stink Bug,15,12,2023
45.4829116667,7.9331633333,Italy,Nezara viridula,Southern Green Stink Bug,20,12,2023
45.6426353333,9.4093465556,Italy,Nezara viridula,Southern Green Stink Bug,21,12,2023
42.4004520013,11.366348521,Italy,Nezara viridula,Southern Green Stink Bug,23,12,2023
41.9719047544,12.4360170364,Italy,Nezara viridula,Southern Green Stink Bug,24,12,2023
45.4231090095,9.1275227442,Italy,Nezara viridula,Southern Green Stink Bug,23,12,2023
45.4231045385,9.1274942458,Italy,Nezara viridula,Southern Green Stink Bug,24,12,2023
43.6253202729,11.1355301203,Italy,Nezara viridula,Southern Green Stink Bug,11,12,2023
43.6262677823,11.1363170916,Italy,Nezara viridula,Southern Green Stink Bug,2,12,2023
46.673827881,11.1525499821,Italy,Nezara viridula,Southern Green Stink Bug,25,12,2023
42.1030998228,12.1574573517,Italy,Nezara viridula,Southern Green Stink Bug,28,12,2023
43.53498075,10.3094949722,Italy,Nezara viridula,Southern Green Stink Bug,28,12,2023
45.12516339,10.4425602708,Italy,Nezara viridula,Southern Green Stink Bug,2,1,2024
44.2751006056,11.5860814601,Italy,Nezara viridula,Southern Green Stink Bug,2,1,2024
44.9582633333,7.6670583333,Italy,Nezara viridula,Southern Green Stink Bug,2,1,2024
45.296606163,7.4629778845,Italy,Nezara viridula,Southern Green Stink Bug,3,1,2024
45.1252118687,10.4425019957,Italy,Nezara viridula,Southern Green Stink Bug,4,1,2024
44.95466995,7.91174936,Italy,Nezara viridula,Southern Green Stink Bug,5,1,2024
42.7302847681,11.5403006098,Italy,Nezara viridula,Southern Green Stink Bug,5,1,2024
45.9978357419,12.4659526348,Italy,Nezara viridula,Southern Green Stink Bug,7,12,2023
45.1227256073,10.4444524681,Italy,Nezara viridula,Southern Green Stink Bug,8,1,2024
45.1255371336,10.4404817142,Italy,Nezara viridula,Southern Green Stink Bug,9,1,2024
46.0120824424,13.0686388214,Italy,Nezara viridula,Southern Green Stink Bug,8,10,2023
45.6849947339,8.7998581398,Italy,Nezara viridula,Southern Green Stink Bug,10,1,2024
45.5616081098,12.185228616,Italy,Nezara viridula,Southern Green Stink Bug,12,1,2024
45.8185626314,12.8660138324,Italy,Nezara viridula,Southern Green Stink Bug,13,1,2024
45.1264088481,10.4420217026,Italy,Nezara viridula,Southern Green Stink Bug,15,1,2024
43.830534,7.654383,Italy,Nezara viridula,Southern Green Stink Bug,15,1,2024
46.4336407,11.2469819,Italy,Nezara viridula,Southern Green Stink Bug,15,1,2024
45.6648916667,9.43217,Italy,Nezara viridula,Southern Green Stink Bug,16,1,2024
42.1030998228,12.1576604842,Italy,Nezara viridula,Southern Green Stink Bug,20,1,2024
45.4461366667,10.957525,Italy,Nezara viridula,Southern Green Stink Bug,21,1,2024
45.344770504,11.9569649175,Italy,Nezara viridula,Southern Green Stink Bug,25,1,2024
40.712101019,16.413757007,Italy,Nezara viridula,Southern Green Stink Bug,21,1,2024
40.7121200031,16.4137397269,Italy,Nezara viridula,Southern Green Stink Bug,21,1,2024
45.1249515705,10.4427716079,Italy,Nezara viridula,Southern Green Stink Bug,31,1,2024
45.1395166667,11.3589777778,Italy,Nezara viridula,Southern Green Stink Bug,2,2,2024
46.0963833333,9.3662866667,Italy,Nezara viridula,Southern Green Stink Bug,3,2,2024
45.1255865244,10.4415345992,Italy,Nezara viridula,Southern Green Stink Bug,4,2,2024
45.123032,10.444338,Italy,Nezara viridula,Southern Green Stink Bug,5,2,2024
44.4935777778,11.207325,Italy,Nezara viridula,Southern Green Stink Bug,7,2,2024
45.5418981,11.5528421,Italy,Nezara viridula,Southern Green Stink Bug,8,2,2024
41.9605777,12.5360250997,Italy,Nezara viridula,Southern Green Stink Bug,25,10,2023
43.3973222525,11.2964662537,Italy,Nezara viridula,Southern Green Stink Bug,19,2,2024
45.0881743127,7.4465772525,Italy,Nezara viridula,Southern Green Stink Bug,24,2,2024
45.6426353333,9.4093465556,Italy,Nezara viridula,Southern Green Stink Bug,21,12,2023
45.6580226549,9.7805586592,Italy,Nezara viridula,Southern Green Stink Bug,28,2,2024
45.7078333333,9.692515,Italy,Nezara viridula,Southern Green Stink Bug,29,2,2024
44.605442,11.129152,Italy,Nezara viridula,Southern Green Stink Bug,1,3,2024
44.1149292451,10.4582491145,Italy,Nezara viridula,Southern Green Stink Bug,13,3,2024
41.2598359722,13.6921049722,Italy,Nezara viridula,Southern Green Stink Bug,17,3,2024
45.5421012317,9.1666187708,Italy,Nezara viridula,Southern Green Stink Bug,18,3,2024
45.116799816,7.3306338781,Italy,Nezara viridula,Southern Green Stink Bug,22,3,2024
45.7226725572,9.6496911435,Italy,Nezara viridula,Southern Green Stink Bug,22,3,2024
45.0305998997,11.6414252,Italy,Nezara viridula,Southern Green Stink Bug,22,3,2024
45.6208686667,8.9517745833,Italy,Nezara viridula,Southern Green Stink Bug,23,3,2024
41.894375,12.491055,Italy,Nezara viridula,Southern Green Stink Bug,16,3,2024
43.27828373,12.4340762571,Italy,Nezara viridula,Southern Green Stink Bug,23,3,2024
45.1973873997,9.6788,Italy,Nezara viridula,Southern Green Stink Bug,24,3,2024
44.49345,11.2071277778,Italy,Nezara viridula,Southern Green Stink Bug,29,3,2024
45.663989,12.2477409997,Italy,Nezara viridula,Southern Green Stink Bug,31,3,2024
45.179924,7.8393778333,Italy,Nezara viridula,Southern Green Stink Bug,31,3,2024
45.401386261,10.432179451,Italy,Nezara viridula,Southern Green Stink Bug,1,4,2024
43.5471716667,11.26007,Italy,Nezara viridula,Southern Green Stink Bug,1,4,2024
45.6149135777,11.512083672,Italy,Nezara viridula,Southern Green Stink Bug,2,4,2024
45.3170753689,8.8269697409,Italy,Nezara viridula,Southern Green Stink Bug,24,9,2023
45.6769351492,10.0276491358,Italy,Nezara viridula,Southern Green Stink Bug,4,4,2024
44.4882488041,11.2966161221,Italy,Nezara viridula,Southern Green Stink Bug,4,4,2024
40.0272471667,9.1745866667,Italy,Nezara viridula,Southern Green Stink Bug,4,4,2024
45.0447723833,7.6729208976,Italy,Nezara viridula,Southern Green Stink Bug,2,4,2024
46.6709353,11.1682014,Italy,Nezara viridula,Southern Green Stink Bug,5,4,2024
45.1315997916,8.450503014,Italy,Nezara viridula,Southern Green Stink Bug,27,10,2023
45.7491783333,12.7533433333,Italy,Nezara viridula,Southern Green Stink Bug,4,4,2024
45.8982237851,11.04319662,Italy,Nezara viridula,Southern Green Stink Bug,6,4,2024
45.8601775142,9.4087761641,Italy,Nezara viridula,Southern Green Stink Bug,7,4,2024
43.7789,11.0804805,Italy,Nezara viridula,Southern Green Stink Bug,7,4,2024
41.6109,13.086749,Italy,Nezara viridula,Southern Green Stink Bug,8,4,2024
46.646736544,11.1029549834,Italy,Nezara viridula,Southern Green Stink Bug,8,4,2024
45.782554655,9.0448295698,Italy,Nezara viridula,Southern Green Stink Bug,9,4,2024
44.9899675866,7.4682424153,Italy,Nezara viridula,Southern Green Stink Bug,21,3,2024
45.694261078,8.7243056584,Italy,Nezara viridula,Southern Green Stink Bug,8,4,2024
43.215013477,11.2401288003,Italy,Nezara viridula,Southern Green Stink Bug,10,4,2024
45.5634259137,8.897659108,Italy,Nezara viridula,Southern Green Stink Bug,12,4,2024
40.7334440649,8.5712688044,Italy,Nezara viridula,Southern Green Stink Bug,13,4,2024
45.4291868997,12.3568189997,Italy,Nezara viridula,Southern Green Stink Bug,13,4,2024
45.4309884997,12.3357442,Italy,Nezara viridula,Southern Green Stink Bug,13,4,2024
45.7285413633,9.4413566217,Italy,Nezara viridula,Southern Green Stink Bug,7,4,2024
45.9829451085,8.6903044918,Italy,Nezara viridula,Southern Green Stink Bug,14,4,2024
44.51062783,12.10204431,Italy,Nezara viridula,Southern Green Stink Bug,14,4,2024
45.4940441979,8.6047031617,Italy,Nezara viridula,Southern Green Stink Bug,15,4,2024
42.46,13.7599999722,Italy,Nezara viridula,Southern Green Stink Bug,16,4,2024
45.3542014079,11.4626932177,Italy,Nezara viridula,Southern Green Stink Bug,17,4,2024
45.6666227574,9.4419765472,Italy,Nezara viridula,Southern Green Stink Bug,19,4,2024
46.1943049722,11.1340679722,Italy,Nezara viridula,Southern Green Stink Bug,15,4,2024
45.5619895624,12.1647512913,Italy,Nezara viridula,Southern Green Stink Bug,20,4,2024
42.358212456,12.2244081449,Italy,Nezara viridula,Southern Green Stink Bug,21,4,2024
43.7699411399,11.2576704472,Italy,Nezara viridula,Southern Green Stink Bug,13,10,2023
45.3582589405,9.656187915,Italy,Nezara viridula,Southern Green Stink Bug,24,4,2024
43.3209166667,11.3345366667,Italy,Nezara viridula,Southern Green Stink Bug,27,4,2024
43.320345,11.33449,Italy,Nezara viridula,Southern Green Stink Bug,27,4,2024
38.2087913184,15.2562653311,Italy,Nezara viridula,Southern Green Stink Bug,27,4,2024
45.3568335437,11.7083010078,Italy,Nezara viridula,Southern Green Stink Bug,28,4,2024
41.7741562102,12.4247388169,Italy,Nezara viridula,Southern Green Stink Bug,27,4,2024
45.0481109722,9.040423,Italy,Nezara viridula,Southern Green Stink Bug,24,4,2024
41.7758224623,12.4209247157,Italy,Nezara viridula,Southern Green Stink Bug,27,4,2024
45.6141547583,10.0319454793,Italy,Nezara viridula,Southern Green Stink Bug,29,4,2024
43.3198366667,11.3350283333,Italy,Nezara viridula,Southern Green Stink Bug,28,4,2024
45.14685,10.3839833333,Italy,Nezara viridula,Southern Green Stink Bug,13,4,2024
43.3198738056,11.33490275,Italy,Nezara viridula,Southern Green Stink Bug,28,4,2024
38.20852295,15.256780386,Italy,Nezara viridula,Southern Green Stink Bug,27,4,2024
45.3241583186,8.8977724217,Italy,Nezara viridula,Southern Green Stink Bug,29,4,2024
45.9031039879,8.6653191224,Italy,Nezara viridula,Southern Green Stink Bug,3,5,2024
43.755009279,11.1739134416,Italy,Nezara viridula,Southern Green Stink Bug,5,4,2024
46.4227086057,11.2405572832,Italy,Nezara viridula,Southern Green Stink Bug,4,5,2024
45.3241092863,8.8976812278,Italy,Nezara viridula,Southern Green Stink Bug,3,5,2024
41.762245136,12.4593456297,Italy,Nezara viridula,Southern Green Stink Bug,27,4,2024
43.920744,10.294019,Italy,Nezara viridula,Southern Green Stink Bug,28,4,2024
44.7166356415,12.2269000858,Italy,Nezara viridula,Southern Green Stink Bug,6,5,2024
41.3016205262,13.0276186019,Italy,Nezara viridula,Southern Green Stink Bug,7,5,2024
39.2090133216,9.3057384342,Italy,Nezara viridula,Southern Green Stink Bug,9,5,2024
45.7326634002,8.9767346531,Italy,Nezara viridula,Southern Green Stink Bug,10,5,2024
45.4685684138,7.829220593,Italy,Nezara viridula,Southern Green Stink Bug,11,5,2024
45.2600482431,8.7298850062,Italy,Nezara viridula,Southern Green Stink Bug,12,5,2024
45.5090880068,10.7432678528,Italy,Nezara viridula,Southern Green Stink Bug,12,5,2024
42.1683673953,12.205626143,Italy,Nezara viridula,Southern Green Stink Bug,3,5,2024
42.1287933192,12.2057411602,Italy,Nezara viridula,Southern Green Stink Bug,3,5,2024
42.1250169284,12.1800591841,Italy,Nezara viridula,Southern Green Stink Bug,3,5,2024
42.1214778113,12.2152640538,Italy,Nezara viridula,Southern Green Stink Bug,3,5,2024
45.651983,10.025517,Italy,Nezara viridula,Southern Green Stink Bug,18,5,2024
45.3230581926,9.9417765667,Italy,Nezara viridula,Southern Green Stink Bug,18,5,2024
45.7415085539,9.6915968388,Italy,Nezara viridula,Southern Green Stink Bug,10,5,2024
42.229006975,12.5986327976,Italy,Nezara viridula,Southern Green Stink Bug,19,5,2024
42.2289430211,12.5987232383,Italy,Nezara viridula,Southern Green Stink Bug,19,5,2024
44.8246314503,11.627161503,Italy,Nezara viridula,Southern Green Stink Bug,19,5,2024
45.6483737719,9.2749429867,Italy,Nezara viridula,Southern Green Stink Bug,19,5,2024
40.3894676302,16.5620150417,Italy,Nezara viridula,Southern Green Stink Bug,19,5,2024
45.3561944444,10.7219555556,Italy,Nezara viridula,Southern Green Stink Bug,24,5,2024
45.3663123,10.2187585,Italy,Nezara viridula,Southern Green Stink Bug,25,5,2024
45.3663123,10.2187585,Italy,Nezara viridula,Southern Green Stink Bug,25,5,2024
45.410473562,11.8782072142,Italy,Nezara viridula,Southern Green Stink Bug,26,5,2024
45.2599487305,8.7295942307,Italy,Nezara viridula,Southern Green Stink Bug,26,5,2024
44.4671484782,11.2844083831,Italy,Nezara viridula,Southern Green Stink Bug,26,5,2024
38.0572611111,14.6189305556,Italy,Nezara viridula,Southern Green Stink Bug,27,5,2024
45.494179,11.5771529722,Italy,Nezara viridula,Southern Green Stink Bug,26,5,2024
44.5709329636,11.3727680594,Italy,Nezara viridula,Southern Green Stink Bug,29,5,2024
42.5348033333,11.3413116667,Italy,Nezara viridula,Southern Green Stink Bug,30,5,2024
44.1758926663,12.3407062143,Italy,Nezara viridula,Southern Green Stink Bug,27,5,2024
39.2720882802,9.0178435296,Italy,Nezara viridula,Southern Green Stink Bug,31,5,2024
45.3663123,10.2187585,Italy,Nezara viridula,Southern Green Stink Bug,1,6,2024
45.4616640915,12.3503247994,Italy,Nezara viridula,Southern Green Stink Bug,18,5,2024
43.5520959722,10.59223,Italy,Nezara viridula,Southern Green Stink Bug,1,6,2024
43.741959192,11.2139661983,Italy,Nezara viridula,Southern Green Stink Bug,3,6,2024
45.3663123,10.2187585,Italy,Nezara viridula,Southern Green Stink Bug,3,6,2024
44.4300783333,12.20293,Italy,Nezara viridula,Southern Green Stink Bug,3,6,2024
44.7416774582,11.9520993903,Italy,Nezara viridula,Southern Green Stink Bug,4,6,2024
45.5431216667,9.1973283333,Italy,Nezara viridula,Southern Green Stink Bug,7,6,2024
45.3589138,9.992378,Italy,Nezara viridula,Southern Green Stink Bug,8,6,2024
45.322712108,9.9450166371,Italy,Nezara viridula,Southern Green Stink Bug,8,6,2024
45.322712108,9.9450166371,Italy,Nezara viridula,Southern Green Stink Bug,8,6,2024
45.322712108,9.9450166371,Italy,Nezara viridula,Southern Green Stink Bug,8,6,2024
45.3663123,10.2187585,Italy,Nezara viridula,Southern Green Stink Bug,8,6,2024
42.1281642168,12.2865101695,Italy,Nezara viridula,Southern Green Stink Bug,8,6,2024
45.2102598716,8.8726109639,Italy,Nezara viridula,Southern Green Stink Bug,9,5,2024
41.6619971255,12.5113819633,Italy,Nezara viridula,Southern Green Stink Bug,9,6,2024
44.3523416667,11.1354583333,Italy,Nezara viridula,Southern Green Stink Bug,9,6,2024
45.0371743204,7.7813864127,Italy,Nezara viridula,Southern Green Stink Bug,10,6,2024
42.1356065589,12.0889383182,Italy,Nezara viridula,Southern Green Stink Bug,10,6,2024
44.3523661552,11.1351303756,Italy,Nezara viridula,Southern Green Stink Bug,9,6,2024
43.3484916667,11.34608,Italy,Nezara viridula,Southern Green Stink Bug,11,6,2024
37.9781050601,12.9685503244,Italy,Nezara viridula,Southern Green Stink Bug,10,6,2024
43.8251130314,10.7015187666,Italy,Nezara viridula,Southern Green Stink Bug,9,6,2024
43.3319664001,11.3245286942,Italy,Nezara viridula,Southern Green Stink Bug,12,6,2024
45.068787487,8.6100424201,Italy,Nezara viridula,Southern Green Stink Bug,12,6,2024
44.8620932997,8.183272,Italy,Nezara viridula,Southern Green Stink Bug,13,6,2024
46.4964657729,11.4254516736,Italy,Nezara viridula,Southern Green Stink Bug,13,6,2024
45.5399104,10.8907808,Italy,Nezara viridula,Southern Green Stink Bug,14,6,2024
46.6736055538,11.170433946,Italy,Nezara viridula,Southern Green Stink Bug,14,6,2024
43.0726468497,12.2358459234,Italy,Nezara viridula,Southern Green Stink Bug,14,6,2024
43.0725719056,12.2371032089,Italy,Nezara viridula,Southern Green Stink Bug,14,6,2024
45.64365,9.0951861111,Italy,Nezara viridula,Southern Green Stink Bug,15,6,2024
46.39383274,11.2955628,Italy,Nezara viridula,Southern Green Stink Bug,15,6,2024
45.440215309,10.217768281,Italy,Nezara viridula,Southern Green Stink Bug,15,6,2024
43.8526283333,10.87571,Italy,Nezara viridula,Southern Green Stink Bug,15,6,2024
44.6236309719,11.0429470108,Italy,Nezara viridula,Southern Green Stink Bug,14,6,2024
45.9397116667,9.1274528333,Italy,Nezara viridula,Southern Green Stink Bug,16,6,2024
45.5643702378,12.1970413998,Italy,Nezara viridula,Southern Green Stink Bug,18,6,2024
46.0586397083,11.1330194771,Italy,Nezara viridula,Southern Green Stink Bug,20,6,2024
45.4152491841,8.7744604534,Italy,Nezara viridula,Southern Green Stink Bug,20,6,2024
42.1616528333,12.2163283333,Italy,Nezara viridula,Southern Green Stink Bug,21,6,2024
45.5769559534,10.6806196581,Italy,Nezara viridula,Southern Green Stink Bug,20,6,2024
46.3138849795,13.1068078056,Italy,Nezara viridula,Southern Green Stink Bug,21,6,2024
42.0396,11.83477,Italy,Nezara viridula,Southern Green Stink Bug,22,6,2024
45.125761,10.44201,Italy,Nezara viridula,Southern Green Stink Bug,20,2,2024
45.125731,10.442031,Italy,Nezara viridula,Southern Green Stink Bug,20,2,2024
45.6686705169,9.4397509843,Italy,Nezara viridula,Southern Green Stink Bug,22,6,2024
45.6426096494,10.0046885759,Italy,Nezara viridula,Southern Green Stink Bug,22,6,2024
44.5221479683,11.2995174273,Italy,Nezara viridula,Southern Green Stink Bug,16,6,2024
41.8960133333,12.87378,Italy,Nezara viridula,Southern Green Stink Bug,19,6,2024
46.08433092,12.87354892,Italy,Nezara viridula,Southern Green Stink Bug,23,6,2024
45.3544940659,10.7925571038,Italy,Nezara viridula,Southern Green Stink Bug,16,6,2024
45.2691297814,11.9999791682,Italy,Nezara viridula,Southern Green Stink Bug,23,6,2024
44.9193999457,7.4848377942,Italy,Nezara viridula,Southern Green Stink Bug,24,6,2024
43.5323222,13.2891892,Italy,Nezara viridula,Southern Green Stink Bug,25,6,2024
45.4172857442,11.8798708543,Italy,Nezara viridula,Southern Green Stink Bug,25,6,2024
44.3887533333,9.0719221667,Italy,Nezara viridula,Southern Green Stink Bug,25,6,2024
45.5398384853,10.8908035979,Italy,Nezara viridula,Southern Green Stink Bug,26,6,2024
45.358595,10.7398138997,Italy,Nezara viridula,Southern Green Stink Bug,26,6,2024
45.47030157,8.88213335,Italy,Nezara viridula,Southern Green Stink Bug,26,6,2024
43.7261999676,11.7336133495,Italy,Nezara viridula,Southern Green Stink Bug,26,6,2024
45.481725,11.8519194444,Italy,Nezara viridula,Southern Green Stink Bug,25,6,2024
45.0692694201,7.7176692407,Italy,Nezara viridula,Southern Green Stink Bug,25,6,2024
44.3910606868,9.0112972632,Italy,Nezara viridula,Southern Green Stink Bug,29,6,2024
44.5952143563,8.9765491204,Italy,Nezara viridula,Southern Green Stink Bug,30,6,2024
45.0355753,7.6946633,Italy,Nezara viridula,Southern Green Stink Bug,26,6,2024
45.3060609134,10.0880627101,Italy,Nezara viridula,Southern Green Stink Bug,30,6,2024
46.15034962,9.38664315,Italy,Nezara viridula,Southern Green Stink Bug,1,7,2024
42.5344548555,12.3450493813,Italy,Nezara viridula,Southern Green Stink Bug,1,7,2024
45.9843416667,9.2133583333,Italy,Nezara viridula,Southern Green Stink Bug,1,7,2024
45.9843666667,9.2132722222,Italy,Nezara viridula,Southern Green Stink Bug,1,7,2024
45.1287190093,9.9297711253,Italy,Nezara viridula,Southern Green Stink Bug,1,7,2024
45.4112883499,11.88386744,Italy,Nezara viridula,Southern Green Stink Bug,2,7,2024
44.4371545181,8.8206564081,Italy,Nezara viridula,Southern Green Stink Bug,1,7,2024
42.157886305,12.010570783,Italy,Nezara viridula,Southern Green Stink Bug,2,7,2024
45.5799176974,9.2210921273,Italy,Nezara viridula,Southern Green Stink Bug,3,7,2024
45.1401877756,7.9679051396,Italy,Nezara viridula,Southern Green Stink Bug,3,7,2024
45.8254252983,10.9969828209,Italy,Nezara viridula,Southern Green Stink Bug,3,7,2024
45.4121674439,11.8813385527,Italy,Nezara viridula,Southern Green Stink Bug,3,7,2024
43.6766929444,10.3459005278,Italy,Nezara viridula,Southern Green Stink Bug,2,7,2024
45.1395352226,7.9674676443,Italy,Nezara viridula,Southern Green Stink Bug,4,7,2024
45.0314903056,7.6662998056,Italy,Nezara viridula,Southern Green Stink Bug,4,7,2024
44.6266079722,10.9784439722,Italy,Nezara viridula,Southern Green Stink Bug,4,7,2024
45.4106462766,11.8876762221,Italy,Nezara viridula,Southern Green Stink Bug,4,7,2024
43.7734784,11.2542393997,Italy,Nezara viridula,Southern Green Stink Bug,5,7,2024
45.4096587916,11.8966261153,Italy,Nezara viridula,Southern Green Stink Bug,5,7,2024
45.5308133333,9.1873366667,Italy,Nezara viridula,Southern Green Stink Bug,6,7,2024
44.6339454444,7.4940728889,Italy,Nezara viridula,Southern Green Stink Bug,7,7,2024
44.4348298778,8.819250451,Italy,Nezara viridula,Southern Green Stink Bug,5,7,2024
44.4367126299,8.8209133546,Italy,Nezara viridula,Southern Green Stink Bug,5,7,2024
45.126328,10.442176,Italy,Nezara viridula,Southern Green Stink Bug,1,3,2024
45.9338419863,10.8933369443,Italy,Nezara viridula,Southern Green Stink Bug,9,7,2024
45.4506708232,12.4302001297,Italy,Nezara viridula,Southern Green Stink Bug,8,7,2024
45.123449,10.443985,Italy,Nezara viridula,Southern Green Stink Bug,3,3,2024
45.033835,8.658027,Italy,Nezara viridula,Southern Green Stink Bug,16,6,2024
46.0376166667,9.1479971667,Italy,Nezara viridula,Southern Green Stink Bug,12,7,2024
45.6906534028,12.175095925,Italy,Nezara viridula,Southern Green Stink Bug,13,7,2024
45.8599003606,8.8725848123,Italy,Nezara viridula,Southern Green Stink Bug,13,7,2024
45.0101479169,8.7077429518,Italy,Nezara viridula,Southern Green Stink Bug,13,7,2024
46.3135917293,13.1074858941,Italy,Nezara viridula,Southern Green Stink Bug,3,7,2024
45.7519761405,12.2588132961,Italy,Nezara viridula,Southern Green Stink Bug,7,7,2024
39.8947909013,8.5433506966,Italy,Nezara viridula,Southern Green Stink Bug,29,6,2024
44.3657923448,9.6199583037,Italy,Nezara viridula,Southern Green Stink Bug,16,7,2024
45.7778194444,8.4289138889,Italy,Nezara viridula,Southern Green Stink Bug,16,7,2024
46.0968444,8.3037901997,Italy,Nezara viridula,Southern Green Stink Bug,17,7,2024
45.125399,10.440925,Italy,Nezara viridula,Southern Green Stink Bug,13,3,2024
45.125629,10.441521,Italy,Nezara viridula,Southern Green Stink Bug,13,3,2024
46.0949489997,8.3031384997,Italy,Nezara viridula,Southern Green Stink Bug,18,7,2024
40.3684515976,9.7136350349,Italy,Nezara viridula,Southern Green Stink Bug,7,7,2024
42.0978611667,12.185995,Italy,Nezara viridula,Southern Green Stink Bug,18,7,2024
44.1543340969,12.1901380315,Italy,Nezara viridula,Southern Green Stink Bug,19,7,2024
43.545555,11.3166666667,Italy,Nezara viridula,Southern Green Stink Bug,19,7,2024
43.2432731242,12.044504676,Italy,Nezara viridula,Southern Green Stink Bug,16,7,2024
45.122581,10.44451,Italy,Nezara viridula,Southern Green Stink Bug,13,3,2024
44.87404568,7.6772855222,Italy,Nezara viridula,Southern Green Stink Bug,20,7,2024
42.023855218,11.9487445603,Italy,Nezara viridula,Southern Green Stink Bug,20,7,2024
41.0863354364,14.9337419479,Italy,Nezara viridula,Southern Green Stink Bug,22,7,2024
45.4833846912,12.2775437962,Italy,Nezara viridula,Southern Green Stink Bug,23,7,2024
42.7436933333,11.1406083333,Italy,Nezara viridula,Southern Green Stink Bug,23,7,2024
44.4438127836,11.4649089798,Italy,Nezara viridula,Southern Green Stink Bug,23,7,2024
43.7948300193,7.676454692,Italy,Nezara viridula,Southern Green Stink Bug,23,7,2024
46.0727583333,9.2684616667,Italy,Nezara viridula,Southern Green Stink Bug,24,7,2024
45.7489777778,9.7702527778,Italy,Nezara viridula,Southern Green Stink Bug,24,7,2024
44.8788032531,8.0903730392,Italy,Nezara viridula,Southern Green Stink Bug,24,7,2024
44.4610888889,11.3830972222,Italy,Nezara viridula,Southern Green Stink Bug,24,7,2024
41.8255500489,12.3981212452,Italy,Nezara viridula,Southern Green Stink Bug,24,7,2024
45.5269611111,7.8739027778,Italy,Nezara viridula,Southern Green Stink Bug,25,7,2024
43.7070341455,10.3980978951,Italy,Nezara viridula,Southern Green Stink Bug,26,7,2024
45.5148123226,11.5058089825,Italy,Nezara viridula,Southern Green Stink Bug,24,7,2024
45.5148123226,11.5058089825,Italy,Nezara viridula,Southern Green Stink Bug,24,7,2024
45.123434,10.444109,Italy,Nezara viridula,Southern Green Stink Bug,14,3,2024
41.7697909722,12.788168,Italy,Nezara viridula,Southern Green Stink Bug,26,7,2024
43.6087278894,13.4510639682,Italy,Nezara viridula,Southern Green Stink Bug,26,7,2024
43.6086562745,13.4510254115,Italy,Nezara viridula,Southern Green Stink Bug,28,7,2024
42.1616333333,12.216305,Italy,Nezara viridula,Southern Green Stink Bug,28,7,2024
45.70388,9.6723583333,Italy,Nezara viridula,Southern Green Stink Bug,28,7,2024
41.6876502572,13.3600468934,Italy,Nezara viridula,Southern Green Stink Bug,29,7,2024
44.7838282217,11.6214123613,Italy,Nezara viridula,Southern Green Stink Bug,31,7,2024
43.7093315,10.42551325,Italy,Nezara viridula,Southern Green Stink Bug,2,8,2024
45.6391808,10.0389215,Italy,Nezara viridula,Southern Green Stink Bug,2,8,2024
44.9376115388,11.2233719484,Italy,Nezara viridula,Southern Green Stink Bug,2,8,2024
44.4635267669,11.1068075895,Italy,Nezara viridula,Southern Green Stink Bug,2,8,2024
45.3546773378,9.6922722459,Italy,Nezara viridula,Southern Green Stink Bug,3,8,2024
46.1859314968,13.5559213565,Italy,Nezara viridula,Southern Green Stink Bug,3,8,2024
43.494803041,10.3537579626,Italy,Nezara viridula,Southern Green Stink Bug,3,8,2024
39.5618053386,16.0537684523,Italy,Nezara viridula,Southern Green Stink Bug,3,8,2024
38.9164479762,16.5202134814,Italy,Nezara viridula,Southern Green Stink Bug,1,8,2024
41.0468846107,14.6622446179,Italy,Nezara viridula,Southern Green Stink Bug,4,8,2024
43.6534359463,10.665488094,Italy,Nezara viridula,Southern Green Stink Bug,4,8,2024
43.6549588616,10.6691136665,Italy,Nezara viridula,Southern Green Stink Bug,4,8,2024
46.0950276422,13.416146653,Italy,Nezara viridula,Southern Green Stink Bug,4,8,2024
40.5643047996,14.9240343398,Italy,Nezara viridula,Southern Green Stink Bug,5,8,2024
45.61982,12.9074133333,Italy,Nezara viridula,Southern Green Stink Bug,14,6,2024
40.8239876,14.2015003,Italy,Nezara viridula,Southern Green Stink Bug,6,8,2024
43.6079998408,13.4500678629,Italy,Nezara viridula,Southern Green Stink Bug,28,7,2024
45.4686747671,10.9036983993,Italy,Nezara viridula,Southern Green Stink Bug,6,8,2024
40.7816714277,15.2221346274,Italy,Nezara viridula,Southern Green Stink Bug,6,8,2024
42.565734152,11.8183870321,Italy,Nezara viridula,Southern Green Stink Bug,6,8,2024
38.939932381,16.4895390312,Italy,Nezara viridula,Southern Green Stink Bug,6,8,2024
44.5150564546,7.1046304487,Italy,Nezara viridula,Southern Green Stink Bug,25,7,2024
42.9818534851,13.8515167236,Italy,Nezara viridula,Southern Green Stink Bug,7,8,2024
42.1408305,12.18715,Italy,Nezara viridula,Southern Green Stink Bug,7,8,2024
40.7816803132,15.2221235633,Italy,Nezara viridula,Southern Green Stink Bug,10,8,2024
43.0256385803,12.0773525236,Italy,Nezara viridula,Southern Green Stink Bug,11,8,2024
43.6588497352,10.664847037,Italy,Nezara viridula,Southern Green Stink Bug,10,8,2024
43.6546742873,10.6710654842,Italy,Nezara viridula,Southern Green Stink Bug,10,8,2024
45.9713442768,12.5663515512,Italy,Nezara viridula,Southern Green Stink Bug,11,8,2024
45.6686705169,9.4397509843,Italy,Nezara viridula,Southern Green Stink Bug,11,8,2024
45.5238923993,11.5197312384,Italy,Nezara viridula,Southern Green Stink Bug,11,8,2024
42.2143866896,11.7422450334,Italy,Nezara viridula,Southern Green Stink Bug,12,8,2024
42.2143249444,11.7423505556,Italy,Nezara viridula,Southern Green Stink Bug,12,8,2024
41.480701306,12.9045966389,Italy,Nezara viridula,Southern Green Stink Bug,12,8,2024
43.3755580203,10.4454817995,Italy,Nezara viridula,Southern Green Stink Bug,11,8,2024
43.4670916667,11.43348,Italy,Nezara viridula,Southern Green Stink Bug,13,8,2024
41.8837049974,12.3337006196,Italy,Nezara viridula,Southern Green Stink Bug,13,8,2024
45.5251312256,8.0038042067,Italy,Nezara viridula,Southern Green Stink Bug,12,8,2024
43.4213944444,11.1317444444,Italy,Nezara viridula,Southern Green Stink Bug,13,8,2024
45.3555944444,9.7816,Italy,Nezara viridula,Southern Green Stink Bug,27,7,2024
45.94277,9.1274638333,Italy,Nezara viridula,Southern Green Stink Bug,13,8,2024
42.6459904343,11.9010388479,Italy,Nezara viridula,Southern Green Stink Bug,14,8,2024
45.6050425477,12.8800424561,Italy,Nezara viridula,Southern Green Stink Bug,14,8,2024
43.4013200685,11.1347367615,Italy,Nezara viridula,Southern Green Stink Bug,14,8,2024
42.8350919168,10.7777163014,Italy,Nezara viridula,Southern Green Stink Bug,15,8,2024
44.9566716667,8.1949083333,Italy,Nezara viridula,Southern Green Stink Bug,15,8,2024
44.8859380624,8.0556751415,Italy,Nezara viridula,Southern Green Stink Bug,15,8,2024
39.1822309,16.8819490997,Italy,Nezara viridula,Southern Green Stink Bug,16,8,2024
43.2324523926,12.7836036682,Italy,Nezara viridula,Southern Green Stink Bug,16,8,2024
44.4412543175,8.8195416152,Italy,Nezara viridula,Southern Green Stink Bug,16,8,2024
45.1244566819,7.2009243448,Italy,Nezara viridula,Southern Green Stink Bug,16,8,2024
43.6368999241,11.1700034514,Italy,Nezara viridula,Southern Green Stink Bug,17,8,2024
42.0214631437,11.9520326704,Italy,Nezara viridula,Southern Green Stink Bug,17,8,2024
43.6430234764,10.639467645,Italy,Nezara viridula,Southern Green Stink Bug,16,8,2024
43.6430184142,10.6394594907,Italy,Nezara viridula,Southern Green Stink Bug,16,8,2024
43.6436137053,10.637705326,Italy,Nezara viridula,Southern Green Stink Bug,16,8,2024
43.6438932046,10.6360745429,Italy,Nezara viridula,Southern Green Stink Bug,16,8,2024
43.6439293802,10.6354218785,Italy,Nezara viridula,Southern Green Stink Bug,16,8,2024
45.8119467041,8.8946639188,Italy,Nezara viridula,Southern Green Stink Bug,17,8,2024
43.6324969275,10.6356254446,Italy,Nezara viridula,Southern Green Stink Bug,17,8,2024
46.1790050997,13.0301062997,Italy,Nezara viridula,Southern Green Stink Bug,17,8,2024
45.123655,10.444066,Italy,Nezara viridula,Southern Green Stink Bug,22,3,2024
45.1395575455,7.9676823817,Italy,Nezara viridula,Southern Green Stink Bug,18,8,2024
42.9876255036,10.8984684032,Italy,Nezara viridula,Southern Green Stink Bug,18,8,2024
45.6694483333,9.1397616667,Italy,Nezara viridula,Southern Green Stink Bug,18,8,2024
44.9012145996,8.4432144165,Italy,Nezara viridula,Southern Green Stink Bug,19,8,2024
45.0556640625,8.0190496445,Italy,Nezara viridula,Southern Green Stink Bug,19,8,2024
45.4493166973,12.4307149802,Italy,Nezara viridula,Southern Green Stink Bug,17,8,2024
43.7311773188,10.958096534,Italy,Nezara viridula,Southern Green Stink Bug,19,8,2024
43.7840583333,11.1459,Italy,Nezara viridula,Southern Green Stink Bug,19,8,2024
45.1620932936,10.800302963,Italy,Nezara viridula,Southern Green Stink Bug,18,8,2024
43.6606452025,10.6730505014,Italy,Nezara viridula,Southern Green Stink Bug,18,8,2024
43.6605140617,10.6801356831,Italy,Nezara viridula,Southern Green Stink Bug,18,8,2024
45.4462216,10.7002609997,Italy,Nezara viridula,Southern Green Stink Bug,20,8,2024
39.8108632704,9.4999199733,Italy,Nezara viridula,Southern Green Stink Bug,8,8,2024
42.5524633333,12.7133566667,Italy,Nezara viridula,Southern Green Stink Bug,20,8,2024
42.2057152497,14.211308326,Italy,Nezara viridula,Southern Green Stink Bug,20,8,2024
45.4872308272,8.6544441059,Italy,Nezara viridula,Southern Green Stink Bug,20,8,2024
45.123552396,10.4439395294,Italy,Nezara viridula,Southern Green Stink Bug,20,8,2024
44.1696896282,9.6395627936,Italy,Nezara viridula,Southern Green Stink Bug,20,8,2024
46.3830383333,11.2872133333,Italy,Nezara viridula,Southern Green Stink Bug,20,8,2024
40.0866556336,15.9934405275,Italy,Nezara viridula,Southern Green Stink Bug,21,8,2024
45.8995074997,9.9241033,Italy,Nezara viridula,Southern Green Stink Bug,21,8,2024
44.1140797741,10.4601648822,Italy,Nezara viridula,Southern Green Stink Bug,20,8,2024
44.7204694444,10.2050277778,Italy,Nezara viridula,Southern Green Stink Bug,20,8,2024
43.4553947447,11.9023447036,Italy,Nezara viridula,Southern Green Stink Bug,22,8,2024
45.0876508102,7.583527565,Italy,Nezara viridula,Southern Green Stink Bug,22,8,2024
45.4544606224,12.3537013233,Italy,Nezara viridula,Southern Green Stink Bug,22,8,2024
43.6080513,13.4500608442,Italy,Nezara viridula,Southern Green Stink Bug,28,7,2024
43.6085586547,13.4507846831,Italy,Nezara viridula,Southern Green Stink Bug,28,7,2024
43.6081809997,13.4506063461,Italy,Nezara viridula,Southern Green Stink Bug,28,7,2024
45.454497,12.353782,Italy,Nezara viridula,Southern Green Stink Bug,22,8,2024
42.5641845789,11.5037718415,Italy,Nezara viridula,Southern Green Stink Bug,11,8,2024
45.80583659,9.83146896,Italy,Nezara viridula,Southern Green Stink Bug,24,8,2024
45.3618055556,7.7706027778,Italy,Nezara viridula,Southern Green Stink Bug,24,8,2024
45.1382906735,7.1020048298,Italy,Nezara viridula,Southern Green Stink Bug,24,8,2024
44.074704029,9.7935598344,Italy,Nezara viridula,Southern Green Stink Bug,23,8,2024
45.4969395716,9.0956924593,Italy,Nezara viridula,Southern Green Stink Bug,21,8,2024
46.6770439,11.1762668,Italy,Nezara viridula,Southern Green Stink Bug,24,8,2024
43.6695309852,10.6539877773,Italy,Nezara viridula,Southern Green Stink Bug,19,8,2024
40.2392660417,16.0511930278,Italy,Nezara viridula,Southern Green Stink Bug,25,8,2024
45.1402617997,7.9682345,Italy,Nezara viridula,Southern Green Stink Bug,24,8,2024
44.8724715809,7.679455094,Italy,Nezara viridula,Southern Green Stink Bug,25,8,2024
44.8724715809,7.679455094,Italy,Nezara viridula,Southern Green Stink Bug,25,8,2024
43.5262666667,12.849225,Italy,Nezara viridula,Southern Green Stink Bug,25,8,2024
44.8724715809,7.679455094,Italy,Nezara viridula,Southern Green Stink Bug,25,8,2024
43.6877519318,10.6429424992,Italy,Nezara viridula,Southern Green Stink Bug,24,8,2024
43.6884921938,10.6457082881,Italy,Nezara viridula,Southern Green Stink Bug,24,8,2024
44.6338882222,7.4940972222,Italy,Nezara viridula,Southern Green Stink Bug,25,8,2024
45.5830383333,8.8466166667,Italy,Nezara viridula,Southern Green Stink Bug,25,8,2024
45.6708395608,9.1448739544,Italy,Nezara viridula,Southern Green Stink Bug,25,8,2024
42.1841942448,12.3795600235,Italy,Nezara viridula,Southern Green Stink Bug,25,8,2024
44.2195036685,11.3182846829,Italy,Nezara viridula,Southern Green Stink Bug,25,8,2024
45.5491366667,9.103255,Italy,Nezara viridula,Southern Green Stink Bug,25,8,2024
45.7013973928,9.1685448617,Italy,Nezara viridula,Southern Green Stink Bug,25,8,2024
41.2773643023,14.3624547509,Italy,Nezara viridula,Southern Green Stink Bug,25,8,2024
45.4664254047,12.5307829678,Italy,Nezara viridula,Southern Green Stink Bug,25,8,2024
45.7963005101,8.5288963049,Italy,Nezara viridula,Southern Green Stink Bug,25,8,2024
45.6538741212,10.0363171846,Italy,Nezara viridula,Southern Green Stink Bug,25,8,2024
40.239341,16.0512499722,Italy,Nezara viridula,Southern Green Stink Bug,25,8,2024
45.0883157333,7.5839949399,Italy,Nezara viridula,Southern Green Stink Bug,26,8,2024
44.4300957153,8.8214306219,Italy,Nezara viridula,Southern Green Stink Bug,25,8,2024
46.0938555253,11.1261111125,Italy,Nezara viridula,Southern Green Stink Bug,26,8,2024
45.446025,11.8931111111,Italy,Nezara viridula,Southern Green Stink Bug,26,8,2024
46.4473959864,11.2550512701,Italy,Nezara viridula,Southern Green Stink Bug,26,8,2024
45.9346754459,10.834498425,Italy,Nezara viridula,Southern Green Stink Bug,27,8,2024
45.6855649539,11.7343777791,Italy,Nezara viridula,Southern Green Stink Bug,27,8,2024
45.9323167304,10.868748799,Italy,Nezara viridula,Southern Green Stink Bug,27,8,2024
45.9323167304,10.868748799,Italy,Nezara viridula,Southern Green Stink Bug,27,8,2024
45.7144083333,9.3933833333,Italy,Nezara viridula,Southern Green Stink Bug,22,8,2024
45.6470912405,11.3031195556,Italy,Nezara viridula,Southern Green Stink Bug,28,8,2024
44.1653567366,10.1274450682,Italy,Nezara viridula,Southern Green Stink Bug,28,8,2024
44.7875944444,7.4946083333,Italy,Nezara viridula,Southern Green Stink Bug,27,8,2024
44.1117783333,12.1908333333,Italy,Nezara viridula,Southern Green Stink Bug,27,8,2024
44.3867258,7.5102492,Italy,Nezara viridula,Southern Green Stink Bug,29,8,2024
44.7726916667,7.5172083333,Italy,Nezara viridula,Southern Green Stink Bug,27,8,2024
42.7755283376,11.0938239713,Italy,Nezara viridula,Southern Green Stink Bug,25,8,2024
44.7168430994,11.6755772438,Italy,Nezara viridula,Southern Green Stink Bug,29,8,2024
44.7741839752,11.707485821,Italy,Nezara viridula,Southern Green Stink Bug,29,8,2024
44.6944404021,12.1844097041,Italy,Nezara viridula,Southern Green Stink Bug,30,8,2024
43.2616194224,10.9427872474,Italy,Nezara viridula,Southern Green Stink Bug,29,8,2024
46.2448953997,13.1487577,Italy,Nezara viridula,Southern Green Stink Bug,30,8,2024
46.2827217414,12.3063380644,Italy,Nezara viridula,Southern Green Stink Bug,30,8,2024
42.0488471983,12.1231584547,Italy,Nezara viridula,Southern Green Stink Bug,30,8,2024
44.51048299,12.10155471,Italy,Nezara viridula,Southern Green Stink Bug,30,8,2024
43.4910916667,12.7713533333,Italy,Nezara viridula,Southern Green Stink Bug,31,8,2024
43.23135,12.53355,Italy,Nezara viridula,Southern Green Stink Bug,30,8,2024
46.2411312997,13.1411850997,Italy,Nezara viridula,Southern Green Stink Bug,30,8,2024
42.7755283376,11.0938239713,Italy,Nezara viridula,Southern Green Stink Bug,30,8,2024
45.126466658,10.4417908285,Italy,Nezara viridula,Southern Green Stink Bug,1,9,2024
43.6885289066,10.6069702888,Italy,Nezara viridula,Southern Green Stink Bug,1,9,2024
43.3109516,11.3297515997,Italy,Nezara viridula,Southern Green Stink Bug,19,8,2024
45.123664,10.444038,Italy,Nezara viridula,Southern Green Stink Bug,30,3,2024
43.6322199997,11.4674583,Italy,Nezara viridula,Southern Green Stink Bug,21,8,2024
42.1944833333,12.2377666667,Italy,Nezara viridula,Southern Green Stink Bug,1,9,2024
43.6090249982,13.1468192378,Italy,Nezara viridula,Southern Green Stink Bug,1,9,2024
41.7399271,12.6517275997,Italy,Nezara viridula,Southern Green Stink Bug,2,9,2024
42.8704483853,11.8761274964,Italy,Nezara viridula,Southern Green Stink Bug,1,9,2024
44.35425,11.1724444444,Italy,Nezara viridula,Southern Green Stink Bug,30,8,2024
42.1307812699,12.0623354986,Italy,Nezara viridula,Southern Green Stink Bug,2,9,2024
42.1308225451,12.0622493327,Italy,Nezara viridula,Southern Green Stink Bug,2,9,2024
44.5179019722,11.610224,Italy,Nezara viridula,Southern Green Stink Bug,2,9,2024
45.750157549,9.0028757975,Italy,Nezara viridula,Southern Green Stink Bug,1,9,2024
45.8870583333,11.0344416667,Italy,Nezara viridula,Southern Green Stink Bug,1,9,2024
43.348025,11.3676033333,Italy,Nezara viridula,Southern Green Stink Bug,28,8,2024
45.8062305556,8.8828444444,Italy,Nezara viridula,Southern Green Stink Bug,3,9,2024
43.7716064453,11.7425041199,Italy,Nezara viridula,Southern Green Stink Bug,3,9,2024
45.7823111111,8.9080583333,Italy,Nezara viridula,Southern Green Stink Bug,4,9,2024
43.7996369153,10.2748206054,Italy,Nezara viridula,Southern Green Stink Bug,4,9,2024
43.6090249982,13.1468192378,Italy,Nezara viridula,Southern Green Stink Bug,4,9,2024
43.1150079373,12.3875647411,Italy,Nezara viridula,Southern Green Stink Bug,5,9,2024
45.4572087997,10.6411762,Italy,Nezara viridula,Southern Green Stink Bug,4,9,2024
45.85613,12.1431366667,Italy,Nezara viridula,Southern Green Stink Bug,3,9,2024
45.7116050556,9.2041978611,Italy,Nezara viridula,Southern Green Stink Bug,6,9,2024
46.1426010935,12.2266044233,Italy,Nezara viridula,Southern Green Stink Bug,6,9,2024
45.6987332621,9.6105199856,Italy,Nezara viridula,Southern Green Stink Bug,6,9,2024
46.3209416667,11.3001216667,Italy,Nezara viridula,Southern Green Stink Bug,6,9,2024
45.5613444444,9.4957916667,Italy,Nezara viridula,Southern Green Stink Bug,4,9,2024
46.66246,11.1342067997,Italy,Nezara viridula,Southern Green Stink Bug,7,9,2024
45.0666792,11.1315131,Italy,Nezara viridula,Southern Green Stink Bug,7,9,2024
42.7097837997,13.9933434997,Italy,Nezara viridula,Southern Green Stink Bug,7,9,2024
43.7198748334,10.654770389,Italy,Nezara viridula,Southern Green Stink Bug,7,9,2024
43.7198876183,10.6547637995,Italy,Nezara viridula,Southern Green Stink Bug,7,9,2024
43.7199108752,10.6547640369,Italy,Nezara viridula,Southern Green Stink Bug,7,9,2024
43.7133201061,10.6521598054,Italy,Nezara viridula,Southern Green Stink Bug,7,9,2024
44.0073949,10.3143799997,Italy,Nezara viridula,Southern Green Stink Bug,7,9,2024
45.125518,10.440333,Italy,Nezara viridula,Southern Green Stink Bug,2,4,2024
45.125535,10.440361,Italy,Nezara viridula,Southern Green Stink Bug,2,4,2024
42.1308555,12.0620638333,Italy,Nezara viridula,Southern Green Stink Bug,8,9,2024
42.1308471667,12.06235,Italy,Nezara viridula,Southern Green Stink Bug,8,9,2024
46.07111824,11.13406369,Italy,Nezara viridula,Southern Green Stink Bug,9,9,2024
45.1535652081,7.4857023254,Italy,Nezara viridula,Southern Green Stink Bug,9,9,2024
43.779695,11.0789555,Italy,Nezara viridula,Southern Green Stink Bug,9,9,2024
45.01327141,11.33591578,Italy,Nezara viridula,Southern Green Stink Bug,9,9,2024
45.1239725808,10.4437537026,Italy,Nezara viridula,Southern Green Stink Bug,9,9,2024
44.5108916921,11.3308204778,Italy,Nezara viridula,Southern Green Stink Bug,10,9,2024
46.648975,10.9887277778,Italy,Nezara viridula,Southern Green Stink Bug,9,9,2024
45.12551,10.440467,Italy,Nezara viridula,Southern Green Stink Bug,10,9,2024
45.8281305556,8.9273194444,Italy,Nezara viridula,Southern Green Stink Bug,10,9,2024
45.8521472222,8.6467416667,Italy,Nezara viridula,Southern Green Stink Bug,10,9,2024
45.0747549163,8.6055414269,Italy,Nezara viridula,Southern Green Stink Bug,10,9,2024
37.9033891764,15.1342725009,Italy,Nezara viridula,Southern Green Stink Bug,11,9,2024
45.9170425044,8.7150764465,Italy,Nezara viridula,Southern Green Stink Bug,11,9,2024
46.035502,11.39986,Italy,Nezara viridula,Southern Green Stink Bug,11,9,2024
43.7796887332,13.2057677037,Italy,Nezara viridula,Southern Green Stink Bug,5,9,2024
43.21564196,11.23999161,Italy,Nezara viridula,Southern Green Stink Bug,11,9,2024
45.3835194444,7.8815027778,Italy,Nezara viridula,Southern Green Stink Bug,8,9,2024
45.125485,10.440437,Italy,Nezara viridula,Southern Green Stink Bug,3,4,2024
44.6914116667,10.99418,Italy,Nezara viridula,Southern Green Stink Bug,12,9,2024
45.7089670743,9.7475086525,Italy,Nezara viridula,Southern Green Stink Bug,12,9,2024
44.3954344336,7.549003177,Italy,Nezara viridula,Southern Green Stink Bug,13,9,2024
46.6535485702,11.1468511867,Italy,Nezara viridula,Southern Green Stink Bug,10,9,2024
46.6535367958,11.1468435407,Italy,Nezara viridula,Southern Green Stink Bug,10,9,2024
44.9845252096,7.5857152417,Italy,Nezara viridula,Southern Green Stink Bug,2,9,2024
44.807320865,11.6629926528,Italy,Nezara viridula,Southern Green Stink Bug,14,9,2024
42.1682333333,12.2414166667,Italy,Nezara viridula,Southern Green Stink Bug,14,9,2024
42.0978611667,12.1860383333,Italy,Nezara viridula,Southern Green Stink Bug,14,9,2024
46.1899328616,13.3046321198,Italy,Nezara viridula,Southern Green Stink Bug,13,9,2024
43.9881348997,10.1756299997,Italy,Nezara viridula,Southern Green Stink Bug,14,9,2024
43.9881116,10.1756832997,Italy,Nezara viridula,Southern Green Stink Bug,14,9,2024
43.878193,10.592641,Italy,Nezara viridula,Southern Green Stink Bug,6,9,2024
43.9920768611,10.17696475,Italy,Nezara viridula,Southern Green Stink Bug,14,9,2024
43.9882354722,10.1745052222,Italy,Nezara viridula,Southern Green Stink Bug,14,9,2024
44.9348431799,11.4837299584,Italy,Nezara viridula,Southern Green Stink Bug,14,9,2024
44.9348431799,11.4837299584,Italy,Nezara viridula,Southern Green Stink Bug,14,9,2024
41.1670999108,14.3353229016,Italy,Nezara viridula,Southern Green Stink Bug,12,9,2024
41.1670999108,14.3353229016,Italy,Nezara viridula,Southern Green Stink Bug,12,9,2024
45.6978209386,11.3378001004,Italy,Nezara viridula,Southern Green Stink Bug,15,9,2024
46.0695414,11.1268795,Italy,Nezara viridula,Southern Green Stink Bug,13,9,2024
45.3563633333,11.707955,Italy,Nezara viridula,Southern Green Stink Bug,15,9,2024
44.7759434323,11.6343895774,Italy,Nezara viridula,Southern Green Stink Bug,14,9,2024
45.5959242509,8.737741448,Italy,Nezara viridula,Southern Green Stink Bug,15,9,2024
45.3699592,10.0277694,Italy,Nezara viridula,Southern Green Stink Bug,15,9,2024
45.363649986,9.6566342998,Italy,Nezara viridula,Southern Green Stink Bug,14,9,2024
45.5343173889,10.1662735,Italy,Nezara viridula,Southern Green Stink Bug,7,9,2024
45.5741833333,8.4422966667,Italy,Nezara viridula,Southern Green Stink Bug,16,9,2024
45.7552964,9.8268975,Italy,Nezara viridula,Southern Green Stink Bug,16,9,2024
45.7509808194,9.8258516192,Italy,Nezara viridula,Southern Green Stink Bug,15,9,2024
45.5482833803,8.9172759113,Italy,Nezara viridula,Southern Green Stink Bug,16,9,2024
45.1216077944,10.4448099062,Italy,Nezara viridula,Southern Green Stink Bug,16,9,2024
45.1252202271,10.4521078616,Italy,Nezara viridula,Southern Green Stink Bug,17,9,2024
45.122459,10.444614,Italy,Nezara viridula,Southern Green Stink Bug,17,9,2024
45.7108789551,8.6944172352,Italy,Nezara viridula,Southern Green Stink Bug,13,9,2024
44.4987705176,7.7012872696,Italy,Nezara viridula,Southern Green Stink Bug,16,9,2024
44.4987705176,7.7012872696,Italy,Nezara viridula,Southern Green Stink Bug,16,9,2024
45.630822,9.7400559722,Italy,Nezara viridula,Southern Green Stink Bug,17,9,2024
45.4795194444,12.25625,Italy,Nezara viridula,Southern Green Stink Bug,5,9,2024
46.6514688867,11.1476827368,Italy,Nezara viridula,Southern Green Stink Bug,18,9,2024
46.1226844786,8.3327445983,Italy,Nezara viridula,Southern Green Stink Bug,18,9,2024
45.8146353888,10.7933249461,Italy,Nezara viridula,Southern Green Stink Bug,15,9,2024
44.2195036685,11.3182846829,Italy,Nezara viridula,Southern Green Stink Bug,19,9,2024
39.2802393454,16.709799394,Italy,Nezara viridula,Southern Green Stink Bug,19,9,2024
43.9772571358,12.4275637534,Italy,Nezara viridula,Southern Green Stink Bug,19,9,2024
43.1249756355,10.8059496257,Italy,Nezara viridula,Southern Green Stink Bug,17,9,2024
43.1249324319,10.8059270364,Italy,Nezara viridula,Southern Green Stink Bug,17,9,2024
43.1247858524,10.8061639525,Italy,Nezara viridula,Southern Green Stink Bug,17,9,2024
46.1060153997,8.3044212997,Italy,Nezara viridula,Southern Green Stink Bug,19,9,2024
45.0573971667,7.70938,Italy,Nezara viridula,Southern Green Stink Bug,19,9,2024
45.2075606,9.1364309997,Italy,Nezara viridula,Southern Green Stink Bug,19,9,2024
45.5436149237,8.1592275202,Italy,Nezara viridula,Southern Green Stink Bug,27,8,2024
45.0250614306,8.6385661833,Italy,Nezara viridula,Southern Green Stink Bug,19,9,2024
43.3150966667,11.333645,Italy,Nezara viridula,Southern Green Stink Bug,20,9,2024
41.9181379722,12.4858379722,Italy,Nezara viridula,Southern Green Stink Bug,20,9,2024
42.1030921933,12.1576795578,Italy,Nezara viridula,Southern Green Stink Bug,20,9,2024
45.1413579838,7.3773790151,Italy,Nezara viridula,Southern Green Stink Bug,20,9,2024
44.953118795,9.3493749574,Italy,Nezara viridula,Southern Green Stink Bug,20,9,2024
46.6686309238,11.0032150299,Italy,Nezara viridula,Southern Green Stink Bug,21,9,2024
45.751481605,9.4619552427,Italy,Nezara viridula,Southern Green Stink Bug,21,9,2024
45.1254122565,10.4409698211,Italy,Nezara viridula,Southern Green Stink Bug,20,9,2024
45.7944543997,9.6648036,Italy,Nezara viridula,Southern Green Stink Bug,21,9,2024
45.7920194491,8.939669542,Italy,Nezara viridula,Southern Green Stink Bug,21,9,2024
45.1228916505,10.4442557786,Italy,Nezara viridula,Southern Green Stink Bug,20,9,2024
45.7658039248,8.9394851401,Italy,Nezara viridula,Southern Green Stink Bug,21,9,2024
42.1781366667,13.0664166667,Italy,Nezara viridula,Southern Green Stink Bug,21,9,2024
42.1781616667,13.0664138333,Italy,Nezara viridula,Southern Green Stink Bug,21,9,2024
39.9547609405,8.8693712722,Italy,Nezara viridula,Southern Green Stink Bug,21,9,2024
45.5881699722,8.0493039722,Italy,Nezara viridula,Southern Green Stink Bug,21,9,2024
44.7927579511,7.6649267719,Italy,Nezara viridula,Southern Green Stink Bug,20,9,2024
44.5897557971,8.0462556036,Italy,Nezara viridula,Southern Green Stink Bug,22,9,2024
44.8483734131,8.0254583358,Italy,Nezara viridula,Southern Green Stink Bug,22,9,2024
45.5885771075,8.0491613145,Italy,Nezara viridula,Southern Green Stink Bug,22,9,2024
45.845183552,10.1484657079,Italy,Nezara viridula,Southern Green Stink Bug,22,9,2024
41.0977833333,14.2195283333,Italy,Nezara viridula,Southern Green Stink Bug,22,9,2024
45.4266885762,8.6420886777,Italy,Nezara viridula,Southern Green Stink Bug,22,9,2024
42.097875,12.1860216667,Italy,Nezara viridula,Southern Green Stink Bug,15,9,2024
45.3120087301,9.9078525884,Italy,Nezara viridula,Southern Green Stink Bug,22,9,2024
45.2000815581,9.8063550141,Italy,Nezara viridula,Southern Green Stink Bug,22,9,2024
44.4820669995,8.8346470595,Italy,Nezara viridula,Southern Green Stink Bug,21,9,2024
45.122054,10.441614,Italy,Nezara viridula,Southern Green Stink Bug,22,9,2024
44.5107348547,11.3310533156,Italy,Nezara viridula,Southern Green Stink Bug,23,9,2024
44.516353,8.9494089722,Italy,Nezara viridula,Southern Green Stink Bug,21,9,2024
45.1238581259,10.4438651819,Italy,Nezara viridula,Southern Green Stink Bug,23,9,2024
45.1234818622,10.4439375177,Italy,Nezara viridula,Southern Green Stink Bug,23,9,2024
44.853752,9.0843366,Italy,Nezara viridula,Southern Green Stink Bug,23,9,2024
43.8000861,10.7999554,Italy,Nezara viridula,Southern Green Stink Bug,6,6,2024
41.8724158997,13.1789977,Italy,Nezara viridula,Southern Green Stink Bug,24,9,2024
41.8725442886,13.1812734716,Italy,Nezara viridula,Southern Green Stink Bug,24,9,2024
46.6290271115,10.9061820433,Italy,Nezara viridula,Southern Green Stink Bug,21,9,2024
45.5540161133,8.9863128662,Italy,Nezara viridula,Southern Green Stink Bug,24,9,2024
45.2908379432,12.0166806132,Italy,Nezara viridula,Southern Green Stink Bug,24,9,2024
44.4748216667,11.41492,Italy,Nezara viridula,Southern Green Stink Bug,24,9,2024
45.9217069878,11.0837445615,Italy,Nezara viridula,Southern Green Stink Bug,17,9,2024
45.6686705169,9.4397509843,Italy,Nezara viridula,Southern Green Stink Bug,25,9,2024
45.6686705169,9.4397509843,Italy,Nezara viridula,Southern Green Stink Bug,25,9,2024
45.8940666667,11.0434833333,Italy,Nezara viridula,Southern Green Stink Bug,25,9,2024
43.3893632997,11.2672682997,Italy,Nezara viridula,Southern Green Stink Bug,25,9,2024
45.5248948563,9.3307111412,Italy,Nezara viridula,Southern Green Stink Bug,25,9,2024
46.0715399722,11.133504,Italy,Nezara viridula,Southern Green Stink Bug,26,9,2024
45.7216653182,9.2960373194,Italy,Nezara viridula,Southern Green Stink Bug,4,9,2024
43.0747555,11.8282366667,Italy,Nezara viridula,Southern Green Stink Bug,25,9,2024
45.0665361667,10.1769166667,Italy,Nezara viridula,Southern Green Stink Bug,26,9,2024
43.4391441345,10.8264141083,Italy,Nezara viridula,Southern Green Stink Bug,27,9,2024
45.7124786111,8.3524665833,Italy,Nezara viridula,Southern Green Stink Bug,27,9,2024
45.7311878522,9.7091238946,Italy,Nezara viridula,Southern Green Stink Bug,27,9,2024
45.1289027778,7.7105444444,Italy,Nezara viridula,Southern Green Stink Bug,24,9,2024
44.9356944444,8.8839416667,Italy,Nezara viridula,Southern Green Stink Bug,21,9,2024
43.8500658,10.5738609,Italy,Nezara viridula,Southern Green Stink Bug,28,9,2024
44.7927579511,7.6649267719,Italy,Nezara viridula,Southern Green Stink Bug,27,9,2024
45.7846171326,9.3927627057,Italy,Nezara viridula,Southern Green Stink Bug,28,9,2024
45.7846171326,9.3927627057,Italy,Nezara viridula,Southern Green Stink Bug,28,9,2024
44.4291832094,8.8220364874,Italy,Nezara viridula,Southern Green Stink Bug,25,9,2024
43.3335083333,11.60147,Italy,Nezara viridula,Southern Green Stink Bug,29,9,2024
44.7927579511,7.6649267719,Italy,Nezara viridula,Southern Green Stink Bug,28,9,2024
44.1854673143,12.4180936583,Italy,Nezara viridula,Southern Green Stink Bug,27,9,2024
45.9257001,9.331295,Italy,Nezara viridula,Southern Green Stink Bug,29,9,2024
44.294971099,11.324255952,Italy,Nezara viridula,Southern Green Stink Bug,22,9,2024
43.0853501894,11.7997498345,Italy,Nezara viridula,Southern Green Stink Bug,29,9,2024
45.8182892,8.8252083,Italy,Nezara viridula,Southern Green Stink Bug,29,9,2024
44.1136127885,10.4604297504,Italy,Nezara viridula,Southern Green Stink Bug,28,9,2024
42.361645,14.1471,Italy,Nezara viridula,Southern Green Stink Bug,29,9,2024
45.1619743,11.3872862,Italy,Nezara viridula,Southern Green Stink Bug,27,9,2024
45.5790539722,9.634899,Italy,Nezara viridula,Southern Green Stink Bug,29,9,2024
45.1785301418,11.4948902932,Italy,Nezara viridula,Southern Green Stink Bug,30,9,2024
46.7318188711,11.6494642769,Italy,Nezara viridula,Southern Green Stink Bug,30,9,2024
46.7318188711,11.6494642769,Italy,Nezara viridula,Southern Green Stink Bug,30,9,2024
46.7318188711,11.6494642769,Italy,Nezara viridula,Southern Green Stink Bug,30,9,2024
45.1228728332,10.4441080894,Italy,Nezara viridula,Southern Green Stink Bug,30,9,2024
45.1217277814,10.4452821426,Italy,Nezara viridula,Southern Green Stink Bug,30,9,2024
46.043132782,12.606098175,Italy,Nezara viridula,Southern Green Stink Bug,1,10,2024
46.0422706604,12.6057109833,Italy,Nezara viridula,Southern Green Stink Bug,1,10,2024
45.125443,10.440509,Italy,Nezara viridula,Southern Green Stink Bug,4,4,2024
44.478717,11.416606,Italy,Nezara viridula,Southern Green Stink Bug,1,10,2024
45.7555116667,8.6993116667,Italy,Nezara viridula,Southern Green Stink Bug,22,9,2024
45.8413536149,8.7750737742,Italy,Nezara viridula,Southern Green Stink Bug,1,10,2024
43.3330673501,12.8738725388,Italy,Nezara viridula,Southern Green Stink Bug,1,10,2024
43.7081237918,10.3826976568,Italy,Nezara viridula,Southern Green Stink Bug,1,10,2024
43.333063083,12.8738449326,Italy,Nezara viridula,Southern Green Stink Bug,1,10,2024
45.1265429,10.44206,Italy,Nezara viridula,Southern Green Stink Bug,1,10,2024
45.0587088846,7.4318583011,Italy,Nezara viridula,Southern Green Stink Bug,1,10,2024
45.7472838448,7.3863047361,Italy,Nezara viridula,Southern Green Stink Bug,2,10,2024
43.7002777778,10.4000166667,Italy,Nezara viridula,Southern Green Stink Bug,2,10,2024
43.4414,10.5467366667,Italy,Nezara viridula,Southern Green Stink Bug,30,9,2024
40.8736437738,14.3058273196,Italy,Nezara viridula,Southern Green Stink Bug,3,10,2024
45.7127382231,9.7495008633,Italy,Nezara viridula,Southern Green Stink Bug,17,9,2024
45.9363416667,8.489155,Italy,Nezara viridula,Southern Green Stink Bug,4,10,2024
44.8166292316,9.9015092259,Italy,Nezara viridula,Southern Green Stink Bug,4,10,2024
45.0919083333,7.6315638889,Italy,Nezara viridula,Southern Green Stink Bug,24,8,2024
40.7816897065,15.2221614495,Italy,Nezara viridula,Southern Green Stink Bug,4,10,2024
40.7816622883,15.2221460268,Italy,Nezara viridula,Southern Green Stink Bug,4,10,2024
43.3330821474,12.8738703769,Italy,Nezara viridula,Southern Green Stink Bug,4,10,2024
42.0396,11.83477,Italy,Nezara viridula,Southern Green Stink Bug,4,10,2024
43.6832066766,10.7502164545,Italy,Nezara viridula,Southern Green Stink Bug,5,10,2024
43.7002355862,10.4001514722,Italy,Nezara viridula,Southern Green Stink Bug,5,10,2024
44.9329124166,7.6086390764,Italy,Nezara viridula,Southern Green Stink Bug,5,10,2024
44.9342892234,11.4801762813,Italy,Nezara viridula,Southern Green Stink Bug,5,9,2024
45.886105,11.0469721667,Italy,Nezara viridula,Southern Green Stink Bug,5,10,2024
44.9329197745,7.6086793095,Italy,Nezara viridula,Southern Green Stink Bug,6,10,2024
46.40633298,11.29987085,Italy,Nezara viridula,Southern Green Stink Bug,6,10,2024
43.7002054,10.4001157,Italy,Nezara viridula,Southern Green Stink Bug,6,10,2024
45.037125,7.4665016667,Italy,Nezara viridula,Southern Green Stink Bug,6,10,2024
45.6895524484,9.4719941542,Italy,Nezara viridula,Southern Green Stink Bug,6,10,2024
43.6792406897,10.2733449366,Italy,Nezara viridula,Southern Green Stink Bug,6,10,2024
43.3351787766,12.8780790579,Italy,Nezara viridula,Southern Green Stink Bug,6,10,2024
43.3330105091,12.8738616825,Italy,Nezara viridula,Southern Green Stink Bug,6,10,2024
44.704605,8.0381695,Italy,Nezara viridula,Southern Green Stink Bug,6,10,2024
45.1489417264,7.018760629,Italy,Nezara viridula,Southern Green Stink Bug,5,10,2024
45.8127138889,8.6078083333,Italy,Nezara viridula,Southern Green Stink Bug,6,10,2024
39.4238445308,9.5742371454,Italy,Nezara viridula,Southern Green Stink Bug,7,10,2024
44.9929525472,7.9234248027,Italy,Nezara viridula,Southern Green Stink Bug,5,10,2024
45.609911319,10.6918443739,Italy,Nezara viridula,Southern Green Stink Bug,6,10,2024
45.3545356528,9.6923505951,Italy,Nezara viridula,Southern Green Stink Bug,6,10,2024
43.6711924543,10.6540127935,Italy,Nezara viridula,Southern Green Stink Bug,6,10,2024
43.6711952114,10.6540122337,Italy,Nezara viridula,Southern Green Stink Bug,6,10,2024
43.671219266,10.6540110758,Italy,Nezara viridula,Southern Green Stink Bug,6,10,2024
41.7510545534,13.2567925751,Italy,Nezara viridula,Southern Green Stink Bug,7,10,2024
45.0305569,11.6415573,Italy,Nezara viridula,Southern Green Stink Bug,7,10,2024
45.0144243252,11.6933718324,Italy,Nezara viridula,Southern Green Stink Bug,7,10,2024
44.5733909607,10.5865392685,Italy,Nezara viridula,Southern Green Stink Bug,7,10,2024
45.532995,12.7383216667,Italy,Nezara viridula,Southern Green Stink Bug,7,10,2024
41.3147652263,14.298079532,Italy,Nezara viridula,Southern Green Stink Bug,8,10,2024
41.2769571202,14.363149443,Italy,Nezara viridula,Southern Green Stink Bug,8,10,2024
45.0022450109,8.4860784928,Italy,Nezara viridula,Southern Green Stink Bug,8,10,2024
45.7724377234,13.6035736185,Italy,Nezara viridula,Southern Green Stink Bug,9,10,2024
45.7456649,7.4896428997,Italy,Nezara viridula,Southern Green Stink Bug,9,10,2024
45.7457056,7.4894046,Italy,Nezara viridula,Southern Green Stink Bug,9,10,2024
37.6454295096,14.4964046404,Italy,Nezara viridula,Southern Green Stink Bug,9,10,2024
46.3808334251,11.2859906661,Italy,Nezara viridula,Southern Green Stink Bug,9,10,2024
42.8124391553,13.7136482075,Italy,Nezara viridula,Southern Green Stink Bug,10,10,2024
43.71785,10.398595,Italy,Nezara viridula,Southern Green Stink Bug,10,10,2024
42.2171411734,12.6048353055,Italy,Nezara viridula,Southern Green Stink Bug,10,10,2024
44.6459460218,10.9273141623,Italy,Nezara viridula,Southern Green Stink Bug,10,10,2024
44.4896836515,11.0853653401,Italy,Nezara viridula,Southern Green Stink Bug,29,9,2024
45.4997339405,12.1113904193,Italy,Nezara viridula,Southern Green Stink Bug,10,10,2024
43.5384479741,10.6351069361,Italy,Nezara viridula,Southern Green Stink Bug,10,10,2024
44.4994163653,7.7006780909,Italy,Nezara viridula,Southern Green Stink Bug,10,10,2024
45.548866,10.489008,Italy,Nezara viridula,Southern Green Stink Bug,29,9,2024
45.1689338683,10.0764770506,Italy,Nezara viridula,Southern Green Stink Bug,10,10,2024
43.9857033333,10.5517283333,Italy,Nezara viridula,Southern Green Stink Bug,11,10,2024
44.7001273227,12.1718859301,Italy,Nezara viridula,Southern Green Stink Bug,10,9,2024
45.770896565,8.5714387894,Italy,Nezara viridula,Southern Green Stink Bug,11,10,2024
44.9329010236,7.6086863503,Italy,Nezara viridula,Southern Green Stink Bug,12,10,2024
44.9329178757,7.6086454466,Italy,Nezara viridula,Southern Green Stink Bug,12,10,2024
44.0065388833,10.2190116667,Italy,Nezara viridula,Southern Green Stink Bug,12,10,2024
46.40643431,11.29997085,Italy,Nezara viridula,Southern Green Stink Bug,12,10,2024
46.6728406,11.1698118,Italy,Nezara viridula,Southern Green Stink Bug,12,10,2024
45.2181533333,11.7428133333,Italy,Nezara viridula,Southern Green Stink Bug,12,10,2024
46.6944681527,11.1828456167,Italy,Nezara viridula,Southern Green Stink Bug,12,10,2024
45.9380253233,9.3857289478,Italy,Nezara viridula,Southern Green Stink Bug,12,10,2024
44.4359726,8.8200123417,Italy,Nezara viridula,Southern Green Stink Bug,2,10,2024
44.4519231193,8.820638702,Italy,Nezara viridula,Southern Green Stink Bug,11,10,2024
38.2696499948,15.5410109645,Italy,Nezara viridula,Southern Green Stink Bug,11,10,2024
43.6607264697,10.6454903024,Italy,Nezara viridula,Southern Green Stink Bug,13,10,2024
38.2688855405,15.540859829,Italy,Nezara viridula,Southern Green Stink Bug,11,10,2024
45.5814477212,10.2617612109,Italy,Nezara viridula,Southern Green Stink Bug,11,10,2024
45.8568814683,8.3853488043,Italy,Nezara viridula,Southern Green Stink Bug,13,10,2024
45.1319833333,7.5764166667,Italy,Nezara viridula,Southern Green Stink Bug,13,10,2024
45.8099633333,11.7190033333,Italy,Nezara viridula,Southern Green Stink Bug,13,10,2024
43.7269616095,10.3185596992,Italy,Nezara viridula,Southern Green Stink Bug,13,10,2024
40.7247651087,8.5903319344,Italy,Nezara viridula,Southern Green Stink Bug,13,10,2024
45.1279698733,7.6357086003,Italy,Nezara viridula,Southern Green Stink Bug,14,10,2024
44.6799472909,8.0715037525,Italy,Nezara viridula,Southern Green Stink Bug,14,10,2024
45.1253974205,10.4408527259,Italy,Nezara viridula,Southern Green Stink Bug,14,10,2024
45.1234447723,10.4439488333,Italy,Nezara viridula,Southern Green Stink Bug,14,10,2024
45.4828772714,10.78155756,Italy,Nezara viridula,Southern Green Stink Bug,6,10,2024
45.4827374049,10.7826586068,Italy,Nezara viridula,Southern Green Stink Bug,6,10,2024
45.6977361686,12.1998986229,Italy,Nezara viridula,Southern Green Stink Bug,13,10,2024
45.7065116667,9.6655333333,Italy,Nezara viridula,Southern Green Stink Bug,15,10,2024
45.706445,9.6654916667,Italy,Nezara viridula,Southern Green Stink Bug,15,10,2024
45.7063833333,9.6655966667,Italy,Nezara viridula,Southern Green Stink Bug,15,10,2024
45.7062216667,9.6668333333,Italy,Nezara viridula,Southern Green Stink Bug,15,10,2024
45.70618,9.6673666667,Italy,Nezara viridula,Southern Green Stink Bug,15,10,2024
45.7056533333,9.6694383333,Italy,Nezara viridula,Southern Green Stink Bug,15,10,2024
45.3450861,11.9571651,Italy,Nezara viridula,Southern Green Stink Bug,9,10,2024
44.4994163653,7.7006780909,Italy,Nezara viridula,Southern Green Stink Bug,15,10,2024
44.511365186,11.1379148439,Italy,Nezara viridula,Southern Green Stink Bug,13,10,2024
45.1083853138,8.3723801643,Italy,Nezara viridula,Southern Green Stink Bug,16,10,2024
46.4587700628,11.2461403012,Italy,Nezara viridula,Southern Green Stink Bug,17,10,2024
45.12568,10.441993,Italy,Nezara viridula,Southern Green Stink Bug,5,4,2024
46.4456980214,11.3354669139,Italy,Nezara viridula,Southern Green Stink Bug,18,10,2024
43.5834693889,13.5239820278,Italy,Nezara viridula,Southern Green Stink Bug,17,10,2024
43.7228385,10.4017581,Italy,Nezara viridula,Southern Green Stink Bug,20,9,2024
43.7002694444,10.4000166667,Italy,Nezara viridula,Southern Green Stink Bug,18,10,2024
44.564647186,12.0796320587,Italy,Nezara viridula,Southern Green Stink Bug,18,10,2024
45.6784716667,9.24106,Italy,Nezara viridula,Southern Green Stink Bug,18,10,2024
45.1715889573,9.9669519905,Italy,Nezara viridula,Southern Green Stink Bug,18,10,2024
44.934609,8.8524779722,Italy,Nezara viridula,Southern Green Stink Bug,19,10,2024
46.1757869611,13.4099498715,Italy,Nezara viridula,Southern Green Stink Bug,18,10,2024
43.6463421354,10.6839598302,Italy,Nezara viridula,Southern Green Stink Bug,15,10,2024
43.7895236417,10.7133884143,Italy,Nezara viridula,Southern Green Stink Bug,15,10,2024
43.171395,11.39552,Italy,Nezara viridula,Southern Green Stink Bug,19,10,2024
44.2872529722,9.45437,Italy,Nezara viridula,Southern Green Stink Bug,20,10,2024
45.4567027778,11.5401138889,Italy,Nezara viridula,Southern Green Stink Bug,20,10,2024
45.5611285321,12.1927310899,Italy,Nezara viridula,Southern Green Stink Bug,20,10,2024
44.2871499722,9.4543719722,Italy,Nezara viridula,Southern Green Stink Bug,20,10,2024
44.2871859722,9.454294,Italy,Nezara viridula,Southern Green Stink Bug,20,10,2024
45.1523001865,10.0311964285,Italy,Nezara viridula,Southern Green Stink Bug,20,10,2024
45.1520998,10.0331024,Italy,Nezara viridula,Southern Green Stink Bug,20,10,2024
45.3761261866,11.8636247143,Italy,Nezara viridula,Southern Green Stink Bug,20,10,2024
45.3767557137,11.8625759706,Italy,Nezara viridula,Southern Green Stink Bug,20,10,2024
44.7927579511,7.6649267719,Italy,Nezara viridula,Southern Green Stink Bug,19,10,2024
41.9485837407,13.0005027261,Italy,Nezara viridula,Southern Green Stink Bug,20,10,2024
45.8580483107,8.2100092225,Italy,Nezara viridula,Southern Green Stink Bug,13,10,2024
44.9052913889,11.6607830556,Italy,Nezara viridula,Southern Green Stink Bug,20,10,2024
41.7114860845,15.6381579861,Italy,Nezara viridula,Southern Green Stink Bug,21,10,2024
46.5876166667,11.1891116667,Italy,Nezara viridula,Southern Green Stink Bug,19,10,2024
46.5876166667,11.1891116667,Italy,Nezara viridula,Southern Green Stink Bug,19,10,2024
45.3457336426,11.9568815231,Italy,Nezara viridula,Southern Green Stink Bug,21,10,2024
45.1689338683,10.0764760969,Italy,Nezara viridula,Southern Green Stink Bug,21,10,2024
44.859712305,8.1848208234,Italy,Nezara viridula,Southern Green Stink Bug,28,8,2024
45.4524093495,10.9796494272,Italy,Nezara viridula,Southern Green Stink Bug,21,10,2024
43.9998009722,10.1565309722,Italy,Nezara viridula,Southern Green Stink Bug,22,10,2024
45.3486801935,9.6954526752,Italy,Nezara viridula,Southern Green Stink Bug,21,10,2024
44.4349188278,8.8192759917,Italy,Nezara viridula,Southern Green Stink Bug,22,10,2024
45.1550559,7.9317985,Italy,Nezara viridula,Southern Green Stink Bug,21,10,2024
44.9329430352,7.6086601987,Italy,Nezara viridula,Southern Green Stink Bug,23,10,2024
40.8167572021,14.366771698,Italy,Nezara viridula,Southern Green Stink Bug,23,10,2024
44.8490616667,12.292855,Italy,Nezara viridula,Southern Green Stink Bug,21,10,2024
43.7755888889,10.5964666667,Italy,Nezara viridula,Southern Green Stink Bug,20,10,2024
45.5642561,9.1423565,Italy,Nezara viridula,Southern Green Stink Bug,21,10,2024
45.7537942116,7.6493942365,Italy,Nezara viridula,Southern Green Stink Bug,24,10,2024
43.1251237871,10.8058052279,Italy,Nezara viridula,Southern Green Stink Bug,23,10,2024
43.1251126973,10.8057898052,Italy,Nezara viridula,Southern Green Stink Bug,23,10,2024
45.1238618977,10.4437215161,Italy,Nezara viridula,Southern Green Stink Bug,24,10,2024
44.1171603421,10.459285453,Italy,Nezara viridula,Southern Green Stink Bug,29,9,2024
45.5266436165,11.5890707821,Italy,Nezara viridula,Southern Green Stink Bug,25,10,2024
45.521275,10.2503216667,Italy,Nezara viridula,Southern Green Stink Bug,25,10,2024
45.47493,9.2364,Italy,Nezara viridula,Southern Green Stink Bug,25,10,2024
45.125407,10.440534,Italy,Nezara viridula,Southern Green Stink Bug,6,4,2024
44.0626388333,12.5555116667,Italy,Nezara viridula,Southern Green Stink Bug,25,10,2024
44.0626388333,12.5555116667,Italy,Nezara viridula,Southern Green Stink Bug,25,10,2024
44.2749137878,11.5862026215,Italy,Nezara viridula,Southern Green Stink Bug,26,10,2024
44.7844388205,11.7990308721,Italy,Nezara viridula,Southern Green Stink Bug,26,10,2024
44.364155,9.88773,Italy,Nezara viridula,Southern Green Stink Bug,27,10,2024
46.445714,11.3355455,Italy,Nezara viridula,Southern Green Stink Bug,27,10,2024
46.0844330724,12.8732886538,Italy,Nezara viridula,Southern Green Stink Bug,27,10,2024
45.4554299722,10.7122209722,Italy,Nezara viridula,Southern Green Stink Bug,27,10,2024
43.4553089629,11.1493400389,Italy,Nezara viridula,Southern Green Stink Bug,14,10,2024
45.393650232,12.001962997,Italy,Nezara viridula,Southern Green Stink Bug,27,10,2024
43.7002722222,10.4,Italy,Nezara viridula,Southern Green Stink Bug,28,10,2024
45.1254935,10.440536,Italy,Nezara viridula,Southern Green Stink Bug,28,10,2024
45.6269116667,8.7122883333,Italy,Nezara viridula,Southern Green Stink Bug,28,9,2024
45.4511875441,10.4718827266,Italy,Nezara viridula,Southern Green Stink Bug,28,10,2024
45.122612,10.444591,Italy,Nezara viridula,Southern Green Stink Bug,28,10,2024
43.4187848997,11.1328899997,Italy,Nezara viridula,Southern Green Stink Bug,30,10,2024
45.165,10.0744444444,Italy,Nezara viridula,Southern Green Stink Bug,30,10,2024
43.6038559667,13.5412829969,Italy,Nezara viridula,Southern Green Stink Bug,10,6,2024
45.0892817399,7.7282320708,Italy,Nezara viridula,Southern Green Stink Bug,31,10,2024
41.9878371486,12.0777286962,Italy,Nezara viridula,Southern Green Stink Bug,31,10,2024
45.0253448333,7.6620778889,Italy,Nezara viridula,Southern Green Stink Bug,31,10,2024
45.9380253233,9.3857289478,Italy,Nezara viridula,Southern Green Stink Bug,31,10,2024
43.6057747801,12.8980913306,Italy,Nezara viridula,Southern Green Stink Bug,31,10,2024
45.7053472997,9.6707745,Italy,Nezara viridula,Southern Green Stink Bug,31,10,2024
43.2451319722,10.5274629722,Italy,Nezara viridula,Southern Green Stink Bug,1,11,2024
45.1268283333,10.4429016667,Italy,Nezara viridula,Southern Green Stink Bug,1,11,2024
45.9380253233,9.3857289478,Italy,Nezara viridula,Southern Green Stink Bug,1,11,2024
45.5247718997,11.0415927,Italy,Nezara viridula,Southern Green Stink Bug,1,11,2024
45.5933333333,8.0254195,Italy,Nezara viridula,Southern Green Stink Bug,28,10,2024
41.887584124,12.2941340134,Italy,Nezara viridula,Southern Green Stink Bug,2,11,2024
41.6005383333,12.535495,Italy,Nezara viridula,Southern Green Stink Bug,2,11,2024
45.244790501,12.1285414696,Italy,Nezara viridula,Southern Green Stink Bug,29,10,2024
45.2525346617,12.134651877,Italy,Nezara viridula,Southern Green Stink Bug,29,10,2024
45.8205861111,8.8367083333,Italy,Nezara viridula,Southern Green Stink Bug,3,11,2024
45.2953083333,12.0374888333,Italy,Nezara viridula,Southern Green Stink Bug,2,11,2024
45.3553369997,11.7391679997,Italy,Nezara viridula,Southern Green Stink Bug,3,11,2024
41.3577287997,13.415316,Italy,Nezara viridula,Southern Green Stink Bug,24,10,2024
44.9329266578,7.608666569,Italy,Nezara viridula,Southern Green Stink Bug,4,11,2024
44.93288251,7.6086501405,Italy,Nezara viridula,Southern Green Stink Bug,4,11,2024
45.1992549878,9.1569687054,Italy,Nezara viridula,Southern Green Stink Bug,4,11,2024
45.3565366667,11.7083833333,Italy,Nezara viridula,Southern Green Stink Bug,6,11,2024
43.8701866667,10.962555,Italy,Nezara viridula,Southern Green Stink Bug,6,11,2024
43.870205,10.96255,Italy,Nezara viridula,Southern Green Stink Bug,6,11,2024
46.6004188394,11.1530968788,Italy,Nezara viridula,Southern Green Stink Bug,6,11,2024
44.6842201251,8.8858872096,Italy,Nezara viridula,Southern Green Stink Bug,12,11,2023
45.0714833874,10.4324911907,Italy,Nezara viridula,Southern Green Stink Bug,6,11,2024
41.033518555,13.9398899927,Italy,Nezara viridula,Southern Green Stink Bug,4,11,2024
41.8912333981,12.2949359939,Italy,Nezara viridula,Southern Green Stink Bug,7,11,2024
45.1298063863,10.4165360704,Italy,Nezara viridula,Southern Green Stink Bug,6,11,2024
45.1601142778,10.3878297778,Italy,Nezara viridula,Southern Green Stink Bug,7,11,2024
37.9923271026,13.251726768,Italy,Nezara viridula,Southern Green Stink Bug,8,9,2024
45.0055438751,7.4539286329,Italy,Nezara viridula,Southern Green Stink Bug,5,10,2024
41.875985,12.2137569722,Italy,Nezara viridula,Southern Green Stink Bug,9,11,2024
43.6704260449,10.6541487933,Italy,Nezara viridula,Southern Green Stink Bug,9,11,2024
43.0976375233,12.3974780389,Italy,Nezara viridula,Southern Green Stink Bug,25,10,2024
45.6301404734,9.7239064124,Italy,Nezara viridula,Southern Green Stink Bug,12,11,2024
45.1637916667,10.4329194444,Italy,Nezara viridula,Southern Green Stink Bug,5,11,2024
45.1637583333,10.4328083333,Italy,Nezara viridula,Southern Green Stink Bug,5,11,2024
44.497375,11.2008277778,Italy,Nezara viridula,Southern Green Stink Bug,13,11,2024
42.2347876139,12.5220325382,Italy,Nezara viridula,Southern Green Stink Bug,13,11,2024
45.522725,10.2518,Italy,Nezara viridula,Southern Green Stink Bug,14,11,2024
45.8182892,8.8252083,Italy,Nezara viridula,Southern Green Stink Bug,14,11,2024
45.156472,10.459927,Italy,Nezara viridula,Southern Green Stink Bug,13,11,2024
44.9925364261,7.9235947877,Italy,Nezara viridula,Southern Green Stink Bug,13,11,2024
45.1565166667,10.4582416667,Italy,Nezara viridula,Southern Green Stink Bug,13,11,2024
45.1565166667,10.4582416667,Italy,Nezara viridula,Southern Green Stink Bug,13,11,2024
40.7937056,14.5760178,Italy,Nezara viridula,Southern Green Stink Bug,17,11,2024
41.6747366667,12.5036033333,Italy,Nezara viridula,Southern Green Stink Bug,17,11,2024
40.803584,14.2397444,Italy,Nezara viridula,Southern Green Stink Bug,18,11,2024
45.3992859523,11.8805162609,Italy,Nezara viridula,Southern Green Stink Bug,9,11,2024
41.7134560306,13.0193410861,Italy,Nezara viridula,Southern Green Stink Bug,18,11,2024
44.1135186688,10.4610889032,Italy,Nezara viridula,Southern Green Stink Bug,24,10,2024
45.563327815,11.7938661558,Italy,Nezara viridula,Southern Green Stink Bug,23,9,2024
45.563327815,11.7938661558,Italy,Nezara viridula,Southern Green Stink Bug,23,9,2024
45.563327815,11.7938661558,Italy,Nezara viridula,Southern Green Stink Bug,23,9,2024
44.4791366667,11.29803,Italy,Nezara viridula,Southern Green Stink Bug,23,11,2024
45.11934,10.539908,Italy,Nezara viridula,Southern Green Stink Bug,24,11,2024
45.5614597534,12.2331794724,Italy,Nezara viridula,Southern Green Stink Bug,25,11,2024
45.0779528333,7.6272383333,Italy,Nezara viridula,Southern Green Stink Bug,25,11,2024
44.9983505098,10.6579228058,Italy,Nezara viridula,Southern Green Stink Bug,22,9,2024
43.0353542467,11.6301770404,Italy,Nezara viridula,Southern Green Stink Bug,26,11,2024
45.4387001745,12.3556373881,Italy,Nezara viridula,Southern Green Stink Bug,27,11,2024
38.0769386081,14.9631348252,Italy,Nezara viridula,Southern Green Stink Bug,28,11,2024
41.60035,12.5352883333,Italy,Nezara viridula,Southern Green Stink Bug,28,11,2024
43.0802111667,11.6487966667,Italy,Nezara viridula,Southern Green Stink Bug,28,11,2024
44.1147653215,10.4600026086,Italy,Nezara viridula,Southern Green Stink Bug,2,11,2024
44.1143835534,10.4611827806,Italy,Nezara viridula,Southern Green Stink Bug,8,11,2024
44.114917691,10.460046865,Italy,Nezara viridula,Southern Green Stink Bug,9,11,2024
44.9964027853,7.4607228692,Italy,Nezara viridula,Southern Green Stink Bug,5,11,2024
44.1140053936,10.4605051875,Italy,Nezara viridula,Southern Green Stink Bug,16,11,2024
44.66546317,11.5784306383,Italy,Nezara viridula,Southern Green Stink Bug,28,11,2024
42.9069038497,10.917440317,Italy,Nezara viridula,Southern Green Stink Bug,4,12,2024
43.2110527774,10.5576447949,Italy,Nezara viridula,Southern Green Stink Bug,5,12,2024
45.292523122,7.4657400766,Italy,Nezara viridula,Southern Green Stink Bug,3,12,2024
44.2242423345,11.7737579136,Italy,Nezara viridula,Southern Green Stink Bug,23,11,2024
45.714418824,9.5440874406,Italy,Nezara viridula,Southern Green Stink Bug,7,12,2024
45.2874092396,11.7293439433,Italy,Nezara viridula,Southern Green Stink Bug,7,12,2024
43.24072,11.55152,Italy,Nezara viridula,Southern Green Stink Bug,5,10,2024
43.3318033333,11.31702,Italy,Nezara viridula,Southern Green Stink Bug,4,10,2024
43.171395,11.3955466667,Italy,Nezara viridula,Southern Green Stink Bug,11,12,2024
42.1030253043,12.1574855223,Italy,Nezara viridula,Southern Green Stink Bug,11,12,2024
38.0078583333,14.1272833333,Italy,Nezara viridula,Southern Green Stink Bug,12,12,2024
44.886125012,8.8660687208,Italy,Nezara viridula,Southern Green Stink Bug,22,12,2024
45.4107627778,8.0057477778,Italy,Nezara viridula,Southern Green Stink Bug,23,12,2024
45.203648758,11.3975967895,Italy,Nezara viridula,Southern Green Stink Bug,15,10,2024
43.0158789997,11.942633,Italy,Nezara viridula,Southern Green Stink Bug,31,12,2024
40.8758496,14.2530736,Italy,Nezara viridula,Southern Green Stink Bug,20,9,2024
45.02489783,12.069426924,Italy,Nezara viridula,Southern Green Stink Bug,2,1,2025
45.1248363,10.444002,Italy,Nezara viridula,Southern Green Stink Bug,3,1,2025
45.0835649387,10.2757928575,Italy,Nezara viridula,Southern Green Stink Bug,11,10,2024
45.4308283333,12.3311166667,Italy,Nezara viridula,Southern Green Stink Bug,30,12,2024
45.1253369,10.4408155,Italy,Nezara viridula,Southern Green Stink Bug,6,1,2025
45.1263454,10.4420654,Italy,Nezara viridula,Southern Green Stink Bug,7,1,2025
45.561570786,12.2408445552,Italy,Nezara viridula,Southern Green Stink Bug,10,1,2025
45.5775657863,9.2661426146,Italy,Nezara viridula,Southern Green Stink Bug,16,1,2025
45.577577725,9.2661724714,Italy,Nezara viridula,Southern Green Stink Bug,16,1,2025
45.1572528333,8.0627888333,Italy,Nezara viridula,Southern Green Stink Bug,25,9,2024
45.6686705169,9.4397509843,Italy,Nezara viridula,Southern Green Stink Bug,18,1,2025
43.7563275432,10.6794092072,Italy,Nezara viridula,Southern Green Stink Bug,31,12,2024
45.8186869411,8.8429202512,Italy,Nezara viridula,Southern Green Stink Bug,25,1,2025
44.9329446967,7.6086595282,Italy,Nezara viridula,Southern Green Stink Bug,27,1,2025
45.1256676,10.4421214,Italy,Nezara viridula,Southern Green Stink Bug,28,1,2025
45.4930953889,11.9482650556,Italy,Nezara viridula,Southern Green Stink Bug,28,1,2025
44.9329302181,7.6086565107,Italy,Nezara viridula,Southern Green Stink Bug,2,2,2025
45.1256745,10.4421108,Italy,Nezara viridula,Southern Green Stink Bug,2,2,2025
45.5934576391,9.2941204458,Italy,Nezara viridula,Southern Green Stink Bug,4,2,2025
45.122083,10.44489,Italy,Nezara viridula,Southern Green Stink Bug,6,2,2025
45.1253162,10.4408069,Italy,Nezara viridula,Southern Green Stink Bug,12,2,2025
43.8389534238,10.3525352105,Italy,Nezara viridula,Southern Green Stink Bug,14,2,2025
45.1254836,10.4405496,Italy,Nezara viridula,Southern Green Stink Bug,15,2,2025
45.1255447324,10.4412021674,Italy,Nezara viridula,Southern Green Stink Bug,16,2,2025
43.5431642169,13.3850877568,Italy,Nezara viridula,Southern Green Stink Bug,18,8,2024
45.1253678,10.4408658,Italy,Nezara viridula,Southern Green Stink Bug,21,2,2025
45.8239343291,8.8676123321,Italy,Nezara viridula,Southern Green Stink Bug,21,2,2025
45.1253272,10.4409259,Italy,Nezara viridula,Southern Green Stink Bug,24,2,2025
45.1255517,10.4404503,Italy,Nezara viridula,Southern Green Stink Bug,26,2,2025
44.1151733243,10.4611261189,Italy,Nezara viridula,Southern Green Stink Bug,26,2,2025
37.5183107324,15.0070469454,Italy,Nezara viridula,Southern Green Stink Bug,25,2,2025
43.9852953711,10.1811956987,Italy,Nezara viridula,Southern Green Stink Bug,27,2,2025
45.1254725223,10.4405452777,Italy,Nezara viridula,Southern Green Stink Bug,27,2,2025
45.2839533333,12.0479066667,Italy,Nezara viridula,Southern Green Stink Bug,28,2,2025
45.1352805556,10.9542194444,Italy,Nezara viridula,Southern Green Stink Bug,19,2,2025
45.125314,10.441024,Italy,Nezara viridula,Southern Green Stink Bug,28,2,2025
44.8524950673,10.4496626125,Italy,Nezara viridula,Southern Green Stink Bug,18,7,2024
45.3663123,10.2187585,Italy,Nezara viridula,Southern Green Stink Bug,1,3,2025
45.1262169,10.4423799,Italy,Nezara viridula,Southern Green Stink Bug,1,3,2025
45.3556716667,10.7322166667,Italy,Nezara viridula,Southern Green Stink Bug,1,3,2025
41.8923513,12.2059686,Italy,Nezara viridula,Southern Green Stink Bug,2,3,2025
42.1334954314,12.7469307929,Italy,Nezara viridula,Southern Green Stink Bug,2,3,2025
41.8968299119,12.0876413173,Italy,Nezara viridula,Southern Green Stink Bug,3,3,2025
44.5238837488,11.7821955308,Italy,Nezara viridula,Southern Green Stink Bug,9,11,2024
44.0633329,11.8388936,Italy,Nezara viridula,Southern Green Stink Bug,4,3,2025
45.6649698249,9.4323050679,Italy,Nezara viridula,Southern Green Stink Bug,4,3,2025
45.6696505033,9.2235390992,Italy,Nezara viridula,Southern Green Stink Bug,6,3,2025
40.7120803532,16.4123864041,Italy,Nezara viridula,Southern Green Stink Bug,24,8,2024
44.4679830479,11.0941311345,Italy,Nezara viridula,Southern Green Stink Bug,22,2,2025
45.1242677,10.4433603,Italy,Nezara viridula,Southern Green Stink Bug,8,3,2025
44.4480891433,11.416220516,Italy,Nezara viridula,Southern Green Stink Bug,9,3,2025
45.1256199,10.4404283,Italy,Nezara viridula,Southern Green Stink Bug,9,3,2025
43.7002444444,10.3998555556,Italy,Nezara viridula,Southern Green Stink Bug,11,3,2025
43.7002444444,10.3998555556,Italy,Nezara viridula,Southern Green Stink Bug,11,3,2025
43.7002444444,10.3998555556,Italy,Nezara viridula,Southern Green Stink Bug,11,3,2025
45.1255933,10.4414253,Italy,Nezara viridula,Southern Green Stink Bug,11,3,2025
45.3663123,10.2187585,Italy,Nezara viridula,Southern Green Stink Bug,13,3,2025
45.666325,9.6983283333,Italy,Nezara viridula,Southern Green Stink Bug,10,3,2025
45.069528896,8.6067732679,Italy,Nezara viridula,Southern Green Stink Bug,16,3,2025
46.069514,11.1267638,Italy,Nezara viridula,Southern Green Stink Bug,17,3,2025
44.3182182222,8.4891319167,Italy,Nezara viridula,Southern Green Stink Bug,18,3,2025
43.7211403027,10.383592844,Italy,Nezara viridula,Southern Green Stink Bug,19,3,2025
43.7210327177,10.3837648407,Italy,Nezara viridula,Southern Green Stink Bug,19,3,2025
45.1254594,10.4404665,Italy,Nezara viridula,Southern Green Stink Bug,24,3,2025
45.5248948563,9.3307111412,Italy,Nezara viridula,Southern Green Stink Bug,25,3,2025
44.8278716667,11.6010166667,Italy,Nezara viridula,Southern Green Stink Bug,26,3,2025
44.8278883333,11.6005616667,Italy,Nezara viridula,Southern Green Stink Bug,26,3,2025
45.1254733,10.4404517,Italy,Nezara viridula,Southern Green Stink Bug,26,3,2025
45.1254103,10.4408969,Italy,Nezara viridula,Southern Green Stink Bug,26,3,2025
45.5129083333,12.2313861111,Italy,Nezara viridula,Southern Green Stink Bug,25,3,2025
45.3663123,10.2187585,Italy,Nezara viridula,Southern Green Stink Bug,27,3,2025
44.701641595,10.6456729088,Italy,Nezara viridula,Southern Green Stink Bug,26,3,2025
45.1255438,10.4404079,Italy,Nezara viridula,Southern Green Stink Bug,28,3,2025
44.586445,7.9268333333,Italy,Nezara viridula,Southern Green Stink Bug,28,3,2025
44.4555361111,11.2793083333,Italy,Nezara viridula,Southern Green Stink Bug,30,3,2025
44.4560629783,11.2804373726,Italy,Nezara viridula,Southern Green Stink Bug,30,3,2025
44.4345562651,8.819101848,Italy,Nezara viridula,Southern Green Stink Bug,30,3,2025
44.4353644035,8.8196269465,Italy,Nezara viridula,Southern Green Stink Bug,30,3,2025
43.1353517622,11.8658453319,Italy,Nezara viridula,Southern Green Stink Bug,31,3,2025
45.3583554929,9.6558076829,Italy,Nezara viridula,Southern Green Stink Bug,31,3,2025
45.3663123,10.2187585,Italy,Nezara viridula,Southern Green Stink Bug,31,3,2025
45.1349463686,8.4506398067,Italy,Nezara viridula,Southern Green Stink Bug,1,4,2025
45.1256683,10.442064,Italy,Nezara viridula,Southern Green Stink Bug,31,3,2025
45.1256877,10.4420454,Italy,Nezara viridula,Southern Green Stink Bug,1,4,2025
45.108337,8.45824735,Italy,Nezara viridula,Southern Green Stink Bug,1,4,2025
45.1254726,10.4404876,Italy,Nezara viridula,Southern Green Stink Bug,2,4,2025
40.2991112997,18.3916013,Italy,Nezara viridula,Southern Green Stink Bug,2,4,2025
43.8422243422,10.4780783504,Italy,Nezara viridula,Southern Green Stink Bug,3,4,2025
45.1254806,10.440426,Italy,Nezara viridula,Southern Green Stink Bug,3,4,2025
44.1199695,9.7112466667,Italy,Nezara viridula,Southern Green Stink Bug,22,6,2024
45.5437996,9.9262609,Italy,Nezara viridula,Southern Green Stink Bug,5,4,2025
43.6135135152,10.4648081213,Italy,Nezara viridula,Southern Green Stink Bug,5,4,2025
45.6098951358,10.6918728724,Italy,Nezara viridula,Southern Green Stink Bug,5,4,2025
45.0580217,10.2347828,Italy,Nezara viridula,Southern Green Stink Bug,5,4,2025
45.668447938,8.8772096112,Italy,Nezara viridula,Southern Green Stink Bug,8,4,2025
42.792510112,11.4701908322,Italy,Nezara viridula,Southern Green Stink Bug,8,4,2025
45.5884145186,12.0917194337,Italy,Nezara viridula,Southern Green Stink Bug,10,4,2025
43.3862257318,11.8134433881,Italy,Nezara viridula,Southern Green Stink Bug,10,4,2025
43.8469290409,10.463514506,Italy,Nezara viridula,Southern Green Stink Bug,10,4,2025
43.0477444444,13.5587527778,Italy,Nezara viridula,Southern Green Stink Bug,11,4,2025
46.3808116269,11.2863030285,Italy,Nezara viridula,Southern Green Stink Bug,11,4,2025
45.8037986667,10.1176976944,Italy,Nezara viridula,Southern Green Stink Bug,12,4,2025
42.8876841014,12.6507786289,Italy,Nezara viridula,Southern Green Stink Bug,14,4,2025
45.2510364636,10.3889275975,Italy,Nezara viridula,Southern Green Stink Bug,15,4,2025
44.1776335807,12.3373283073,Italy,Nezara viridula,Southern Green Stink Bug,15,4,2025
45.122438,10.444634,Italy,Nezara viridula,Southern Green Stink Bug,15,4,2025
45.0246810833,7.6630548889,Italy,Nezara viridula,Southern Green Stink Bug,16,4,2025
43.1714216667,11.395525,Italy,Nezara viridula,Southern Green Stink Bug,6,4,2025
44.6361174,7.9578582997,Italy,Nezara viridula,Southern Green Stink Bug,18,4,2025
45.5266866667,9.4688883333,Italy,Nezara viridula,Southern Green Stink Bug,18,4,2025
45.1254007313,10.4405124206,Italy,Nezara viridula,Southern Green Stink Bug,18,4,2025
45.1227889722,10.4437771719,Italy,Nezara viridula,Southern Green Stink Bug,18,4,2025
44.8539260028,11.6223757627,Italy,Nezara viridula,Southern Green Stink Bug,19,4,2025
45.260095,8.729905,Italy,Nezara viridula,Southern Green Stink Bug,19,4,2025
44.51045786,12.10175407,Italy,Nezara viridula,Southern Green Stink Bug,19,4,2025
43.6036721402,12.8833029415,Italy,Nezara viridula,Southern Green Stink Bug,20,4,2025
43.869379145,10.9151661023,Italy,Nezara viridula,Southern Green Stink Bug,19,4,2025
45.479225,11.8463833333,Italy,Nezara viridula,Southern Green Stink Bug,20,4,2025
45.2266778823,11.6689889741,Italy,Nezara viridula,Southern Green Stink Bug,22,4,2025
45.283115284,10.2025102079,Italy,Nezara viridula,Southern Green Stink Bug,21,4,2025
45.1255966,10.4404455,Italy,Nezara viridula,Southern Green Stink Bug,23,4,2025
44.2267865,9.7297121,Italy,Nezara viridula,Southern Green Stink Bug,23,4,2025
45.125478683,10.4406373948,Italy,Nezara viridula,Southern Green Stink Bug,24,4,2025
43.2318940619,11.0618343204,Italy,Nezara viridula,Southern Green Stink Bug,24,4,2025
41.816951161,12.8059626571,Italy,Nezara viridula,Southern Green Stink Bug,25,4,2025
45.1256471,10.4420516,Italy,Nezara viridula,Southern Green Stink Bug,26,4,2025
43.3127033333,11.33753,Italy,Nezara viridula,Southern Green Stink Bug,26,4,2025
44.8482071897,11.6399734095,Italy,Nezara viridula,Southern Green Stink Bug,27,4,2025
44.84839129,11.63914658,Italy,Nezara viridula,Southern Green Stink Bug,27,4,2025
43.3123555556,11.3369222222,Italy,Nezara viridula,Southern Green Stink Bug,26,4,2025
44.8481206657,11.6402795166,Italy,Nezara viridula,Southern Green Stink Bug,27,4,2025
43.3128966667,11.3380716667,Italy,Nezara viridula,Southern Green Stink Bug,27,4,2025
38.181712159,15.2572222799,Italy,Nezara viridula,Southern Green Stink Bug,27,4,2025
44.9006939133,11.6607905411,Italy,Nezara viridula,Southern Green Stink Bug,26,4,2025
43.7280805392,10.5895629227,Italy,Nezara viridula,Southern Green Stink Bug,29,4,2025
45.226375,11.6691083333,Italy,Nezara viridula,Southern Green Stink Bug,29,4,2025
45.2263970667,11.6691053806,Italy,Nezara viridula,Southern Green Stink Bug,29,4,2025
43.31568525,11.3390283333,Italy,Nezara viridula,Southern Green Stink Bug,27,4,2025
45.5936471144,8.3696762482,Italy,Nezara viridula,Southern Green Stink Bug,4,9,2024
45.3567371854,9.6674168855,Italy,Nezara viridula,Southern Green Stink Bug,1,5,2025
43.3123008797,11.3366692141,Italy,Nezara viridula,Southern Green Stink Bug,27,4,2025
41.0599562216,16.7567658797,Italy,Nezara viridula,Southern Green Stink Bug,3,5,2025
41.7659179355,12.6957690468,Italy,Nezara viridula,Southern Green Stink Bug,25,4,2025
43.6456633333,12.7223333333,Italy,Nezara viridula,Southern Green Stink Bug,5,5,2025
43.7222054798,10.5227009207,Italy,Nezara viridula,Southern Green Stink Bug,6,5,2025
45.2912533079,12.0074906945,Italy,Nezara viridula,Southern Green Stink Bug,28,4,2025
45.6026732138,12.2352491319,Italy,Nezara viridula,Southern Green Stink Bug,4,5,2025
45.3583867131,9.6558403659,Italy,Nezara viridula,Southern Green Stink Bug,9,5,2025
42.6542662341,12.1623641253,Italy,Nezara viridula,Southern Green Stink Bug,10,5,2025
40.6225305556,14.5437305556,Italy,Nezara viridula,Southern Green Stink Bug,9,5,2025
45.7635660565,9.591280371,Italy,Nezara viridula,Southern Green Stink Bug,11,5,2025
45.9380253233,9.3857289478,Italy,Nezara viridula,Southern Green Stink Bug,11,5,2025
35.509404601,12.5814400416,Italy,Nezara viridula,Southern Green Stink Bug,11,5,2025
45.0728934,8.6226339,Italy,Nezara viridula,Southern Green Stink Bug,9,5,2025
45.60928,10.3140883333,Italy,Nezara viridula,Southern Green Stink Bug,14,5,2025
45.1887083333,11.4741555556,Italy,Nezara viridula,Southern Green Stink Bug,4,4,2025
45.2262527778,11.6693527778,Italy,Nezara viridula,Southern Green Stink Bug,22,4,2025
45.6878969722,9.049841,Italy,Nezara viridula,Southern Green Stink Bug,17,5,2025
44.7791637323,11.6396758734,Italy,Nezara viridula,Southern Green Stink Bug,18,5,2025
44.9898305,7.4681995,Italy,Nezara viridula,Southern Green Stink Bug,27,4,2025
44.8334998997,11.4623304,Italy,Nezara viridula,Southern Green Stink Bug,20,5,2025
44.4755777453,8.9529348948,Italy,Nezara viridula,Southern Green Stink Bug,17,5,2025
43.6901952017,10.5339344985,Italy,Nezara viridula,Southern Green Stink Bug,21,5,2025
45.5284187177,10.7599927331,Italy,Nezara viridula,Southern Green Stink Bug,23,5,2025
43.7222054798,10.5227009207,Italy,Nezara viridula,Southern Green Stink Bug,6,5,2025
45.5391783333,9.3170383333,Italy,Nezara viridula,Southern Green Stink Bug,23,5,2025
45.110595,11.0975719722,Italy,Nezara viridula,Southern Green Stink Bug,24,5,2025
45.71608,10.1145083333,Italy,Nezara viridula,Southern Green Stink Bug,24,5,2025
38.1259789,15.062004,Italy,Nezara viridula,Southern Green Stink Bug,25,5,2025
36.8531626181,14.7548619658,Italy,Nezara viridula,Southern Green Stink Bug,25,5,2025
36.8530107,14.7543362,Italy,Nezara viridula,Southern Green Stink Bug,25,5,2025
45.7289966667,9.3576,Italy,Nezara viridula,Southern Green Stink Bug,24,5,2025
43.6888953859,10.5467100977,Italy,Nezara viridula,Southern Green Stink Bug,24,5,2025
43.7200022597,10.3958160453,Italy,Nezara viridula,Southern Green Stink Bug,25,5,2025
43.7199785765,10.3957611516,Italy,Nezara viridula,Southern Green Stink Bug,25,5,2025
41.7782566997,12.7006046997,Italy,Nezara viridula,Southern Green Stink Bug,26,5,2025
39.0925,16.0941374997,Italy,Nezara viridula,Southern Green Stink Bug,26,5,2025
45.783043587,8.9288461581,Italy,Nezara viridula,Southern Green Stink Bug,26,5,2025
45.9303888889,9.3237388889,Italy,Nezara viridula,Southern Green Stink Bug,26,5,2025
41.8709222222,12.5085555556,Italy,Nezara viridula,Southern Green Stink Bug,27,5,2025
37.8858951446,15.1628911516,Italy,Nezara viridula,Southern Green Stink Bug,27,5,2025
45.1395426915,8.0664564343,Italy,Nezara viridula,Southern Green Stink Bug,25,9,2024
44.902925198,7.7058047801,Italy,Nezara viridula,Southern Green Stink Bug,29,5,2025
45.8148566667,11.7179216667,Italy,Nezara viridula,Southern Green Stink Bug,29,5,2025
45.192125,11.4677722222,Italy,Nezara viridula,Southern Green Stink Bug,29,5,2025
45.1920694444,11.4678333333,Italy,Nezara viridula,Southern Green Stink Bug,29,5,2025
45.8048417723,11.7131665349,Italy,Nezara viridula,Southern Green Stink Bug,30,5,2025
41.46784059,13.82853011,Italy,Nezara viridula,Southern Green Stink Bug,30,5,2025
45.494860315,9.642200768,Italy,Nezara viridula,Southern Green Stink Bug,2,6,2025
45.1183562905,10.5397038016,Italy,Nezara viridula,Southern Green Stink Bug,2,6,2025
45.0306896,11.6415167997,Italy,Nezara viridula,Southern Green Stink Bug,2,6,2025
45.494860315,9.642200768,Italy,Nezara viridula,Southern Green Stink Bug,3,6,2025
44.8025542,11.4510758997,Italy,Nezara viridula,Southern Green Stink Bug,27,5,2025
45.7830222222,8.928725,Italy,Nezara viridula,Southern Green Stink Bug,4,6,2025
45.9183585997,10.8961815,Italy,Nezara viridula,Southern Green Stink Bug,3,6,2025
46.1186,12.94667,Italy,Nezara viridula,Southern Green Stink Bug,5,6,2025
44.813645,9.9830333333,Italy,Nezara viridula,Southern Green Stink Bug,5,6,2025
45.6335190289,13.0065159872,Italy,Nezara viridula,Southern Green Stink Bug,5,6,2025
37.9875101342,14.1149058074,Italy,Nezara viridula,Southern Green Stink Bug,4,6,2025
44.6661740572,11.4415335083,Italy,Nezara viridula,Southern Green Stink Bug,2,6,2025
43.6091663165,13.4565507621,Italy,Nezara viridula,Southern Green Stink Bug,6,6,2025
44.228142906,12.1625371277,Italy,Nezara viridula,Southern Green Stink Bug,7,6,2025
45.591174339,10.1452143952,Italy,Nezara viridula,Southern Green Stink Bug,7,6,2025
44.8858130784,10.2801808461,Italy,Nezara viridula,Southern Green Stink Bug,1,6,2025
44.2051923804,8.2701918817,Italy,Nezara viridula,Southern Green Stink Bug,8,6,2025
45.42925,9.1370055,Italy,Nezara viridula,Southern Green Stink Bug,8,6,2025
45.1885611111,11.4743055556,Italy,Nezara viridula,Southern Green Stink Bug,8,6,2025
45.3567371854,9.6674168855,Italy,Nezara viridula,Southern Green Stink Bug,5,6,2025
45.6635190043,8.725000963,Italy,Nezara viridula,Southern Green Stink Bug,8,6,2025
45.4425716667,9.1333945,Italy,Nezara viridula,Southern Green Stink Bug,9,6,2025
45.4463577271,9.169054985,Italy,Nezara viridula,Southern Green Stink Bug,10,6,2025
44.4224715459,8.947132118,Italy,Nezara viridula,Southern Green Stink Bug,10,6,2025
43.8522809424,11.4608159289,Italy,Nezara viridula,Southern Green Stink Bug,11,6,2025
44.6894916667,11.0535583333,Italy,Nezara viridula,Southern Green Stink Bug,10,6,2025
46.1321967155,11.0970974519,Italy,Nezara viridula,Southern Green Stink Bug,7,6,2025
43.6172714167,10.4037446944,Italy,Nezara viridula,Southern Green Stink Bug,10,6,2025
43.5250083333,13.4477444444,Italy,Nezara viridula,Southern Green Stink Bug,12,6,2025
45.679195,9.4321616667,Italy,Nezara viridula,Southern Green Stink Bug,12,6,2025
45.457425,8.6101749722,Italy,Nezara viridula,Southern Green Stink Bug,9,6,2025
43.5250083333,13.4477444444,Italy,Nezara viridula,Southern Green Stink Bug,12,6,2025
45.5284480428,9.1869048158,Italy,Nezara viridula,Southern Green Stink Bug,12,6,2025
43.8205866667,11.22133,Italy,Nezara viridula,Southern Green Stink Bug,12,6,2025
43.4312863929,13.3551317453,Italy,Nezara viridula,Southern Green Stink Bug,13,6,2025
44.6788733107,11.0411598533,Italy,Nezara viridula,Southern Green Stink Bug,13,6,2025
44.4987705176,7.7012872696,Italy,Nezara viridula,Southern Green Stink Bug,13,6,2025
43.7961484773,11.2475695834,Italy,Nezara viridula,Southern Green Stink Bug,13,6,2025
44.3250768481,11.3314503059,Italy,Nezara viridula,Southern Green Stink Bug,12,5,2025
45.0376366667,7.419865,Italy,Nezara viridula,Southern Green Stink Bug,14,6,2025
43.7884199098,7.6072160019,Italy,Nezara viridula,Southern Green Stink Bug,7,6,2025
45.0045170076,10.4111291561,Italy,Nezara viridula,Southern Green Stink Bug,13,6,2025
45.6159848459,12.3396836221,Italy,Nezara viridula,Southern Green Stink Bug,14,6,2025
46.1070461928,12.927382134,Italy,Nezara viridula,Southern Green Stink Bug,14,6,2025
43.0147388833,11.63565,Italy,Nezara viridula,Southern Green Stink Bug,29,10,2023
43.7773255441,10.3823784739,Italy,Nezara viridula,Southern Green Stink Bug,15,6,2025
37.9104672435,13.9586427401,Italy,Nezara viridula,Southern Green Stink Bug,12,6,2025
37.9104672435,13.9586427401,Italy,Nezara viridula,Southern Green Stink Bug,12,6,2025
37.9104672435,13.9586427401,Italy,Nezara viridula,Southern Green Stink Bug,12,6,2025
37.9104672435,13.9586427401,Italy,Nezara viridula,Southern Green Stink Bug,13,6,2025
37.9104672435,13.9586427401,Italy,Nezara viridula,Southern Green Stink Bug,13,6,2025
45.4683267004,9.0996140242,Italy,Nezara viridula,Southern Green Stink Bug,15,6,2025
45.592625,13.7610722222,Italy,Nezara viridula,Southern Green Stink Bug,15,6,2025
44.4845140649,10.9885754809,Italy,Nezara viridula,Southern Green Stink Bug,15,6,2025
44.6657055556,11.4481305556,Italy,Nezara viridula,Southern Green Stink Bug,2,6,2025
43.2745166667,11.9828466667,Italy,Nezara viridula,Southern Green Stink Bug,15,6,2025
45.5461560454,11.541377753,Italy,Nezara viridula,Southern Green Stink Bug,16,6,2025
37.7381007,13.5478525,Italy,Nezara viridula,Southern Green Stink Bug,15,6,2025
45.6304626465,11.4500951767,Italy,Nezara viridula,Southern Green Stink Bug,17,6,2025
45.0243987778,7.66252275,Italy,Nezara viridula,Southern Green Stink Bug,17,6,2025
45.3499605864,9.6937793121,Italy,Nezara viridula,Southern Green Stink Bug,17,6,2025
45.8849091354,12.8511190618,Italy,Nezara viridula,Southern Green Stink Bug,11,6,2025
42.2838929455,14.121178099,Italy,Nezara viridula,Southern Green Stink Bug,18,6,2025
45.4288432034,10.9879924357,Italy,Nezara viridula,Southern Green Stink Bug,17,6,2025
45.6665883333,9.4295116667,Italy,Nezara viridula,Southern Green Stink Bug,18,6,2025
45.66662,9.4292666667,Italy,Nezara viridula,Southern Green Stink Bug,18,6,2025
45.6666116667,9.4287166667,Italy,Nezara viridula,Southern Green Stink Bug,18,6,2025
45.6665383333,9.4283616667,Italy,Nezara viridula,Southern Green Stink Bug,18,6,2025
37.6263782556,13.6256741638,Italy,Nezara viridula,Southern Green Stink Bug,17,6,2025
42.1600294553,12.4372023717,Italy,Nezara viridula,Southern Green Stink Bug,19,6,2025
45.6796333333,12.496345,Italy,Nezara viridula,Southern Green Stink Bug,19,6,2025
44.4258527,8.8218759,Italy,Nezara viridula,Southern Green Stink Bug,19,6,2025
45.6878452997,10.655977,Italy,Nezara viridula,Southern Green Stink Bug,20,6,2025
45.7706809,8.8892036,Italy,Nezara viridula,Southern Green Stink Bug,20,6,2025
43.6695612998,10.6539654377,Italy,Nezara viridula,Southern Green Stink Bug,20,6,2025
43.6689639648,10.653993767,Italy,Nezara viridula,Southern Green Stink Bug,20,6,2025
43.6684828051,10.6540286357,Italy,Nezara viridula,Southern Green Stink Bug,20,6,2025
42.221043,12.188192,Italy,Nezara viridula,Southern Green Stink Bug,20,6,2025
45.7091033345,9.6155929193,Italy,Nezara viridula,Southern Green Stink Bug,21,6,2025
43.9195716667,10.73962,Italy,Nezara viridula,Southern Green Stink Bug,21,6,2025
45.1399470991,10.4258648183,Italy,Nezara viridula,Southern Green Stink Bug,22,6,2025
39.2424540457,9.3052697364,Italy,Nezara viridula,Southern Green Stink Bug,22,6,2025
45.52638258,8.95095408,Italy,Nezara viridula,Southern Green Stink Bug,22,6,2025
44.9462719629,9.3940796703,Italy,Nezara viridula,Southern Green Stink Bug,21,6,2025
45.4432256,10.2134404,Italy,Nezara viridula,Southern Green Stink Bug,22,6,2025
45.4432256,10.2134404,Italy,Nezara viridula,Southern Green Stink Bug,22,6,2025
43.6558904313,10.6918942773,Italy,Nezara viridula,Southern Green Stink Bug,22,6,2025
40.3668881628,15.2520737956,Italy,Nezara viridula,Southern Green Stink Bug,17,6,2025
41.8882,12.5321283333,Italy,Nezara viridula,Southern Green Stink Bug,23,6,2025
45.3481535605,9.7001988441,Italy,Nezara viridula,Southern Green Stink Bug,22,6,2025
45.1389071624,8.4327753209,Italy,Nezara viridula,Southern Green Stink Bug,23,6,2025
45.6725228665,9.6675198153,Italy,Nezara viridula,Southern Green Stink Bug,24,6,2025
44.9578666687,7.5884428024,Italy,Nezara viridula,Southern Green Stink Bug,22,6,2025
45.6857155572,9.6471434619,Italy,Nezara viridula,Southern Green Stink Bug,25,6,2025
44.4845566424,10.9882556275,Italy,Nezara viridula,Southern Green Stink Bug,22,6,2025
44.525695,11.0293083333,Italy,Nezara viridula,Southern Green Stink Bug,27,6,2025
44.3900633333,9.0725833333,Italy,Nezara viridula,Southern Green Stink Bug,27,6,2025
43.0872627054,13.7179588989,Italy,Nezara viridula,Southern Green Stink Bug,27,6,2025
45.011047217,7.6276016235,Italy,Nezara viridula,Southern Green Stink Bug,27,6,2025
45.66647,9.426905,Italy,Nezara viridula,Southern Green Stink Bug,27,6,2025
44.3657283333,9.6202116667,Italy,Nezara viridula,Southern Green Stink Bug,28,6,2025
44.079446935,9.8243371697,Italy,Nezara viridula,Southern Green Stink Bug,15,6,2025
44.4189846,8.9114874997,Italy,Nezara viridula,Southern Green Stink Bug,28,6,2025
44.8753222222,9.7503972222,Italy,Nezara viridula,Southern Green Stink Bug,27,6,2025
44.8142666667,9.9816133333,Italy,Nezara viridula,Southern Green Stink Bug,28,6,2025
44.4845779311,10.9884829447,Italy,Nezara viridula,Southern Green Stink Bug,29,6,2025
45.0831245486,10.0377049835,Italy,Nezara viridula,Southern Green Stink Bug,29,6,2025
45.0831245486,10.0377049835,Italy,Nezara viridula,Southern Green Stink Bug,29,6,2025
45.0831245486,10.0377049835,Italy,Nezara viridula,Southern Green Stink Bug,29,6,2025
43.5732051997,12.4612432997,Italy,Nezara viridula,Southern Green Stink Bug,29,6,2025
43.6217533333,11.8171666667,Italy,Nezara viridula,Southern Green Stink Bug,29,6,2025
44.498436,12.268171,Italy,Nezara viridula,Southern Green Stink Bug,29,6,2025
45.6694731997,9.1394521997,Italy,Nezara viridula,Southern Green Stink Bug,23,6,2025
46.4537188131,11.0616238508,Italy,Nezara viridula,Southern Green Stink Bug,30,6,2025
45.4203149188,11.5478442463,Italy,Nezara viridula,Southern Green Stink Bug,24,5,2025
42.155875,12.2161966667,Italy,Nezara viridula,Southern Green Stink Bug,30,6,2025
42.345289345,13.4100530179,Italy,Nezara viridula,Southern Green Stink Bug,1,7,2025
45.4279039722,10.9664509722,Italy,Nezara viridula,Southern Green Stink Bug,1,7,2025
45.6864466667,9.6515083333,Italy,Nezara viridula,Southern Green Stink Bug,2,7,2025
45.688728132,9.6303563839,Italy,Nezara viridula,Southern Green Stink Bug,2,7,2025
45.6151650603,8.7222586177,Italy,Nezara viridula,Southern Green Stink Bug,2,7,2025
45.6640517056,9.4364086166,Italy,Nezara viridula,Southern Green Stink Bug,3,7,2025
45.68552,9.450525,Italy,Nezara viridula,Southern Green Stink Bug,17,6,2025
43.9194,12.5276383333,Italy,Nezara viridula,Southern Green Stink Bug,4,7,2025
45.6105716667,10.315605,Italy,Nezara viridula,Southern Green Stink Bug,3,7,2025
45.7831417071,12.1938408539,Italy,Nezara viridula,Southern Green Stink Bug,4,7,2025
42.977412,10.837364,Italy,Nezara viridula,Southern Green Stink Bug,5,7,2025
45.9709361997,13.3528414,Italy,Nezara viridula,Southern Green Stink Bug,24,6,2025
44.4661666667,7.3630444444,Italy,Nezara viridula,Southern Green Stink Bug,5,7,2025
44.4703007639,7.3602853456,Italy,Nezara viridula,Southern Green Stink Bug,5,7,2025
45.7333984167,8.5799751111,Italy,Nezara viridula,Southern Green Stink Bug,5,7,2025
44.5770736246,8.0517862468,Italy,Nezara viridula,Southern Green Stink Bug,5,7,2025
45.5897421805,8.879789299,Italy,Nezara viridula,Southern Green Stink Bug,5,7,2025
40.8237465878,8.4223398194,Italy,Nezara viridula,Southern Green Stink Bug,5,7,2025
39.83858,18.3341533333,Italy,Nezara viridula,Southern Green Stink Bug,6,7,2025
43.6444713026,10.6361866351,Italy,Nezara viridula,Southern Green Stink Bug,6,7,2025
43.6444408473,10.6369502548,Italy,Nezara viridula,Southern Green Stink Bug,6,7,2025
44.7699770811,10.737863578,Italy,Nezara viridula,Southern Green Stink Bug,11,6,2025
45.4107708354,11.8988082558,Italy,Nezara viridula,Southern Green Stink Bug,7,7,2025
46.0702169187,11.0550477031,Italy,Nezara viridula,Southern Green Stink Bug,7,7,2025
45.5297666667,9.1967833333,Italy,Nezara viridula,Southern Green Stink Bug,8,7,2025
44.4994163653,7.7006780909,Italy,Nezara viridula,Southern Green Stink Bug,7,7,2025
44.238645,10.1262305,Italy,Nezara viridula,Southern Green Stink Bug,8,7,2025
44.2360216667,10.1264833333,Italy,Nezara viridula,Southern Green Stink Bug,8,7,2025
44.4994163653,7.7006780909,Italy,Nezara viridula,Southern Green Stink Bug,7,7,2025
46.0313388333,9.1253221667,Italy,Nezara viridula,Southern Green Stink Bug,8,7,2025
36.9771088341,15.2134531343,Italy,Nezara viridula,Southern Green Stink Bug,9,7,2025
44.5301625012,11.0302660893,Italy,Nezara viridula,Southern Green Stink Bug,27,6,2025
40.1786413997,9.6318941,Italy,Nezara viridula,Southern Green Stink Bug,9,7,2025
44.746168097,10.4358717137,Italy,Nezara viridula,Southern Green Stink Bug,10,7,2025
44.7839137352,10.8797140047,Italy,Nezara viridula,Southern Green Stink Bug,11,7,2025
44.4239477588,10.4070930183,Italy,Nezara viridula,Southern Green Stink Bug,10,7,2025
40.6192491433,8.1967854872,Italy,Nezara viridula,Southern Green Stink Bug,9,7,2025
43.7207627854,10.4280303419,Italy,Nezara viridula,Southern Green Stink Bug,12,7,2025
45.5560717443,10.575381529,Italy,Nezara viridula,Southern Green Stink Bug,12,7,2025
41.4698672388,14.5734209195,Italy,Nezara viridula,Southern Green Stink Bug,6,7,2025
39.2223493753,9.1117256915,Italy,Nezara viridula,Southern Green Stink Bug,9,7,2025
44.2484447075,9.8206599612,Italy,Nezara viridula,Southern Green Stink Bug,21,6,2025
45.9497422997,12.1184978997,Italy,Nezara viridula,Southern Green Stink Bug,13,7,2025
40.7879333333,8.4672694444,Italy,Nezara viridula,Southern Green Stink Bug,14,7,2025
40.8485197997,14.149836,Italy,Nezara viridula,Southern Green Stink Bug,14,7,2025
42.9831808959,10.8311959296,Italy,Nezara viridula,Southern Green Stink Bug,15,7,2025
45.8794233505,9.4073026255,Italy,Nezara viridula,Southern Green Stink Bug,13,7,2025
46.6857009664,11.156930655,Italy,Nezara viridula,Southern Green Stink Bug,5,7,2025
42.8034521,10.1511389,Italy,Nezara viridula,Southern Green Stink Bug,15,7,2025
40.0392825344,18.0797333832,Italy,Nezara viridula,Southern Green Stink Bug,9,7,2025
42.6173515201,11.158291921,Italy,Nezara viridula,Southern Green Stink Bug,16,7,2025
45.1241421,10.4432312,Italy,Nezara viridula,Southern Green Stink Bug,15,7,2025
45.1265348,10.4446877,Italy,Nezara viridula,Southern Green Stink Bug,15,7,2025
46.6821489876,11.1613591475,Italy,Nezara viridula,Southern Green Stink Bug,6,7,2025
45.6088821525,10.9177842736,Italy,Nezara viridula,Southern Green Stink Bug,16,7,2025
45.6706957102,9.5868191868,Italy,Nezara viridula,Southern Green Stink Bug,12,7,2025
41.8659079168,12.1936044842,Italy,Nezara viridula,Southern Green Stink Bug,17,7,2025
45.6961107609,8.9170829952,Italy,Nezara viridula,Southern Green Stink Bug,18,7,2025
42.6173515201,11.158291921,Italy,Nezara viridula,Southern Green Stink Bug,18,7,2025
45.7037442988,13.7126037692,Italy,Nezara viridula,Southern Green Stink Bug,14,7,2025
45.703700354,13.7125380311,Italy,Nezara viridula,Southern Green Stink Bug,14,7,2025
45.5927916667,13.7612083333,Italy,Nezara viridula,Southern Green Stink Bug,19,7,2025
45.5023555311,9.2314885184,Italy,Nezara viridula,Southern Green Stink Bug,19,7,2025
44.83263396,11.60345526,Italy,Nezara viridula,Southern Green Stink Bug,19,7,2025
45.6066867845,8.8252173364,Italy,Nezara viridula,Southern Green Stink Bug,19,7,2025
45.42347,11.8792216667,Italy,Nezara viridula,Southern Green Stink Bug,18,7,2025
45.7116737222,9.2040405,Italy,Nezara viridula,Southern Green Stink Bug,19,7,2025
45.267119656,11.0013214699,Italy,Nezara viridula,Southern Green Stink Bug,20,7,2025
45.266992669,11.0013447901,Italy,Nezara viridula,Southern Green Stink Bug,20,7,2025
42.1951416667,12.2406666667,Italy,Nezara viridula,Southern Green Stink Bug,20,7,2025
41.8652741195,12.500981614,Italy,Nezara viridula,Southern Green Stink Bug,20,7,2025
41.7745555245,14.1150739789,Italy,Nezara viridula,Southern Green Stink Bug,20,7,2025
40.9236133333,12.9703916667,Italy,Nezara viridula,Southern Green Stink Bug,21,7,2025
45.029999394,8.8332344592,Italy,Nezara viridula,Southern Green Stink Bug,20,7,2025
45.030058158,8.8334155083,Italy,Nezara viridula,Southern Green Stink Bug,20,7,2025
45.7880829255,11.6933579499,Italy,Nezara viridula,Southern Green Stink Bug,20,7,2025
42.7895165496,10.3517932445,Italy,Nezara viridula,Southern Green Stink Bug,21,7,2025
45.6933632021,8.6985771252,Italy,Nezara viridula,Southern Green Stink Bug,21,7,2025
46.68512824,11.1589014904,Italy,Nezara viridula,Southern Green Stink Bug,6,7,2025
45.8063798788,8.8816433027,Italy,Nezara viridula,Southern Green Stink Bug,21,7,2025
44.4318379368,8.8202999034,Italy,Nezara viridula,Southern Green Stink Bug,21,7,2025
45.672502953,9.6675972641,Italy,Nezara viridula,Southern Green Stink Bug,22,7,2025
43.8387791582,10.3541747154,Italy,Nezara viridula,Southern Green Stink Bug,22,7,2025
45.2185138889,7.5760333333,Italy,Nezara viridula,Southern Green Stink Bug,22,7,2025
43.9431706749,8.0136302568,Italy,Nezara viridula,Southern Green Stink Bug,23,7,2025
45.0029627346,7.4909829454,Italy,Nezara viridula,Southern Green Stink Bug,23,7,2025
45.6464614722,8.4844379167,Italy,Nezara viridula,Southern Green Stink Bug,23,7,2025
45.5403549722,11.5034899722,Italy,Nezara viridula,Southern Green Stink Bug,22,7,2025
45.5217716161,9.7527456656,Italy,Nezara viridula,Southern Green Stink Bug,11,7,2025
45.6909365871,9.4399293512,Italy,Nezara viridula,Southern Green Stink Bug,23,7,2025
45.2423467134,9.9277873405,Italy,Nezara viridula,Southern Green Stink Bug,23,7,2025
45.7046389633,8.6089562514,Italy,Nezara viridula,Southern Green Stink Bug,24,7,2025
45.6105880912,8.6815590836,Italy,Nezara viridula,Southern Green Stink Bug,24,7,2025
39.224811273,9.1168307886,Italy,Nezara viridula,Southern Green Stink Bug,25,7,2025
45.2667312704,9.1704460883,Italy,Nezara viridula,Southern Green Stink Bug,24,7,2025
45.6760783333,9.5134116667,Italy,Nezara viridula,Southern Green Stink Bug,25,7,2025
45.4409776783,9.8877810212,Italy,Nezara viridula,Southern Green Stink Bug,25,7,2025
45.7632834686,8.7357167544,Italy,Nezara viridula,Southern Green Stink Bug,25,7,2025
45.5215712375,10.2507703248,Italy,Nezara viridula,Southern Green Stink Bug,25,7,2025
39.6502,16.4443833333,Italy,Nezara viridula,Southern Green Stink Bug,16,7,2025
44.63352047,10.34670077,Italy,Nezara viridula,Southern Green Stink Bug,26,7,2025
45.9717071561,8.4138804674,Italy,Nezara viridula,Southern Green Stink Bug,26,7,2025
45.9343833333,8.5515716667,Italy,Nezara viridula,Southern Green Stink Bug,26,7,2025
45.5926472222,13.7609277778,Italy,Nezara viridula,Southern Green Stink Bug,25,7,2025
46.7027630277,11.1301457392,Italy,Nezara viridula,Southern Green Stink Bug,11,7,2025
45.7344390864,8.6406447723,Italy,Nezara viridula,Southern Green Stink Bug,26,7,2025
42.2037204,12.3020593997,Italy,Nezara viridula,Southern Green Stink Bug,26,7,2025
42.1516739722,12.095701,Italy,Nezara viridula,Southern Green Stink Bug,26,7,2025
42.2036923,12.3020083,Italy,Nezara viridula,Southern Green Stink Bug,26,7,2025
43.0277861667,10.53453,Italy,Nezara viridula,Southern Green Stink Bug,27,7,2025
42.152661072,12.0965635031,Italy,Nezara viridula,Southern Green Stink Bug,26,7,2025
45.60493,13.85933,Italy,Nezara viridula,Southern Green Stink Bug,27,7,2025
42.1526044003,12.096532993,Italy,Nezara viridula,Southern Green Stink Bug,26,7,2025
42.151955406,12.0954145119,Italy,Nezara viridula,Southern Green Stink Bug,26,7,2025
42.1519531689,12.0955402404,Italy,Nezara viridula,Southern Green Stink Bug,26,7,2025
42.1520235122,12.0954453573,Italy,Nezara viridula,Southern Green Stink Bug,26,7,2025
45.6169051944,8.4319534167,Italy,Nezara viridula,Southern Green Stink Bug,27,7,2025
45.4295006137,8.8342909142,Italy,Nezara viridula,Southern Green Stink Bug,27,7,2025
46.4474103092,11.2550519407,Italy,Nezara viridula,Southern Green Stink Bug,27,7,2025
45.0330893998,10.620473139,Italy,Nezara viridula,Southern Green Stink Bug,27,7,2025
43.5854409,12.8783580997,Italy,Nezara viridula,Southern Green Stink Bug,28,7,2025
45.1965200907,9.1059594601,Italy,Nezara viridula,Southern Green Stink Bug,28,7,2025
45.4583033333,11.82083,Italy,Nezara viridula,Southern Green Stink Bug,29,7,2025
45.6596991485,8.7811365371,Italy,Nezara viridula,Southern Green Stink Bug,29,7,2025
45.5042041,9.1762181,Italy,Nezara viridula,Southern Green Stink Bug,27,7,2025
45.5042041,9.1762181,Italy,Nezara viridula,Southern Green Stink Bug,27,7,2025
45.5043915073,9.1774197257,Italy,Nezara viridula,Southern Green Stink Bug,27,7,2025
45.521263343,10.2490333333,Italy,Nezara viridula,Southern Green Stink Bug,30,7,2025
44.5008916667,11.0408166667,Italy,Nezara viridula,Southern Green Stink Bug,30,7,2025
44.0302888333,8.1017138333,Italy,Nezara viridula,Southern Green Stink Bug,29,7,2025
42.1521107349,12.095255236,Italy,Nezara viridula,Southern Green Stink Bug,23,7,2025
44.8350343078,8.3616370708,Italy,Nezara viridula,Southern Green Stink Bug,30,7,2025
45.6645061,9.6078585,Italy,Nezara viridula,Southern Green Stink Bug,30,7,2025
45.1775096804,7.6442165673,Italy,Nezara viridula,Southern Green Stink Bug,30,7,2025
44.6369432272,11.722086053,Italy,Nezara viridula,Southern Green Stink Bug,30,7,2025
44.713407332,11.6779076005,Italy,Nezara viridula,Southern Green Stink Bug,30,7,2025
44.5037361111,11.1867083333,Italy,Nezara viridula,Southern Green Stink Bug,31,7,2025
45.1254882813,7.5464105606,Italy,Nezara viridula,Southern Green Stink Bug,31,7,2025
46.408325,11.3174633333,Italy,Nezara viridula,Southern Green Stink Bug,31,7,2025
44.6168693,10.7969869,Italy,Nezara viridula,Southern Green Stink Bug,31,7,2025
45.5350505305,9.2153892294,Italy,Nezara viridula,Southern Green Stink Bug,1,8,2025
45.3874421913,11.8670600801,Italy,Nezara viridula,Southern Green Stink Bug,1,8,2025
42.8281135559,12.6196880341,Italy,Nezara viridula,Southern Green Stink Bug,1,8,2025
45.142545,8.4425416667,Italy,Nezara viridula,Southern Green Stink Bug,30,7,2025
45.1413716667,8.442475,Italy,Nezara viridula,Southern Green Stink Bug,30,7,2025
45.6397018333,8.4573974444,Italy,Nezara viridula,Southern Green Stink Bug,1,8,2025
44.681103118,8.0423520726,Italy,Nezara viridula,Southern Green Stink Bug,1,8,2025
45.6033973611,9.1128225278,Italy,Nezara viridula,Southern Green Stink Bug,2,8,2025
45.353230942,10.185871129,Italy,Nezara viridula,Southern Green Stink Bug,2,8,2025
45.1337008,7.7738907,Italy,Nezara viridula,Southern Green Stink Bug,2,8,2025
45.3766379997,11.8586819,Italy,Nezara viridula,Southern Green Stink Bug,2,8,2025
42.1841629343,12.0542502611,Italy,Nezara viridula,Southern Green Stink Bug,2,8,2025
45.6595583333,13.80575,Italy,Nezara viridula,Southern Green Stink Bug,3,8,2025
45.4259079722,11.0427789722,Italy,Nezara viridula,Southern Green Stink Bug,3,8,2025
43.9849327905,10.1814297214,Italy,Nezara viridula,Southern Green Stink Bug,3,8,2025
45.6236991667,8.4523973333,Italy,Nezara viridula,Southern Green Stink Bug,3,8,2025
45.5252008,9.2812322997,Italy,Nezara viridula,Southern Green Stink Bug,3,8,2025
44.7871819917,11.6283750113,Italy,Nezara viridula,Southern Green Stink Bug,3,8,2025
44.6352333816,11.7167429439,Italy,Nezara viridula,Southern Green Stink Bug,3,8,2025
45.0399833333,8.8851183333,Italy,Nezara viridula,Southern Green Stink Bug,30,7,2025
45.9614833997,12.1458955997,Italy,Nezara viridula,Southern Green Stink Bug,3,8,2025
44.8857138172,8.0538415164,Italy,Nezara viridula,Southern Green Stink Bug,3,8,2025
44.8857138172,8.0538415164,Italy,Nezara viridula,Southern Green Stink Bug,3,8,2025
45.4753684822,11.6025774781,Italy,Nezara viridula,Southern Green Stink Bug,5,8,2025
45.7778833333,8.4288944444,Italy,Nezara viridula,Southern Green Stink Bug,5,8,2025
45.6565321756,8.9723832554,Italy,Nezara viridula,Southern Green Stink Bug,6,8,2025
40.5800338767,15.0977223739,Italy,Nezara viridula,Southern Green Stink Bug,6,8,2025
42.1525313235,12.0965594798,Italy,Nezara viridula,Southern Green Stink Bug,5,8,2025
37.6956581547,15.1068066806,Italy,Nezara viridula,Southern Green Stink Bug,6,8,2025
37.695831922,15.1061800495,Italy,Nezara viridula,Southern Green Stink Bug,6,8,2025
46.0433955997,10.7482995997,Italy,Nezara viridula,Southern Green Stink Bug,6,8,2025
45.706232906,9.7656086175,Italy,Nezara viridula,Southern Green Stink Bug,7,8,2025
45.6199833333,9.03843,Italy,Nezara viridula,Southern Green Stink Bug,7,8,2025
43.6706058139,10.6544311659,Italy,Nezara viridula,Southern Green Stink Bug,3,8,2025
43.670606321,10.6544228755,Italy,Nezara viridula,Southern Green Stink Bug,3,8,2025
43.6706110666,10.6544353112,Italy,Nezara viridula,Southern Green Stink Bug,3,8,2025
43.6705758348,10.6543704505,Italy,Nezara viridula,Southern Green Stink Bug,3,8,2025
43.6705884454,10.6543878848,Italy,Nezara viridula,Southern Green Stink Bug,3,8,2025
43.774143219,10.9916219711,Italy,Nezara viridula,Southern Green Stink Bug,7,8,2025
45.5113116667,8.4044666667,Italy,Nezara viridula,Southern Green Stink Bug,7,8,2025
45.511305,8.40447,Italy,Nezara viridula,Southern Green Stink Bug,7,8,2025
45.126178,7.701931,Italy,Nezara viridula,Southern Green Stink Bug,7,8,2025
43.9987616667,12.5390133333,Italy,Nezara viridula,Southern Green Stink Bug,7,8,2025
43.0166863405,13.537760675,Italy,Nezara viridula,Southern Green Stink Bug,8,8,2025
45.6259444444,13.8084138889,Italy,Nezara viridula,Southern Green Stink Bug,8,8,2025
45.0346498997,7.6009988,Italy,Nezara viridula,Southern Green Stink Bug,8,8,2025
43.6529952672,10.6790953961,Italy,Nezara viridula,Southern Green Stink Bug,6,8,2025
45.6017216667,11.3539916667,Italy,Nezara viridula,Southern Green Stink Bug,8,8,2025
45.0812586997,7.5737825,Italy,Nezara viridula,Southern Green Stink Bug,9,8,2025
44.4441805556,8.8202611111,Italy,Nezara viridula,Southern Green Stink Bug,9,8,2025
44.2999723873,12.3391444981,Italy,Nezara viridula,Southern Green Stink Bug,9,8,2025
46.4341329869,11.3535021466,Italy,Nezara viridula,Southern Green Stink Bug,8,8,2025
45.5500175228,10.5710665137,Italy,Nezara viridula,Southern Green Stink Bug,9,8,2025
44.5008466667,11.3533116667,Italy,Nezara viridula,Southern Green Stink Bug,9,8,2025
45.3010366899,9.1540505896,Italy,Nezara viridula,Southern Green Stink Bug,9,8,2025
42.20068,14.22802,Italy,Nezara viridula,Southern Green Stink Bug,9,8,2025
45.011407739,7.62555141,Italy,Nezara viridula,Southern Green Stink Bug,9,8,2025
45.6133518866,11.4446741556,Italy,Nezara viridula,Southern Green Stink Bug,8,8,2025
44.0962628636,9.9445433915,Italy,Nezara viridula,Southern Green Stink Bug,9,8,2025
42.1527228714,12.0963281196,Italy,Nezara viridula,Southern Green Stink Bug,5,8,2025
45.5522083333,12.3125,Italy,Nezara viridula,Southern Green Stink Bug,10,8,2025
45.472979605,8.6214621935,Italy,Nezara viridula,Southern Green Stink Bug,10,8,2025
45.1927082997,9.1383270997,Italy,Nezara viridula,Southern Green Stink Bug,4,8,2025
45.3764844032,9.1448189691,Italy,Nezara viridula,Southern Green Stink Bug,17,6,2025
44.13810288,12.28745357,Italy,Nezara viridula,Southern Green Stink Bug,10,8,2025
43.5824137413,13.500161469,Italy,Nezara viridula,Southern Green Stink Bug,10,8,2025
43.6440914893,10.6590675573,Italy,Nezara viridula,Southern Green Stink Bug,9,8,2025
43.6440971831,10.6591296838,Italy,Nezara viridula,Southern Green Stink Bug,9,8,2025
43.6443443145,10.6608482305,Italy,Nezara viridula,Southern Green Stink Bug,9,8,2025
43.7974744598,10.4994341975,Italy,Nezara viridula,Southern Green Stink Bug,10,8,2025
43.7972629633,10.4996776836,Italy,Nezara viridula,Southern Green Stink Bug,10,8,2025
44.0917787561,10.4471523128,Italy,Nezara viridula,Southern Green Stink Bug,11,8,2025
45.426058,7.9901805,Italy,Nezara viridula,Southern Green Stink Bug,11,8,2025
45.3806149722,7.691549,Italy,Nezara viridula,Southern Green Stink Bug,9,8,2025
46.1116208997,8.2913935997,Italy,Nezara viridula,Southern Green Stink Bug,10,8,2025
45.8702193728,8.8676939806,Italy,Nezara viridula,Southern Green Stink Bug,10,8,2025
45.4345883333,12.357275,Italy,Nezara viridula,Southern Green Stink Bug,6,10,2024
41.8180780677,12.1568660076,Italy,Nezara viridula,Southern Green Stink Bug,12,8,2025
42.9712848108,10.9817241132,Italy,Nezara viridula,Southern Green Stink Bug,12,8,2025
46.670815,11.1685333333,Italy,Nezara viridula,Southern Green Stink Bug,13,8,2025
40.8322747423,8.4113054009,Italy,Nezara viridula,Southern Green Stink Bug,13,8,2025
45.7422216667,8.54222,Italy,Nezara viridula,Southern Green Stink Bug,13,8,2025
45.99773285,12.46211332,Italy,Nezara viridula,Southern Green Stink Bug,13,8,2025
45.6038273432,8.4117690757,Italy,Nezara viridula,Southern Green Stink Bug,11,8,2025
45.3530384532,7.8433665633,Italy,Nezara viridula,Southern Green Stink Bug,13,8,2025
44.177991616,9.6218431368,Italy,Nezara viridula,Southern Green Stink Bug,14,8,2025
45.2769058,7.515852,Italy,Nezara viridula,Southern Green Stink Bug,14,8,2025
44.2514157,10.0097345,Italy,Nezara viridula,Southern Green Stink Bug,14,8,2025
36.9658066,15.2097883,Italy,Nezara viridula,Southern Green Stink Bug,14,8,2025
45.7830837043,12.1940487251,Italy,Nezara viridula,Southern Green Stink Bug,11,8,2025
45.4522027778,7.8545944444,Italy,Nezara viridula,Southern Green Stink Bug,15,8,2025
44.0687955866,9.9346685037,Italy,Nezara viridula,Southern Green Stink Bug,3,8,2025
45.3528633085,10.1854118138,Italy,Nezara viridula,Southern Green Stink Bug,15,8,2025
45.7646895,8.8871339,Italy,Nezara viridula,Southern Green Stink Bug,15,8,2025
40.92247407,14.99293768,Italy,Nezara viridula,Southern Green Stink Bug,15,8,2025
40.92246861,14.99289929,Italy,Nezara viridula,Southern Green Stink Bug,15,8,2025
42.1616971667,12.21635,Italy,Nezara viridula,Southern Green Stink Bug,6,8,2025
45.07888221,7.549440949,Italy,Nezara viridula,Southern Green Stink Bug,6,8,2025
45.7445983429,9.6624266356,Italy,Nezara viridula,Southern Green Stink Bug,10,8,2025
41.0463534884,9.4676894243,Italy,Nezara viridula,Southern Green Stink Bug,15,8,2025
45.4294944444,9.7029555556,Italy,Nezara viridula,Southern Green Stink Bug,16,8,2025
45.746056944,7.4923077799,Italy,Nezara viridula,Southern Green Stink Bug,14,8,2025
45.5976658646,8.7283002527,Italy,Nezara viridula,Southern Green Stink Bug,16,8,2025
43.3505583333,11.2980216667,Italy,Nezara viridula,Southern Green Stink Bug,8,8,2025
44.4994163653,7.7006780909,Italy,Nezara viridula,Southern Green Stink Bug,16,8,2025
45.7918293886,11.8341207504,Italy,Nezara viridula,Southern Green Stink Bug,16,8,2025
45.5762311165,8.9215400722,Italy,Nezara viridula,Southern Green Stink Bug,16,8,2025
45.6292383707,8.5332802766,Italy,Nezara viridula,Southern Green Stink Bug,15,8,2025
44.0916879981,10.4472014306,Italy,Nezara viridula,Southern Green Stink Bug,16,8,2025
44.4371333333,8.8206888889,Italy,Nezara viridula,Southern Green Stink Bug,17,8,2025
44.4371027778,8.8206888889,Italy,Nezara viridula,Southern Green Stink Bug,17,8,2025
41.7402764391,12.251453765,Italy,Nezara viridula,Southern Green Stink Bug,10,8,2025
45.6549262778,11.9690322778,Italy,Nezara viridula,Southern Green Stink Bug,17,8,2025
43.5349527778,10.5074222222,Italy,Nezara viridula,Southern Green Stink Bug,28,7,2025
43.5268093328,10.3406976163,Italy,Nezara viridula,Southern Green Stink Bug,17,8,2025
44.98266078,8.40922756,Italy,Nezara viridula,Southern Green Stink Bug,17,8,2025
40.9008923863,14.7414147109,Italy,Nezara viridula,Southern Green Stink Bug,17,8,2025
45.9643996507,10.3057460859,Italy,Nezara viridula,Southern Green Stink Bug,17,8,2025
45.811036,8.8343959722,Italy,Nezara viridula,Southern Green Stink Bug,17,8,2025
45.2891387939,10.2707042694,Italy,Nezara viridula,Southern Green Stink Bug,18,8,2025
45.202084249,12.2941564769,Italy,Nezara viridula,Southern Green Stink Bug,18,8,2025
45.4952572617,9.2585825175,Italy,Nezara viridula,Southern Green Stink Bug,6,6,2025
44.4218740142,7.7346173287,Italy,Nezara viridula,Southern Green Stink Bug,18,8,2025
44.686517,8.0340969722,Italy,Nezara viridula,Southern Green Stink Bug,19,8,2025
45.6308822175,8.5408743471,Italy,Nezara viridula,Southern Green Stink Bug,19,8,2025
45.6297709075,8.5445597023,Italy,Nezara viridula,Southern Green Stink Bug,19,8,2025
46.3239271313,11.0922381354,Italy,Nezara viridula,Southern Green Stink Bug,19,8,2025
45.7080466667,9.6581716667,Italy,Nezara viridula,Southern Green Stink Bug,19,8,2025
45.0424802,7.78956964,Italy,Nezara viridula,Southern Green Stink Bug,19,8,2025
45.342525,12.0675638333,Italy,Nezara viridula,Southern Green Stink Bug,19,8,2025
42.6562526,13.7042481,Italy,Nezara viridula,Southern Green Stink Bug,20,8,2025
45.4257318125,8.5072049126,Italy,Nezara viridula,Southern Green Stink Bug,13,8,2025
44.5768418138,8.0516862735,Italy,Nezara viridula,Southern Green Stink Bug,20,8,2025
46.1560860659,12.3903629152,Italy,Nezara viridula,Southern Green Stink Bug,20,8,2025
44.4304107811,8.8212350557,Italy,Nezara viridula,Southern Green Stink Bug,20,8,2025
43.3505866667,11.298025,Italy,Nezara viridula,Southern Green Stink Bug,19,8,2025
45.5208565971,10.2474668298,Italy,Nezara viridula,Southern Green Stink Bug,20,8,2025
45.6396865833,8.4568395556,Italy,Nezara viridula,Southern Green Stink Bug,20,8,2025
43.7148615274,12.2710378468,Italy,Nezara viridula,Southern Green Stink Bug,21,8,2025
44.4267611111,8.8219305556,Italy,Nezara viridula,Southern Green Stink Bug,21,8,2025
44.4370722222,8.8205861111,Italy,Nezara viridula,Southern Green Stink Bug,21,8,2025
45.8363111111,8.7249666667,Italy,Nezara viridula,Southern Green Stink Bug,21,8,2025
38.2204947331,15.4073448501,Italy,Nezara viridula,Southern Green Stink Bug,21,8,2025
45.5016278415,8.99193277,Italy,Nezara viridula,Southern Green Stink Bug,21,8,2025
45.6268005278,8.4656734444,Italy,Nezara viridula,Southern Green Stink Bug,21,8,2025
45.7832722222,8.4285444444,Italy,Nezara viridula,Southern Green Stink Bug,21,8,2025
45.7818861111,8.4301222222,Italy,Nezara viridula,Southern Green Stink Bug,21,8,2025
45.0964731349,12.3283811286,Italy,Nezara viridula,Southern Green Stink Bug,21,8,2025
45.0940237,12.3310999997,Italy,Nezara viridula,Southern Green Stink Bug,21,8,2025
45.093735,12.3306143,Italy,Nezara viridula,Southern Green Stink Bug,21,8,2025
44.7927579511,7.6649267719,Italy,Nezara viridula,Southern Green Stink Bug,21,8,2025
44.7927579511,7.6649267719,Italy,Nezara viridula,Southern Green Stink Bug,21,8,2025
42.4453525352,13.6395268965,Italy,Nezara viridula,Southern Green Stink Bug,2,8,2025
45.2530178106,9.0813250467,Italy,Nezara viridula,Southern Green Stink Bug,22,8,2025
42.4664433333,12.1750833333,Italy,Nezara viridula,Southern Green Stink Bug,22,8,2025
44.4328361111,8.8196416667,Italy,Nezara viridula,Southern Green Stink Bug,22,8,2025
45.8175783333,9.3185133333,Italy,Nezara viridula,Southern Green Stink Bug,22,8,2025
45.5739216667,12.8158716667,Italy,Nezara viridula,Southern Green Stink Bug,22,8,2025
43.5370138889,10.5080916667,Italy,Nezara viridula,Southern Green Stink Bug,23,8,2025
45.7518283,10.1117542,Italy,Nezara viridula,Southern Green Stink Bug,23,8,2025
42.0241258,12.9096229,Italy,Nezara viridula,Southern Green Stink Bug,23,8,2025
45.2330684541,8.2535664521,Italy,Nezara viridula,Southern Green Stink Bug,22,8,2025
45.6333105071,9.3726300551,Italy,Nezara viridula,Southern Green Stink Bug,23,8,2025
43.6520796037,10.6787968742,Italy,Nezara viridula,Southern Green Stink Bug,16,8,2025
43.6520489856,10.6788463776,Italy,Nezara viridula,Southern Green Stink Bug,16,8,2025
43.6527891499,10.6776081662,Italy,Nezara viridula,Southern Green Stink Bug,16,8,2025
45.6261328,9.2770249,Italy,Nezara viridula,Southern Green Stink Bug,23,8,2025
43.6436877076,10.6347861094,Italy,Nezara viridula,Southern Green Stink Bug,17,8,2025
45.5429416667,10.2254916667,Italy,Nezara viridula,Southern Green Stink Bug,23,8,2025
45.4284555556,8.3963832778,Italy,Nezara viridula,Southern Green Stink Bug,23,8,2025
46.4458783333,11.2548616667,Italy,Nezara viridula,Southern Green Stink Bug,23,8,2025
45.3257825256,7.4613692511,Italy,Nezara viridula,Southern Green Stink Bug,23,8,2025
45.5921677508,9.2927612364,Italy,Nezara viridula,Southern Green Stink Bug,24,8,2025
45.9916413474,11.6654436663,Italy,Nezara viridula,Southern Green Stink Bug,24,8,2025
44.7927579511,7.6649267719,Italy,Nezara viridula,Southern Green Stink Bug,23,8,2025
45.637679603,10.030688988,Italy,Nezara viridula,Southern Green Stink Bug,24,8,2025
45.637706467,10.0306626689,Italy,Nezara viridula,Southern Green Stink Bug,24,8,2025
45.6377157709,10.0305933505,Italy,Nezara viridula,Southern Green Stink Bug,24,8,2025
45.6906000408,12.1751582623,Italy,Nezara viridula,Southern Green Stink Bug,24,8,2025
45.495525,7.8944083333,Italy,Nezara viridula,Southern Green Stink Bug,24,8,2025
45.4910740221,9.1890006512,Italy,Nezara viridula,Southern Green Stink Bug,24,8,2025
45.2825121,10.2013395,Italy,Nezara viridula,Southern Green Stink Bug,24,8,2025
45.2825121,10.2013395,Italy,Nezara viridula,Southern Green Stink Bug,24,8,2025
45.2825121,10.2013395,Italy,Nezara viridula,Southern Green Stink Bug,24,8,2025
45.2825121,10.2013395,Italy,Nezara viridula,Southern Green Stink Bug,24,8,2025
45.7217366667,9.7244366667,Italy,Nezara viridula,Southern Green Stink Bug,24,8,2025
43.670695002,10.5739887804,Italy,Nezara viridula,Southern Green Stink Bug,23,8,2025
45.698411319,8.6124695068,Italy,Nezara viridula,Southern Green Stink Bug,24,8,2025
42.1263305,12.1283445,Italy,Nezara viridula,Southern Green Stink Bug,24,8,2025
45.7216097673,12.4238654226,Italy,Nezara viridula,Southern Green Stink Bug,5,8,2025
45.8426138889,8.7090388889,Italy,Nezara viridula,Southern Green Stink Bug,25,8,2025
44.6971209725,10.6037743521,Italy,Nezara viridula,Southern Green Stink Bug,25,8,2025
44.7839257992,10.7988200025,Italy,Nezara viridula,Southern Green Stink Bug,25,8,2025
43.3533666667,12.5821833333,Italy,Nezara viridula,Southern Green Stink Bug,25,8,2025
44.4399361111,8.8000583333,Italy,Nezara viridula,Southern Green Stink Bug,25,8,2025
44.4218740142,7.7346173287,Italy,Nezara viridula,Southern Green Stink Bug,25,8,2025
44.4218740142,7.7346173287,Italy,Nezara viridula,Southern Green Stink Bug,25,8,2025
44.4218740142,7.7346173287,Italy,Nezara viridula,Southern Green Stink Bug,25,8,2025
43.151264137,10.5519624799,Italy,Nezara viridula,Southern Green Stink Bug,22,8,2025
46.6645816667,11.1433566667,Italy,Nezara viridula,Southern Green Stink Bug,26,8,2025
43.6177881149,11.190321558,Italy,Nezara viridula,Southern Green Stink Bug,24,8,2025
45.9466666667,8.66108,Italy,Nezara viridula,Southern Green Stink Bug,26,8,2025
45.7028806788,9.0849614516,Italy,Nezara viridula,Southern Green Stink Bug,26,8,2025
45.676455,9.512705,Italy,Nezara viridula,Southern Green Stink Bug,26,8,2025
42.425595,12.1344083333,Italy,Nezara viridula,Southern Green Stink Bug,26,8,2025
43.4667602717,11.7825890789,Italy,Nezara viridula,Southern Green Stink Bug,26,8,2025
45.314516021,8.4171910317,Italy,Nezara viridula,Southern Green Stink Bug,26,8,2025
43.3037376403,13.7113208769,Italy,Nezara viridula,Southern Green Stink Bug,26,8,2025
45.6283607222,8.4643678611,Italy,Nezara viridula,Southern Green Stink Bug,26,8,2025
43.0049548366,10.5125618353,Italy,Nezara viridula,Southern Green Stink Bug,25,8,2025
43.0513051,11.9583715,Italy,Nezara viridula,Southern Green Stink Bug,27,8,2025
44.4890748513,8.8390326295,Italy,Nezara viridula,Southern Green Stink Bug,27,8,2025
46.0575115507,13.2625063509,Italy,Nezara viridula,Southern Green Stink Bug,27,8,2025
45.4645416667,9.1581195,Italy,Nezara viridula,Southern Green Stink Bug,27,8,2025
43.1835236157,10.5557963625,Italy,Nezara viridula,Southern Green Stink Bug,27,8,2025
45.7128349099,9.299226366,Italy,Nezara viridula,Southern Green Stink Bug,27,8,2025
43.982782591,11.3505074009,Italy,Nezara viridula,Southern Green Stink Bug,22,8,2025
45.7734255,9.2398375997,Italy,Nezara viridula,Southern Green Stink Bug,22,8,2025
44.8568370997,12.2482507997,Italy,Nezara viridula,Southern Green Stink Bug,29,8,2025
44.8557603,12.2442217,Italy,Nezara viridula,Southern Green Stink Bug,29,8,2025
44.43007,7.60305,Italy,Nezara viridula,Southern Green Stink Bug,29,8,2025
41.8849602916,12.2929840162,Italy,Nezara viridula,Southern Green Stink Bug,14,8,2025
45.48603728,7.89136178,Italy,Nezara viridula,Southern Green Stink Bug,30,8,2025
46.7012955054,11.1797205107,Italy,Nezara viridula,Southern Green Stink Bug,30,8,2025
42.7336573905,12.3371371999,Italy,Nezara viridula,Southern Green Stink Bug,30,8,2025
43.6443582933,10.6609431334,Italy,Nezara viridula,Southern Green Stink Bug,24,8,2025
43.6393035893,10.6706988454,Italy,Nezara viridula,Southern Green Stink Bug,24,8,2025
43.6392630787,10.6707707356,Italy,Nezara viridula,Southern Green Stink Bug,24,8,2025
43.7044448611,11.8121528611,Italy,Nezara viridula,Southern Green Stink Bug,30,8,2025
46.2447218281,11.0597251449,Italy,Nezara viridula,Southern Green Stink Bug,30,8,2025
46.2445166667,11.059855,Italy,Nezara viridula,Southern Green Stink Bug,30,8,2025
42.5195263392,13.7993964586,Italy,Nezara viridula,Southern Green Stink Bug,30,8,2025
42.4350178288,13.7619436613,Italy,Nezara viridula,Southern Green Stink Bug,30,8,2025
45.5094862698,10.976241678,Italy,Nezara viridula,Southern Green Stink Bug,30,8,2025
45.512912331,10.9758544341,Italy,Nezara viridula,Southern Green Stink Bug,30,8,2025
44.9316321178,7.6042315364,Italy,Nezara viridula,Southern Green Stink Bug,30,8,2025
44.4509805556,8.8473333333,Italy,Nezara viridula,Southern Green Stink Bug,30,8,2025
45.1518515161,7.5906217994,Italy,Nezara viridula,Southern Green Stink Bug,29,8,2025
45.8388523607,10.1166954267,Italy,Nezara viridula,Southern Green Stink Bug,30,8,2025
45.6355758,9.331875,Italy,Nezara viridula,Southern Green Stink Bug,30,8,2025
46.4084193997,11.2361731,Italy,Nezara viridula,Southern Green Stink Bug,31,8,2025
37.8440437317,14.9878959656,Italy,Nezara viridula,Southern Green Stink Bug,31,8,2025
41.0476295203,14.9088767543,Italy,Nezara viridula,Southern Green Stink Bug,31,8,2025
45.5009664,7.9128917,Italy,Nezara viridula,Southern Green Stink Bug,31,8,2025
45.6173744167,8.4318170556,Italy,Nezara viridula,Southern Green Stink Bug,31,8,2025
45.5734718248,8.7100438905,Italy,Nezara viridula,Southern Green Stink Bug,30,8,2025
45.5943784245,8.8659178312,Italy,Nezara viridula,Southern Green Stink Bug,30,8,2025
45.066577415,8.6080030974,Italy,Nezara viridula,Southern Green Stink Bug,31,8,2025
46.0417888333,8.255855,Italy,Nezara viridula,Southern Green Stink Bug,31,8,2025
45.3214027778,8.4176583333,Italy,Nezara viridula,Southern Green Stink Bug,31,8,2025
45.6579166667,9.2672383333,Italy,Nezara viridula,Southern Green Stink Bug,30,8,2025
44.9329418484,7.6086464524,Italy,Nezara viridula,Southern Green Stink Bug,1,9,2025
41.8849602916,12.2929840162,Italy,Nezara viridula,Southern Green Stink Bug,18,8,2025
45.7890026,8.5894169,Italy,Nezara viridula,Southern Green Stink Bug,1,9,2025
44.56432,11.3107783333,Italy,Nezara viridula,Southern Green Stink Bug,1,9,2025
45.1218937431,10.4445233289,Italy,Nezara viridula,Southern Green Stink Bug,1,9,2025
44.3941854744,7.5486487895,Italy,Nezara viridula,Southern Green Stink Bug,1,9,2025
43.5377444444,10.5101694444,Italy,Nezara viridula,Southern Green Stink Bug,1,9,2025
45.53592,12.20153,Italy,Nezara viridula,Southern Green Stink Bug,31,8,2025
46.3638643793,11.2562927976,Italy,Nezara viridula,Southern Green Stink Bug,1,9,2025
41.0321805,14.9966383333,Italy,Nezara viridula,Southern Green Stink Bug,2,9,2025
45.1254525,10.4422614,Italy,Nezara viridula,Southern Green Stink Bug,2,9,2025
45.7793169358,8.7168882787,Italy,Nezara viridula,Southern Green Stink Bug,1,9,2025
42.232262277,12.5921636447,Italy,Nezara viridula,Southern Green Stink Bug,1,9,2025
45.5212165925,10.2495550937,Italy,Nezara viridula,Southern Green Stink Bug,2,9,2025
45.522450449,10.2476818793,Italy,Nezara viridula,Southern Green Stink Bug,2,9,2025
43.983375,11.3466333333,Italy,Nezara viridula,Southern Green Stink Bug,2,9,2025
45.4710388889,9.1899444444,Italy,Nezara viridula,Southern Green Stink Bug,1,9,2025
45.4711666667,9.1894944444,Italy,Nezara viridula,Southern Green Stink Bug,1,9,2025
43.7074483285,11.2199334428,Italy,Nezara viridula,Southern Green Stink Bug,2,9,2025
45.7380223188,8.9461551234,Italy,Nezara viridula,Southern Green Stink Bug,2,9,2025
44.450686031,8.8473274232,Italy,Nezara viridula,Southern Green Stink Bug,2,9,2025
44.3924785,8.9529899,Italy,Nezara viridula,Southern Green Stink Bug,2,9,2025
44.9545416851,9.3526335061,Italy,Nezara viridula,Southern Green Stink Bug,2,9,2025
43.7791502936,10.6133803758,Italy,Nezara viridula,Southern Green Stink Bug,2,9,2025
45.4399133333,12.3241916667,Italy,Nezara viridula,Southern Green Stink Bug,2,9,2025
43.6347896036,10.6937711076,Italy,Nezara viridula,Southern Green Stink Bug,31,8,2025
45.5017996692,8.9919774496,Italy,Nezara viridula,Southern Green Stink Bug,3,9,2025
45.0096642997,7.6657228,Italy,Nezara viridula,Southern Green Stink Bug,1,8,2025
44.4101850876,7.5475641713,Italy,Nezara viridula,Southern Green Stink Bug,2,9,2025
45.1240766,10.4435057,Italy,Nezara viridula,Southern Green Stink Bug,3,9,2025
42.9882755,10.8952509,Italy,Nezara viridula,Southern Green Stink Bug,3,9,2025
42.9882755,10.8952509,Italy,Nezara viridula,Southern Green Stink Bug,3,9,2025
43.7741996803,10.289874139,Italy,Nezara viridula,Southern Green Stink Bug,3,9,2025
43.8087721745,11.6991253798,Italy,Nezara viridula,Southern Green Stink Bug,4,9,2025
44.4994163653,7.7006780909,Italy,Nezara viridula,Southern Green Stink Bug,2,9,2025
45.361032781,9.6541881252,Italy,Nezara viridula,Southern Green Stink Bug,3,9,2025
44.9617013928,7.5855020061,Italy,Nezara viridula,Southern Green Stink Bug,3,9,2025
41.3585827732,14.675132297,Italy,Nezara viridula,Southern Green Stink Bug,4,9,2025
45.3588711424,10.7398347091,Italy,Nezara viridula,Southern Green Stink Bug,4,9,2025
45.1227288,10.4435678,Italy,Nezara viridula,Southern Green Stink Bug,4,9,2025
43.5368888889,10.5141333333,Italy,Nezara viridula,Southern Green Stink Bug,4,9,2025
44.4979166667,10.4837783333,Italy,Nezara viridula,Southern Green Stink Bug,5,9,2025
41.9531381997,12.5282517997,Italy,Nezara viridula,Southern Green Stink Bug,5,9,2025
43.8231026987,10.6931005263,Italy,Nezara viridula,Southern Green Stink Bug,30,8,2025
43.4911380914,12.7682881058,Italy,Nezara viridula,Southern Green Stink Bug,5,9,2025
45.1265328,10.444534,Italy,Nezara viridula,Southern Green Stink Bug,5,9,2025
44.4303674743,8.9570415393,Italy,Nezara viridula,Southern Green Stink Bug,5,9,2025
44.430450314,8.956890665,Italy,Nezara viridula,Southern Green Stink Bug,5,9,2025
44.4581887835,8.9829811826,Italy,Nezara viridula,Southern Green Stink Bug,5,9,2025
45.7719549997,9.2398831997,Italy,Nezara viridula,Southern Green Stink Bug,5,9,2025
45.0252641891,7.6636894047,Italy,Nezara viridula,Southern Green Stink Bug,11,8,2025
45.0710379,7.3897551,Italy,Nezara viridula,Southern Green Stink Bug,6,9,2025
45.5371141355,9.2375459522,Italy,Nezara viridula,Southern Green Stink Bug,6,9,2025
45.1472883333,7.5982333333,Italy,Nezara viridula,Southern Green Stink Bug,6,9,2025
45.1394555904,10.4406689107,Italy,Nezara viridula,Southern Green Stink Bug,6,9,2025
45.1413916667,7.1430638333,Italy,Nezara viridula,Southern Green Stink Bug,6,9,2025
46.0124291997,11.9106325997,Italy,Nezara viridula,Southern Green Stink Bug,6,9,2025
41.3582445486,14.6748499945,Italy,Nezara viridula,Southern Green Stink Bug,6,9,2025
41.6872583333,13.7699166667,Italy,Nezara viridula,Southern Green Stink Bug,6,9,2025
46.6912773,11.1880227,Italy,Nezara viridula,Southern Green Stink Bug,7,9,2025
46.1314943888,9.6003646776,Italy,Nezara viridula,Southern Green Stink Bug,7,9,2025
45.6895524484,9.4719941542,Italy,Nezara viridula,Southern Green Stink Bug,7,9,2025
43.3720469127,12.9887302592,Italy,Nezara viridula,Southern Green Stink Bug,7,9,2025
45.0020203737,8.484753425,Italy,Nezara viridula,Southern Green Stink Bug,7,9,2025
45.0020759365,8.4856923399,Italy,Nezara viridula,Southern Green Stink Bug,7,9,2025
43.3924785317,13.0391982297,Italy,Nezara viridula,Southern Green Stink Bug,7,9,2025
45.3804906313,11.8522971383,Italy,Nezara viridula,Southern Green Stink Bug,7,9,2025
44.5034722222,10.5401138889,Italy,Nezara viridula,Southern Green Stink Bug,6,9,2025
42.7894659608,11.6620250683,Italy,Nezara viridula,Southern Green Stink Bug,7,9,2025
42.7894620241,11.6620129984,Italy,Nezara viridula,Southern Green Stink Bug,7,9,2025
44.678206,8.02508,Italy,Nezara viridula,Southern Green Stink Bug,8,9,2025
45.4836339554,8.6298579723,Italy,Nezara viridula,Southern Green Stink Bug,8,9,2025
44.3147135741,7.4826786696,Italy,Nezara viridula,Southern Green Stink Bug,8,9,2025
45.1256891,10.4420476,Italy,Nezara viridula,Southern Green Stink Bug,8,9,2025
45.5206033014,10.2499309077,Italy,Nezara viridula,Southern Green Stink Bug,9,9,2025
41.8566281605,12.0631824338,Italy,Nezara viridula,Southern Green Stink Bug,9,9,2025
45.5213769818,10.2493338436,Italy,Nezara viridula,Southern Green Stink Bug,9,9,2025
44.7927579511,7.6649267719,Italy,Nezara viridula,Southern Green Stink Bug,6,9,2025
46.4670070997,11.2456878,Italy,Nezara viridula,Southern Green Stink Bug,9,9,2025
45.3950433468,9.2079258424,Italy,Nezara viridula,Southern Green Stink Bug,9,9,2025
45.1203233333,6.9843883333,Italy,Nezara viridula,Southern Green Stink Bug,9,9,2025
45.4232325518,8.5059751198,Italy,Nezara viridula,Southern Green Stink Bug,6,9,2025
45.1257353,10.4419894,Italy,Nezara viridula,Southern Green Stink Bug,9,9,2025
45.3229676004,9.9405105723,Italy,Nezara viridula,Southern Green Stink Bug,9,9,2025
43.3476160954,13.1207100302,Italy,Nezara viridula,Southern Green Stink Bug,10,9,2025
45.4341552075,10.9609497339,Italy,Nezara viridula,Southern Green Stink Bug,7,9,2025
44.8054206474,7.9421275109,Italy,Nezara viridula,Southern Green Stink Bug,6,9,2025
42.8830140607,11.6642576022,Italy,Nezara viridula,Southern Green Stink Bug,8,9,2025
42.8830210464,11.6642469745,Italy,Nezara viridula,Southern Green Stink Bug,8,9,2025
42.8838615895,11.6648682716,Italy,Nezara viridula,Southern Green Stink Bug,8,9,2025
42.8838251846,11.6647931697,Italy,Nezara viridula,Southern Green Stink Bug,8,9,2025
45.6531963891,10.0359829814,Italy,Nezara viridula,Southern Green Stink Bug,9,9,2025
44.1475049084,9.6455727549,Italy,Nezara viridula,Southern Green Stink Bug,7,8,2025
45.3213555556,8.4176111111,Italy,Nezara viridula,Southern Green Stink Bug,9,9,2025
45.3213555556,8.4176111111,Italy,Nezara viridula,Southern Green Stink Bug,9,9,2025
45.5878352614,10.7425659759,Italy,Nezara viridula,Southern Green Stink Bug,10,9,2025
45.3001968348,10.0902408079,Italy,Nezara viridula,Southern Green Stink Bug,10,9,2025
45.3001968348,10.0902408079,Italy,Nezara viridula,Southern Green Stink Bug,10,9,2025
45.5020904711,9.449184317,Italy,Nezara viridula,Southern Green Stink Bug,13,6,2025
45.5020904711,9.449184317,Italy,Nezara viridula,Southern Green Stink Bug,13,6,2025
41.3585221244,14.6752409264,Italy,Nezara viridula,Southern Green Stink Bug,10,9,2025
42.8629497,13.7133786,Italy,Nezara viridula,Southern Green Stink Bug,11,9,2025
45.6262717782,8.7469776347,Italy,Nezara viridula,Southern Green Stink Bug,6,9,2025
46.6105199744,11.0432994015,Italy,Nezara viridula,Southern Green Stink Bug,11,9,2025
45.5218726367,10.2481005214,Italy,Nezara viridula,Southern Green Stink Bug,11,9,2025
45.521283343,10.2490283333,Italy,Nezara viridula,Southern Green Stink Bug,11,9,2025
44.9276968831,8.0708924587,Italy,Nezara viridula,Southern Green Stink Bug,11,9,2025
44.7870783333,8.0678138333,Italy,Nezara viridula,Southern Green Stink Bug,11,9,2025
45.124804,10.4439501,Italy,Nezara viridula,Southern Green Stink Bug,11,9,2025
45.02141825,7.7714662626,Italy,Nezara viridula,Southern Green Stink Bug,11,9,2025
45.4827652997,11.3920335997,Italy,Nezara viridula,Southern Green Stink Bug,9,9,2025
45.5043171794,12.3391679674,Italy,Nezara viridula,Southern Green Stink Bug,11,9,2025
46.0996711484,11.1114732921,Italy,Nezara viridula,Southern Green Stink Bug,7,9,2025
45.1853523253,7.8729710578,Italy,Nezara viridula,Southern Green Stink Bug,12,9,2025
45.9251956,8.4168599997,Italy,Nezara viridula,Southern Green Stink Bug,12,9,2025
45.1253829,10.4422352,Italy,Nezara viridula,Southern Green Stink Bug,12,9,2025
45.1227373,10.4432165,Italy,Nezara viridula,Southern Green Stink Bug,12,9,2025
45.5217855174,10.248487278,Italy,Nezara viridula,Southern Green Stink Bug,12,9,2025
45.9380253233,9.3857289478,Italy,Nezara viridula,Southern Green Stink Bug,12,9,2025
45.9380253233,9.3857289478,Italy,Nezara viridula,Southern Green Stink Bug,12,9,2025
43.9568443661,8.0564619502,Italy,Nezara viridula,Southern Green Stink Bug,12,9,2025
43.9568951047,8.0564142797,Italy,Nezara viridula,Southern Green Stink Bug,12,9,2025
44.616405,11.6855033333,Italy,Nezara viridula,Southern Green Stink Bug,22,7,2025
46.1526517167,9.4114892333,Italy,Nezara viridula,Southern Green Stink Bug,12,9,2025
45.7289289362,8.9870775864,Italy,Nezara viridula,Southern Green Stink Bug,13,9,2025
43.9568972768,8.0562853604,Italy,Nezara viridula,Southern Green Stink Bug,13,9,2025
44.9329309302,7.6086746156,Italy,Nezara viridula,Southern Green Stink Bug,13,9,2025
40.8746981575,15.1887964457,Italy,Nezara viridula,Southern Green Stink Bug,13,9,2025
45.378455,7.641855,Italy,Nezara viridula,Southern Green Stink Bug,13,9,2025
42.0931058461,12.1948381914,Italy,Nezara viridula,Southern Green Stink Bug,13,9,2025
44.6633916667,12.1887916667,Italy,Nezara viridula,Southern Green Stink Bug,13,9,2025
45.5214338697,10.2494451833,Italy,Nezara viridula,Southern Green Stink Bug,13,9,2025
43.5376694444,10.5091555556,Italy,Nezara viridula,Southern Green Stink Bug,13,9,2025
38.36837,14.9931666667,Italy,Nezara viridula,Southern Green Stink Bug,13,9,2025
45.9057883333,8.6217616667,Italy,Nezara viridula,Southern Green Stink Bug,13,9,2025
45.5171401997,9.871534,Italy,Nezara viridula,Southern Green Stink Bug,12,9,2025
45.1227338,10.4432225,Italy,Nezara viridula,Southern Green Stink Bug,14,9,2025
44.4860245337,7.9603935903,Italy,Nezara viridula,Southern Green Stink Bug,14,9,2025
42.122813,14.2325014997,Italy,Nezara viridula,Southern Green Stink Bug,14,9,2025
46.1185049347,9.2785315704,Italy,Nezara viridula,Southern Green Stink Bug,22,8,2025
45.452205,9.2005883333,Italy,Nezara viridula,Southern Green Stink Bug,14,9,2025
43.4908832508,12.7709810756,Italy,Nezara viridula,Southern Green Stink Bug,14,9,2025
43.4912732535,12.7682290994,Italy,Nezara viridula,Southern Green Stink Bug,14,9,2025
44.9181179722,8.1423079722,Italy,Nezara viridula,Southern Green Stink Bug,14,9,2025
43.4419847177,10.8356596542,Italy,Nezara viridula,Southern Green Stink Bug,15,9,2025
45.1373554798,8.4396514669,Italy,Nezara viridula,Southern Green Stink Bug,14,9,2025
44.8128466667,8.355315,Italy,Nezara viridula,Southern Green Stink Bug,15,9,2025
43.3230361581,11.5524893603,Italy,Nezara viridula,Southern Green Stink Bug,15,9,2025
46.1490318234,9.4200246585,Italy,Nezara viridula,Southern Green Stink Bug,14,9,2025
45.1242916,10.4433381,Italy,Nezara viridula,Southern Green Stink Bug,15,9,2025
43.1329862731,13.0633256222,Italy,Nezara viridula,Southern Green Stink Bug,15,9,2025
44.1165351472,10.2646753139,Italy,Nezara viridula,Southern Green Stink Bug,13,9,2025
43.6450789845,10.6363540614,Italy,Nezara viridula,Southern Green Stink Bug,14,9,2025
43.645141094,10.6365364516,Italy,Nezara viridula,Southern Green Stink Bug,14,9,2025
43.6451643851,10.6365364516,Italy,Nezara viridula,Southern Green Stink Bug,14,9,2025
43.6451255666,10.6372230971,Italy,Nezara viridula,Southern Green Stink Bug,14,9,2025
43.6452886039,10.6375127757,Italy,Nezara viridula,Southern Green Stink Bug,14,9,2025
45.0189743042,10.0532474518,Italy,Nezara viridula,Southern Green Stink Bug,16,9,2025
45.5221464178,10.2497750157,Italy,Nezara viridula,Southern Green Stink Bug,23,10,2023
46.1423265,12.2267641,Italy,Nezara viridula,Southern Green Stink Bug,16,9,2025
45.5206124575,10.0800333967,Italy,Nezara viridula,Southern Green Stink Bug,7,8,2025
45.6531295556,8.4533023611,Italy,Nezara viridula,Southern Green Stink Bug,16,9,2025
45.1227373,10.4432165,Italy,Nezara viridula,Southern Green Stink Bug,16,9,2025
45.1217212016,10.4444827605,Italy,Nezara viridula,Southern Green Stink Bug,16,9,2025
41.8288298727,12.8389724717,Italy,Nezara viridula,Southern Green Stink Bug,16,9,2025
44.81382,12.1231195,Italy,Nezara viridula,Southern Green Stink Bug,17,9,2025
42.0625011997,14.3050599997,Italy,Nezara viridula,Southern Green Stink Bug,17,9,2025
42.4255016667,12.1338733333,Italy,Nezara viridula,Southern Green Stink Bug,17,9,2025
45.1679205333,8.1825269472,Italy,Nezara viridula,Southern Green Stink Bug,17,9,2025
45.5203719061,10.2510544006,Italy,Nezara viridula,Southern Green Stink Bug,17,9,2025
46.1950216667,13.0809888333,Italy,Nezara viridula,Southern Green Stink Bug,17,9,2025
44.628996,10.9102169722,Italy,Nezara viridula,Southern Green Stink Bug,17,9,2025
45.6174714,10.1146749,Italy,Nezara viridula,Southern Green Stink Bug,17,9,2025
45.6895524484,9.4719941542,Italy,Nezara viridula,Southern Green Stink Bug,17,9,2025
44.61717,11.8293479722,Italy,Nezara viridula,Southern Green Stink Bug,17,9,2025
45.5921677508,9.2927612364,Italy,Nezara viridula,Southern Green Stink Bug,17,9,2025
45.94485632,8.82300498,Italy,Nezara viridula,Southern Green Stink Bug,18,9,2025
45.7967963469,7.5982987817,Italy,Nezara viridula,Southern Green Stink Bug,13,9,2025
45.63247165,9.14292369,Italy,Nezara viridula,Southern Green Stink Bug,18,9,2025
43.8945163321,10.3421876926,Italy,Nezara viridula,Southern Green Stink Bug,18,9,2025
44.8520204,8.3604287997,Italy,Nezara viridula,Southern Green Stink Bug,18,9,2025
41.5998027468,13.3107412624,Italy,Nezara viridula,Southern Green Stink Bug,12,9,2025
45.1227369,10.4432301,Italy,Nezara viridula,Southern Green Stink Bug,18,9,2025
46.5444409722,11.2088649722,Italy,Nezara viridula,Southern Green Stink Bug,16,9,2025
44.4268166667,8.8218222222,Italy,Nezara viridula,Southern Green Stink Bug,18,9,2025
44.7177594782,7.6860941299,Italy,Nezara viridula,Southern Green Stink Bug,14,9,2025
44.7177594782,7.6860941299,Italy,Nezara viridula,Southern Green Stink Bug,14,9,2025
44.7175324709,7.6857943023,Italy,Nezara viridula,Southern Green Stink Bug,14,9,2025
44.4994163653,7.7006780909,Italy,Nezara viridula,Southern Green Stink Bug,17,9,2025
46.3671583333,11.2635166667,Italy,Nezara viridula,Southern Green Stink Bug,13,7,2025
42.0974528333,12.18592,Italy,Nezara viridula,Southern Green Stink Bug,19,9,2025
42.2097736926,12.6038919718,Italy,Nezara viridula,Southern Green Stink Bug,19,9,2025
42.215893904,12.6027766138,Italy,Nezara viridula,Southern Green Stink Bug,19,9,2025
42.136105,12.3816483333,Italy,Nezara viridula,Southern Green Stink Bug,19,9,2025
45.5876174176,8.4233344556,Italy,Nezara viridula,Southern Green Stink Bug,19,8,2025
45.8709666667,11.9650944444,Italy,Nezara viridula,Southern Green Stink Bug,19,9,2025
43.6961283333,11.81867,Italy,Nezara viridula,Southern Green Stink Bug,19,9,2025
45.1227369,10.4432301,Italy,Nezara viridula,Southern Green Stink Bug,19,9,2025
45.5213575658,10.2492223088,Italy,Nezara viridula,Southern Green Stink Bug,20,9,2025
45.6761093139,9.6483068464,Italy,Nezara viridula,Southern Green Stink Bug,19,9,2025
45.6027921,8.13326915,Italy,Nezara viridula,Southern Green Stink Bug,20,9,2025
45.1227363758,10.4444361571,Italy,Nezara viridula,Southern Green Stink Bug,20,9,2025
45.7680958472,8.4977761405,Italy,Philaenus spumarius,Meadow Spittlebug,22,9,2023
45.6855142756,8.5051443094,Italy,Philaenus spumarius,Meadow Spittlebug,23,9,2023
42.2291564807,12.5972928708,Italy,Philaenus spumarius,Meadow Spittlebug,25,9,2023
40.7342083333,13.8745133333,Italy,Philaenus spumarius,Meadow Spittlebug,26,9,2023
45.651755,9.7368116667,Italy,Philaenus spumarius,Meadow Spittlebug,2,10,2023
40.4341896997,15.0610877997,Italy,Philaenus spumarius,Meadow Spittlebug,4,10,2023
45.5402565,9.2161578889,Italy,Philaenus spumarius,Meadow Spittlebug,3,10,2023
42.2733297461,13.3324319903,Italy,Philaenus spumarius,Meadow Spittlebug,3,10,2023
45.6153266667,12.488755,Italy,Philaenus spumarius,Meadow Spittlebug,14,10,2023
44.5137880659,11.1282518506,Italy,Philaenus spumarius,Meadow Spittlebug,22,10,2023
45.5317993839,9.1868904031,Italy,Philaenus spumarius,Meadow Spittlebug,17,11,2023
41.1159445,16.5542333333,Italy,Philaenus spumarius,Meadow Spittlebug,2,12,2023
44.4956472222,11.2114361111,Italy,Philaenus spumarius,Meadow Spittlebug,22,12,2023
45.6077958788,11.3936403928,Italy,Philaenus spumarius,Meadow Spittlebug,13,2,2024
44.1784328452,12.3385051265,Italy,Philaenus spumarius,Meadow Spittlebug,5,3,2024
45.5595118347,11.6237004474,Italy,Philaenus spumarius,Meadow Spittlebug,1,10,2023
43.2767466635,12.4199906364,Italy,Philaenus spumarius,Meadow Spittlebug,23,3,2024
40.6081,8.1548028333,Italy,Philaenus spumarius,Meadow Spittlebug,24,3,2024
44.6495277749,10.8882099018,Italy,Philaenus spumarius,Meadow Spittlebug,25,3,2024
42.4168616667,11.299875,Italy,Philaenus spumarius,Meadow Spittlebug,4,4,2024
38.8686452551,16.5788519382,Italy,Philaenus spumarius,Meadow Spittlebug,5,4,2024
44.2819648582,11.5920339525,Italy,Philaenus spumarius,Meadow Spittlebug,6,4,2024
41.2523138106,13.4496058693,Italy,Philaenus spumarius,Meadow Spittlebug,30,3,2024
45.9858144191,10.9407503398,Italy,Philaenus spumarius,Meadow Spittlebug,8,4,2024
44.7130633333,12.2370183333,Italy,Philaenus spumarius,Meadow Spittlebug,12,4,2024
45.80609427,9.83137184,Italy,Philaenus spumarius,Meadow Spittlebug,13,4,2024
40.6393349755,14.4083400071,Italy,Philaenus spumarius,Meadow Spittlebug,13,4,2024
45.7452716667,7.3999116667,Italy,Philaenus spumarius,Meadow Spittlebug,13,4,2024
45.5058853,12.3308809997,Italy,Philaenus spumarius,Meadow Spittlebug,14,4,2024
43.21506699,11.24066733,Italy,Philaenus spumarius,Meadow Spittlebug,14,4,2024
43.40017,11.1362649722,Italy,Philaenus spumarius,Meadow Spittlebug,14,4,2024
43.839326,10.486014,Italy,Philaenus spumarius,Meadow Spittlebug,15,4,2024
45.9446972222,8.5170361111,Italy,Philaenus spumarius,Meadow Spittlebug,15,4,2024
45.5273714331,9.2001369428,Italy,Philaenus spumarius,Meadow Spittlebug,15,4,2024
41.2224916667,9.4585166667,Italy,Philaenus spumarius,Meadow Spittlebug,10,3,2024
43.400168,11.1362369722,Italy,Philaenus spumarius,Meadow Spittlebug,14,4,2024
44.8493591,8.3980738,Italy,Philaenus spumarius,Meadow Spittlebug,20,4,2024
37.9690095,13.4546766,Italy,Philaenus spumarius,Meadow Spittlebug,11,4,2024
41.1519293314,9.1838903309,Italy,Philaenus spumarius,Meadow Spittlebug,21,4,2024
42.1613593831,12.2163955579,Italy,Philaenus spumarius,Meadow Spittlebug,26,4,2024
41.6683496023,12.3998034094,Italy,Philaenus spumarius,Meadow Spittlebug,26,4,2024
44.0290037997,10.0635759,Italy,Philaenus spumarius,Meadow Spittlebug,26,4,2024
45.6350194444,12.0298805556,Italy,Philaenus spumarius,Meadow Spittlebug,26,4,2024
42.1314339623,12.057570219,Italy,Philaenus spumarius,Meadow Spittlebug,26,4,2024
42.0282867481,12.9192467386,Italy,Philaenus spumarius,Meadow Spittlebug,27,4,2024
38.2086828628,15.2562402561,Italy,Philaenus spumarius,Meadow Spittlebug,27,4,2024
40.2724694444,17.9996666667,Italy,Philaenus spumarius,Meadow Spittlebug,27,4,2024
40.2600083333,17.9628111111,Italy,Philaenus spumarius,Meadow Spittlebug,27,4,2024
41.7410824991,12.2515493733,Italy,Philaenus spumarius,Meadow Spittlebug,27,4,2024
41.7410466343,12.2517652589,Italy,Philaenus spumarius,Meadow Spittlebug,27,4,2024
41.7406839668,12.2522649133,Italy,Philaenus spumarius,Meadow Spittlebug,27,4,2024
43.320445,11.3351516667,Italy,Philaenus spumarius,Meadow Spittlebug,27,4,2024
45.7119716667,9.6673366667,Italy,Philaenus spumarius,Meadow Spittlebug,28,4,2024
41.7409943602,12.251668657,Italy,Philaenus spumarius,Meadow Spittlebug,28,4,2024
43.3184672729,11.3305809349,Italy,Philaenus spumarius,Meadow Spittlebug,28,4,2024
43.319141837,11.3365560551,Italy,Philaenus spumarius,Meadow Spittlebug,28,4,2024
42.1190633333,12.0536116667,Italy,Philaenus spumarius,Meadow Spittlebug,28,4,2024
40.416229248,17.620885849,Italy,Philaenus spumarius,Meadow Spittlebug,28,4,2024
40.4526459,17.83415994,Italy,Philaenus spumarius,Meadow Spittlebug,28,4,2024
45.3809386049,11.4991212926,Italy,Philaenus spumarius,Meadow Spittlebug,28,4,2024
41.9663329722,12.804861,Italy,Philaenus spumarius,Meadow Spittlebug,29,4,2024
41.9663770963,12.804913614,Italy,Philaenus spumarius,Meadow Spittlebug,29,4,2024
41.9664147972,12.8049793662,Italy,Philaenus spumarius,Meadow Spittlebug,29,4,2024
41.9665066667,12.8048616667,Italy,Philaenus spumarius,Meadow Spittlebug,29,4,2024
41.9660933333,12.8052566667,Italy,Philaenus spumarius,Meadow Spittlebug,29,4,2024
41.9663876575,12.8049560264,Italy,Philaenus spumarius,Meadow Spittlebug,29,4,2024
41.9666683333,12.80501,Italy,Philaenus spumarius,Meadow Spittlebug,29,4,2024
41.9664145,12.80499954,Italy,Philaenus spumarius,Meadow Spittlebug,29,4,2024
41.96625,12.8045916667,Italy,Philaenus spumarius,Meadow Spittlebug,29,4,2024
41.9660304627,12.8042588197,Italy,Philaenus spumarius,Meadow Spittlebug,29,4,2024
41.965905,12.8041433333,Italy,Philaenus spumarius,Meadow Spittlebug,29,4,2024
45.6717947288,9.4445025176,Italy,Philaenus spumarius,Meadow Spittlebug,29,4,2024
41.6805423836,12.3842287436,Italy,Philaenus spumarius,Meadow Spittlebug,26,4,2024
44.8393666667,10.7199333333,Italy,Philaenus spumarius,Meadow Spittlebug,29,4,2024
44.6509027778,10.8919694444,Italy,Philaenus spumarius,Meadow Spittlebug,29,4,2024
44.6500861111,10.8929472222,Italy,Philaenus spumarius,Meadow Spittlebug,29,4,2024
44.649925,10.889393,Italy,Philaenus spumarius,Meadow Spittlebug,29,4,2024
45.6067041603,11.3954548377,Italy,Philaenus spumarius,Meadow Spittlebug,29,4,2024
42.3673782349,10.8961334229,Italy,Philaenus spumarius,Meadow Spittlebug,30,4,2024
42.4843648,11.8357544,Italy,Philaenus spumarius,Meadow Spittlebug,28,4,2024
38.2432471475,15.2422545478,Italy,Philaenus spumarius,Meadow Spittlebug,27,4,2024
38.2564853658,15.2384109828,Italy,Philaenus spumarius,Meadow Spittlebug,26,4,2024
40.8685283333,17.26095,Italy,Philaenus spumarius,Meadow Spittlebug,28,4,2024
38.208745967,15.2561793444,Italy,Philaenus spumarius,Meadow Spittlebug,28,4,2024
38.04602509,13.24682269,Italy,Philaenus spumarius,Meadow Spittlebug,1,5,2024
38.2088567381,15.2562285215,Italy,Philaenus spumarius,Meadow Spittlebug,27,4,2024
38.251305,15.714235,Italy,Philaenus spumarius,Meadow Spittlebug,2,5,2024
38.2085683,15.2567632997,Italy,Philaenus spumarius,Meadow Spittlebug,27,4,2024
38.2085715997,15.2568266,Italy,Philaenus spumarius,Meadow Spittlebug,27,4,2024
38.2087883,15.2564782997,Italy,Philaenus spumarius,Meadow Spittlebug,27,4,2024
38.20815,15.2587899997,Italy,Philaenus spumarius,Meadow Spittlebug,27,4,2024
38.2093588767,15.2564726779,Italy,Philaenus spumarius,Meadow Spittlebug,27,4,2024
38.2093588767,15.2564726779,Italy,Philaenus spumarius,Meadow Spittlebug,27,4,2024
40.7261883333,17.2872883333,Italy,Philaenus spumarius,Meadow Spittlebug,3,5,2024
41.6067833333,14.2649055556,Italy,Philaenus spumarius,Meadow Spittlebug,16,4,2024
45.5234336667,8.976243,Italy,Philaenus spumarius,Meadow Spittlebug,5,5,2024
41.740745856,12.2522064659,Italy,Philaenus spumarius,Meadow Spittlebug,5,5,2024
43.8281148324,10.4826059202,Italy,Philaenus spumarius,Meadow Spittlebug,5,5,2024
42.3308816667,12.1537266667,Italy,Philaenus spumarius,Meadow Spittlebug,6,5,2024
45.1019408,7.7652503,Italy,Philaenus spumarius,Meadow Spittlebug,5,5,2024
44.66999529,10.61553077,Italy,Philaenus spumarius,Meadow Spittlebug,6,5,2024
43.90625,10.8033542633,Italy,Philaenus spumarius,Meadow Spittlebug,6,5,2024
40.9434929722,14.777043,Italy,Philaenus spumarius,Meadow Spittlebug,7,5,2024
45.3604077276,9.6530710555,Italy,Philaenus spumarius,Meadow Spittlebug,7,5,2024
45.3604749308,9.6529864956,Italy,Philaenus spumarius,Meadow Spittlebug,7,5,2024
45.3604749308,9.6529435802,Italy,Philaenus spumarius,Meadow Spittlebug,7,5,2024
45.3605503163,9.6528148342,Italy,Philaenus spumarius,Meadow Spittlebug,7,5,2024
39.2237193655,9.1217191145,Italy,Philaenus spumarius,Meadow Spittlebug,5,4,2024
39.1913671484,9.1622228175,Italy,Philaenus spumarius,Meadow Spittlebug,7,4,2024
42.132436236,12.0700297505,Italy,Philaenus spumarius,Meadow Spittlebug,8,5,2024
46.24644781,11.0599691,Italy,Philaenus spumarius,Meadow Spittlebug,9,5,2024
44.4896222222,11.2080361111,Italy,Philaenus spumarius,Meadow Spittlebug,9,5,2024
44.4893138889,11.2061194444,Italy,Philaenus spumarius,Meadow Spittlebug,9,5,2024
44.4883972222,11.2051972222,Italy,Philaenus spumarius,Meadow Spittlebug,9,5,2024
40.817405,14.43475,Italy,Philaenus spumarius,Meadow Spittlebug,10,5,2024
44.6099897232,11.1297466956,Italy,Philaenus spumarius,Meadow Spittlebug,9,5,2024
45.845183552,10.1484657079,Italy,Philaenus spumarius,Meadow Spittlebug,11,5,2024
44.522649,11.420899,Italy,Philaenus spumarius,Meadow Spittlebug,14,5,2024
43.75212313,10.62115438,Italy,Philaenus spumarius,Meadow Spittlebug,4,5,2024
43.7797851563,11.0787563324,Italy,Philaenus spumarius,Meadow Spittlebug,14,5,2024
45.0683865519,7.5499883961,Italy,Philaenus spumarius,Meadow Spittlebug,13,5,2024
45.5968623983,8.7275574356,Italy,Philaenus spumarius,Meadow Spittlebug,17,5,2024
45.017875,10.62537,Italy,Philaenus spumarius,Meadow Spittlebug,18,5,2024
45.71866737,9.26318505,Italy,Philaenus spumarius,Meadow Spittlebug,18,5,2024
45.7186783333,9.2630966667,Italy,Philaenus spumarius,Meadow Spittlebug,18,5,2024
45.7309582,9.2455697,Italy,Philaenus spumarius,Meadow Spittlebug,18,5,2024
45.7148617026,9.2625316694,Italy,Philaenus spumarius,Meadow Spittlebug,18,5,2024
45.80065,9.2168666667,Italy,Philaenus spumarius,Meadow Spittlebug,18,5,2024
45.534805,7.8440866667,Italy,Philaenus spumarius,Meadow Spittlebug,18,5,2024
45.7640163,8.9873024,Italy,Philaenus spumarius,Meadow Spittlebug,18,5,2024
45.6093574875,9.1666091513,Italy,Philaenus spumarius,Meadow Spittlebug,19,5,2024
44.5145222738,11.1292301863,Italy,Philaenus spumarius,Meadow Spittlebug,19,5,2024
44.0780703826,9.8231224716,Italy,Philaenus spumarius,Meadow Spittlebug,18,5,2024
45.718952525,9.2630802467,Italy,Philaenus spumarius,Meadow Spittlebug,18,5,2024
40.8154584046,16.3606657039,Italy,Philaenus spumarius,Meadow Spittlebug,26,4,2024
45.8255314855,8.624025844,Italy,Philaenus spumarius,Meadow Spittlebug,19,5,2024
43.7021583333,10.434275,Italy,Philaenus spumarius,Meadow Spittlebug,21,5,2024
43.1587694444,13.7057194444,Italy,Philaenus spumarius,Meadow Spittlebug,22,5,2024
44.9774633333,8.6736,Italy,Philaenus spumarius,Meadow Spittlebug,22,5,2024
45.078508,10.407607,Italy,Philaenus spumarius,Meadow Spittlebug,18,5,2024
44.9769985205,8.673077301,Italy,Philaenus spumarius,Meadow Spittlebug,22,5,2024
41.8305091667,13.2519578889,Italy,Philaenus spumarius,Meadow Spittlebug,23,5,2024
45.8259625417,8.8672210649,Italy,Philaenus spumarius,Meadow Spittlebug,23,5,2024
45.1898541264,7.6334903295,Italy,Philaenus spumarius,Meadow Spittlebug,23,5,2024
45.1429472222,7.5932361111,Italy,Philaenus spumarius,Meadow Spittlebug,24,5,2024
45.7049828371,9.6365329251,Italy,Philaenus spumarius,Meadow Spittlebug,24,5,2024
45.8259625417,8.8672210649,Italy,Philaenus spumarius,Meadow Spittlebug,24,5,2024
43.6570733333,10.5052233333,Italy,Philaenus spumarius,Meadow Spittlebug,25,5,2024
45.64477314,11.4443082735,Italy,Philaenus spumarius,Meadow Spittlebug,25,5,2024
44.468427126,11.2857991084,Italy,Philaenus spumarius,Meadow Spittlebug,26,5,2024
42.1029393654,12.1840163664,Italy,Philaenus spumarius,Meadow Spittlebug,26,5,2024
43.7191903361,10.5400574111,Italy,Philaenus spumarius,Meadow Spittlebug,26,5,2024
43.7194574,10.5400738,Italy,Philaenus spumarius,Meadow Spittlebug,26,5,2024
43.7594416667,10.3404616667,Italy,Philaenus spumarius,Meadow Spittlebug,24,5,2024
44.6557833333,10.9035083333,Italy,Philaenus spumarius,Meadow Spittlebug,27,5,2024
42.0978555,12.185975,Italy,Philaenus spumarius,Meadow Spittlebug,15,5,2024
45.7887001944,8.7185757235,Italy,Philaenus spumarius,Meadow Spittlebug,27,5,2024
45.5981683333,8.932495,Italy,Philaenus spumarius,Meadow Spittlebug,28,5,2024
45.545431,10.181602,Italy,Philaenus spumarius,Meadow Spittlebug,17,5,2024
41.6003716667,12.535275,Italy,Philaenus spumarius,Meadow Spittlebug,1,6,2024
45.6686705169,9.4397509843,Italy,Philaenus spumarius,Meadow Spittlebug,1,6,2024
44.7058428237,8.295398578,Italy,Philaenus spumarius,Meadow Spittlebug,1,6,2024
42.134251,13.3456447,Italy,Philaenus spumarius,Meadow Spittlebug,2,6,2024
45.4529666667,9.2277466667,Italy,Philaenus spumarius,Meadow Spittlebug,7,6,2024
44.5732421875,10.5865688324,Italy,Philaenus spumarius,Meadow Spittlebug,8,6,2024
46.6747987177,11.1688548792,Italy,Philaenus spumarius,Meadow Spittlebug,9,6,2024
44.3516076111,11.1359595135,Italy,Philaenus spumarius,Meadow Spittlebug,9,6,2024
45.4784240723,9.0839681625,Italy,Philaenus spumarius,Meadow Spittlebug,15,6,2024
43.9753456111,8.0705480556,Italy,Philaenus spumarius,Meadow Spittlebug,15,6,2024
45.6686705169,9.4397509843,Italy,Philaenus spumarius,Meadow Spittlebug,16,6,2024
45.4897338018,11.5057347889,Italy,Philaenus spumarius,Meadow Spittlebug,12,6,2024
44.5951205151,11.0523258895,Italy,Philaenus spumarius,Meadow Spittlebug,18,6,2024
42.7755283376,11.0938239713,Italy,Philaenus spumarius,Meadow Spittlebug,24,5,2024
42.7755283376,11.0938239713,Italy,Philaenus spumarius,Meadow Spittlebug,26,5,2024
42.7755283376,11.0938239713,Italy,Philaenus spumarius,Meadow Spittlebug,27,5,2024
42.7755283376,11.0938239713,Italy,Philaenus spumarius,Meadow Spittlebug,31,5,2024
42.7755283376,11.0938239713,Italy,Philaenus spumarius,Meadow Spittlebug,9,6,2024
45.6850062689,9.5705133406,Italy,Philaenus spumarius,Meadow Spittlebug,14,6,2024
45.87273052,10.76409719,Italy,Philaenus spumarius,Meadow Spittlebug,26,6,2024
44.1763040942,12.3414153233,Italy,Philaenus spumarius,Meadow Spittlebug,16,6,2024
44.578361,10.996135,Italy,Philaenus spumarius,Meadow Spittlebug,1,7,2024
45.7647074712,7.7103913575,Italy,Philaenus spumarius,Meadow Spittlebug,2,7,2024
44.3858007,7.510438,Italy,Philaenus spumarius,Meadow Spittlebug,3,7,2024
45.7782379894,8.4310182735,Italy,Philaenus spumarius,Meadow Spittlebug,16,6,2024
46.8211210258,11.9275719375,Italy,Philaenus spumarius,Meadow Spittlebug,6,7,2024
45.85752796,9.4206588369,Italy,Philaenus spumarius,Meadow Spittlebug,2,7,2024
45.3614186555,9.6529435802,Italy,Philaenus spumarius,Meadow Spittlebug,12,7,2024
46.46065,12.2061766667,Italy,Philaenus spumarius,Meadow Spittlebug,13,7,2024
46.46071,12.2060533333,Italy,Philaenus spumarius,Meadow Spittlebug,13,7,2024
46.501,13.503,Italy,Philaenus spumarius,Meadow Spittlebug,2,7,2024
46.4650233333,12.2012183333,Italy,Philaenus spumarius,Meadow Spittlebug,14,7,2024
46.465725,12.20028,Italy,Philaenus spumarius,Meadow Spittlebug,14,7,2024
46.4608083333,12.2058416667,Italy,Philaenus spumarius,Meadow Spittlebug,14,7,2024
42.7755283376,11.0938239713,Italy,Philaenus spumarius,Meadow Spittlebug,11,7,2024
46.4621041542,12.2007988393,Italy,Philaenus spumarius,Meadow Spittlebug,19,7,2024
39.9437914458,9.1651792824,Italy,Philaenus spumarius,Meadow Spittlebug,4,6,2024
46.2618057394,12.0479638875,Italy,Philaenus spumarius,Meadow Spittlebug,22,7,2024
39.9507642808,9.2023094371,Italy,Philaenus spumarius,Meadow Spittlebug,4,6,2024
46.3627265092,10.6734075397,Italy,Philaenus spumarius,Meadow Spittlebug,25,7,2024
45.5148123226,11.5058089825,Italy,Philaenus spumarius,Meadow Spittlebug,24,7,2024
42.7382850431,11.0661241785,Italy,Philaenus spumarius,Meadow Spittlebug,27,7,2024
46.145116,11.4353595,Italy,Philaenus spumarius,Meadow Spittlebug,27,7,2024
43.2432784047,12.0445346832,Italy,Philaenus spumarius,Meadow Spittlebug,25,7,2024
42.1293878886,14.3743518717,Italy,Philaenus spumarius,Meadow Spittlebug,26,7,2024
46.9806216667,11.6515633333,Italy,Philaenus spumarius,Meadow Spittlebug,28,7,2024
46.8375314997,11.2930603997,Italy,Philaenus spumarius,Meadow Spittlebug,29,7,2024
46.0433333333,12.2677777778,Italy,Philaenus spumarius,Meadow Spittlebug,29,7,2024
45.8663671242,11.2673640743,Italy,Philaenus spumarius,Meadow Spittlebug,28,7,2024
45.8663671242,11.2673640743,Italy,Philaenus spumarius,Meadow Spittlebug,28,7,2024
46.8153699064,11.5229524844,Italy,Philaenus spumarius,Meadow Spittlebug,2,8,2024
39.9558397533,9.2369873822,Italy,Philaenus spumarius,Meadow Spittlebug,6,6,2024
46.41048,11.61244,Italy,Philaenus spumarius,Meadow Spittlebug,4,8,2024
46.40252,11.617993,Italy,Philaenus spumarius,Meadow Spittlebug,4,8,2024
45.6908683056,11.12391,Italy,Philaenus spumarius,Meadow Spittlebug,27,7,2024
45.6080628704,11.3903782764,Italy,Philaenus spumarius,Meadow Spittlebug,7,8,2024
46.4300361111,11.7162638889,Italy,Philaenus spumarius,Meadow Spittlebug,7,8,2024
43.8587692997,11.2547533,Italy,Philaenus spumarius,Meadow Spittlebug,11,8,2024
45.5244352444,7.2013979011,Italy,Philaenus spumarius,Meadow Spittlebug,11,8,2024
46.4776028268,11.7491289228,Italy,Philaenus spumarius,Meadow Spittlebug,9,8,2024
44.2499044051,9.8220526055,Italy,Philaenus spumarius,Meadow Spittlebug,12,8,2024
44.1950638889,11.3089444444,Italy,Philaenus spumarius,Meadow Spittlebug,15,8,2024
46.3418204661,11.5574871004,Italy,Philaenus spumarius,Meadow Spittlebug,14,8,2024
44.4905972222,11.208625,Italy,Philaenus spumarius,Meadow Spittlebug,18,8,2024
44.4906333333,11.2086138889,Italy,Philaenus spumarius,Meadow Spittlebug,18,8,2024
44.4889694444,11.2077583333,Italy,Philaenus spumarius,Meadow Spittlebug,18,8,2024
45.5228809722,11.520701,Italy,Philaenus spumarius,Meadow Spittlebug,15,8,2024
43.668499806,10.6540168021,Italy,Philaenus spumarius,Meadow Spittlebug,19,8,2024
45.6209075388,7.5931838527,Italy,Philaenus spumarius,Meadow Spittlebug,24,8,2024
46.4389266667,11.0594416667,Italy,Philaenus spumarius,Meadow Spittlebug,25,8,2024
41.61190191,12.91533594,Italy,Philaenus spumarius,Meadow Spittlebug,30,8,2024
42.0489006042,12.1231908797,Italy,Philaenus spumarius,Meadow Spittlebug,30,8,2024
43.6090249982,13.1468192378,Italy,Philaenus spumarius,Meadow Spittlebug,2,9,2024
43.6090249982,13.1468192378,Italy,Philaenus spumarius,Meadow Spittlebug,2,9,2024
46.7123446188,12.3830008825,Italy,Philaenus spumarius,Meadow Spittlebug,1,9,2024
40.8158874512,14.3661785126,Italy,Philaenus spumarius,Meadow Spittlebug,16,9,2024
45.3634992232,9.6570205379,Italy,Philaenus spumarius,Meadow Spittlebug,19,9,2024
45.6076500667,11.3898473709,Italy,Philaenus spumarius,Meadow Spittlebug,19,9,2024
41.567405,14.67555,Italy,Philaenus spumarius,Meadow Spittlebug,24,9,2024
46.0665305556,11.138,Italy,Philaenus spumarius,Meadow Spittlebug,27,9,2024
42.2285576401,12.5972864019,Italy,Philaenus spumarius,Meadow Spittlebug,5,10,2024
44.9342892234,11.4801762813,Italy,Philaenus spumarius,Meadow Spittlebug,5,9,2024
43.7002305556,10.3999833333,Italy,Philaenus spumarius,Meadow Spittlebug,5,10,2024
42.0978611667,12.1860716667,Italy,Philaenus spumarius,Meadow Spittlebug,6,10,2024
42.0978666667,12.1860866667,Italy,Philaenus spumarius,Meadow Spittlebug,6,10,2024
45.5929695,9.2756362,Italy,Philaenus spumarius,Meadow Spittlebug,9,10,2024
45.4282889722,10.968588,Italy,Philaenus spumarius,Meadow Spittlebug,10,10,2024
43.993855,10.231825,Italy,Philaenus spumarius,Meadow Spittlebug,12,10,2024
42.7755283376,11.0938239713,Italy,Philaenus spumarius,Meadow Spittlebug,11,10,2024
45.5215916667,10.2503,Italy,Philaenus spumarius,Meadow Spittlebug,14,10,2024
44.4851244985,11.3556911051,Italy,Philaenus spumarius,Meadow Spittlebug,6,10,2024
44.287295,9.454387,Italy,Philaenus spumarius,Meadow Spittlebug,20,10,2024
43.1456472966,13.0679331867,Italy,Philaenus spumarius,Meadow Spittlebug,21,10,2024
42.08344,11.96368,Italy,Philaenus spumarius,Meadow Spittlebug,20,10,2024
43.722864058,10.3874146566,Italy,Philaenus spumarius,Meadow Spittlebug,22,10,2024
42.1962816254,14.5441131704,Italy,Philaenus spumarius,Meadow Spittlebug,25,10,2024
40.7520482475,16.3715019875,Italy,Philaenus spumarius,Meadow Spittlebug,27,7,2024
43.1043263915,10.5573397534,Italy,Philaenus spumarius,Meadow Spittlebug,31,5,2024
40.3847121645,15.092078585,Italy,Philaenus spumarius,Meadow Spittlebug,25,3,2025
43.7250702021,10.313119303,Italy,Philaenus spumarius,Meadow Spittlebug,30,3,2025
41.3184104997,13.3188908,Italy,Philaenus spumarius,Meadow Spittlebug,7,4,2025
41.8915996286,12.482859154,Italy,Philaenus spumarius,Meadow Spittlebug,8,4,2025
41.9534960389,12.5286321715,Italy,Philaenus spumarius,Meadow Spittlebug,8,4,2025
41.952367,12.5274078997,Italy,Philaenus spumarius,Meadow Spittlebug,9,4,2025
42.9243236179,10.7663127251,Italy,Philaenus spumarius,Meadow Spittlebug,10,4,2025
43.6090240478,13.4565458297,Italy,Philaenus spumarius,Meadow Spittlebug,10,4,2025
45.3604637099,9.655045867,Italy,Philaenus spumarius,Meadow Spittlebug,7,5,2024
43.6035041808,13.4489755628,Italy,Philaenus spumarius,Meadow Spittlebug,13,4,2025
39.8177874472,15.7905714111,Italy,Philaenus spumarius,Meadow Spittlebug,13,4,2025
44.1777973298,12.3343735188,Italy,Philaenus spumarius,Meadow Spittlebug,17,4,2025
42.7835265699,10.9436917305,Italy,Philaenus spumarius,Meadow Spittlebug,18,4,2025
44.6809275761,8.4610571712,Italy,Philaenus spumarius,Meadow Spittlebug,19,4,2025
41.0990305,16.86823,Italy,Philaenus spumarius,Meadow Spittlebug,19,4,2025
43.6008112136,12.885174025,Italy,Philaenus spumarius,Meadow Spittlebug,19,4,2025
43.63810865,13.08551482,Italy,Philaenus spumarius,Meadow Spittlebug,20,4,2025
45.6118983234,9.2697764581,Italy,Philaenus spumarius,Meadow Spittlebug,20,4,2025
45.4716138889,11.8568083333,Italy,Philaenus spumarius,Meadow Spittlebug,20,4,2025
41.1605174827,9.179120919,Italy,Philaenus spumarius,Meadow Spittlebug,19,4,2025
44.7082633333,12.2335616667,Italy,Philaenus spumarius,Meadow Spittlebug,21,4,2025
42.7286206128,10.1556115271,Italy,Philaenus spumarius,Meadow Spittlebug,5,4,2025
42.7386354198,10.1711080213,Italy,Philaenus spumarius,Meadow Spittlebug,7,4,2025
44.6958685601,10.5165201661,Italy,Philaenus spumarius,Meadow Spittlebug,21,4,2025
44.6772834774,10.4662143313,Italy,Philaenus spumarius,Meadow Spittlebug,22,4,2025
43.6740333333,10.8791416667,Italy,Philaenus spumarius,Meadow Spittlebug,22,4,2025
41.2172199619,14.8575543612,Italy,Philaenus spumarius,Meadow Spittlebug,23,4,2025
45.4542843808,9.3224512786,Italy,Philaenus spumarius,Meadow Spittlebug,25,4,2025
43.9639660325,12.7744399842,Italy,Philaenus spumarius,Meadow Spittlebug,25,4,2025
45.7626305939,9.5972838788,Italy,Philaenus spumarius,Meadow Spittlebug,25,4,2025
42.0275093363,12.9194704033,Italy,Philaenus spumarius,Meadow Spittlebug,25,4,2025
42.1613611667,12.216375,Italy,Philaenus spumarius,Meadow Spittlebug,25,4,2025
40.1904762374,18.0882328449,Italy,Philaenus spumarius,Meadow Spittlebug,21,4,2025
45.5195916667,12.38163,Italy,Philaenus spumarius,Meadow Spittlebug,26,4,2025
43.3123294967,11.3367892697,Italy,Philaenus spumarius,Meadow Spittlebug,26,4,2025
42.10754911,12.43176358,Italy,Philaenus spumarius,Meadow Spittlebug,26,4,2025
43.3121121444,11.3378796444,Italy,Philaenus spumarius,Meadow Spittlebug,26,4,2025
45.0867574481,7.6323186234,Italy,Philaenus spumarius,Meadow Spittlebug,26,4,2025
41.7242493,12.9955539,Italy,Philaenus spumarius,Meadow Spittlebug,27,4,2025
41.7245866667,12.9950033333,Italy,Philaenus spumarius,Meadow Spittlebug,27,4,2025
45.5894966667,9.7067816667,Italy,Philaenus spumarius,Meadow Spittlebug,27,4,2025
43.3121166667,11.336885,Italy,Philaenus spumarius,Meadow Spittlebug,27,4,2025
45.5688966667,11.46721,Italy,Philaenus spumarius,Meadow Spittlebug,27,4,2025
45.6292533611,8.4644326944,Italy,Philaenus spumarius,Meadow Spittlebug,27,4,2025
43.311881195,11.3366242656,Italy,Philaenus spumarius,Meadow Spittlebug,27,4,2025
41.0781088102,16.2704905329,Italy,Philaenus spumarius,Meadow Spittlebug,27,4,2025
39.518055,8.620545,Italy,Philaenus spumarius,Meadow Spittlebug,27,4,2025
45.0100832525,7.6458119929,Italy,Philaenus spumarius,Meadow Spittlebug,27,4,2025
41.1885847,15.3059537,Italy,Philaenus spumarius,Meadow Spittlebug,27,4,2025
41.935725,16.0272027778,Italy,Philaenus spumarius,Meadow Spittlebug,18,4,2025
45.0169937,7.6054005,Italy,Philaenus spumarius,Meadow Spittlebug,28,4,2025
44.4444105078,11.3770228949,Italy,Philaenus spumarius,Meadow Spittlebug,28,4,2025
41.670375,12.398475,Italy,Philaenus spumarius,Meadow Spittlebug,28,4,2025
45.63467025,8.4170827778,Italy,Philaenus spumarius,Meadow Spittlebug,28,4,2025
45.6002662472,8.9795653895,Italy,Philaenus spumarius,Meadow Spittlebug,28,4,2025
45.5032067185,9.1877650178,Italy,Philaenus spumarius,Meadow Spittlebug,29,4,2025
38.2115554391,15.2447942644,Italy,Philaenus spumarius,Meadow Spittlebug,28,4,2025
45.384425,12.3518055556,Italy,Philaenus spumarius,Meadow Spittlebug,30,4,2025
40.3742993001,15.2368359436,Italy,Philaenus spumarius,Meadow Spittlebug,30,4,2025
44.5035988114,11.4161444083,Italy,Philaenus spumarius,Meadow Spittlebug,26,4,2025
42.1065426012,12.4333859235,Italy,Philaenus spumarius,Meadow Spittlebug,26,4,2025
42.4316066667,11.9018966667,Italy,Philaenus spumarius,Meadow Spittlebug,1,5,2025
45.703396,9.94828339,Italy,Philaenus spumarius,Meadow Spittlebug,30,4,2025
44.6301186,10.9315468,Italy,Philaenus spumarius,Meadow Spittlebug,29,4,2025
44.6301186,10.9315468,Italy,Philaenus spumarius,Meadow Spittlebug,30,4,2025
44.6301186,10.9315468,Italy,Philaenus spumarius,Meadow Spittlebug,30,4,2025
44.6301186,10.9315468,Italy,Philaenus spumarius,Meadow Spittlebug,30,4,2025
44.6301186,10.9315468,Italy,Philaenus spumarius,Meadow Spittlebug,30,4,2025
44.6301186,10.9315468,Italy,Philaenus spumarius,Meadow Spittlebug,30,4,2025
44.6301186,10.9315468,Italy,Philaenus spumarius,Meadow Spittlebug,30,4,2025
44.6301186,10.9315468,Italy,Philaenus spumarius,Meadow Spittlebug,30,4,2025
44.6301186,10.9315468,Italy,Philaenus spumarius,Meadow Spittlebug,30,4,2025
42.0385227,13.0120117997,Italy,Philaenus spumarius,Meadow Spittlebug,2,5,2025
42.7778513,10.2202435997,Italy,Philaenus spumarius,Meadow Spittlebug,2,5,2025
44.3342818922,7.7815788612,Italy,Philaenus spumarius,Meadow Spittlebug,1,5,2025
41.9530099997,12.5281617,Italy,Philaenus spumarius,Meadow Spittlebug,3,5,2025
42.8092091012,10.190098739,Italy,Philaenus spumarius,Meadow Spittlebug,8,4,2025
42.8092063448,10.1850347284,Italy,Philaenus spumarius,Meadow Spittlebug,8,4,2025
43.7734216667,10.7096866667,Italy,Philaenus spumarius,Meadow Spittlebug,4,5,2025
44.4325544,8.7509809,Italy,Philaenus spumarius,Meadow Spittlebug,3,5,2025
45.7197486342,9.603831768,Italy,Philaenus spumarius,Meadow Spittlebug,5,5,2025
44.5114138889,11.1893027778,Italy,Philaenus spumarius,Meadow Spittlebug,5,5,2025
40.6162850819,16.1485076704,Italy,Philaenus spumarius,Meadow Spittlebug,5,5,2025
41.7311092055,12.2862694412,Italy,Philaenus spumarius,Meadow Spittlebug,5,5,2025
42.2200739997,12.5984365,Italy,Philaenus spumarius,Meadow Spittlebug,6,5,2025
44.1770932775,12.3343198746,Italy,Philaenus spumarius,Meadow Spittlebug,7,5,2025
42.2051839,12.6072787997,Italy,Philaenus spumarius,Meadow Spittlebug,8,5,2025
44.1906966667,12.40502,Italy,Philaenus spumarius,Meadow Spittlebug,9,5,2025
42.7755283376,11.0938239713,Italy,Philaenus spumarius,Meadow Spittlebug,4,5,2025
43.7223866667,10.5246583333,Italy,Philaenus spumarius,Meadow Spittlebug,9,5,2025
42.0396,11.83477,Italy,Philaenus spumarius,Meadow Spittlebug,9,5,2025
44.1479378,9.6895886,Italy,Philaenus spumarius,Meadow Spittlebug,1,5,2025
45.3352066667,10.3408916667,Italy,Philaenus spumarius,Meadow Spittlebug,10,5,2025
45.6400509464,10.029694756,Italy,Philaenus spumarius,Meadow Spittlebug,10,5,2025
43.6684200107,10.6540262339,Italy,Philaenus spumarius,Meadow Spittlebug,10,5,2025
44.6928944444,12.2363527778,Italy,Philaenus spumarius,Meadow Spittlebug,10,5,2025
45.0677399458,8.6098030591,Italy,Philaenus spumarius,Meadow Spittlebug,9,5,2025
42.1347937254,11.973273715,Italy,Philaenus spumarius,Meadow Spittlebug,10,5,2025
42.0978611667,12.1859966667,Italy,Philaenus spumarius,Meadow Spittlebug,12,5,2025
43.8042721651,11.3005447475,Italy,Philaenus spumarius,Meadow Spittlebug,13,5,2025
43.80124693,11.30141808,Italy,Philaenus spumarius,Meadow Spittlebug,13,5,2025
44.471692,11.415967,Italy,Philaenus spumarius,Meadow Spittlebug,13,5,2025
44.49740836,7.7047483026,Italy,Philaenus spumarius,Meadow Spittlebug,13,5,2025
44.7469200946,10.4056207875,Italy,Philaenus spumarius,Meadow Spittlebug,13,5,2025
42.4060481053,11.208563894,Italy,Philaenus spumarius,Meadow Spittlebug,23,4,2025
44.7680587769,10.3158073425,Italy,Philaenus spumarius,Meadow Spittlebug,14,5,2025
45.6877116667,9.640925,Italy,Philaenus spumarius,Meadow Spittlebug,14,5,2025
45.335265,10.3411666667,Italy,Philaenus spumarius,Meadow Spittlebug,14,5,2025
45.6553854566,9.038811028,Italy,Philaenus spumarius,Meadow Spittlebug,14,5,2025
44.445945,7.3963109722,Italy,Philaenus spumarius,Meadow Spittlebug,15,5,2025
45.4304273222,9.237709984,Italy,Philaenus spumarius,Meadow Spittlebug,16,5,2025
45.68467356,9.24384135,Italy,Philaenus spumarius,Meadow Spittlebug,16,5,2025
44.6899283333,11.0854416667,Italy,Philaenus spumarius,Meadow Spittlebug,17,5,2025
44.6901149745,11.0853683576,Italy,Philaenus spumarius,Meadow Spittlebug,17,5,2025
44.6902816667,11.0854083333,Italy,Philaenus spumarius,Meadow Spittlebug,17,5,2025
44.689895,11.0851833333,Italy,Philaenus spumarius,Meadow Spittlebug,17,5,2025
44.68997216,11.08534431,Italy,Philaenus spumarius,Meadow Spittlebug,17,5,2025
44.6900516667,11.0852616667,Italy,Philaenus spumarius,Meadow Spittlebug,17,5,2025
44.68999,11.0853883333,Italy,Philaenus spumarius,Meadow Spittlebug,17,5,2025
44.6900652685,11.0854017232,Italy,Philaenus spumarius,Meadow Spittlebug,17,5,2025
44.6900305556,11.0853472222,Italy,Philaenus spumarius,Meadow Spittlebug,17,5,2025
44.690105,11.0854445,Italy,Philaenus spumarius,Meadow Spittlebug,17,5,2025
44.6901533316,11.0854593717,Italy,Philaenus spumarius,Meadow Spittlebug,17,5,2025
43.8692814949,10.9151436388,Italy,Philaenus spumarius,Meadow Spittlebug,17,5,2025
44.6900633333,11.0854028333,Italy,Philaenus spumarius,Meadow Spittlebug,17,5,2025
44.6934951,11.08760351,Italy,Philaenus spumarius,Meadow Spittlebug,17,5,2025
44.6917441858,11.0867929457,Italy,Philaenus spumarius,Meadow Spittlebug,17,5,2025
45.5780890727,8.9425011879,Italy,Philaenus spumarius,Meadow Spittlebug,18,5,2025
45.5781211102,8.9420488655,Italy,Philaenus spumarius,Meadow Spittlebug,18,5,2025
45.6950028526,12.2717922181,Italy,Philaenus spumarius,Meadow Spittlebug,17,5,2025
44.690105,11.0854445,Italy,Philaenus spumarius,Meadow Spittlebug,17,5,2025
44.6901333333,11.0854,Italy,Philaenus spumarius,Meadow Spittlebug,17,5,2025
43.7326059368,10.3921755682,Italy,Philaenus spumarius,Meadow Spittlebug,19,5,2025
46.0778323044,9.3092896789,Italy,Philaenus spumarius,Meadow Spittlebug,19,5,2025
43.4589364549,13.1066145278,Italy,Philaenus spumarius,Meadow Spittlebug,20,5,2025
42.5358348908,12.3443010449,Italy,Philaenus spumarius,Meadow Spittlebug,20,5,2025
45.36242158,9.6460792422,Italy,Philaenus spumarius,Meadow Spittlebug,16,5,2025
43.705247385,10.4230353981,Italy,Philaenus spumarius,Meadow Spittlebug,19,5,2025
43.7176824657,10.3759063035,Italy,Philaenus spumarius,Meadow Spittlebug,21,5,2025
43.7592364173,10.4450904168,Italy,Philaenus spumarius,Meadow Spittlebug,21,5,2025
42.0599146155,11.9433490187,Italy,Philaenus spumarius,Meadow Spittlebug,20,5,2025
43.717608673,10.3779734839,Italy,Philaenus spumarius,Meadow Spittlebug,19,5,2025
43.5855027778,10.55255,Italy,Philaenus spumarius,Meadow Spittlebug,21,5,2025
45.5210058097,10.2483268977,Italy,Philaenus spumarius,Meadow Spittlebug,22,5,2025
43.733592483,10.4187556343,Italy,Philaenus spumarius,Meadow Spittlebug,20,5,2025
43.7242404128,10.4329498349,Italy,Philaenus spumarius,Meadow Spittlebug,20,5,2025
43.7056019748,10.4202274606,Italy,Philaenus spumarius,Meadow Spittlebug,23,5,2025
46.3688521997,13.1150105997,Italy,Philaenus spumarius,Meadow Spittlebug,23,5,2025
46.36903,13.1143861667,Italy,Philaenus spumarius,Meadow Spittlebug,23,5,2025
43.7222633333,10.5226466667,Italy,Philaenus spumarius,Meadow Spittlebug,22,5,2025
43.7535283333,10.430005,Italy,Philaenus spumarius,Meadow Spittlebug,23,5,2025
43.758495,10.43498,Italy,Philaenus spumarius,Meadow Spittlebug,23,5,2025
43.75847,10.43507,Italy,Philaenus spumarius,Meadow Spittlebug,23,5,2025
43.7584783333,10.43507,Italy,Philaenus spumarius,Meadow Spittlebug,23,5,2025
46.3691366667,13.1120721667,Italy,Philaenus spumarius,Meadow Spittlebug,23,5,2025
43.5647694444,10.5556888889,Italy,Philaenus spumarius,Meadow Spittlebug,23,5,2025
39.2942983333,16.33124,Italy,Philaenus spumarius,Meadow Spittlebug,23,5,2025
41.2894771347,13.0631500432,Italy,Philaenus spumarius,Meadow Spittlebug,21,4,2025
45.5398666667,9.3158866667,Italy,Philaenus spumarius,Meadow Spittlebug,23,5,2025
46.354951895,13.2420476154,Italy,Philaenus spumarius,Meadow Spittlebug,23,5,2025
45.9380253233,9.3857289478,Italy,Philaenus spumarius,Meadow Spittlebug,24,5,2025
40.8727384456,14.306663163,Italy,Philaenus spumarius,Meadow Spittlebug,24,5,2025
43.716745641,10.3901669383,Italy,Philaenus spumarius,Meadow Spittlebug,23,5,2025
45.6536377979,10.0299022275,Italy,Philaenus spumarius,Meadow Spittlebug,24,5,2025
45.6536377979,10.0299022275,Italy,Philaenus spumarius,Meadow Spittlebug,24,5,2025
45.6536377979,10.0299022275,Italy,Philaenus spumarius,Meadow Spittlebug,24,5,2025
45.3231865074,9.9392051439,Italy,Philaenus spumarius,Meadow Spittlebug,24,5,2025
45.3231865074,9.9392051439,Italy,Philaenus spumarius,Meadow Spittlebug,24,5,2025
45.3231865074,9.9392051439,Italy,Philaenus spumarius,Meadow Spittlebug,24,5,2025
45.3231865074,9.9392051439,Italy,Philaenus spumarius,Meadow Spittlebug,24,5,2025
45.3231865074,9.9392051439,Italy,Philaenus spumarius,Meadow Spittlebug,24,5,2025
42.157886305,12.010570783,Italy,Philaenus spumarius,Meadow Spittlebug,24,5,2025
43.7335339738,10.4190227776,Italy,Philaenus spumarius,Meadow Spittlebug,22,5,2025
43.7575972104,10.4440524086,Italy,Philaenus spumarius,Meadow Spittlebug,23,5,2025
43.82367473,10.70129603,Italy,Philaenus spumarius,Meadow Spittlebug,25,5,2025
42.8385283333,11.56117,Italy,Philaenus spumarius,Meadow Spittlebug,25,5,2025
41.8337059722,13.1012669722,Italy,Philaenus spumarius,Meadow Spittlebug,24,5,2025
46.2463533166,11.0600799833,Italy,Philaenus spumarius,Meadow Spittlebug,25,5,2025
43.962341,12.7096319722,Italy,Philaenus spumarius,Meadow Spittlebug,25,5,2025
43.6897638928,10.5470829939,Italy,Philaenus spumarius,Meadow Spittlebug,24,5,2025
46.4093416667,11.3908055556,Italy,Philaenus spumarius,Meadow Spittlebug,25,5,2025
43.7515716667,10.4819116667,Italy,Philaenus spumarius,Meadow Spittlebug,25,5,2025
45.6908312736,8.8771315999,Italy,Philaenus spumarius,Meadow Spittlebug,25,5,2025
45.5936973278,11.4279269503,Italy,Philaenus spumarius,Meadow Spittlebug,25,5,2025
45.5938274777,11.4279173584,Italy,Philaenus spumarius,Meadow Spittlebug,25,5,2025
45.5937847283,11.4279269366,Italy,Philaenus spumarius,Meadow Spittlebug,25,5,2025
45.5937368069,11.4279320329,Italy,Philaenus spumarius,Meadow Spittlebug,25,5,2025
42.3103279097,13.851053752,Italy,Philaenus spumarius,Meadow Spittlebug,24,5,2025
44.6157699722,10.799875,Italy,Philaenus spumarius,Meadow Spittlebug,26,5,2025
38.1646944399,14.9302912987,Italy,Philaenus spumarius,Meadow Spittlebug,26,5,2025
43.5853777778,10.5531138889,Italy,Philaenus spumarius,Meadow Spittlebug,27,5,2025
45.7824933333,9.044535,Italy,Philaenus spumarius,Meadow Spittlebug,27,5,2025
45.390335,10.7737916667,Italy,Philaenus spumarius,Meadow Spittlebug,25,5,2025
43.3186972677,10.5527913468,Italy,Philaenus spumarius,Meadow Spittlebug,28,5,2025
45.6866716667,9.6504283333,Italy,Philaenus spumarius,Meadow Spittlebug,28,5,2025
44.4730222222,11.0955861111,Italy,Philaenus spumarius,Meadow Spittlebug,28,5,2025
45.9380253233,9.3857289478,Italy,Philaenus spumarius,Meadow Spittlebug,28,5,2025
45.5549180245,10.5736908727,Italy,Philaenus spumarius,Meadow Spittlebug,31,5,2025
44.4600305556,11.2137166667,Italy,Philaenus spumarius,Meadow Spittlebug,31,5,2025
44.4616805556,11.2116694444,Italy,Philaenus spumarius,Meadow Spittlebug,31,5,2025
42.1315611667,12.0903333333,Italy,Philaenus spumarius,Meadow Spittlebug,3,6,2025
42.13155,12.0902888333,Italy,Philaenus spumarius,Meadow Spittlebug,3,6,2025
45.0353416667,7.46885,Italy,Philaenus spumarius,Meadow Spittlebug,5,6,2025
45.8532199133,8.8978857011,Italy,Philaenus spumarius,Meadow Spittlebug,5,6,2025
45.6454086111,8.4810800556,Italy,Philaenus spumarius,Meadow Spittlebug,6,6,2025
45.0788179806,7.2597035628,Italy,Philaenus spumarius,Meadow Spittlebug,28,5,2025
44.50108,11.0408221667,Italy,Philaenus spumarius,Meadow Spittlebug,7,6,2025
44.5766521272,8.0655005282,Italy,Philaenus spumarius,Meadow Spittlebug,8,6,2025
45.7475268,7.4997002997,Italy,Philaenus spumarius,Meadow Spittlebug,7,6,2025
46.1311235981,11.0942129684,Italy,Philaenus spumarius,Meadow Spittlebug,7,6,2025
44.6956790995,12.1801971272,Italy,Philaenus spumarius,Meadow Spittlebug,13,6,2025
40.7262790677,17.2871314354,Italy,Philaenus spumarius,Meadow Spittlebug,9,6,2025
45.6009122617,7.706194523,Italy,Philaenus spumarius,Meadow Spittlebug,6,6,2025
45.6665883333,9.4284783333,Italy,Philaenus spumarius,Meadow Spittlebug,18,6,2025
45.9647109916,10.8582703953,Italy,Philaenus spumarius,Meadow Spittlebug,18,6,2025
39.1894634445,16.1043480411,Italy,Philaenus spumarius,Meadow Spittlebug,21,6,2025
40.957459054,15.6447200105,Italy,Philaenus spumarius,Meadow Spittlebug,4,6,2025
40.8338458219,14.4568527862,Italy,Philaenus spumarius,Meadow Spittlebug,22,6,2025
42.1142038,13.33958145,Italy,Philaenus spumarius,Meadow Spittlebug,6,6,2025
42.11344753,13.34016575,Italy,Philaenus spumarius,Meadow Spittlebug,29,6,2025
45.320045,11.8076116667,Italy,Philaenus spumarius,Meadow Spittlebug,6,7,2025
45.6224759722,9.89905,Italy,Philaenus spumarius,Meadow Spittlebug,6,7,2025
46.443987,12.387081,Italy,Philaenus spumarius,Meadow Spittlebug,5,7,2025
40.2854972222,15.4950694444,Italy,Philaenus spumarius,Meadow Spittlebug,6,7,2025
46.685125,12.3578416667,Italy,Philaenus spumarius,Meadow Spittlebug,5,7,2025
40.2871722222,15.4963694444,Italy,Philaenus spumarius,Meadow Spittlebug,9,7,2025
40.6219930556,14.5691780556,Italy,Philaenus spumarius,Meadow Spittlebug,6,5,2025
42.11120138,13.3456685,Italy,Philaenus spumarius,Meadow Spittlebug,8,7,2025
45.6440416432,10.0291371498,Italy,Philaenus spumarius,Meadow Spittlebug,13,7,2025
42.13328904,13.33868056,Italy,Philaenus spumarius,Meadow Spittlebug,13,7,2025
46.2443300354,11.0589426187,Italy,Philaenus spumarius,Meadow Spittlebug,13,7,2025
45.6845196095,7.2800436616,Italy,Philaenus spumarius,Meadow Spittlebug,16,7,2025
45.671636121,12.1618625522,Italy,Philaenus spumarius,Meadow Spittlebug,24,7,2025
46.6960297506,11.1085485084,Italy,Philaenus spumarius,Meadow Spittlebug,11,7,2025
45.8003835709,10.019785054,Italy,Philaenus spumarius,Meadow Spittlebug,26,5,2025
45.6712744637,8.1923759747,Italy,Philaenus spumarius,Meadow Spittlebug,26,7,2025
42.10812031,13.34584875,Italy,Philaenus spumarius,Meadow Spittlebug,17,7,2025
42.11051448,13.34624718,Italy,Philaenus spumarius,Meadow Spittlebug,17,7,2025
46.694405,11.1827483333,Italy,Philaenus spumarius,Meadow Spittlebug,31,7,2025
45.7360124295,7.54325615,Italy,Philaenus spumarius,Meadow Spittlebug,13,6,2025
46.8299492156,11.6461086273,Italy,Philaenus spumarius,Meadow Spittlebug,16,7,2025
46.52657,11.9468916667,Italy,Philaenus spumarius,Meadow Spittlebug,13,8,2025
46.48852751,11.60934702,Italy,Philaenus spumarius,Meadow Spittlebug,13,8,2025
40.1319007806,18.0710009434,Italy,Philaenus spumarius,Meadow Spittlebug,2,8,2025
45.323250304,9.9430479668,Italy,Philaenus spumarius,Meadow Spittlebug,17,8,2025
45.6746917612,8.5882502049,Italy,Philaenus spumarius,Meadow Spittlebug,16,8,2025
45.7076,9.6583883333,Italy,Philaenus spumarius,Meadow Spittlebug,19,8,2025
44.3724694444,9.87895,Italy,Philaenus spumarius,Meadow Spittlebug,22,8,2025
43.6440459143,10.6355704518,Italy,Philaenus spumarius,Meadow Spittlebug,17,8,2025
42.0247567997,12.9094452,Italy,Philaenus spumarius,Meadow Spittlebug,23,8,2025
42.1298236,13.3395514,Italy,Philaenus spumarius,Meadow Spittlebug,24,8,2025
45.313515,10.8591066389,Italy,Philaenus spumarius,Meadow Spittlebug,25,8,2025
42.1330483835,12.0778034627,Italy,Philaenus spumarius,Meadow Spittlebug,27,8,2025
45.1419225123,9.9070087384,Italy,Philaenus spumarius,Meadow Spittlebug,30,8,2025
45.1419225123,9.9070087384,Italy,Philaenus spumarius,Meadow Spittlebug,30,8,2025
45.1419225123,9.9070087384,Italy,Philaenus spumarius,Meadow Spittlebug,30,8,2025
45.1419225123,9.9070087384,Italy,Philaenus spumarius,Meadow Spittlebug,30,8,2025
45.1518515161,7.5906217994,Italy,Philaenus spumarius,Meadow Spittlebug,29,8,2025
45.5850107,9.271324,Italy,Philaenus spumarius,Meadow Spittlebug,5,9,2025
45.3324073,9.8773045,Italy,Philaenus spumarius,Meadow Spittlebug,7,9,2025
45.3324073,9.8773045,Italy,Philaenus spumarius,Meadow Spittlebug,7,9,2025
44.1032,9.730705,Italy,Philaenus spumarius,Meadow Spittlebug,10,9,2025
45.6450996399,9.2868537903,Italy,Philaenus spumarius,Meadow Spittlebug,13,9,2025
40.8310855473,16.4041507351,Italy,Philaenus spumarius,Meadow Spittlebug,30,5,2025
41.8753229234,13.7450280413,Italy,Philaenus spumarius,Meadow Spittlebug,19,9,2025
43.9328916667,12.5273716667,Italy,Philaenus spumarius,Meadow Spittlebug,20,9,2025
43.9327883333,12.5274033333,Italy,Philaenus spumarius,Meadow Spittlebug,20,9,2025
41.6001383333,12.534955,Italy,Plutella xylostella,Diamondback Moth,22,2,2024
38.9713325685,16.5828105435,Italy,Plutella xylostella,Diamondback Moth,13,3,2024
45.0728493552,7.6961635798,Italy,Plutella xylostella,Diamondback Moth,14,3,2024
37.0772166667,14.2495583333,Italy,Plutella xylostella,Diamondback Moth,19,3,2024
41.9405548807,12.5196749344,Italy,Plutella xylostella,Diamondback Moth,29,3,2024
44.6532950643,12.1073205411,Italy,Plutella xylostella,Diamondback Moth,29,3,2024
39.2432720111,9.3047195879,Italy,Plutella xylostella,Diamondback Moth,30,3,2024
44.707869445,9.0503428504,Italy,Plutella xylostella,Diamondback Moth,30,3,2024
45.8668603035,8.7997477502,Italy,Plutella xylostella,Diamondback Moth,2,4,2024
45.0856725648,7.6712938026,Italy,Plutella xylostella,Diamondback Moth,6,4,2024
45.7827050233,8.9319719374,Italy,Plutella xylostella,Diamondback Moth,5,4,2024
45.3606407787,9.6567415882,Italy,Plutella xylostella,Diamondback Moth,5,4,2024
41.1920038932,16.5996870026,Italy,Plutella xylostella,Diamondback Moth,7,4,2024
44.3247998141,11.0714292575,Italy,Plutella xylostella,Diamondback Moth,8,4,2024
44.1779865664,12.3362446949,Italy,Plutella xylostella,Diamondback Moth,11,4,2024
40.6277616667,14.5596616667,Italy,Plutella xylostella,Diamondback Moth,11,4,2024
45.3675638889,11.9868888889,Italy,Plutella xylostella,Diamondback Moth,12,4,2024
45.3678,11.98675,Italy,Plutella xylostella,Diamondback Moth,13,4,2024
41.8255500489,12.3981212452,Italy,Plutella xylostella,Diamondback Moth,13,4,2024
45.7824856,9.04458,Italy,Plutella xylostella,Diamondback Moth,29,4,2024
43.8283455642,11.2972935552,Italy,Plutella xylostella,Diamondback Moth,29,4,2024
41.8917455551,13.1771985731,Italy,Plutella xylostella,Diamondback Moth,28,4,2024
44.9517498,7.7776369,Italy,Plutella xylostella,Diamondback Moth,2,5,2024
38.1766665997,15.2308798997,Italy,Plutella xylostella,Diamondback Moth,27,4,2024
38.2539370749,15.2380442777,Italy,Plutella xylostella,Diamondback Moth,27,4,2024
45.3678361111,11.9865416667,Italy,Plutella xylostella,Diamondback Moth,5,5,2024
45.0741486866,7.7290477361,Italy,Plutella xylostella,Diamondback Moth,5,5,2024
46.673690541,11.1525617167,Italy,Plutella xylostella,Diamondback Moth,6,5,2024
45.5338866667,9.2149766667,Italy,Plutella xylostella,Diamondback Moth,8,5,2024
44.8833222222,12.2322222222,Italy,Plutella xylostella,Diamondback Moth,9,5,2024
44.8833222222,12.2322222222,Italy,Plutella xylostella,Diamondback Moth,9,5,2024
46.8152597182,11.7357151955,Italy,Plutella xylostella,Diamondback Moth,11,5,2024
41.2826701339,14.6025480743,Italy,Plutella xylostella,Diamondback Moth,15,5,2024
45.5968623983,8.7275574356,Italy,Plutella xylostella,Diamondback Moth,17,5,2024
45.1572006,7.4392359,Italy,Plutella xylostella,Diamondback Moth,18,5,2024
45.0888376772,7.6729423553,Italy,Plutella xylostella,Diamondback Moth,19,5,2024
45.13837,10.43635,Italy,Plutella xylostella,Diamondback Moth,18,5,2024
44.9264719,10.5205257,Italy,Plutella xylostella,Diamondback Moth,19,5,2024
45.5194876035,10.9485854353,Italy,Plutella xylostella,Diamondback Moth,14,5,2024
45.3044466667,10.819595,Italy,Plutella xylostella,Diamondback Moth,22,5,2024
41.8014771039,12.7315460324,Italy,Plutella xylostella,Diamondback Moth,26,5,2024
43.9610475521,10.8973164943,Italy,Plutella xylostella,Diamondback Moth,29,5,2024
45.4873917011,9.2170072191,Italy,Plutella xylostella,Diamondback Moth,29,5,2024
41.4905607546,12.5986213982,Italy,Plutella xylostella,Diamondback Moth,5,6,2024
42.7755283376,11.0938239713,Italy,Plutella xylostella,Diamondback Moth,5,6,2024
46.6151763679,10.8549974486,Italy,Plutella xylostella,Diamondback Moth,29,5,2024
45.67483677,8.58783204,Italy,Plutella xylostella,Diamondback Moth,18,6,2024
44.8299049342,11.6254750639,Italy,Plutella xylostella,Diamondback Moth,28,6,2024
45.4332953869,12.3270884239,Italy,Plutella xylostella,Diamondback Moth,28,6,2024
44.8836111111,12.232,Italy,Plutella xylostella,Diamondback Moth,29,6,2024
45.6026347,8.1315905,Italy,Plutella xylostella,Diamondback Moth,30,6,2024
46.1116815997,8.291363,Italy,Plutella xylostella,Diamondback Moth,1,7,2024
41.0511931363,8.9437776804,Italy,Plutella xylostella,Diamondback Moth,5,7,2024
44.9369784,10.4984408,Italy,Plutella xylostella,Diamondback Moth,6,7,2024
41.3822631038,14.5040034532,Italy,Plutella xylostella,Diamondback Moth,24,7,2024
44.865692,8.0982333,Italy,Plutella xylostella,Diamondback Moth,24,7,2024
38.2260838693,15.3910484165,Italy,Plutella xylostella,Diamondback Moth,30,7,2024
38.1611866667,15.46516,Italy,Plutella xylostella,Diamondback Moth,1,8,2024
42.1616778333,12.2162633333,Italy,Plutella xylostella,Diamondback Moth,8,8,2024
42.1617138333,12.2163133333,Italy,Plutella xylostella,Diamondback Moth,8,8,2024
39.88117,16.0641583333,Italy,Plutella xylostella,Diamondback Moth,5,8,2024
45.7833367889,12.1944705024,Italy,Plutella xylostella,Diamondback Moth,12,8,2024
44.5507414313,12.2815070953,Italy,Plutella xylostella,Diamondback Moth,23,8,2024
36.9899880607,15.2601421997,Italy,Plutella xylostella,Diamondback Moth,24,8,2024
36.9899735996,15.2601452172,Italy,Plutella xylostella,Diamondback Moth,26,8,2024
36.9905509715,15.2600101009,Italy,Plutella xylostella,Diamondback Moth,26,8,2024
41.97815507,12.52726909,Italy,Plutella xylostella,Diamondback Moth,29,8,2024
42.5237833333,14.1531666667,Italy,Plutella xylostella,Diamondback Moth,29,8,2024
42.1616778333,12.2163333333,Italy,Plutella xylostella,Diamondback Moth,31,8,2024
44.51056044,12.10172779,Italy,Plutella xylostella,Diamondback Moth,5,9,2024
37.5349540567,15.1254751906,Italy,Plutella xylostella,Diamondback Moth,23,10,2024
40.786545,13.4154866667,Italy,Plutella xylostella,Diamondback Moth,23,10,2024
44.8299432166,11.6254626587,Italy,Plutella xylostella,Diamondback Moth,30,10,2024
35.8556418717,12.8678266117,Italy,Plutella xylostella,Diamondback Moth,7,11,2024
45.275115,8.986355,Italy,Plutella xylostella,Diamondback Moth,11,11,2024
44.847,12.3,Italy,Plutella xylostella,Diamondback Moth,15,1,2025
45.1200866,10.4475229,Italy,Plutella xylostella,Diamondback Moth,26,1,2025
44.4755407438,8.9527559468,Italy,Plutella xylostella,Diamondback Moth,30,1,2025
45.5612947299,12.2340518609,Italy,Plutella xylostella,Diamondback Moth,1,2,2025
36.714751,14.8094019,Italy,Plutella xylostella,Diamondback Moth,16,2,2025
40.3846536,15.0918591,Italy,Plutella xylostella,Diamondback Moth,18,2,2025
43.52141828,13.28759227,Italy,Plutella xylostella,Diamondback Moth,25,2,2025
41.8906815267,12.4666119666,Italy,Plutella xylostella,Diamondback Moth,2,3,2025
40.6247024444,15.1051731111,Italy,Plutella xylostella,Diamondback Moth,2,3,2025
42.0396,11.83477,Italy,Plutella xylostella,Diamondback Moth,2,3,2025
41.2527493718,13.4489835989,Italy,Plutella xylostella,Diamondback Moth,5,3,2025
41.8255500489,12.3981212452,Italy,Plutella xylostella,Diamondback Moth,10,3,2025
41.8255500489,12.3981212452,Italy,Plutella xylostella,Diamondback Moth,10,3,2025
44.1756666322,12.3371633515,Italy,Plutella xylostella,Diamondback Moth,15,3,2025
45.7545369553,11.6478909552,Italy,Plutella xylostella,Diamondback Moth,16,3,2025
45.4406383333,12.327025,Italy,Plutella xylostella,Diamondback Moth,16,3,2025
40.6144633333,14.89702,Italy,Plutella xylostella,Diamondback Moth,21,3,2025
45.5538031,10.5777847,Italy,Plutella xylostella,Diamondback Moth,23,3,2025
44.674282074,10.700345993,Italy,Plutella xylostella,Diamondback Moth,24,3,2025
42.1278305,12.04825,Italy,Plutella xylostella,Diamondback Moth,23,3,2025
44.6341986904,10.4288958856,Italy,Plutella xylostella,Diamondback Moth,27,3,2025
45.893775,13.06085,Italy,Plutella xylostella,Diamondback Moth,25,3,2025
41.6005216667,12.53515,Italy,Plutella xylostella,Diamondback Moth,1,4,2025
45.7833335155,12.1941141039,Italy,Plutella xylostella,Diamondback Moth,5,4,2025
44.6210698731,10.7488515261,Italy,Plutella xylostella,Diamondback Moth,9,4,2025
42.7755283376,11.0938239713,Italy,Plutella xylostella,Diamondback Moth,11,4,2025
45.1583011,9.8550641,Italy,Plutella xylostella,Diamondback Moth,12,4,2025
45.1416388333,7.601525,Italy,Plutella xylostella,Diamondback Moth,13,4,2025
45.1280272997,7.6353837,Italy,Plutella xylostella,Diamondback Moth,15,4,2025
41.8255500489,12.3981212452,Italy,Plutella xylostella,Diamondback Moth,15,4,2025
45.4767188883,12.270215,Italy,Plutella xylostella,Diamondback Moth,16,4,2025
41.9183353074,12.4198129619,Italy,Plutella xylostella,Diamondback Moth,17,4,2025
43.76725,11.26515,Italy,Plutella xylostella,Diamondback Moth,17,4,2025
45.0646166667,7.6954383333,Italy,Plutella xylostella,Diamondback Moth,17,4,2025
44.4252491,8.862251,Italy,Plutella xylostella,Diamondback Moth,18,4,2025
45.5208065246,8.1899973023,Italy,Plutella xylostella,Diamondback Moth,18,4,2025
45.5207877317,8.1900093722,Italy,Plutella xylostella,Diamondback Moth,18,4,2025
45.0702821895,7.6868563145,Italy,Plutella xylostella,Diamondback Moth,18,4,2025
45.2600459278,10.2076619355,Italy,Plutella xylostella,Diamondback Moth,19,4,2025
43.7856466667,11.0998555,Italy,Plutella xylostella,Diamondback Moth,19,4,2025
45.3585844584,9.6455572173,Italy,Plutella xylostella,Diamondback Moth,19,4,2025
45.0101251997,7.6655493,Italy,Plutella xylostella,Diamondback Moth,20,4,2025
45.0469632323,7.3651784743,Italy,Plutella xylostella,Diamondback Moth,20,4,2025
45.9380253233,9.3857289478,Italy,Plutella xylostella,Diamondback Moth,21,4,2025
46.4863963784,11.3588278976,Italy,Plutella xylostella,Diamondback Moth,21,4,2025
45.1540754464,7.2748698656,Italy,Plutella xylostella,Diamondback Moth,21,4,2025
45.3006891414,10.2018626746,Italy,Plutella xylostella,Diamondback Moth,21,4,2025
45.7824611,9.0447848,Italy,Plutella xylostella,Diamondback Moth,23,4,2025
45.5790628416,8.7083896995,Italy,Plutella xylostella,Diamondback Moth,23,4,2025
41.9343573444,12.5465727021,Italy,Plutella xylostella,Diamondback Moth,25,4,2025
38.1837598766,15.2528187633,Italy,Plutella xylostella,Diamondback Moth,25,4,2025
45.0138001291,7.6484209273,Italy,Plutella xylostella,Diamondback Moth,26,4,2025
44.2663820697,12.1664863452,Italy,Plutella xylostella,Diamondback Moth,26,4,2025
45.69235221,9.15862811,Italy,Plutella xylostella,Diamondback Moth,26,4,2025
44.9683053317,7.5764217324,Italy,Plutella xylostella,Diamondback Moth,26,4,2025
41.8917416667,13.1770833333,Italy,Plutella xylostella,Diamondback Moth,26,4,2025
41.4907599112,12.5988125056,Italy,Plutella xylostella,Diamondback Moth,26,4,2025
41.4907599112,12.5988125056,Italy,Plutella xylostella,Diamondback Moth,26,4,2025
45.443054,10.2133636,Italy,Plutella xylostella,Diamondback Moth,27,4,2025
46.243805,11.05916,Italy,Plutella xylostella,Diamondback Moth,26,4,2025
42.207275,14.5420966667,Italy,Plutella xylostella,Diamondback Moth,18,4,2025
43.9996304238,12.2676552734,Italy,Plutella xylostella,Diamondback Moth,26,4,2025
41.9193115233,12.4596557617,Italy,Plutella xylostella,Diamondback Moth,28,4,2025
45.026125,7.6562168,Italy,Plutella xylostella,Diamondback Moth,28,4,2025
41.7600921082,12.7958127111,Italy,Plutella xylostella,Diamondback Moth,27,4,2025
38.1817261269,15.2572276443,Italy,Plutella xylostella,Diamondback Moth,27,4,2025
41.9595816667,12.0520516667,Italy,Plutella xylostella,Diamondback Moth,28,4,2025
41.9592673573,12.0519171808,Italy,Plutella xylostella,Diamondback Moth,28,4,2025
46.1114424,8.2912282,Italy,Plutella xylostella,Diamondback Moth,1,5,2025
41.9590271067,12.0515007516,Italy,Plutella xylostella,Diamondback Moth,28,4,2025
39.1014972222,16.5298638889,Italy,Plutella xylostella,Diamondback Moth,4,5,2025
39.3674499722,16.2279659722,Italy,Plutella xylostella,Diamondback Moth,5,5,2025
45.6314048611,8.4488649167,Italy,Plutella xylostella,Diamondback Moth,6,5,2025
45.4545208997,12.3538472997,Italy,Plutella xylostella,Diamondback Moth,7,5,2025
46.1116485,8.2916101997,Italy,Plutella xylostella,Diamondback Moth,7,5,2025
45.0704545688,7.5198720396,Italy,Plutella xylostella,Diamondback Moth,8,5,2025
46.7817825942,11.938322559,Italy,Plutella xylostella,Diamondback Moth,8,5,2025
45.9380253233,9.3857289478,Italy,Plutella xylostella,Diamondback Moth,11,5,2025
45.4490318056,9.1671123333,Italy,Plutella xylostella,Diamondback Moth,17,5,2025
45.5625989423,12.1871370077,Italy,Plutella xylostella,Diamondback Moth,17,5,2025
45.1860972222,11.4687305556,Italy,Plutella xylostella,Diamondback Moth,2,5,2025
46.5891583333,11.1888033333,Italy,Plutella xylostella,Diamondback Moth,17,5,2025
46.1114667,8.2914650997,Italy,Plutella xylostella,Diamondback Moth,20,5,2025
46.1115747997,8.2914776,Italy,Plutella xylostella,Diamondback Moth,20,5,2025
46.1116183997,8.2914446997,Italy,Plutella xylostella,Diamondback Moth,20,5,2025
44.1780760148,12.3405791447,Italy,Plutella xylostella,Diamondback Moth,20,5,2025
45.9851841108,8.1581532956,Italy,Plutella xylostella,Diamondback Moth,3,5,2025
45.3603432476,9.6543219254,Italy,Plutella xylostella,Diamondback Moth,23,5,2025
43.7178719944,10.4200766394,Italy,Plutella xylostella,Diamondback Moth,22,5,2025
45.6848803272,8.2437250402,Italy,Plutella xylostella,Diamondback Moth,27,5,2025
45.9074967,13.3075387997,Italy,Plutella xylostella,Diamondback Moth,27,5,2025
44.8571166667,12.2480416667,Italy,Plutella xylostella,Diamondback Moth,28,5,2025
45.0244674444,7.6630868889,Italy,Plutella xylostella,Diamondback Moth,30,5,2025
45.7830898821,12.1940886229,Italy,Plutella xylostella,Diamondback Moth,30,5,2025
45.7830299344,12.1940699313,Italy,Plutella xylostella,Diamondback Moth,30,5,2025
41.4907599112,12.5988125056,Italy,Plutella xylostella,Diamondback Moth,31,5,2025
41.4907599112,12.5988125056,Italy,Plutella xylostella,Diamondback Moth,1,6,2025
41.4907599112,12.5988125056,Italy,Plutella xylostella,Diamondback Moth,1,6,2025
46.1116128997,8.2914098997,Italy,Plutella xylostella,Diamondback Moth,2,6,2025
42.7755283376,11.0938239713,Italy,Plutella xylostella,Diamondback Moth,3,6,2025
43.1253787661,11.7483963693,Italy,Plutella xylostella,Diamondback Moth,23,5,2025
45.7832049183,12.1905471012,Italy,Plutella xylostella,Diamondback Moth,31,5,2025
45.7831396954,12.1938630659,Italy,Plutella xylostella,Diamondback Moth,7,6,2025
37.417368927,14.1926701886,Italy,Plutella xylostella,Diamondback Moth,8,6,2025
46.1116365997,8.2914265,Italy,Plutella xylostella,Diamondback Moth,10,6,2025
44.4733233333,6.93644,Italy,Plutella xylostella,Diamondback Moth,7,6,2025
37.9481851,13.3509264997,Italy,Plutella xylostella,Diamondback Moth,4,6,2025
45.0710902,7.513821,Italy,Plutella xylostella,Diamondback Moth,11,6,2025
46.1115587997,8.2914513,Italy,Plutella xylostella,Diamondback Moth,13,6,2025
41.4907599112,12.5988125056,Italy,Plutella xylostella,Diamondback Moth,13,6,2025
45.7832334051,12.1935520135,Italy,Plutella xylostella,Diamondback Moth,14,6,2025
46.1117133997,8.2913350997,Italy,Plutella xylostella,Diamondback Moth,15,6,2025
37.7381007,13.5478525,Italy,Plutella xylostella,Diamondback Moth,14,6,2025
37.7381007,13.5478525,Italy,Plutella xylostella,Diamondback Moth,14,6,2025
37.6263782556,13.6256741638,Italy,Plutella xylostella,Diamondback Moth,16,6,2025
37.6263782556,13.6256741638,Italy,Plutella xylostella,Diamondback Moth,16,6,2025
37.6263782556,13.6256741638,Italy,Plutella xylostella,Diamondback Moth,16,6,2025
44.5147194444,11.3929222222,Italy,Plutella xylostella,Diamondback Moth,19,6,2025
37.6263782556,13.6256741638,Italy,Plutella xylostella,Diamondback Moth,17,6,2025
37.6263782556,13.6256741638,Italy,Plutella xylostella,Diamondback Moth,17,6,2025
46.1116685,8.2914586,Italy,Plutella xylostella,Diamondback Moth,19,6,2025
41.8255500489,12.3981212452,Italy,Plutella xylostella,Diamondback Moth,20,6,2025
38.0740901899,13.0829666018,Italy,Plutella xylostella,Diamondback Moth,20,6,2025
38.0740901899,13.0829666018,Italy,Plutella xylostella,Diamondback Moth,20,6,2025
46.1115992,8.2911031,Italy,Plutella xylostella,Diamondback Moth,21,6,2025
46.1116151,8.2911166,Italy,Plutella xylostella,Diamondback Moth,21,6,2025
41.4907599112,12.5988125056,Italy,Plutella xylostella,Diamondback Moth,22,6,2025
46.6244674649,10.7913251594,Italy,Plutella xylostella,Diamondback Moth,19,6,2025
46.1116054,8.2910873,Italy,Plutella xylostella,Diamondback Moth,24,6,2025
45.4262673708,10.9924345091,Italy,Plutella xylostella,Diamondback Moth,26,6,2025
40.7548171913,16.3854489825,Italy,Plutella xylostella,Diamondback Moth,2,5,2025
45.30445,10.8196333333,Italy,Plutella xylostella,Diamondback Moth,1,7,2025
43.991268786,7.6805558104,Italy,Plutella xylostella,Diamondback Moth,27,6,2025
45.7835808769,12.1937252674,Italy,Plutella xylostella,Diamondback Moth,5,7,2025
45.7830442674,12.1940588672,Italy,Plutella xylostella,Diamondback Moth,10,7,2025
45.7830632105,12.1941166185,Italy,Plutella xylostella,Diamondback Moth,15,7,2025
45.7832177781,12.1944319457,Italy,Plutella xylostella,Diamondback Moth,18,7,2025
45.783478713,12.1937888861,Italy,Plutella xylostella,Diamondback Moth,20,7,2025
45.76725,10.0697882,Italy,Plutella xylostella,Diamondback Moth,24,7,2025
45.7836783882,12.1937885508,Italy,Plutella xylostella,Diamondback Moth,24,7,2025
45.6588333333,12.241425,Italy,Plutella xylostella,Diamondback Moth,27,7,2025
45.7837797794,12.1936208289,Italy,Plutella xylostella,Diamondback Moth,30,7,2025
45.7837160318,12.1935816854,Italy,Plutella xylostella,Diamondback Moth,30,7,2025
42.2071086826,14.542361629,Italy,Plutella xylostella,Diamondback Moth,1,8,2025
39.2749315135,17.0939398818,Italy,Plutella xylostella,Diamondback Moth,9,8,2025
41.7558559427,13.727661036,Italy,Plutella xylostella,Diamondback Moth,4,8,2025
45.7830599539,12.1940540895,Italy,Plutella xylostella,Diamondback Moth,11,8,2025
41.5850964458,12.5857323781,Italy,Plutella xylostella,Diamondback Moth,14,8,2025
45.7830837043,12.1940487251,Italy,Plutella xylostella,Diamondback Moth,11,8,2025
45.6121598091,11.4596864674,Italy,Plutella xylostella,Diamondback Moth,15,8,2025
45.7831941629,12.1940011159,Italy,Plutella xylostella,Diamondback Moth,17,8,2025
45.7830814831,12.1940841805,Italy,Plutella xylostella,Diamondback Moth,17,8,2025
45.7830604216,12.1940105036,Italy,Plutella xylostella,Diamondback Moth,19,8,2025
45.3588031232,10.7397093158,Italy,Plutella xylostella,Diamondback Moth,20,8,2025
45.876814308,8.8083247995,Italy,Plutella xylostella,Diamondback Moth,20,8,2025
45.7829942522,12.193406336,Italy,Plutella xylostella,Diamondback Moth,19,8,2025
42.0923888889,12.5394611111,Italy,Plutella xylostella,Diamondback Moth,24,8,2025
45.7830418367,12.1941519901,Italy,Plutella xylostella,Diamondback Moth,1,9,2025
44.475747383,6.9881460265,Italy,Plutella xylostella,Diamondback Moth,6,6,2025
42.232284371,12.5921629742,Italy,Plutella xylostella,Diamondback Moth,14,9,2025
43.7899883333,7.5950766667,Italy,Spodoptera exigua,Beet Armyworm Moth,5,10,2023
39.8329650468,18.286933249,Italy,Spodoptera exigua,Beet Armyworm Moth,4,10,2023
44.5203335912,12.2721488089,Italy,Spodoptera exigua,Beet Armyworm Moth,8,10,2023
44.8833885192,12.2323617933,Italy,Spodoptera exigua,Beet Armyworm Moth,10,10,2023
44.0590950153,11.9439111513,Italy,Spodoptera exigua,Beet Armyworm Moth,11,10,2023
45.8830046557,11.8624481634,Italy,Spodoptera exigua,Beet Armyworm Moth,9,10,2023
44.8834266661,12.2322463989,Italy,Spodoptera exigua,Beet Armyworm Moth,16,10,2023
43.919472,10.2934114,Italy,Spodoptera exigua,Beet Armyworm Moth,13,10,2023
35.8722909055,12.8631527609,Italy,Spodoptera exigua,Beet Armyworm Moth,19,10,2023
43.919472,10.2934114,Italy,Spodoptera exigua,Beet Armyworm Moth,14,10,2023
43.919472,10.2934114,Italy,Spodoptera exigua,Beet Armyworm Moth,14,10,2023
43.919472,10.2934114,Italy,Spodoptera exigua,Beet Armyworm Moth,14,10,2023
43.919472,10.2934114,Italy,Spodoptera exigua,Beet Armyworm Moth,15,10,2023
43.919472,10.2934114,Italy,Spodoptera exigua,Beet Armyworm Moth,15,10,2023
43.919472,10.2934114,Italy,Spodoptera exigua,Beet Armyworm Moth,15,10,2023
42.233559941,12.5990176946,Italy,Spodoptera exigua,Beet Armyworm Moth,21,10,2023
42.2071451234,14.5423271526,Italy,Spodoptera exigua,Beet Armyworm Moth,20,10,2023
43.9264859,8.1016038,Italy,Spodoptera exigua,Beet Armyworm Moth,21,10,2023
38.2527835115,15.2386398451,Italy,Spodoptera exigua,Beet Armyworm Moth,27,4,2024
38.2543194444,15.2390861111,Italy,Spodoptera exigua,Beet Armyworm Moth,27,4,2024
42.0396,11.83477,Italy,Spodoptera exigua,Beet Armyworm Moth,18,5,2024
44.883375,12.2322694444,Italy,Spodoptera exigua,Beet Armyworm Moth,13,8,2024
44.883375,12.2322694444,Italy,Spodoptera exigua,Beet Armyworm Moth,13,8,2024
44.88385,12.2321638889,Italy,Spodoptera exigua,Beet Armyworm Moth,22,8,2024
45.3044033333,10.819595,Italy,Spodoptera exigua,Beet Armyworm Moth,29,8,2024
44.8838083333,12.2322416667,Italy,Spodoptera exigua,Beet Armyworm Moth,6,9,2024
45.1090903958,7.331898408,Italy,Spodoptera exigua,Beet Armyworm Moth,7,9,2024
45.055647259,7.225478453,Italy,Spodoptera exigua,Beet Armyworm Moth,7,9,2024
45.7828149165,12.1909397095,Italy,Spodoptera exigua,Beet Armyworm Moth,31,8,2024
40.9090592806,14.3404345862,Italy,Spodoptera exigua,Beet Armyworm Moth,16,9,2024
41.1206778333,16.8670366667,Italy,Spodoptera exigua,Beet Armyworm Moth,27,9,2024
44.88385,12.232275,Italy,Spodoptera exigua,Beet Armyworm Moth,9,10,2024
37.5349540567,15.1254751906,Italy,Spodoptera exigua,Beet Armyworm Moth,24,10,2024
45.42784,10.9662229722,Italy,Spodoptera exigua,Beet Armyworm Moth,28,10,2024
44.6415894665,10.9153404459,Italy,Spodoptera exigua,Beet Armyworm Moth,28,10,2024
45.3044166667,10.8196083333,Italy,Spodoptera exigua,Beet Armyworm Moth,28,10,2024
42.6365022413,11.0696432367,Italy,Spodoptera exigua,Beet Armyworm Moth,28,10,2024
37.4229863648,15.0341995983,Italy,Spodoptera exigua,Beet Armyworm Moth,8,11,2024
45.8937611111,13.060875,Italy,Spodoptera exigua,Beet Armyworm Moth,25,3,2025
40.9250779792,15.5395694398,Italy,Spodoptera exigua,Beet Armyworm Moth,29,3,2025
41.2508619,13.4496917,Italy,Spodoptera exigua,Beet Armyworm Moth,2,4,2025
41.4907599112,12.5988125056,Italy,Spodoptera exigua,Beet Armyworm Moth,24,4,2025
41.4907599112,12.5988125056,Italy,Spodoptera exigua,Beet Armyworm Moth,25,4,2025
41.4907599112,12.5988125056,Italy,Spodoptera exigua,Beet Armyworm Moth,26,4,2025
42.0830121652,11.9635207403,Italy,Spodoptera exigua,Beet Armyworm Moth,25,4,2025
41.95942,12.05198,Italy,Spodoptera exigua,Beet Armyworm Moth,28,4,2025
41.9592673573,12.0519171808,Italy,Spodoptera exigua,Beet Armyworm Moth,28,4,2025
41.4907599112,12.5988125056,Italy,Spodoptera exigua,Beet Armyworm Moth,31,5,2025
41.4907599112,12.5988125056,Italy,Spodoptera exigua,Beet Armyworm Moth,31,5,2025
37.9875101342,14.1149058074,Italy,Spodoptera exigua,Beet Armyworm Moth,1,6,2025
37.9875101342,14.1149058074,Italy,Spodoptera exigua,Beet Armyworm Moth,1,6,2025
37.9875101342,14.1149058074,Italy,Spodoptera exigua,Beet Armyworm Moth,1,6,2025
37.9875101342,14.1149058074,Italy,Spodoptera exigua,Beet Armyworm Moth,2,6,2025
37.9875101342,14.1149058074,Italy,Spodoptera exigua,Beet Armyworm Moth,2,6,2025
37.9875101342,14.1149058074,Italy,Spodoptera exigua,Beet Armyworm Moth,2,6,2025
37.9875101342,14.1149058074,Italy,Spodoptera exigua,Beet Armyworm Moth,2,6,2025
37.9875101342,14.1149058074,Italy,Spodoptera exigua,Beet Armyworm Moth,2,6,2025
37.9875101342,14.1149058074,Italy,Spodoptera exigua,Beet Armyworm Moth,3,6,2025
37.9875101342,14.1149058074,Italy,Spodoptera exigua,Beet Armyworm Moth,3,6,2025
37.9875101342,14.1149058074,Italy,Spodoptera exigua,Beet Armyworm Moth,3,6,2025
37.9875101342,14.1149058074,Italy,Spodoptera exigua,Beet Armyworm Moth,3,6,2025
37.9875101342,14.1149058074,Italy,Spodoptera exigua,Beet Armyworm Moth,3,6,2025
37.9875101342,14.1149058074,Italy,Spodoptera exigua,Beet Armyworm Moth,4,6,2025
37.9875101342,14.1149058074,Italy,Spodoptera exigua,Beet Armyworm Moth,4,6,2025
38.1548733454,12.7657660157,Italy,Spodoptera exigua,Beet Armyworm Moth,5,6,2025
38.1548733454,12.7657660157,Italy,Spodoptera exigua,Beet Armyworm Moth,5,6,2025
38.1548733454,12.7657660157,Italy,Spodoptera exigua,Beet Armyworm Moth,5,6,2025
38.1548733454,12.7657660157,Italy,Spodoptera exigua,Beet Armyworm Moth,5,6,2025
38.1548733454,12.7657660157,Italy,Spodoptera exigua,Beet Armyworm Moth,5,6,2025
38.1548733454,12.7657660157,Italy,Spodoptera exigua,Beet Armyworm Moth,6,6,2025
38.1548733454,12.7657660157,Italy,Spodoptera exigua,Beet Armyworm Moth,6,6,2025
38.1548733454,12.7657660157,Italy,Spodoptera exigua,Beet Armyworm Moth,6,6,2025
38.1548733454,12.7657660157,Italy,Spodoptera exigua,Beet Armyworm Moth,7,6,2025
37.417368927,14.1926701886,Italy,Spodoptera exigua,Beet Armyworm Moth,8,6,2025
37.417368927,14.1926701886,Italy,Spodoptera exigua,Beet Armyworm Moth,8,6,2025
37.417368927,14.1926701886,Italy,Spodoptera exigua,Beet Armyworm Moth,8,6,2025
37.417368927,14.1926701886,Italy,Spodoptera exigua,Beet Armyworm Moth,8,6,2025
37.417368927,14.1926701886,Italy,Spodoptera exigua,Beet Armyworm Moth,9,6,2025
37.417368927,14.1926701886,Italy,Spodoptera exigua,Beet Armyworm Moth,10,6,2025
37.417368927,14.1926701886,Italy,Spodoptera exigua,Beet Armyworm Moth,10,6,2025
37.4567234,14.8769557997,Italy,Spodoptera exigua,Beet Armyworm Moth,3,6,2025
37.417368927,14.1926701886,Italy,Spodoptera exigua,Beet Armyworm Moth,11,6,2025
37.9104672435,13.9586427401,Italy,Spodoptera exigua,Beet Armyworm Moth,12,6,2025
37.9104672435,13.9586427401,Italy,Spodoptera exigua,Beet Armyworm Moth,12,6,2025
37.7381007,13.5478525,Italy,Spodoptera exigua,Beet Armyworm Moth,14,6,2025
37.7381007,13.5478525,Italy,Spodoptera exigua,Beet Armyworm Moth,14,6,2025
37.7381007,13.5478525,Italy,Spodoptera exigua,Beet Armyworm Moth,14,6,2025
37.7381007,13.5478525,Italy,Spodoptera exigua,Beet Armyworm Moth,14,6,2025
37.7381007,13.5478525,Italy,Spodoptera exigua,Beet Armyworm Moth,15,6,2025
37.7381007,13.5478525,Italy,Spodoptera exigua,Beet Armyworm Moth,15,6,2025
37.6263782556,13.6256741638,Italy,Spodoptera exigua,Beet Armyworm Moth,16,6,2025
37.6263782556,13.6256741638,Italy,Spodoptera exigua,Beet Armyworm Moth,16,6,2025
37.6263782556,13.6256741638,Italy,Spodoptera exigua,Beet Armyworm Moth,16,6,2025
37.6263782556,13.6256741638,Italy,Spodoptera exigua,Beet Armyworm Moth,16,6,2025
41.8255500489,12.3981212452,Italy,Spodoptera exigua,Beet Armyworm Moth,17,6,2025
38.0740901899,13.0829666018,Italy,Spodoptera exigua,Beet Armyworm Moth,20,6,2025
38.0740901899,13.0829666018,Italy,Spodoptera exigua,Beet Armyworm Moth,20,6,2025
41.8255500489,12.3981212452,Italy,Spodoptera exigua,Beet Armyworm Moth,23,6,2025
38.1547575847,12.7658481036,Italy,Spodoptera exigua,Beet Armyworm Moth,7,6,2025
43.9704644254,7.7264383435,Italy,Spodoptera exigua,Beet Armyworm Moth,28,6,2025
42.0825126418,12.5446090847,Italy,Spodoptera exigua,Beet Armyworm Moth,9,7,2025
39.3664619722,16.2288929722,Italy,Spodoptera exigua,Beet Armyworm Moth,14,7,2025
43.8223032732,10.6995606346,Italy,Spodoptera exigua,Beet Armyworm Moth,17,7,2025
39.366419,16.2291309722,Italy,Spodoptera exigua,Beet Armyworm Moth,18,7,2025
44.4333333333,12.301225,Italy,Spodoptera exigua,Beet Armyworm Moth,20,7,2025
45.7835331,12.1938017942,Italy,Spodoptera exigua,Beet Armyworm Moth,20,7,2025
45.783432652,12.193830125,Italy,Spodoptera exigua,Beet Armyworm Moth,20,7,2025
45.78342517,12.1937600523,Italy,Spodoptera exigua,Beet Armyworm Moth,20,7,2025
41.4907599112,12.5988125056,Italy,Spodoptera exigua,Beet Armyworm Moth,22,7,2025
45.7836802587,12.1938033029,Italy,Spodoptera exigua,Beet Armyworm Moth,23,7,2025
45.7836802587,12.1938033029,Italy,Spodoptera exigua,Beet Armyworm Moth,23,7,2025
45.7830632105,12.1941166185,Italy,Spodoptera exigua,Beet Armyworm Moth,15,7,2025
41.8335733992,13.3261640289,Italy,Spodoptera exigua,Beet Armyworm Moth,23,7,2025
39.367502,16.22816,Italy,Spodoptera exigua,Beet Armyworm Moth,30,7,2025
45.0536318828,8.6463797092,Italy,Spodoptera exigua,Beet Armyworm Moth,31,7,2025
39.3674549722,16.228009,Italy,Spodoptera exigua,Beet Armyworm Moth,4,8,2025
41.6872333765,13.3939114586,Italy,Spodoptera exigua,Beet Armyworm Moth,4,8,2025
41.4907599112,12.5988125056,Italy,Spodoptera exigua,Beet Armyworm Moth,2,8,2025
40.8555465235,14.2263950408,Italy,Spodoptera exigua,Beet Armyworm Moth,6,8,2025
45.084351968,6.9330153708,Italy,Spodoptera exigua,Beet Armyworm Moth,7,8,2025
45.8829323877,11.8628094684,Italy,Spodoptera exigua,Beet Armyworm Moth,6,8,2025
45.0187035894,6.9213360038,Italy,Spodoptera exigua,Beet Armyworm Moth,11,8,2025
45.090273856,6.8514714339,Italy,Spodoptera exigua,Beet Armyworm Moth,13,8,2025
45.0494876458,6.9971693399,Italy,Spodoptera exigua,Beet Armyworm Moth,14,8,2025
45.6121598091,11.4596864674,Italy,Spodoptera exigua,Beet Armyworm Moth,15,8,2025
45.6121598091,11.4596864674,Italy,Spodoptera exigua,Beet Armyworm Moth,15,8,2025
45.6121598091,11.4596864674,Italy,Spodoptera exigua,Beet Armyworm Moth,15,8,2025
45.1859548656,7.3442126244,Italy,Spodoptera exigua,Beet Armyworm Moth,16,8,2025
45.0262002786,7.3280591317,Italy,Spodoptera exigua,Beet Armyworm Moth,16,8,2025
45.7831592672,12.1938492358,Italy,Spodoptera exigua,Beet Armyworm Moth,16,8,2025
45.1430434259,11.6632489488,Italy,Spodoptera exigua,Beet Armyworm Moth,17,8,2025
44.4947277778,11.212175,Italy,Spodoptera exigua,Beet Armyworm Moth,17,8,2025
45.7831941629,12.1940011159,Italy,Spodoptera exigua,Beet Armyworm Moth,17,8,2025
45.1683401241,7.2785032788,Italy,Spodoptera exigua,Beet Armyworm Moth,18,8,2025
45.7830814831,12.1940841805,Italy,Spodoptera exigua,Beet Armyworm Moth,17,8,2025
45.7830604216,12.1940105036,Italy,Spodoptera exigua,Beet Armyworm Moth,19,8,2025
45.7830604216,12.1940105036,Italy,Spodoptera exigua,Beet Armyworm Moth,19,8,2025
39.3673719541,16.2284297124,Italy,Spodoptera exigua,Beet Armyworm Moth,19,8,2025
43.9475763282,10.7837566361,Italy,Spodoptera exigua,Beet Armyworm Moth,18,8,2025
39.3664699722,16.229106,Italy,Spodoptera exigua,Beet Armyworm Moth,21,8,2025
39.3664989722,16.228666,Italy,Spodoptera exigua,Beet Armyworm Moth,21,8,2025
44.1783515727,12.3406173661,Italy,Spodoptera exigua,Beet Armyworm Moth,22,8,2025
39.3676529722,16.2282539722,Italy,Spodoptera exigua,Beet Armyworm Moth,22,8,2025
39.3676529722,16.2282539722,Italy,Spodoptera exigua,Beet Armyworm Moth,22,8,2025
39.3676519722,16.2282539722,Italy,Spodoptera exigua,Beet Armyworm Moth,22,8,2025
39.3664399722,16.229202,Italy,Spodoptera exigua,Beet Armyworm Moth,22,8,2025
39.3664369722,16.229009,Italy,Spodoptera exigua,Beet Armyworm Moth,22,8,2025
39.366497,16.228667,Italy,Spodoptera exigua,Beet Armyworm Moth,22,8,2025
45.1153355368,6.8738554677,Italy,Spodoptera exigua,Beet Armyworm Moth,22,8,2025
45.7829942522,12.193406336,Italy,Spodoptera exigua,Beet Armyworm Moth,19,8,2025
43.8866640016,10.4601431056,Italy,Spodoptera exigua,Beet Armyworm Moth,30,6,2025
43.8866640016,10.4601431056,Italy,Spodoptera exigua,Beet Armyworm Moth,1,7,2025
45.172930239,8.1025442111,Italy,Spodoptera exigua,Beet Armyworm Moth,22,8,2025
45.6024872001,8.1316899508,Italy,Spodoptera exigua,Beet Armyworm Moth,25,8,2025
41.8255500489,12.3981212452,Italy,Spodoptera exigua,Beet Armyworm Moth,25,8,2025
45.1253086534,7.3138575387,Italy,Spodoptera exigua,Beet Armyworm Moth,25,8,2025
45.1432509133,7.3037231736,Italy,Spodoptera exigua,Beet Armyworm Moth,25,8,2025
44.1767727482,12.333204411,Italy,Spodoptera exigua,Beet Armyworm Moth,24,8,2025
45.5926555556,13.7608888889,Italy,Spodoptera exigua,Beet Armyworm Moth,30,8,2025
44.7509330775,8.6720950529,Italy,Spodoptera exigua,Beet Armyworm Moth,29,8,2025
45.1173428035,6.9631600757,Italy,Spodoptera exigua,Beet Armyworm Moth,9,9,2025
39.3675611701,16.2290771306,Italy,Spodoptera exigua,Beet Armyworm Moth,21,8,2025
40.95032,8.23355,Italy,Spodoptera exigua,Beet Armyworm Moth,11,9,2025
45.4125057301,8.0419762755,Italy,Spodoptera exigua,Beet Armyworm Moth,12,9,2025
45.5290596842,9.1950027505,Italy,Spodoptera exigua,Beet Armyworm Moth,16,9,2025
42.2749801745,13.3318126207,Italy,Spodoptera exigua,Beet Armyworm Moth,17,9,2025
38.0397071973,14.0222930329,Italy,Spodoptera exigua,Beet Armyworm Moth,18,9,2025
39.2785493089,8.4541900456,Italy,Spodoptera exigua,Beet Armyworm Moth,10,9,2025
45.1647244233,6.8836027271,Italy,Spodoptera exigua,Beet Armyworm Moth,19,9,2025
39.5435506598,8.4638128057,Italy,Spodoptera exigua,Beet Armyworm Moth,11,9,2025
43.0995824428,11.91686024,Italy,Daktulosphaira vitifoliae,Grape Phylloxera,21,9,2023
44.6579194444,10.909075,Italy,Daktulosphaira vitifoliae,Grape Phylloxera,21,9,2023
44.0646688662,12.4367832765,Italy,Daktulosphaira vitifoliae,Grape Phylloxera,21,9,2023
44.653972,10.899149,Italy,Sternorrhyncha,Plant-parasitic Hemipterans,22,9,2023
45.6924133333,13.74752,Italy,Baizongia pistaciae,Pistacia Horn Gall Aphid,22,9,2023
44.1773924046,12.3345870897,Italy,Aploneura lentisci,Mealy Grass Root Aphid,23,9,2023
45.0696016531,8.6095656364,Italy,Macrosiphoniella,Anthemid Aphids,23,9,2023
43.872347,11.881218,Italy,Pemphigus spyrothecae,Poplar Spiral Gall Aphid,22,9,2023
45.7807122266,8.4135424259,Italy,Unaspis euonymi,Euonymus Scale,24,9,2023
45.7248066237,9.7055545449,Italy,Icerya purchasi,Cottony cushion scale,25,9,2023
45.0937027693,7.6575914025,Italy,Unaspis euonymi,Euonymus Scale,26,9,2023
45.9870966667,9.2294216667,Italy,Ceroplastes,Wax Scales,26,9,2023
44.7537817136,11.7676157531,Italy,Eriosoma lanuginosum,Elm Balloon-gall Aphid,26,9,2023
38.0175871185,15.7143138429,Italy,Aphididae,Aphids,26,9,2023
44.4996861111,11.3532916667,Italy,Aphididae,Aphids,27,9,2023
44.500675,11.3543083333,Italy,Aleurocanthus,,27,9,2023
42.11536664,13.34019619,Italy,Aphididae,Aphids,26,9,2023
45.4675416667,9.2220633333,Italy,Coccus,,28,9,2023
41.8582732191,12.5186685639,Italy,Nidularia pulvinata,,29,9,2023
46.29006,11.5786266667,Italy,Anoecia,,30,9,2023
44.8158045921,7.2238513827,Italy,Macrosiphoniella,Anthemid Aphids,30,9,2023
38.1080821045,12.7905676514,Italy,Forda formicaria,Pistachio-Grass Root Aphid,30,9,2023
45.0797283833,7.6833257369,Italy,Icerya purchasi,Cottony cushion scale,1,10,2023
37.6158907719,15.1580677181,Italy,Icerya purchasi,Cottony cushion scale,2,10,2023
42.7755283376,11.0938239713,Italy,Icerya purchasi,Cottony cushion scale,2,10,2023
42.1318433333,12.0885516667,Italy,Aphis fabae,Black Bean Aphid,2,10,2023
45.5073027101,9.2704254912,Italy,Uroleucon,Large Daisy Aphids,5,10,2023
44.655025,10.901983,Italy,Aphis,,5,10,2023
44.653897,10.898884,Italy,Aleurocanthus,,5,10,2023
44.654301,10.899879,Italy,Aleyrodidae,Whiteflies,5,10,2023
44.654621,10.900771,Italy,Aleyrodidae,Whiteflies,5,10,2023
44.653386,10.89825,Italy,Aleurocanthus,,5,10,2023
44.655468,10.902196,Italy,Aleyrodoidea,Whiteflies,5,10,2023
44.6528710379,10.8973874152,Italy,Aphididae,Aphids,5,10,2023
37.07620515,14.24916175,Italy,Icerya purchasi,Cottony cushion scale,6,10,2023
37.076155,14.2493083333,Italy,Icerya purchasi,Cottony cushion scale,6,10,2023
37.0761916667,14.2493016667,Italy,Icerya purchasi,Cottony cushion scale,6,10,2023
45.6495083847,13.7768182531,Italy,Aphididae,Aphids,6,10,2023
43.2213983827,13.4036465362,Italy,Coccoidea,Scale Insects,7,10,2023
42.024677371,11.9535300136,Italy,Glycaspis brimblecombei,Red Gum Lerp Psyllid,7,10,2023
39.2283977736,9.19110585,Italy,Aphididae,Aphids,4,10,2023
44.9975856323,8.2977968082,Italy,Aphidinae,,8,10,2023
45.4546752634,9.3225350976,Italy,Aphidoidea,,8,10,2023
39.250660675,9.1743004695,Italy,Aploneura lentisci,Mealy Grass Root Aphid,5,10,2023
44.7416626935,8.7162327776,Italy,Aphididae,Aphids,6,10,2023
44.499825,11.3533555556,Italy,Daktulosphaira vitifoliae,Grape Phylloxera,9,10,2023
45.0520677917,7.6742754586,Italy,Icerya purchasi,Cottony cushion scale,8,10,2023
43.6047153801,13.5495161265,Italy,Sternorrhyncha,Plant-parasitic Hemipterans,10,10,2023
45.9492332728,8.6772231268,Italy,Pemphigus spyrothecae,Poplar Spiral Gall Aphid,11,10,2023
43.0650118739,12.6248232275,Italy,Aphis nerii,Oleander Aphid,12,10,2023
45.3316539458,7.9418846381,Italy,Ceroplastes ceriferus,Indian Wax Scale,12,10,2023
45.4417700038,10.9826508164,Italy,Bemisia,,12,10,2023
44.1767491834,12.3376635835,Italy,Tuberolachnus salignus,Giant Willow Aphid,13,10,2023
45.6924527778,9.6327833333,Italy,Aphidinae,,13,10,2023
44.4885583333,11.3304333333,Italy,Homotoma ficus,Mediterranean fig psyllid,14,10,2023
44.4884798554,11.3304169849,Italy,Homotoma ficus,Mediterranean fig psyllid,14,10,2023
44.4884798554,11.3304169849,Italy,Pseudococcidae,Mealybugs,14,10,2023
44.4884416667,11.3305805556,Italy,Pseudococcidae,Mealybugs,14,10,2023
44.4885694444,11.3303527778,Italy,Homotoma ficus,Mediterranean fig psyllid,14,10,2023
39.2446797249,9.1635514211,Italy,Aploneura lentisci,Mealy Grass Root Aphid,14,10,2023
44.4933833333,11.2075277778,Italy,Aphididae,Aphids,15,10,2023
44.1151417066,12.1520241357,Italy,Macrosiphoniella,Anthemid Aphids,14,10,2023
40.3414998051,15.267546773,Italy,Aleyrodinae,,15,10,2023
45.0117861111,11.4225305556,Italy,Aphididae,Aphids,14,10,2023
38.163175,14.749775,Italy,Daktulosphaira vitifoliae,Grape Phylloxera,10,10,2023
41.8895032573,12.4144428223,Italy,Drepanaphis,,17,10,2023
45.4546599762,9.3223617598,Italy,Aphidinae,,17,10,2023
42.7755283376,11.0938239713,Italy,Coccidae,Soft scales,15,10,2023
44.1215929762,8.2143356837,Italy,Baizongia pistaciae,Pistacia Horn Gall Aphid,22,9,2023
39.2446797249,9.1635514211,Italy,Aploneura lentisci,Mealy Grass Root Aphid,14,10,2023
42.5314333333,11.3418,Italy,Eriosoma lanuginosum,Elm Balloon-gall Aphid,18,10,2023
39.2446797249,9.1635514211,Italy,Aploneura lentisci,Mealy Grass Root Aphid,14,10,2023
39.2537196034,9.1747473925,Italy,Aphis,,19,10,2023
46.824454258,12.0222891122,Italy,Cinara,Giant Conifer Aphids,19,10,2023
41.9326182862,12.4180159442,Italy,Psylloidea,Psylloids,6,10,2023
45.4024616667,9.1428805,Italy,Aphididae,Aphids,20,10,2023
40.3876425078,15.3680702671,Italy,Forda formicaria,Pistachio-Grass Root Aphid,20,10,2023
45.4549812411,9.3225491792,Italy,Macrosiphini,,20,10,2023
42.226917,12.7608449722,Italy,Daktulosphaira vitifoliae,Grape Phylloxera,19,10,2023
38.9987906477,16.4777503931,Italy,Daktulosphaira vitifoliae,Grape Phylloxera,20,10,2023
44.3975105997,8.6041928997,Italy,Forda formicaria,Pistachio-Grass Root Aphid,21,10,2023
44.3998413083,8.6141777036,Italy,Forda formicaria,Pistachio-Grass Root Aphid,21,10,2023
45.6896666667,10.6398472222,Italy,Panaphis juglandis,Walnut Aphid,21,10,2023
44.5112647778,7.4716601111,Italy,Aphididae,Aphids,22,10,2023
46.2818175532,8.294413046,Italy,Parthenolecanium corni,European Fruit Scale,22,10,2023
45.4637986143,9.1899820045,Italy,Icerya purchasi,Cottony cushion scale,22,10,2023
45.5475263,10.1858032,Italy,Icerya purchasi,Cottony cushion scale,22,10,2023
44.6906609785,8.0370159565,Italy,Anoecia corni,Common dogwood-grass aphid,22,10,2023
42.7755283376,11.0938239713,Italy,Aleyrodidae,Whiteflies,22,10,2023
42.7755283376,11.0938239713,Italy,Planococcus,,22,10,2023
44.3958037,8.606953,Italy,Baizongia pistaciae,Pistacia Horn Gall Aphid,23,10,2023
44.456095,11.2813683333,Italy,Aphididae,Aphids,7,10,2023
44.3986053467,8.6073064803,Italy,Baizongia pistaciae,Pistacia Horn Gall Aphid,23,10,2023
46.1929361742,11.1341037601,Italy,Daktulosphaira vitifoliae,Grape Phylloxera,23,10,2023
46.19267952,11.13593233,Italy,Planococcus ficus,vine mealybug,23,10,2023
45.655485,10.041362,Italy,Anoecia,,1,10,2023
39.1574205141,9.0015778589,Italy,Aploneura lentisci,Mealy Grass Root Aphid,15,10,2023
42.3368573,13.4535251,Italy,Aleyrodidae,Whiteflies,15,10,2023
42.3368573,13.4535251,Italy,Aphididae,Aphids,15,10,2023
42.3368573,13.4535251,Italy,Uroleucon,Large Daisy Aphids,18,10,2023
44.4756008161,11.0130566731,Italy,Macrosiphini,,25,10,2023
44.0665274919,9.95471064,Italy,Saissetia oleae,Black Olive Scale,25,10,2023
44.7418155474,11.7754036472,Italy,Macrosiphini,,25,10,2023
37.9681584011,13.4546828793,Italy,Icerya purchasi,Cottony cushion scale,20,10,2023
44.3901933333,9.00978,Italy,Icerya purchasi,Cottony cushion scale,28,10,2023
45.0859786446,7.671754472,Italy,Drepanosiphum,,28,10,2023
45.1630584685,7.0042835397,Italy,Aphidinae,,28,10,2023
45.1630594,7.0042540238,Italy,Aphididae,Aphids,28,10,2023
44.3568069413,10.6288640946,Italy,Panaphis juglandis,Walnut Aphid,28,10,2023
45.4205033333,12.3831133333,Italy,Pemphigus immunis,,29,10,2023
44.3550590992,10.6223771721,Italy,Aphididae,Aphids,29,10,2023
44.3549660841,10.6224314868,Italy,Aphididae,Aphids,29,10,2023
41.1898887997,14.162423,Italy,Aphididae,Aphids,29,10,2023
42.7112102587,11.5304613469,Italy,Eriosoma lanuginosum,Elm Balloon-gall Aphid,29,10,2023
43.7372319722,10.5127819722,Italy,Coccoidea,Scale Insects,12,10,2023
43.730057,10.5040779722,Italy,Coccidae,Soft scales,12,10,2023
40.4523421916,15.4787858203,Italy,Trioza centranthi,valerian psyllid,31,10,2023
44.1771065026,12.3377645016,Italy,Macrosiphini,,29,10,2023
41.7122481985,12.6864640787,Italy,Coccus,,29,10,2023
39.504578266,16.7591848969,Italy,Ceroplastes rusci,Fig Wax Scale,1,11,2023
40.4601328081,15.5507243425,Italy,Ceroplastes rusci,Fig Wax Scale,1,11,2023
41.7122094047,12.6866474748,Italy,Unaspis euonymi,Euonymus Scale,2,11,2023
45.1362195,7.6231666667,Italy,Aphis nerii,Oleander Aphid,1,11,2023
36.8633985892,14.7545398493,Italy,Coccus hesperidum,Brown Soft Scale,3,11,2023
45.7255616667,9.71377,Italy,Aleyrodidae,Whiteflies,4,11,2023
44.4640677886,11.1067847908,Italy,Anoecia,,4,11,2023
43.7179744631,11.1659033597,Italy,Lachninae,Giant Aphids,4,11,2023
43.718845116,11.1667113751,Italy,Lachninae,Giant Aphids,4,11,2023
44.955005,8.18748,Italy,Macrosiphum euphorbiae,Potato Aphid,4,11,2023
43.6098686187,13.4505479783,Italy,Coccus,,5,11,2023
45.7263361722,9.7127086669,Italy,Pemphigus spyrothecae,Poplar Spiral Gall Aphid,5,11,2023
39.2195453378,9.1654870659,Italy,Aploneura lentisci,Mealy Grass Root Aphid,4,11,2023
43.44904316,12.97598193,Italy,Aphididae,Aphids,6,11,2023
44.4933472222,11.2070194444,Italy,Aphididae,Aphids,6,11,2023
45.7225861658,9.6487701297,Italy,Aphididae,Aphids,31,10,2023
44.5069972222,11.2956277778,Italy,Pseudococcidae,Mealybugs,7,11,2023
45.0617408611,7.6525869167,Italy,Aphis,,7,11,2023
45.1320724486,7.052016735,Italy,Eriosoma lanuginosum,Elm Balloon-gall Aphid,7,11,2023
44.495468,11.3546089722,Italy,Aphididae,Aphids,7,11,2023
44.495483,11.354558,Italy,Aphididae,Aphids,7,11,2023
45.0858221725,7.6712153479,Italy,Anoecia,,12,11,2023
44.5144601139,11.1290005222,Italy,Aphidinae,,12,11,2023
44.4934777778,11.2071138889,Italy,Aphididae,Aphids,12,11,2023
40.6330984468,15.3729404882,Italy,Trioza centranthi,valerian psyllid,12,11,2023
41.1643194444,9.1830527778,Italy,Aphididae,Aphids,2,11,2023
40.4936366364,17.3491379459,Italy,Eriosoma lanuginosum,Elm Balloon-gall Aphid,12,11,2023
44.6597708844,11.6665353926,Italy,Aphididae,Aphids,29,10,2023
39.2237850778,9.1758206114,Italy,Icerya purchasi,Cottony cushion scale,4,11,2023
42.6206097882,12.2472245222,Italy,Ceroplastes ceriferus,Indian Wax Scale,9,11,2023
42.6206097882,12.2472245222,Italy,Planococcus,,9,11,2023
45.6342150777,13.8576023653,Italy,Planococcus,,15,11,2023
45.5599864964,12.1927488595,Italy,Aphidinae,,15,11,2023
44.4869388889,11.2204027778,Italy,Aphididae,Aphids,17,11,2023
46.1848005788,9.6795346859,Italy,Aphididae,Aphids,11,11,2023
45.4983887887,9.2581117898,Italy,Aphididae,Aphids,16,11,2023
45.0831656,7.6576123,Italy,Drepanosiphum,,17,11,2023
45.083165,7.657611,Italy,Aphididae,Aphids,17,11,2023
38.2957205162,15.88198299,Italy,Neotoxoptera,,18,11,2023
39.275775,9.0481888333,Italy,Ceroplastes rusci,Fig Wax Scale,8,11,2023
45.0245361111,7.6632118056,Italy,Aphididae,Aphids,21,11,2023
41.7022890619,16.0607614136,Italy,Aleyrodoidea,Whiteflies,24,9,2023
43.6098721004,13.4505058844,Italy,Coccoidea,Scale Insects,19,11,2023
45.5722317119,9.4253599271,Italy,Homotoma ficus,Mediterranean fig psyllid,15,11,2023
45.7103970922,8.2297597672,Italy,Macrosiphum,,23,11,2023
39.2329782233,9.1693115607,Italy,Icerya purchasi,Cottony cushion scale,9,11,2023
36.8335899177,11.9615930691,Italy,Daktulosphaira vitifoliae,Grape Phylloxera,24,11,2023
41.2525291,13.4491482,Italy,Aphis fabae,Black Bean Aphid,23,11,2023
41.2525291,13.4491482,Italy,Uroleucon,Large Daisy Aphids,23,11,2023
45.3710188,10.2220645997,Italy,Aphidoidea,,26,11,2023
44.5144828262,11.1290347204,Italy,Aphididae,Aphids,26,11,2023
45.7232668205,9.7188253323,Italy,Brevicoryne brassicae,Cabbage Aphid,11,11,2023
39.2152915743,9.1604612768,Italy,Aploneura lentisci,Mealy Grass Root Aphid,13,11,2023
45.7163956646,9.6982616118,Italy,Ceroplastes japonicus,Japanese Wax Scale,26,11,2023
45.6526866643,10.039618662,Italy,Pemphigus spyrothecae,Poplar Spiral Gall Aphid,9,11,2023
44.4998217715,11.3534377143,Italy,Aleurocanthus,,30,11,2023
45.0311813333,7.6664371389,Italy,Ceroplastes ceriferus,Indian Wax Scale,1,12,2023
45.0693766997,7.6347319,Italy,Bemisia,,2,12,2023
39.2337817255,9.1690567508,Italy,Aploneura lentisci,Mealy Grass Root Aphid,9,11,2023
44.6338195556,7.4941601667,Italy,Ceroplastes ceriferus,Indian Wax Scale,3,12,2023
45.77396153,8.89021124,Italy,Pseudococcus longispinus,long-tailed mealybug,3,12,2023
39.2022329611,9.1409055917,Italy,Planococcus ficus,vine mealybug,26,11,2023
45.0151939167,7.66088675,Italy,Tetraneura akinire,Oriental Grass Root Aphid,6,12,2023
38.6506607325,16.5480227918,Italy,Daktulosphaira vitifoliae,Grape Phylloxera,7,12,2023
40.0391974817,18.3260576427,Italy,Ceroplastes rusci,Fig Wax Scale,8,12,2023
39.2148395839,9.1703644193,Italy,Aploneura lentisci,Mealy Grass Root Aphid,26,11,2023
45.3095294,11.6771758997,Italy,Aleyrodinae,,9,12,2023
39.1885084549,9.1638009623,Italy,Aploneura lentisci,Mealy Grass Root Aphid,22,11,2023
45.6697672,10.6367663,Italy,Ceroplastes,Wax Scales,10,12,2023
45.7036992608,9.1860314459,Italy,Takahashia japonica,String Cottony Scale,10,12,2023
43.8844280617,11.0903813225,Italy,Psyllidae,jumping plant lice,3,12,2023
44.4941916667,11.2097166667,Italy,Ceroplastes japonicus,Japanese Wax Scale,12,12,2023
44.4940416667,11.2100666667,Italy,Pemphigus vesicarius,,12,12,2023
43.1593420263,11.1518049985,Italy,Eriosoma lanuginosum,Elm Balloon-gall Aphid,12,12,2023
44.2804920256,11.0046898574,Italy,Aphididae,Aphids,26,11,2023
44.1764260071,12.3379318044,Italy,Aleyrodes proletella,Cabbage Whitefly,12,12,2023
42.3368573,13.4535251,Italy,Cacopsylla pulchella,,9,12,2023
44.1766878666,12.3347590864,Italy,Psylloidea,Psylloids,18,12,2023
44.1768006413,12.3356123641,Italy,Psylloidea,Psylloids,18,12,2023
44.4845444444,11.2406527778,Italy,Aleyrodidae,Whiteflies,20,12,2023
45.5599815667,12.1927478537,Italy,Aphidinae,,20,12,2023
41.948785,12.544988,Italy,Aphididae,Aphids,22,12,2023
44.6912856166,8.0364809139,Italy,Aphididae,Aphids,22,12,2023
45.6158533333,8.8547533333,Italy,Takahashia japonica,String Cottony Scale,24,12,2023
43.822453422,7.6551515982,Italy,Aphididae,Aphids,21,12,2023
38.1885358158,15.2447667718,Italy,Parasaissetia nigra,Black Scale,25,12,2023
38.1834504825,15.2341639996,Italy,Ceroplastes rusci,Fig Wax Scale,26,12,2023
40.5096474376,16.7289239077,Italy,Aploneura lentisci,Mealy Grass Root Aphid,26,12,2023
43.712545,10.9511133333,Italy,Ceroplastes,Wax Scales,28,12,2023
36.8797434345,14.7659877688,Italy,Aphis nerii,Oleander Aphid,28,12,2023
44.193200216,10.886362195,Italy,Aphididae,Aphids,28,12,2023
43.924670238,11.7463846877,Italy,Adelges abietis,Pineapple-gall Adelgid,28,12,2023
46.0738625829,11.1118259308,Italy,Macrosiphum,,29,12,2023
44.9800561,7.7418053,Italy,Aphididae,Aphids,29,12,2023
39.1812261145,8.9701560987,Italy,Icerya purchasi,Cottony cushion scale,29,12,2023
40.7148873415,16.4133766362,Italy,Uroleucon sonchi,Sow-thistle Aphid,20,12,2023
42.722504447,11.5194440909,Italy,Eriosoma lanuginosum,Elm Balloon-gall Aphid,3,1,2024
41.9485770462,12.5444706157,Italy,Aphididae,Aphids,4,1,2024
45.1230687117,10.4441034776,Italy,Aphididae,Aphids,4,1,2024
45.1221086271,10.4444832938,Italy,Aphididae,Aphids,4,1,2024
45.1234864867,10.4439683687,Italy,Aphididae,Aphids,4,1,2024
41.9489039722,12.544945,Italy,Aphididae,Aphids,4,1,2024
44.483525,11.1998722222,Italy,Eriosoma lanuginosum,Elm Balloon-gall Aphid,4,1,2024
45.1216688195,10.4447410185,Italy,Aphididae,Aphids,5,1,2024
41.1643055,9.1735783333,Italy,Aspidiotus nerii,Oleander scale,5,1,2024
43.805585,7.6120999722,Italy,Icerya purchasi,Cottony cushion scale,6,1,2024
46.088489,11.1804183,Italy,Aphididae,Aphids,7,1,2024
45.1235162284,10.4439996254,Italy,Aphididae,Aphids,8,1,2024
39.2169846945,9.2914573476,Italy,Aploneura lentisci,Mealy Grass Root Aphid,20,12,2023
45.1229849176,10.4440115887,Italy,Aphididae,Aphids,10,1,2024
43.2747760273,12.4223422632,Italy,Macrosiphini,,4,1,2024
45.2304857658,9.0584997833,Italy,Ceroplastes,Wax Scales,14,1,2024
45.1230862641,10.4439508353,Italy,Aphididae,Aphids,15,1,2024
39.2027500962,9.1529135406,Italy,Aploneura lentisci,Mealy Grass Root Aphid,26,12,2023
45.5612771242,12.186533846,Italy,Aphidoidea,,18,1,2024
45.123187745,10.4439495843,Italy,Aphididae,Aphids,18,1,2024
45.0352134444,7.6598000833,Italy,Ceroplastes,Wax Scales,19,1,2024
45.1232607066,10.4439832439,Italy,Aphididae,Aphids,20,1,2024
46.15198,11.1296119997,Italy,Aphis,,13,10,2023
44.514928463,11.1293254048,Italy,Aphididae,Aphids,21,1,2024
38.0019815204,12.8138485551,Italy,Baizongia pistaciae,Pistacia Horn Gall Aphid,21,1,2024
45.1236401649,10.4439024044,Italy,Aphididae,Aphids,22,1,2024
45.125684206,10.4416091373,Italy,Psylloidea,Psylloids,23,1,2024
38.107115,12.790364,Italy,Geoica,,4,1,2024
38.107115,12.790364,Italy,Baizongia pistaciae,Pistacia Horn Gall Aphid,4,1,2024
38.105655,12.789835,Italy,Aploneura lentisci,Mealy Grass Root Aphid,4,1,2024
38.9705215351,16.4777441365,Italy,Ceroplastes rusci,Fig Wax Scale,24,1,2024
46.1034246667,11.0558587058,Italy,Eriosomatinae,Woolly Aphids and Gall-making Aphids,21,1,2024
45.1258202936,10.442172766,Italy,Aphididae,Aphids,25,1,2024
45.1214782712,10.4445317095,Italy,Psylloidea,Psylloids,26,1,2024
45.6761111111,12.2380555556,Italy,Aphididae,Aphids,5,11,2023
45.1249142325,10.4428470616,Italy,Psylloidea,Psylloids,27,1,2024
45.1235833867,10.4439453714,Italy,Psylloidea,Psylloids,27,1,2024
45.1219892239,10.4418754781,Italy,Psylloidea,Psylloids,27,1,2024
45.1231363665,10.4439849656,Italy,Aphididae,Aphids,28,1,2024
43.8307724407,7.6543187723,Italy,Parthenolecanium,,29,1,2024
44.7706336114,11.6346976934,Italy,Eriosoma lanuginosum,Elm Balloon-gall Aphid,27,1,2024
38.4154699997,15.8917082997,Italy,Pemphigus bursarius,Poplar Gall Aphid,31,1,2024
44.1760407903,12.3386499658,Italy,Parthenolecanium,,31,1,2024
44.1771909028,12.3374671116,Italy,Macrosiphini,,31,1,2024
45.569541087,8.1091533601,Italy,Pseudococcus longispinus,long-tailed mealybug,1,2,2024
46.1360748592,9.6144933748,Italy,Aphididae,Aphids,28,1,2024
45.687403,9.635096,Italy,Ceroplastes ceriferus,Indian Wax Scale,31,1,2024
43.9039123214,12.2696038708,Italy,Lachninae,Giant Aphids,28,10,2023
45.7333085945,9.3846245286,Italy,Acyrthosiphon,,2,2,2024
44.4467001865,11.379317008,Italy,Eriosoma lanuginosum,Elm Balloon-gall Aphid,3,2,2024
39.1113658941,16.5298627317,Italy,Psylloidea,Psylloids,3,2,2024
42.0387649536,12.1532096861,Italy,Eriosoma lanuginosum,Elm Balloon-gall Aphid,3,2,2024
45.5023555311,9.2314885184,Italy,Aphididae,Aphids,3,2,2024
44.4468027778,11.3791694444,Italy,Eriosoma lanuginosum,Elm Balloon-gall Aphid,3,2,2024
42.2427302172,11.1066138337,Italy,Aploneura lentisci,Mealy Grass Root Aphid,3,2,2024
44.9479366667,7.6338366667,Italy,Icerya purchasi,Cottony cushion scale,7,2,2024
43.7860259722,7.631058,Italy,Aphis jacobaeae,Ragwort Aphid,6,2,2024
45.7226881567,9.6496493229,Italy,Aphididae,Aphids,8,2,2024
45.123421,10.443892,Italy,Aphididae,Aphids,5,2,2024
42.8258109591,11.2589830584,Italy,Eriosoma lanuginosum,Elm Balloon-gall Aphid,9,2,2024
44.4961805556,11.3540361111,Italy,Aspidiotini,,8,2,2024
43.8146824754,10.8723496536,Italy,Icerya purchasi,Cottony cushion scale,10,2,2024
43.8223912542,7.6550630853,Italy,Cacopsylla pruni,,11,2,2024
40.7711943997,14.7889151997,Italy,Aphididae,Aphids,12,2,2024
44.4172138889,11.8999944444,Italy,Icerya purchasi,Cottony cushion scale,14,2,2024
44.1031441219,9.9672285095,Italy,Icerya purchasi,Cottony cushion scale,15,2,2024
44.4204722222,11.9713944444,Italy,Lepidosaphes,,16,2,2024
45.6814096796,8.4738914042,Italy,Aleuroplatus coronata,Crown Whitefly,16,2,2024
41.9119007997,12.4865463997,Italy,Ceroplastes japonicus,Japanese Wax Scale,24,10,2023
42.6801706928,11.0736461893,Italy,Eriosoma lanuginosum,Elm Balloon-gall Aphid,15,2,2024
45.122913,10.44408,Italy,Aphididae,Aphids,6,2,2024
41.9487939722,12.5450239722,Italy,Aphididae,Aphids,18,2,2024
42.056476007,14.7924517054,Italy,Ceroplastes rusci,Fig Wax Scale,19,2,2024
42.0460128784,11.8793954849,Italy,Icerya purchasi,Cottony cushion scale,19,2,2024
43.837005,11.193995,Italy,Aleurocanthus,,21,2,2024
42.7265025494,11.5157629118,Italy,Eriosoma lanuginosum,Elm Balloon-gall Aphid,21,2,2024
42.7214083538,11.5181378166,Italy,Eriosoma lanuginosum,Elm Balloon-gall Aphid,21,2,2024
42.7083353816,11.5259760366,Italy,Eriosoma lanuginosum,Elm Balloon-gall Aphid,22,2,2024
44.7893866667,11.6297216667,Italy,Ceroplastes,Wax Scales,22,2,2024
44.4225442457,8.8625332286,Italy,Trioza centranthi,valerian psyllid,23,2,2024
42.0459289551,11.8794546127,Italy,Icerya purchasi,Cottony cushion scale,19,2,2024
43.9116939165,10.3426308185,Italy,Coccidae,Soft scales,1,1,2024
44.473612,11.095113,Italy,Aphididae,Aphids,25,2,2024
44.4936083333,11.2073555556,Italy,Aphididae,Aphids,25,2,2024
44.6783472222,7.3358805556,Italy,Adelges viridis,Green Spruce Gall Adelgid,24,2,2024
41.740932,12.658051,Italy,Aphis sambuci,Elder Aphid,25,2,2024
41.9489239722,12.5449179722,Italy,Aleurothrixus floccosus,Woolly Whitefly,1,3,2024
41.8849189722,12.292948,Italy,Sternorrhyncha,Plant-parasitic Hemipterans,2,3,2024
42.0558376094,11.8390393419,Italy,Aploneura lentisci,Mealy Grass Root Aphid,2,3,2024
44.65818,10.91122,Italy,Aphididae,Aphids,3,3,2024
44.65818,10.91122,Italy,Aphidinae,,3,3,2024
45.4230508857,9.1274157912,Italy,Macrosiphini,,2,3,2024
45.4510187007,12.4088816054,Italy,Ceroplastes japonicus,Japanese Wax Scale,7,3,2024
45.4510222024,12.4088901079,Italy,Ceroplastes japonicus,Japanese Wax Scale,7,3,2024
44.6338767778,7.4937019167,Italy,Ceroplastes,Wax Scales,9,3,2024
41.9524046,12.5271156997,Italy,Eriosoma lanuginosum,Elm Balloon-gall Aphid,9,3,2024
42.0396,11.83477,Italy,Aphis nerii,Oleander Aphid,9,3,2024
39.2412935323,9.1836459562,Italy,Aphididae,Aphids,19,2,2024
45.2957881574,11.9957040623,Italy,Aphis fabae,Black Bean Aphid,5,3,2024
37.7104415,14.8610313997,Italy,Baizongia pistaciae,Pistacia Horn Gall Aphid,9,10,2023
45.9843666667,9.2132638889,Italy,Sitobion,,11,3,2024
45.9843666667,9.2132638889,Italy,Sitobion,,11,3,2024
46.1360748592,9.6144933748,Italy,Psyllidae,jumping plant lice,12,3,2024
41.6154691997,12.500806,Italy,Eriosoma lanuginosum,Elm Balloon-gall Aphid,13,3,2024
45.5844925604,9.2744484544,Italy,Aphidinae,,14,3,2024
42.4735583333,14.2045194444,Italy,Icerya purchasi,Cottony cushion scale,15,3,2024
42.0396,11.83477,Italy,Icerya purchasi,Cottony cushion scale,15,3,2024
45.4530633333,12.353605,Italy,Aphididae,Aphids,16,3,2024
44.8407154732,11.6478481628,Italy,Aphididae,Aphids,16,3,2024
45.6077545341,11.3939509778,Italy,Cinara,Giant Conifer Aphids,16,3,2024
42.6206097882,12.2472245222,Italy,Anoecia,,9,11,2023
45.0868206514,7.6700532809,Italy,Aphidinae,,17,3,2024
45.6399825897,10.03820069,Italy,Aphis,,17,3,2024
44.4114896509,8.6663299799,Italy,Icerya purchasi,Cottony cushion scale,17,3,2024
37.07624943,14.2492564,Italy,Icerya purchasi,Cottony cushion scale,19,3,2024
45.0350219997,11.6415459997,Italy,Aphis,,20,3,2024
44.5015722222,11.3534694444,Italy,Aphidinae,,21,3,2024
37.5241196859,15.113748908,Italy,Icerya purchasi,Cottony cushion scale,20,3,2024
45.6330593764,9.8720505969,Italy,Aphididae,Aphids,21,3,2024
45.5418289999,10.1803830001,Italy,Psylloidea,Psylloids,16,3,2024
38.1797675833,15.2303876667,Italy,Pemphigus,Poplar Leaf-stem Gall Aphids,22,3,2024
40.3692579917,17.3189890391,Italy,Aphidomorpha,Aphids and Allies,23,3,2024
45.3590777563,10.7343761623,Italy,Aphididae,Aphids,23,3,2024
44.0080916667,12.6457583333,Italy,Lachninae,Giant Aphids,23,3,2024
45.3996949797,11.8819213494,Italy,Ceroplastes japonicus,Japanese Wax Scale,23,3,2024
44.4403408398,11.4281988106,Italy,Eriosoma lanuginosum,Elm Balloon-gall Aphid,23,3,2024
45.59636771,10.21335528,Italy,Pemphigus,Poplar Leaf-stem Gall Aphids,24,3,2024
45.705431532,9.5235020487,Italy,Aphididae,Aphids,24,3,2024
44.4948472222,11.2122083333,Italy,Coccus hesperidum,Brown Soft Scale,25,3,2024
43.53195676,13.28897818,Italy,Macrosiphini,,26,3,2024
37.2932172075,14.8496311158,Italy,Aphididae,Aphids,26,3,2024
45.1334002361,8.4471804276,Italy,Ceroplastes japonicus,Japanese Wax Scale,22,2,2024
37.5606416667,14.9066833333,Italy,Sternorrhyncha,Plant-parasitic Hemipterans,28,3,2024
43.7278516199,11.2200078741,Italy,Aphididae,Aphids,30,3,2024
45.7617153997,9.5701555,Italy,Aphididae,Aphids,30,3,2024
43.7325766398,11.2194902077,Italy,Aphididae,Aphids,30,3,2024
45.9845638889,9.2133083333,Italy,Aphididae,Aphids,30,3,2024
39.2428210744,9.3050572149,Italy,Coccoidea,Scale Insects,30,3,2024
42.0558376094,11.8390393419,Italy,Aphis,,30,3,2024
41.8954866667,12.4889016667,Italy,Aleurothrixus floccosus,Woolly Whitefly,16,3,2024
44.4934916667,11.2070416667,Italy,Aphidinae,,31,3,2024
44.4935,11.2072166667,Italy,Uroleucon,Large Daisy Aphids,31,3,2024
43.5819509948,11.3172746061,Italy,Trioza urticae,,31,3,2024
45.0815503887,8.382576406,Italy,Ceroplastes japonicus,Japanese Wax Scale,31,3,2024
40.817095,14.6687449722,Italy,Trioza centranthi,valerian psyllid,31,3,2024
44.4901466986,11.1783669144,Italy,Macrosiphum rosae,Rose Aphid,1,4,2024
44.54468996,10.93347031,Italy,Icerya purchasi,Cottony cushion scale,1,4,2024
42.5383633333,11.3515866667,Italy,Eriosoma lanuginosum,Elm Balloon-gall Aphid,1,4,2024
45.4335603,12.3499500997,Italy,Aphididae,Aphids,1,4,2024
44.4946944444,11.221025,Italy,Brevicoryne brassicae,Cabbage Aphid,1,4,2024
42.1336528333,12.0507083333,Italy,Aphis spiraecola,Spiraea Aphid,1,4,2024
45.0963645003,7.663629055,Italy,Aphidinae,,2,4,2024
45.4982472,12.4189852997,Italy,Lauritrioza alacris,Bay Sucker,2,4,2024
43.5456348957,13.3605481312,Italy,Megoura viciae,Vetch Aphid,3,4,2024
44.49425,11.2097138889,Italy,Sternorrhyncha,Plant-parasitic Hemipterans,18,10,2023
44.4934833333,11.2072416667,Italy,Aphididae,Aphids,28,10,2023
44.4652138889,11.1992194444,Italy,Anoecia,,28,10,2023
39.5864033333,16.690805,Italy,Pseudococcidae,Mealybugs,24,9,2023
41.4696072,14.5734415,Italy,Macrosiphum,,31,3,2024
44.5531,11.3589819722,Italy,Aphididae,Aphids,4,4,2024
44.88385,12.2319583333,Italy,Ceroplastes rusci,Fig Wax Scale,4,4,2024
44.1052888889,9.8228611111,Italy,Aphis,,2,4,2024
44.4962769722,11.3529149722,Italy,Aphididae,Aphids,5,4,2024
44.502478,11.3541679722,Italy,Aphididae,Aphids,4,4,2024
44.1547997144,12.3847470805,Italy,Aphis craccivora,Cowpea Aphid,5,4,2024
44.5023971,11.3363438997,Italy,Aphis,,5,4,2024
44.90541075,11.6092185833,Italy,Ceroplastes japonicus,Japanese Wax Scale,4,4,2024
44.1773928855,12.3333593085,Italy,Coccus,,5,4,2024
44.6235504801,11.04292992,Italy,Aphididae,Aphids,3,4,2024
44.284247,11.109556,Italy,Cryptomyzus ribis,Redcurrant Blister Aphid,6,4,2024
45.0306171,11.6416892,Italy,Aphidomorpha,Aphids and Allies,6,4,2024
44.1547997144,12.3847470805,Italy,Macrosiphum,,6,4,2024
45.4985229763,11.594385244,Italy,Ceroplastes japonicus,Japanese Wax Scale,6,4,2024
45.6077518092,11.3946465635,Italy,Aphididae,Aphids,6,4,2024
44.6338462778,7.4940972222,Italy,Macrosiphum,,7,4,2024
45.3619373912,9.6583079982,Italy,Aphis sambuci,Elder Aphid,6,4,2024
41.9521839,12.5237725997,Italy,Aphididae,Aphids,7,4,2024
38.103148402,12.6874514669,Italy,Geoica utricularia,,7,4,2024
39.2429291225,9.3049586002,Italy,Aphidoidea,,7,4,2024
44.7795158712,10.2000657111,Italy,Aphididae,Aphids,7,4,2024
38.2342681667,15.2450866667,Italy,Aphis nerii,Oleander Aphid,7,4,2024
44.494740376,11.3555187732,Italy,Aphididae,Aphids,8,4,2024
42.7232589845,11.5183669809,Italy,Eriosoma lanuginosum,Elm Balloon-gall Aphid,7,4,2024
44.1782241333,12.3350242898,Italy,Aphididae,Aphids,5,4,2024
45.4461603997,11.0019834997,Italy,Aphididae,Aphids,9,4,2024
45.4438947,11.0078461,Italy,Aphis,,9,4,2024
45.4481234,11.0005924,Italy,Aphididae,Aphids,9,4,2024
44.4289160875,8.8221874454,Italy,Aphididae,Aphids,8,4,2024
38.1091394273,12.7886720251,Italy,Baizongia pistaciae,Pistacia Horn Gall Aphid,9,4,2024
43.5447814147,13.361244835,Italy,Aphidinae,,10,4,2024
43.1081583333,12.3372616667,Italy,Uroleucon sonchi,Sow-thistle Aphid,10,4,2024
44.4936472222,11.2074194444,Italy,Psyllopsis,,10,4,2024
44.5364633333,11.4044383333,Italy,Eriosomatini,,11,4,2024
45.4605198106,7.7357605897,Italy,Brevicoryne brassicae,Cabbage Aphid,11,4,2024
45.4948966997,10.6081623997,Italy,Ceroplastes japonicus,Japanese Wax Scale,11,4,2024
41.9246216667,16.0866528333,Italy,Aploneura lentisci,Mealy Grass Root Aphid,11,4,2024
45.0679588056,7.6563119722,Italy,Aphidoidea,,11,4,2024
39.3514638889,16.2369805556,Italy,Aphis sambuci,Elder Aphid,11,4,2024
43.819225,12.2376666667,Italy,Megoura viciae,Vetch Aphid,10,4,2024
41.9524757,12.5243041997,Italy,Aphis nerii,Oleander Aphid,12,4,2024
44.6544084401,10.9001980349,Italy,Aphis,,12,4,2024
43.5879268465,13.5146812722,Italy,Sitobion,,12,4,2024
44.48265,11.2703416667,Italy,Aphididae,Aphids,12,4,2024
44.1763444914,12.3359935731,Italy,Uroleucon sonchi,Sow-thistle Aphid,11,4,2024
37.0524648789,14.5718163097,Italy,Tetraneura ulmi,Elm Sack Gall Aphid,12,4,2024
45.0907150629,7.7575043254,Italy,Macrosiphum rosae,Rose Aphid,13,4,2024
45.0306265997,11.6416564997,Italy,Hyalopterus pruni,Mealy Plum Aphid,13,4,2024
38.2231333333,15.5651416667,Italy,Icerya purchasi,Cottony cushion scale,13,4,2024
37.969145,13.4549202,Italy,Aphis fabae,Black Bean Aphid,9,4,2024
43.2149885537,11.2404546887,Italy,Macrosiphini,,13,4,2024
44.7048646348,8.2969016209,Italy,Cacopsylla pyri,,13,4,2024
45.0100884,11.6620603,Italy,Aphis fabae,Black Bean Aphid,13,4,2024
45.4276064,12.3576920997,Italy,Aphididae,Aphids,13,4,2024
44.2362618,8.4340159997,Italy,Aphis,,13,4,2024
44.2356986997,8.4336729047,Italy,Aphididae,Aphids,13,4,2024
39.7020638889,8.754575,Italy,Aploneura lentisci,Mealy Grass Root Aphid,24,3,2024
42.7755283376,11.0938239713,Italy,Pulvinaria camelicola,Cottony Camellia Scale,12,4,2024
45.19890975,9.1055421667,Italy,Sitobion,,14,4,2024
43.7307518955,11.2195461988,Italy,Aphididae,Aphids,13,4,2024
44.3118111111,11.8569861111,Italy,Macrosiphum,,14,4,2024
43.6197516867,13.5179140046,Italy,Brevicoryne brassicae,Cabbage Aphid,14,4,2024
41.9574408978,12.5345100649,Italy,Aphididae,Aphids,14,4,2024
41.9577959972,12.5348628592,Italy,Ceroplastes rusci,Fig Wax Scale,14,4,2024
42.7755283376,11.0938239713,Italy,Macrosiphum rosae,Rose Aphid,11,4,2024
42.7755283376,11.0938239713,Italy,Macrosiphum rosae,Rose Aphid,14,4,2024
39.2825737193,9.0005690977,Italy,Aphidinae,,15,4,2024
46.6739532581,11.1523219943,Italy,Tetraneura ulmi,Elm Sack Gall Aphid,15,4,2024
41.1202388333,16.869275,Italy,Macrosiphini,,15,4,2024
45.5100663794,9.2364154011,Italy,Takahashia japonica,String Cottony Scale,15,4,2024
45.490661,11.505081,Italy,Tetraneura,,13,4,2024
45.1356011112,8.4516992564,Italy,Ceroplastes ceriferus,Indian Wax Scale,15,4,2024
41.9574588997,12.5342418997,Italy,Aphis fabae,Black Bean Aphid,14,4,2024
37.8527906997,15.2918383,Italy,Euphyllura,,15,4,2024
44.4881375834,11.2963867933,Italy,Aphis nerii,Oleander Aphid,16,4,2024
44.1779476131,12.3346243054,Italy,Dysaphis crataegi,hawthorn-carrot aphid,16,4,2024
42.3606350416,13.3776982235,Italy,Cinara tujafilina,Cypress Pine Aphid,14,4,2024
44.9401494997,8.0992923997,Italy,Eriosoma lanuginosum,Elm Balloon-gall Aphid,16,4,2024
45.4774314995,11.4559826722,Italy,Eriosoma lanigerum,Woolly Apple Aphid,16,4,2024
45.738403,13.688994,Italy,Aleyrodidae,Whiteflies,17,4,2024
44.9040222222,12.2635,Italy,Tetraneura akinire,Oriental Grass Root Aphid,17,4,2024
45.3542014079,11.4626932177,Italy,Cacopsylla pulchella,,17,4,2024
37.4702871891,15.069466643,Italy,Aleyrodinae,,18,4,2024
37.4702823993,15.0694311038,Italy,Ceroplastes rusci,Fig Wax Scale,18,4,2024
37.4702871891,15.0694364682,Italy,Aphididae,Aphids,18,4,2024
37.4702858586,15.0694280863,Italy,Ceroplastes rusci,Fig Wax Scale,18,4,2024
40.8495769415,14.2521719527,Italy,Ceroplastes rusci,Fig Wax Scale,18,4,2024
44.6496166667,10.93227,Italy,Tetraneura,,18,4,2024
45.732735948,8.9766414464,Italy,Aphididae,Aphids,19,4,2024
46.1391984997,11.1173174065,Italy,Icerya purchasi,Cottony cushion scale,19,4,2024
37.4199067,14.3728264,Italy,Tetraneura ulmi,Elm Sack Gall Aphid,15,4,2024
37.4199067,14.3728264,Italy,Eriosoma lanuginosum,Elm Balloon-gall Aphid,15,4,2024
45.0858387429,7.6711841673,Italy,Aphidinae,,20,4,2024
45.0858924784,7.6712787151,Italy,Aphididae,Aphids,20,4,2024
45.0862082625,7.6716113091,Italy,Aphididae,Aphids,20,4,2024
45.0861029224,7.6715281606,Italy,Aphidinae,,20,4,2024
45.0861197295,7.6716002449,Italy,Macrosiphum rosae,Rose Aphid,20,4,2024
45.0860579457,7.671646513,Italy,Macrosiphum rosae,Rose Aphid,20,4,2024
45.085989297,7.6715150848,Italy,Aphididae,Aphids,20,4,2024
37.9662239325,13.4579497386,Italy,Sitobion,,10,4,2024
44.7835808,10.3616253,Italy,Aphidini,,20,4,2024
45.0859384022,7.6714138314,Italy,Aphididae,Aphids,20,4,2024
42.7755283376,11.0938239713,Italy,Aphididae,Aphids,20,4,2024
45.51828508,11.00851141,Italy,Tetraneura caerulescens,,21,4,2024
46.6809438262,11.1763080675,Italy,Dysaphis,,21,4,2024
45.6303176878,9.1539087294,Italy,Takahashia japonica,String Cottony Scale,21,4,2024
45.3583020242,9.6558466515,Italy,Aphis sambuci,Elder Aphid,21,4,2024
44.7194027981,8.2860608026,Italy,Uroleucon sonchi,Sow-thistle Aphid,21,4,2024
45.3081436461,9.1010084376,Italy,Tinocallis,,21,4,2024
41.2814301328,13.6956313942,Italy,Aphis sambuci,Elder Aphid,21,4,2024
37.0760683333,14.2493416667,Italy,Icerya purchasi,Cottony cushion scale,23,4,2024
44.11809,12.2198416667,Italy,Tetraneura caerulescens,,23,4,2024
40.749532375,9.59302146,Italy,Aphidini,,22,4,2024
37.098137586,14.3430456519,Italy,Aphis craccivora,Cowpea Aphid,24,4,2024
45.1276562126,7.6354397088,Italy,Pulvinaria,,24,4,2024
45.0212096944,7.6730780278,Italy,Aphididae,Aphids,24,4,2024
46.6709517,11.1681475,Italy,Aphididae,Aphids,24,4,2024
45.4617160885,9.1717957053,Italy,Takahashia japonica,String Cottony Scale,24,4,2024
45.4617069522,9.1717895027,Italy,Eriosomatinae,Woolly Aphids and Gall-making Aphids,24,4,2024
44.9517360997,8.0837696,Italy,Tetraneura caerulescens,,24,4,2024
44.39,7.4305555556,Italy,Aphis,,23,4,2024
45.7458333333,7.4883333333,Italy,Tetraneura,,25,4,2024
45.5315733562,9.201988726,Italy,Takahashia japonica,String Cottony Scale,25,4,2024
45.5512649445,9.3524933606,Italy,Takahashia japonica,String Cottony Scale,25,4,2024
45.5355224609,9.3154344559,Italy,Tetraneura akinire,Oriental Grass Root Aphid,25,4,2024
45.5355224609,9.3154344559,Italy,Takahashia japonica,String Cottony Scale,25,4,2024
46.2207254908,11.1570809159,Italy,Aphidoidea,,25,4,2024
40.8955825,15.030768,Italy,Tetraneura caerulescens,,25,4,2024
45.33807,8.8674233333,Italy,Tetraneura caerulescens,,25,4,2024
45.7900083333,10.0303555,Italy,Tetraneura akinire,Oriental Grass Root Aphid,25,4,2024
45.6631226489,9.155950807,Italy,Takahashia japonica,String Cottony Scale,24,4,2024
38.26164225,15.62312063,Italy,Aphididae,Aphids,26,4,2024
44.001369002,11.9276037812,Italy,Aphidini,,26,4,2024
38.2631845493,15.626311088,Italy,Aphididae,Aphids,26,4,2024
38.2690367408,15.2262988737,Italy,Acyrthosiphon,,26,4,2024
45.5585380848,9.8285549507,Italy,Coccus hesperidum,Brown Soft Scale,26,4,2024
38.2694419205,15.2269748841,Italy,Aploneura lentisci,Mealy Grass Root Aphid,26,4,2024
45.7174194444,11.3339361111,Italy,Aphididae,Aphids,26,4,2024
45.5658392051,9.0919330117,Italy,Trialeurodes vaporariorum,Greenhouse Whitefly,26,4,2024
44.4770572943,11.3561353418,Italy,Cinara,Giant Conifer Aphids,25,4,2024
45.8429582127,12.1835629642,Italy,Tetraneura akinire,Oriental Grass Root Aphid,26,4,2024
42.2282288991,12.5970370427,Italy,Macrosiphum,,26,4,2024
39.242530906,9.3052992407,Italy,Icerya purchasi,Cottony cushion scale,26,4,2024
43.9659383429,11.4648716667,Italy,Aphis sambuci,Elder Aphid,26,4,2024
45.6046984641,9.4099686486,Italy,Takahashia japonica,String Cottony Scale,26,4,2024
45.5904146939,10.7182249054,Italy,Orthezia urticae,Nettle Ensign Scale,26,4,2024
42.1298240338,12.5070597453,Italy,Aleyrodinae,,26,4,2024
42.1298379582,12.5070329232,Italy,Macrosiphini,,26,4,2024
38.2549629167,15.2394370833,Italy,Icerya purchasi,Cottony cushion scale,26,4,2024
42.9352541728,10.5207442492,Italy,Tetraneura akinire,Oriental Grass Root Aphid,26,4,2024
42.1323817839,12.0861766487,Italy,Aphis fabae,Black Bean Aphid,26,4,2024
44.0029527778,11.9328972222,Italy,Ceroplastes japonicus,Japanese Wax Scale,25,4,2024
38.208405,15.2570166667,Italy,Aphis fabae,Black Bean Aphid,27,4,2024
40.3979837883,17.6378071681,Italy,Phenacoccus,,27,4,2024
37.098943043,14.342992343,Italy,Euphyllura,,27,4,2024
38.2145440732,15.2327769622,Italy,Triozidae,,27,4,2024
44.0001194444,11.9354277778,Italy,Aphididae,Aphids,25,4,2024
44.0021333333,11.9347194444,Italy,Tetraneura akinire,Oriental Grass Root Aphid,25,4,2024
41.9327694457,12.5594906702,Italy,Macrosiphum rosae,Rose Aphid,27,4,2024
44.6733092402,10.6566283107,Italy,Tetraneura,,26,4,2024
41.9597080018,12.8021340072,Italy,Aphis spiraecola,Spiraea Aphid,27,4,2024
41.7997263,12.7036549997,Italy,Aphis fabae,Black Bean Aphid,27,4,2024
45.6173764322,10.7182570919,Italy,Orthezia,,27,4,2024
44.4639359434,11.1067217588,Italy,Aphididae,Aphids,27,4,2024
38.2087492018,15.2564525394,Italy,Hyalopterus pruni,Mealy Plum Aphid,27,4,2024
38.1731706848,15.243518874,Italy,Brachycaudus cardui,Plum-thistle Aphid,26,4,2024
43.3204566667,11.3349233333,Italy,Tetraneura,,27,4,2024
43.3204116667,11.334365,Italy,Tetraneura,,27,4,2024
38.2086985849,15.2568554171,Italy,Aphis,,27,4,2024
41.8434771519,12.5639960421,Italy,Tetraneura caerulescens,,27,4,2024
41.843637005,12.56368,Italy,Aphis,,27,4,2024
41.8447239949,12.5627796732,Italy,Aphididae,Aphids,27,4,2024
38.1679546792,13.221618259,Italy,Uroleucon,Large Daisy Aphids,18,4,2024
42.1615971667,12.21635,Italy,Macrosiphum rosae,Rose Aphid,28,4,2024
41.7728817381,12.4339069426,Italy,Aphididae,Aphids,27,4,2024
38.255263106,15.597930802,Italy,Aphis,,27,4,2024
38.2429861111,15.2419472222,Italy,Aphis,,27,4,2024
41.8508881331,12.5540682301,Italy,Aphididae,Aphids,28,4,2024
41.8189686587,12.9337292165,Italy,Tetraneura caerulescens,,28,4,2024
41.8189686587,12.9337292165,Italy,Tetraneura caerulescens,,28,4,2024
42.1541516667,12.1301183333,Italy,Eriosomatinae,Woolly Aphids and Gall-making Aphids,28,4,2024
45.3505338556,11.1847569421,Italy,Eriosoma lanigerum,Woolly Apple Aphid,23,4,2024
45.7160821306,9.6919041127,Italy,Tetraneura caerulescens,,28,4,2024
44.9491700131,9.3928129971,Italy,Ceroplastes japonicus,Japanese Wax Scale,28,4,2024
45.71678792,9.69206222,Italy,Tetraneura caerulescens,,28,4,2024
42.1460566667,12.4780133333,Italy,Eriosomatini,,28,4,2024
42.1460637683,12.4782054685,Italy,Eriosomatini,,28,4,2024
38.2019206781,15.2548278056,Italy,Aphididae,Aphids,26,4,2024
38.2412027778,15.2416027778,Italy,Aphis fabae,Black Bean Aphid,27,4,2024
45.2773181761,9.7615899146,Italy,Tetraneura akinire,Oriental Grass Root Aphid,27,4,2024
42.9255194444,13.8194805556,Italy,Sternorrhyncha,Plant-parasitic Hemipterans,28,4,2024
45.7185962501,9.3845162541,Italy,Aphidinae,,28,4,2024
41.97972053,12.51361088,Italy,Aphis craccivora,Cowpea Aphid,28,4,2024
41.9743836682,12.4354278956,Italy,Aonidiella aurantii,California red scale,28,4,2024
38.1774581514,15.2412064746,Italy,Aphidinae,,28,4,2024
44.9927576464,7.9234077036,Italy,Tetraneura,,28,4,2024
44.7283254109,11.2924761325,Italy,Aphis nerii,Oleander Aphid,28,4,2024
41.97046857,12.52823979,Italy,Tetraneura caerulescens,,28,4,2024
41.97132736,12.52799125,Italy,Aphis fabae,Black Bean Aphid,28,4,2024
38.2110388,15.2296414,Italy,Aphis nerii,Oleander Aphid,28,4,2024
42.1029081614,12.3164818166,Italy,Tetraneura caerulescens,,26,4,2024
45.5559383333,9.0635533333,Italy,Takahashia japonica,String Cottony Scale,28,4,2024
44.7283392263,11.2924660742,Italy,Macrosiphum rosae,Rose Aphid,28,4,2024
44.4990166667,11.2045055556,Italy,Siphini,,28,4,2024
43.3189578,11.334719,Italy,Tetraneura akinire,Oriental Grass Root Aphid,28,4,2024
41.8189686587,12.9337292165,Italy,Eriosomatini,,28,4,2024
41.8189686587,12.9337292165,Italy,Eriosomatini,,28,4,2024
41.8677944444,12.5008055556,Italy,Aphis,,27,4,2024
43.32038,11.3348466667,Italy,Aphis,,28,4,2024
45.6115630997,9.0133674997,Italy,Takahashia japonica,String Cottony Scale,26,4,2024
42.127118603,12.0997403902,Italy,Tetraneura,,29,4,2024
38.2693101332,15.2255912124,Italy,Aphididae,Aphids,29,4,2024
38.269975,15.2292683333,Italy,Aphididae,Aphids,29,4,2024
38.2701207088,15.2295138853,Italy,Macrosiphini,,29,4,2024
38.2556570033,15.2403283864,Italy,Aphididae,Aphids,29,4,2024
38.2699033962,15.230107829,Italy,Macrosiphini,,29,4,2024
46.0648268323,11.6331559047,Italy,Aphididae,Aphids,7,11,2023
38.2701050269,15.229611285,Italy,Toxoptera,,29,4,2024
40.8404323,14.1859415,Italy,Icerya purchasi,Cottony cushion scale,29,4,2024
46.3100883333,11.6101633333,Italy,Aphis gossypii,Melon Aphid,29,4,2024
38.2699823566,15.229632156,Italy,Euphyllura,,29,4,2024
41.9797019958,12.8213415144,Italy,Neopulvinaria innumerabilis,Cottony Maple Scale,29,4,2024
41.979545,12.821375,Italy,Pulvinaria,,29,4,2024
40.8619623417,14.1968725181,Italy,Aphididae,Aphids,29,4,2024
38.2158619609,15.2397080499,Italy,Protopulvinaria pyriformis,Pyriform Scale,29,4,2024
41.9692802854,12.5262470171,Italy,Aphis nerii,Oleander Aphid,29,4,2024
40.1998846921,17.9225981839,Italy,Aploneura lentisci,Mealy Grass Root Aphid,28,4,2024
44.7422812041,10.869623702,Italy,Tetraneura caerulescens,,29,4,2024
42.0480357575,12.6584987638,Italy,Aphididae,Aphids,27,4,2024
42.0480357575,12.6584987638,Italy,Aphididae,Aphids,27,4,2024
43.623770474,11.2806656957,Italy,Aphididae,Aphids,29,4,2024
44.6909024787,8.0362901343,Italy,Uroleucon sonchi,Sow-thistle Aphid,29,4,2024
42.1617916667,12.21623,Italy,Aphis fabae,Black Bean Aphid,29,4,2024
38.2050997898,15.2482887919,Italy,Aphis,,29,4,2024
38.2050486969,15.2479334055,Italy,Aphis sambuci,Elder Aphid,29,4,2024
41.9719233355,12.4361908436,Italy,Icerya purchasi,Cottony cushion scale,29,4,2024
38.2316189407,15.2488685248,Italy,Aphis,,29,4,2024
43.4839616794,11.262370348,Italy,Tetraneura akinire,Oriental Grass Root Aphid,29,4,2024
41.7815334979,12.4103014916,Italy,Eriosomatini,,27,4,2024
44.6529638889,10.8968194444,Italy,Hyalopterus pruni,Mealy Plum Aphid,29,4,2024
44.6527222222,10.8961694444,Italy,Tetraneura,,29,4,2024
44.6527222222,10.8961694444,Italy,Tetraneura ulmi,Elm Sack Gall Aphid,29,4,2024
40.8762815649,14.248991432,Italy,Tetraneura akinire,Oriental Grass Root Aphid,29,4,2024
38.1981771305,15.2681673691,Italy,Aphididae,Aphids,29,4,2024
38.1162447627,13.3489888161,Italy,Aphididae,Aphids,29,4,2024
40.4162559509,17.6208114624,Italy,Aphididae,Aphids,29,4,2024
38.2480194216,15.2421979323,Italy,Euphyllura olivina,olive psyllid,27,4,2024
45.7098583333,9.6513916667,Italy,Aphis,,29,4,2024
45.6067041603,11.3954548377,Italy,Aphis nerii,Oleander Aphid,29,4,2024
38.2459793303,15.2422391251,Italy,Diaspis echinocacti,prickly pear scale,27,4,2024
41.9524616667,12.805825,Italy,Icerya purchasi,Cottony cushion scale,10,4,2024
38.1853231661,15.2154589444,Italy,Aphididae,Aphids,26,4,2024
38.1835545803,15.2167222649,Italy,Aphididae,Aphids,26,4,2024
38.1839617462,15.2152611315,Italy,Aphis,,26,4,2024
38.1843868303,15.2147049084,Italy,Macrosiphini,,26,4,2024
40.3017638889,17.9105583333,Italy,Aphididae,Aphids,29,4,2024
41.6823027778,12.3812916667,Italy,Aphidinae,,27,4,2024
40.2853324731,17.832838142,Italy,Euphyllura phillyreae,,29,4,2024
38.2693,15.2323,Italy,Aphididae,Aphids,29,4,2024
38.269640433,15.2276160568,Italy,Euphyllura olivina,olive psyllid,27,4,2024
41.8634837207,12.4668187934,Italy,Aphididae,Aphids,30,4,2024
41.8634872377,12.4666662257,Italy,Aphididae,Aphids,30,4,2024
41.8634783997,12.4665888,Italy,Aphis,,30,4,2024
41.8634280051,12.4666175712,Italy,Aphis,,30,4,2024
41.86364224,12.46657166,Italy,Aphididae,Aphids,30,4,2024
41.8634306033,12.4665948562,Italy,Aphis nerii,Oleander Aphid,30,4,2024
41.5510391582,14.691719651,Italy,Trialeurodes vaporariorum,Greenhouse Whitefly,30,4,2024
45.7150968284,9.6912911188,Italy,Eriosomatini,,27,4,2024
45.717509359,9.6922959093,Italy,Aphididae,Aphids,27,4,2024
42.100325,12.172735,Italy,Aphis sambuci,Elder Aphid,29,4,2024
45.0306368997,11.6416719997,Italy,Hyalopterus pruni,Mealy Plum Aphid,29,4,2024
44.8296593082,11.6253805161,Italy,Myzus cerasi,Black Cherry Aphid,30,4,2024
45.5366071067,9.2121430859,Italy,Takahashia japonica,String Cottony Scale,30,4,2024
38.2302252115,15.2418441698,Italy,Macrosiphum,,28,4,2024
38.2199549997,15.2334416,Italy,Pseudococcus,,28,4,2024
38.2199549997,15.2334382997,Italy,Aphis nerii,Oleander Aphid,28,4,2024
42.5882871,12.664669,Italy,Aphididae,Aphids,28,4,2024
43.3203696944,11.3365878889,Italy,Aphididae,Aphids,28,4,2024
44.9599838056,8.0913371944,Italy,Tetraneura akinire,Oriental Grass Root Aphid,30,4,2024
43.3204848997,11.3347466,Italy,Tetraneura,,28,4,2024
41.8917455551,13.1771985731,Italy,Macrosiphini,,28,4,2024
38.2342499,15.2451465997,Italy,Aphis nerii,Oleander Aphid,28,4,2024
38.2444715997,15.2502432997,Italy,Aphis craccivora,Cowpea Aphid,28,4,2024
38.2518766,15.2407283,Italy,Eriosomatini,,28,4,2024
44.5321641491,11.3481440395,Italy,Coccus hesperidum,Brown Soft Scale,30,4,2024
45.5336625392,9.3181537092,Italy,Takahashia japonica,String Cottony Scale,30,4,2024
45.533764937,9.3181117997,Italy,Rhopalosiphum padi,Bird Cherry-oat Aphid,30,4,2024
43.319958647,11.335032396,Italy,Lauritrioza alacris,Bay Sucker,28,4,2024
44.9517499,7.7776328,Italy,Aphididae,Aphids,30,4,2024
45.5379088392,8.0549087003,Italy,Sternorrhyncha,Plant-parasitic Hemipterans,30,4,2024
41.6304277194,15.9192184,Italy,Icerya purchasi,Cottony cushion scale,30,4,2024
38.2564853658,15.2384109828,Italy,Icerya purchasi,Cottony cushion scale,26,4,2024
38.2455332774,15.2393879369,Italy,Macrosiphini,,29,4,2024
45.7187265477,9.3847322258,Italy,Coccidae,Soft scales,30,4,2024
38.04605808,13.24662883,Italy,Ceroplastes rusci,Fig Wax Scale,1,5,2024
38.0137073447,15.6453365547,Italy,Macrosiphini,,27,4,2024
38.2687583333,15.2252138889,Italy,Toxoptera,,28,4,2024
38.1766265997,15.2310082997,Italy,Megoura viciae,Vetch Aphid,26,4,2024
38.2214060078,15.2342605591,Italy,Aphis nerii,Oleander Aphid,28,4,2024
38.1799430833,15.2399930833,Italy,Ceroplastes rusci,Fig Wax Scale,26,4,2024
38.1799565997,15.2401066,Italy,Aleurocanthus,,26,4,2024
38.1766465997,15.2408783,Italy,Euphyllura olivina,olive psyllid,26,4,2024
45.6083107554,9.2981265765,Italy,Takahashia japonica,String Cottony Scale,1,5,2024
43.3197054,11.3338089,Italy,Eriosomatini,,28,4,2024
40.7361227846,13.8651343435,Italy,Aphidomorpha,Aphids and Allies,1,5,2024
38.1817653951,15.2572873235,Italy,Megoura viciae,Vetch Aphid,29,4,2024
45.4663472222,11.8619611111,Italy,Aphis,,1,5,2024
38.208687078,15.2563398331,Italy,Aphidinae,,27,4,2024
38.225963531,15.2403709296,Italy,Aphis craccivora,Cowpea Aphid,28,4,2024
38.2269749227,15.2397701147,Italy,Icerya purchasi,Cottony cushion scale,28,4,2024
38.1828833,15.2145883,Italy,Daktulosphaira vitifoliae,Grape Phylloxera,26,4,2024
38.1853728774,15.2144638174,Italy,Aphis craccivora,Cowpea Aphid,26,4,2024
38.1853728774,15.2144638174,Italy,Daktulosphaira vitifoliae,Grape Phylloxera,26,4,2024
46.1324395002,13.4093488952,Italy,Tetraneura caerulescens,,30,4,2024
38.183531916,15.2113699168,Italy,Coccinae,,26,4,2024
38.2687033333,15.2331583333,Italy,Euphyllura,,29,4,2024
45.6576576111,9.66709325,Italy,Takahashia japonica,String Cottony Scale,2,5,2024
45.3803972281,11.8534929205,Italy,Aphididae,Aphids,2,5,2024
45.7384032,13.6889939,Italy,Aleyrodidae,Whiteflies,11,4,2024
46.54137849,11.5692834556,Italy,Adelges,,3,3,2024
38.1806149,15.228415,Italy,Pemphigus,Poplar Leaf-stem Gall Aphids,27,4,2024
38.2087898056,15.2561216111,Italy,Aphidomorpha,Aphids and Allies,27,4,2024
38.2301416,15.2416932997,Italy,Aphis craccae,Tufted Vetch Aphid,27,4,2024
44.4998166667,11.3529277778,Italy,Aphis,,2,5,2024
38.2301965997,15.24183,Italy,Aphis,,27,4,2024
45.453392,11.5897539722,Italy,Tetraneura akinire,Oriental Grass Root Aphid,26,4,2024
38.1867304142,15.213691704,Italy,Aphis fabae,Black Bean Aphid,26,4,2024
42.1631268232,12.2080790251,Italy,Aphis fabae,Black Bean Aphid,29,4,2024
38.1829874431,15.216088593,Italy,Aphidinae,,26,4,2024
38.182654327,15.2145221829,Italy,Daktulosphaira vitifoliae,Grape Phylloxera,26,4,2024
38.269316934,15.2317028857,Italy,Euphyllura olivina,olive psyllid,27,4,2024
37.6493307018,15.0011798995,Italy,Uroleucon,Large Daisy Aphids,19,4,2024
38.2440298308,15.2412636541,Italy,Coccoidea,Scale Insects,27,4,2024
45.509714884,9.5946217328,Italy,Tetraneura ulmi,Elm Sack Gall Aphid,3,5,2024
38.17948975,15.2303481111,Italy,Aphis fabae,Black Bean Aphid,29,4,2024
38.1795138537,15.2209788453,Italy,Icerya purchasi,Cottony cushion scale,28,4,2024
43.283655,10.514347,Italy,Tetraneura caerulescens,,3,5,2024
38.2443021538,15.240514434,Italy,Macrosiphini,,29,4,2024
38.2049354272,15.2566235919,Italy,Aphis craccivora,Cowpea Aphid,29,4,2024
38.1933359163,15.2387513463,Italy,Rhopalosiphum nymphaeae,waterlily aphid,29,4,2024
38.1933359163,15.2387513463,Italy,Periphyllus,Periphyllus Aphids,29,4,2024
38.1933359163,15.2387513463,Italy,Aphis,,29,4,2024
38.1936440917,15.2406375714,Italy,Eriosoma lanuginosum,Elm Balloon-gall Aphid,29,4,2024
38.1936440917,15.2406375714,Italy,Icerya purchasi,Cottony cushion scale,29,4,2024
38.1936440917,15.2406375714,Italy,Saissetia oleae,Black Olive Scale,29,4,2024
38.1936440917,15.2406375714,Italy,Aphis fabae,Black Bean Aphid,29,4,2024
38.1936440917,15.2406375714,Italy,Ceroplastes rusci,Fig Wax Scale,29,4,2024
38.1936440917,15.2406375714,Italy,Protopulvinaria pyriformis,Pyriform Scale,29,4,2024
38.1936440917,15.2406375714,Italy,Coccus hesperidum,Brown Soft Scale,29,4,2024
38.1936440917,15.2406375714,Italy,Aulacaspis tubercularis,White Mango Scale,29,4,2024
44.79307,11.6208083333,Italy,Tetraneura ulmi,Elm Sack Gall Aphid,1,5,2024
46.3679642632,11.2652979791,Italy,Eriosomatinae,Woolly Aphids and Gall-making Aphids,3,5,2024
38.1765974722,15.23102675,Italy,Aphis fabae,Black Bean Aphid,29,4,2024
38.1767308611,15.230885,Italy,Brevicoryne brassicae,Cabbage Aphid,29,4,2024
45.9291914687,8.4794158861,Italy,Macrosiphini,,3,5,2024
41.5781182668,12.9439950265,Italy,Aphididae,Aphids,20,4,2024
38.2240058833,15.2394643593,Italy,Psylloidea,Psylloids,26,4,2024
38.2240521916,15.2394538486,Italy,Aleyrodidae,Whiteflies,26,4,2024
44.709535725,8.812700808,Italy,Ceroplastes,Wax Scales,3,5,2024
38.1773010534,15.2344996488,Italy,Aphis fabae,Black Bean Aphid,27,4,2024
44.485675,11.2202166667,Italy,Hyalopterus,Mealy Plum-Reed Aphids,3,5,2024
45.5333888889,9.2481805556,Italy,Takahashia japonica,String Cottony Scale,3,5,2024
44.4673777778,11.2200222222,Italy,Aphis,,3,5,2024
44.4676333333,11.2201055556,Italy,Parthenolecanium,,3,5,2024
43.8781947848,11.0545578226,Italy,Aphidinae,,2,5,2024
38.1718699722,15.246425,Italy,Icerya purchasi,Cottony cushion scale,28,4,2024
46.6693485529,11.1680735182,Italy,Tetraneura ulmi,Elm Sack Gall Aphid,4,5,2024
45.3316497803,9.487452507,Italy,Tetraneura caerulescens,,4,5,2024
45.57975,9.0643583333,Italy,Takahashia japonica,String Cottony Scale,4,5,2024
41.874805,12.4734366667,Italy,Aphis,,4,5,2024
41.8747633333,12.47345,Italy,Aphis,,4,5,2024
41.874875,12.47357,Italy,Ceroplastes japonicus,Japanese Wax Scale,4,5,2024
45.0938850187,7.5809982419,Italy,Eriosomatini,,4,5,2024
45.0791702104,9.889640141,Italy,Aphididae,Aphids,3,5,2024
44.0649276077,12.561394684,Italy,Chaitophorus,,4,5,2024
45.5965183333,8.8690933333,Italy,Takahashia japonica,String Cottony Scale,4,5,2024
44.9946867083,7.651645951,Italy,Aphididae,Aphids,4,5,2024
38.1777508884,15.2383803869,Italy,Pemphigus vesicarius,,28,4,2024
38.2002567567,15.2456741056,Italy,Aphidinae,,29,4,2024
42.0796126481,12.238753438,Italy,Tetraneura caerulescens,,29,4,2024
38.1993386393,15.2476504575,Italy,Diaspidini,,26,4,2024
38.1993386393,15.2476504575,Italy,Lauritrioza alacris,Bay Sucker,26,4,2024
38.1993386393,15.2476504575,Italy,Icerya seychellarum,Seychelles Scale,26,4,2024
38.1993386393,15.2476504575,Italy,Protopulvinaria pyriformis,Pyriform Scale,26,4,2024
38.1993386393,15.2476504575,Italy,Ceroplastes rusci,Fig Wax Scale,26,4,2024
38.1993386393,15.2476504575,Italy,Aphis,,26,4,2024
38.1993386393,15.2476504575,Italy,Icerya seychellarum,Seychelles Scale,26,4,2024
38.1993386393,15.2476504575,Italy,Diaspidini,,26,4,2024
38.1993386393,15.2476504575,Italy,Aphis,,26,4,2024
44.7827379811,10.347428971,Italy,Aphidinae,,4,5,2024
45.1492150148,7.3798783288,Italy,Tetraneura caerulescens,,3,5,2024
42.4249926936,12.1538896859,Italy,Aphis,,4,5,2024
45.5277254864,9.195893654,Italy,Takahashia japonica,String Cottony Scale,30,4,2024
46.7189052,11.1937418,Italy,Aphidinae,,5,5,2024
44.6339225556,7.4940848333,Italy,Aphididae,Aphids,5,5,2024
45.3692616,10.7356394997,Italy,Eriosoma lanuginosum,Elm Balloon-gall Aphid,4,5,2024
42.98415848,10.60427312,Italy,Tetraneura caerulescens,,5,5,2024
45.2600120805,8.7299243238,Italy,Coccus,,5,5,2024
43.6205215827,13.5214481503,Italy,Ceroplastes,Wax Scales,5,5,2024
44.779412624,10.1994350081,Italy,Aphididae,Aphids,5,5,2024
41.7385860765,12.2509404875,Italy,Aphidinae,,5,5,2024
38.2699498948,15.2292784344,Italy,Euphyllura,,28,4,2024
41.87683,12.4762583333,Italy,Aphis nerii,Oleander Aphid,5,5,2024
37.0960987682,14.4241352007,Italy,Aploneura lentisci,Mealy Grass Root Aphid,5,5,2024
37.0960987682,14.4241352007,Italy,Euphyllura,,5,5,2024
45.5690383539,9.9896366894,Italy,Tetraneura,,5,5,2024
38.1823547209,15.2441214638,Italy,Aphis,,26,4,2024
38.1823547209,15.2441214638,Italy,Aphis,,26,4,2024
38.1823547209,15.2441214638,Italy,Aphis spiraecola,Spiraea Aphid,26,4,2024
45.574835,9.09389,Italy,Takahashia japonica,String Cottony Scale,5,5,2024
44.3422983442,11.1041817069,Italy,Tetraneura,,5,5,2024
43.2970283333,11.3344366667,Italy,Eriosoma lanuginosum,Elm Balloon-gall Aphid,28,4,2024
45.0329361111,12.2287833333,Italy,Tetraneura caerulescens,,5,5,2024
42.130003857,12.5072802195,Italy,Aphididae,Aphids,29,4,2024
44.4266182694,8.8220188028,Italy,Trioza centranthi,valerian psyllid,5,5,2024
44.4272149778,8.8219588722,Italy,Trioza centranthi,valerian psyllid,5,5,2024
44.4272251194,8.8218321361,Italy,Aphidinae,,5,5,2024
44.3435332073,11.1132100224,Italy,Lachnus,,5,5,2024
44.3506740418,11.1083820462,Italy,Lachnus,,5,5,2024
44.4366032,8.8210206,Italy,Tetraneura,,5,5,2024
39.2155305556,9.2919305556,Italy,Aploneura lentisci,Mealy Grass Root Aphid,13,1,2024
40.3072400999,15.112959668,Italy,Aphis fabae,Black Bean Aphid,4,5,2024
45.8793039713,12.3281954695,Italy,Pulvinaria,,6,5,2024
42.986517051,10.4885376245,Italy,Aploneura lentisci,Mealy Grass Root Aphid,5,5,2024
41.7988256421,12.7046717608,Italy,Periphyllus,Periphyllus Aphids,6,5,2024
45.5074611111,11.1918888889,Italy,Eriosomatinae,Woolly Aphids and Gall-making Aphids,1,5,2024
45.4257318125,8.5072049126,Italy,Aphis sambuci,Elder Aphid,4,5,2024
45.8059577169,9.8856958992,Italy,Pulvinaria,,5,5,2024
40.2728388306,9.6301913444,Italy,Pulvinaria,,6,5,2024
46.7181360997,11.6503606,Italy,Aphidinae,,6,5,2024
44.9517506997,7.7776357,Italy,Acyrthosiphon primulae,Primrose Aphid,6,5,2024
44.9517474,7.7776323997,Italy,Macrosiphini,,6,5,2024
44.3010429722,11.778197,Italy,Macrosiphini,,6,5,2024
41.8623732069,12.5727102533,Italy,Ceroplastes rusci,Fig Wax Scale,7,5,2024
39.2425205195,9.3051409904,Italy,Icerya purchasi,Cottony cushion scale,6,5,2024
41.770175,12.357095,Italy,Macrosiphum rosae,Rose Aphid,7,5,2024
44.4635416026,11.1070345715,Italy,Ortheziidae,Ensign Scales,7,5,2024
40.2793781997,9.6337083,Italy,Coccinae,,7,5,2024
44.4292963497,8.8219538357,Italy,Tetraneura,,6,5,2024
44.4292988677,8.8219471302,Italy,Tetraneura,,6,5,2024
44.4293081639,8.8219427168,Italy,Tetraneura akinire,Oriental Grass Root Aphid,6,5,2024
43.6138534672,12.6576635942,Italy,Aphis,,7,5,2024
41.9128303137,12.4590845872,Italy,Macrosiphini,,8,5,2024
39.3760108238,9.0539695323,Italy,Aploneura lentisci,Mealy Grass Root Aphid,6,5,2024
41.9193053339,12.4692638219,Italy,Hyalopterus pruni,Mealy Plum Aphid,8,5,2024
45.5631108973,9.2644978031,Italy,Takahashia japonica,String Cottony Scale,8,5,2024
44.493625,11.2073111111,Italy,Psylloidea,Psylloids,8,5,2024
45.2549252459,11.6991106433,Italy,Cacopsylla,,8,5,2024
45.360431806,9.6530614783,Italy,Macrosiphum rosae,Rose Aphid,7,5,2024
44.4964888889,11.3558722222,Italy,Cinara,Giant Conifer Aphids,9,5,2024
46.2460085801,11.0592962589,Italy,Aphididae,Aphids,9,5,2024
42.5548133611,12.71602725,Italy,Aphididae,Aphids,9,5,2024
45.5598216667,10.176565,Italy,Tetraneura caerulescens,,9,5,2024
43.10290109,13.2270711,Italy,Eriosoma,,9,5,2024
44.4904638889,11.2075555556,Italy,Dysaphis,,9,5,2024
44.4892388889,11.2051944444,Italy,Myzus cerasi,Black Cherry Aphid,9,5,2024
44.4879472222,11.2080638889,Italy,Aphididae,Aphids,9,5,2024
44.4873555556,11.2082916667,Italy,Aphis,,9,5,2024
45.510496606,9.1731269524,Italy,Takahashia japonica,String Cottony Scale,10,5,2024
43.8178107,11.2021183997,Italy,Aleyrodes proletella,Cabbage Whitefly,10,5,2024
45.7002529867,9.810464792,Italy,Tetraneura,,10,5,2024
45.5021010382,9.2218473181,Italy,Macrosiphini,,10,5,2024
45.3663123,10.2187585,Italy,Macrosiphum rosae,Rose Aphid,10,5,2024
45.8368938981,9.0457411855,Italy,Eriosoma lanigerum,Woolly Apple Aphid,10,5,2024
45.41582,9.26555,Italy,Takahashia japonica,String Cottony Scale,10,5,2024
44.8279116667,11.600845,Italy,Aphis,,10,5,2024
45.7186924489,9.3846977432,Italy,Macrosiphum rosae,Rose Aphid,10,5,2024
42.93533675,10.5206724806,Italy,Triozidae,,11,5,2024
42.9353913868,10.5205296725,Italy,Aphididae,Aphids,11,5,2024
39.1112501282,16.5298141167,Italy,Macrosiphini,,11,5,2024
45.7808535022,9.6290239723,Italy,Aphidinae,,11,5,2024
40.84555,14.5096361111,Italy,Macrosiphum rosae,Rose Aphid,11,5,2024
45.5548283844,9.3445064127,Italy,Eriosoma lanuginosum,Elm Balloon-gall Aphid,11,5,2024
45.5548283844,9.3445064127,Italy,Tetraneura ulmi,Elm Sack Gall Aphid,11,5,2024
45.5922666667,8.9279833333,Italy,Takahashia japonica,String Cottony Scale,11,5,2024
46.5363283333,12.1400666667,Italy,Periphyllus,Periphyllus Aphids,11,5,2024
40.8152691133,16.3626763684,Italy,Acyrthosiphon pisum,Pea Aphid,25,4,2024
44.244691,8.4287206997,Italy,Forda formicaria,Pistachio-Grass Root Aphid,11,5,2024
45.3587269,10.739731,Italy,Trialeurodes vaporariorum,Greenhouse Whitefly,11,5,2024
44.4909888889,11.206075,Italy,Brachycaudus,Short-tailed Aphids,11,5,2024
44.4883833333,11.1999416667,Italy,Aphididae,Aphids,11,5,2024
44.484525,11.1971833333,Italy,Trioza urticae,,11,5,2024
44.2434921264,8.4278306958,Italy,Aphidinae,,11,5,2024
44.2435455322,8.4277982711,Italy,Aploneura lentisci,Mealy Grass Root Aphid,11,5,2024
44.4776638889,11.2028055556,Italy,Macrosiphini,,11,5,2024
45.67132796,9.78640031,Italy,Tetraneura,,12,5,2024
45.1763757365,10.1594254654,Italy,Tetraneura caerulescens,,12,5,2024
44.4680233,11.6284711,Italy,Aleurocanthus,,11,5,2024
45.5248948563,9.3307111412,Italy,Takahashia japonica,String Cottony Scale,12,5,2024
42.4675027778,12.1727416667,Italy,Tetraneura caerulescens,,9,5,2024
43.6130799747,13.5124697909,Italy,Psyllopsis,,12,5,2024
44.3454416667,11.32185,Italy,Aphididae,Aphids,12,5,2024
40.967645,14.7886966667,Italy,Aphididae,Aphids,12,5,2024
45.3599342387,11.7157085311,Italy,Eriosoma lanuginosum,Elm Balloon-gall Aphid,12,5,2024
42.7232633717,11.292190142,Italy,Euphyllura,,12,5,2024
45.5281288957,9.1979882223,Italy,Takahashia japonica,String Cottony Scale,12,5,2024
45.653058,10.02249,Italy,Eriosomatini,,26,4,2024
43.703195,10.9249716667,Italy,Tetraneura,,12,5,2024
45.0430335833,7.6659597778,Italy,Tetraneura,,13,5,2024
41.9126251664,12.4593906105,Italy,Aphididae,Aphids,8,5,2024
44.8379802872,11.6224025935,Italy,Icerya purchasi,Cottony cushion scale,13,5,2024
42.2459831238,12.0923604965,Italy,Tetraneura ulmi,Elm Sack Gall Aphid,12,5,2024
45.5848602483,9.3250412866,Italy,Takahashia japonica,String Cottony Scale,13,5,2024
46.4902108595,11.3984703273,Italy,Tetraneura ulmi,Elm Sack Gall Aphid,13,5,2024
44.3511104909,11.368904261,Italy,Macrosiphoniella artemisiae,Mugwort Aphid,13,5,2024
45.5332923177,9.186781385,Italy,Takahashia japonica,String Cottony Scale,13,5,2024
39.1371166083,8.9719894901,Italy,Aploneura lentisci,Mealy Grass Root Aphid,8,4,2024
45.57612,9.1800366667,Italy,Takahashia japonica,String Cottony Scale,14,5,2024
45.61885,9.0914166667,Italy,Takahashia japonica,String Cottony Scale,14,5,2024
45.6894823,13.7833072,Italy,Aleyrodidae,Whiteflies,13,5,2024
45.6910083333,8.9320555556,Italy,Orthezia urticae,Nettle Ensign Scale,14,5,2024
44.4981361111,11.354,Italy,Cacopsylla pulchella,,14,5,2024
45.5970141089,8.9322249937,Italy,Takahashia japonica,String Cottony Scale,14,5,2024
45.5971316667,8.93201,Italy,Takahashia japonica,String Cottony Scale,14,5,2024
44.051126384,12.56835897,Italy,Pulvinaria,,14,5,2024
44.0511475958,12.5685788309,Italy,Hyalopterus,Mealy Plum-Reed Aphids,14,5,2024
44.6904529722,8.0385709722,Italy,Macrosiphum rosae,Rose Aphid,13,5,2024
43.1081555,12.3373216667,Italy,Lauritrioza alacris,Bay Sucker,14,5,2024
43.1081916667,12.3373666667,Italy,Lauritrioza alacris,Bay Sucker,14,5,2024
45.5966486,8.9343403,Italy,Icerya purchasi,Cottony cushion scale,14,5,2024
45.59637,8.9335666667,Italy,Coccoidea,Scale Insects,14,5,2024
44.690229,8.0362779722,Italy,Aphididae,Aphids,13,5,2024
45.8031409569,9.0944319648,Italy,Takahashia japonica,String Cottony Scale,14,5,2024
44.5058527778,11.2959583333,Italy,Cacopsylla pulchella,,14,5,2024
44.5403739722,11.417215,Italy,Aphididae,Aphids,14,5,2024
44.5404079722,11.417156,Italy,Trioza urticae,,14,5,2024
44.5226329722,11.4208429722,Italy,Aphididae,Aphids,14,5,2024
44.1141476552,12.1219053492,Italy,Ceroplastes rusci,Fig Wax Scale,14,5,2024
42.114908008,15.4869438667,Italy,Icerya,Cushion Scale Insects,7,5,2024
43.60336765,13.5094555,Italy,Cacopsylla pulchella,,14,5,2024
41.8083062257,13.7890447676,Italy,Phyllaphis fagi,Woolly Beech Aphid,14,5,2024
46.5174116667,11.4994866667,Italy,Dysaphis,,14,5,2024
46.5477466667,11.6291633333,Italy,Adelges abietis,Pineapple-gall Adelgid,14,5,2024
46.7938161274,11.9403425977,Italy,Aphididae,Aphids,11,5,2024
41.9416008194,12.5186610594,Italy,Aleyrodidae,Whiteflies,14,5,2024
44.7033030831,11.7848478736,Italy,Aphididae,Aphids,12,5,2024
43.729627,10.5160769722,Italy,Coccus hesperidum,Brown Soft Scale,21,4,2024
45.2344150851,9.0049359658,Italy,Tetraneura caerulescens,,14,5,2024
43.7784173,11.2604251,Italy,Aphis nerii,Oleander Aphid,15,5,2024
41.9196166667,12.4691616667,Italy,Aphididae,Aphids,15,5,2024
44.7556663983,10.1427341625,Italy,Tetraneura ulmi,Elm Sack Gall Aphid,15,5,2024
44.5036194444,10.5401388889,Italy,Tetraneura ulmi,Elm Sack Gall Aphid,15,5,2024
42.5353704355,12.3434004933,Italy,Tetraneura ulmi,Elm Sack Gall Aphid,15,5,2024
45.561972,10.208568,Italy,Psyllopsis fraxini,ash psyllid,27,4,2024
43.1079359528,10.5672394697,Italy,Uroleucon sonchi,Sow-thistle Aphid,15,5,2024
44.3952445833,11.33913325,Italy,Pulvinaria,,15,5,2024
43.7786676249,11.2599992752,Italy,Aphis nerii,Oleander Aphid,16,5,2024
43.7780118,11.2600995,Italy,Aphis nerii,Oleander Aphid,16,5,2024
45.12735768,7.05779902,Italy,Tetraneura caerulescens,,16,5,2024
43.8178836,11.2020192997,Italy,Brevicoryne brassicae,Cabbage Aphid,16,5,2024
45.5612954341,12.2343787551,Italy,Aphis gossypii,Melon Aphid,16,5,2024
42.9930500833,10.4937305972,Italy,Aphididae,Aphids,15,5,2024
42.0719382479,12.2836231068,Italy,Macrosiphum rosae,Rose Aphid,17,5,2024
44.471908667,11.4150392939,Italy,Tetraneura,,17,5,2024
42.4813583333,12.1684283333,Italy,Tetraneura caerulescens,,17,5,2024
45.0321278333,7.6452783333,Italy,Eucallipterus tiliae,Lime Leaf Aphid,17,5,2024
43.7779163834,11.2601138948,Italy,Aphis nerii,Oleander Aphid,16,5,2024
46.4652773997,11.3373377,Italy,Eriosomatini,,17,5,2024
43.0031639167,10.5143590333,Italy,Trioza kiefferi,,17,5,2024
45.4794921875,9.5009317398,Italy,Tetraneura ulmi,Elm Sack Gall Aphid,17,5,2024
40.9438949722,14.777219,Italy,Aphis fabae,Black Bean Aphid,17,5,2024
44.6577666667,10.9091444444,Italy,Pemphigus,Poplar Leaf-stem Gall Aphids,17,5,2024
45.0683713972,7.5499454808,Italy,Aphis fabae,Black Bean Aphid,17,5,2024
44.6567916667,10.9062833333,Italy,Aphidinae,,17,5,2024
45.7186923352,9.3847057044,Italy,Macrosiphini,,17,5,2024
42.9354348338,10.5205588415,Italy,Saissetia oleae,Black Olive Scale,18,5,2024
45.530011424,9.2027404772,Italy,Takahashia japonica,String Cottony Scale,18,5,2024
45.590625,8.7107866667,Italy,Eucallipterus tiliae,Lime Leaf Aphid,18,5,2024
44.4720383333,11.4155916667,Italy,Aphis,,18,5,2024
45.7888171,9.4391575,Italy,Tetraneura,,18,5,2024
44.8286864786,11.6197369808,Italy,Lauritrioza alacris,Bay Sucker,18,5,2024
42.18234728,12.37829673,Italy,Tetraneura caerulescens,,18,5,2024
45.085955446,7.6714815572,Italy,Aphididae,Aphids,18,5,2024
45.4716099722,9.497638,Italy,Tetraneura caerulescens,,9,5,2024
45.7385572464,9.1228261963,Italy,Takahashia japonica,String Cottony Scale,18,5,2024
44.0913391113,10.4422092438,Italy,Brevicoryne brassicae,Cabbage Aphid,18,5,2024
45.58776035,8.96505377,Italy,Takahashia japonica,String Cottony Scale,18,5,2024
45.5876866667,8.964785,Italy,Takahashia japonica,String Cottony Scale,18,5,2024
45.5256948997,9.2527620997,Italy,Takahashia japonica,String Cottony Scale,18,5,2024
44.130982,9.692534,Italy,Megoura viciae,Vetch Aphid,18,5,2024
45.583306,8.96785166,Italy,Aphis fabae,Black Bean Aphid,18,5,2024
42.1291916667,12.0506971667,Italy,Brevicoryne brassicae,Cabbage Aphid,18,5,2024
45.706265,9.2760483333,Italy,Tetraneura ulmi,Elm Sack Gall Aphid,19,5,2024
45.706215,9.2759383333,Italy,Tetraneura ulmi,Elm Sack Gall Aphid,19,5,2024
44.5000833333,11.3532611111,Italy,Icerya purchasi,Cottony cushion scale,19,5,2024
44.5009111111,11.3531194444,Italy,Aphididae,Aphids,19,5,2024
45.528120501,9.7303131782,Italy,Aphididae,Aphids,19,5,2024
45.528094962,9.7303472624,Italy,Aphididae,Aphids,19,5,2024
45.6102775689,9.1668277513,Italy,Aphididae,Aphids,19,5,2024
45.1394668348,10.4405824035,Italy,Eriosomatinae,Woolly Aphids and Gall-making Aphids,19,5,2024
45.1395345519,10.4405014714,Italy,Tetraneura,,19,5,2024
42.4246292683,13.2547457373,Italy,Eriosomatini,,15,5,2024
44.8299575294,11.6254004651,Italy,Macrosiphini,,19,5,2024
45.6926777,9.2338879,Italy,Aphis nerii,Oleander Aphid,19,5,2024
45.3697616667,7.7823533333,Italy,Eriosomatini,,19,5,2024
45.1382220349,7.733630687,Italy,Macrosiphum rosae,Rose Aphid,19,5,2024
45.7026933333,9.27344,Italy,Aphididae,Aphids,19,5,2024
41.8208166667,12.4721138889,Italy,Macrosiphini,,19,5,2024
38.04620407,13.2465713,Italy,Aphididae,Aphids,19,5,2024
45.52854174,9.7311751,Italy,Orthezia,,19,5,2024
45.7290791902,9.6764270961,Italy,Tetraneura caerulescens,,19,5,2024
45.6142789682,9.0045374259,Italy,Aphis sambuci,Elder Aphid,19,5,2024
42.1194888333,12.0552833333,Italy,Euphyllura,,19,5,2024
42.1284333333,12.0469278333,Italy,Aphis craccivora,Cowpea Aphid,19,5,2024
45.1400246393,10.4413502338,Italy,Aphis craccivora,Cowpea Aphid,19,5,2024
45.6142789682,9.0045374259,Italy,Eriosomatinae,Woolly Aphids and Gall-making Aphids,19,5,2024
40.81544502,16.3601025874,Italy,Macrosiphini,,26,4,2024
44.5087109174,9.7441339315,Italy,Eriosomatinae,Woolly Aphids and Gall-making Aphids,18,5,2024
39.2522989396,9.1767114401,Italy,Psyllidae,jumping plant lice,21,4,2024
44.0459152852,9.9653700739,Italy,Aphididae,Aphids,20,5,2024
44.05154927,9.96232258,Italy,Aphis craccivora,Cowpea Aphid,20,5,2024
41.9474054,12.5258961997,Italy,Ceroplastes rusci,Fig Wax Scale,20,5,2024
45.5983052174,8.9454550929,Italy,Lachninae,Giant Aphids,19,5,2024
42.1193196421,12.0548507944,Italy,Euphyllura,,19,5,2024
45.5138854352,9.2580819625,Italy,Takahashia japonica,String Cottony Scale,19,5,2024
42.9203394673,10.7641718164,Italy,Coccoidea,Scale Insects,20,5,2024
42.1320918694,12.0755892992,Italy,Aphis craccivora,Cowpea Aphid,19,5,2024
43.7205817798,10.4123273492,Italy,Aphis fabae,Black Bean Aphid,20,5,2024
46.3800256833,11.2855902314,Italy,Macrosiphoniella,Anthemid Aphids,16,5,2024
40.8154614349,16.3607366669,Italy,Acyrthosiphon pisum,Pea Aphid,26,4,2024
40.8134056444,16.3592550573,Italy,Macrosiphini,,26,4,2024
45.5330403963,9.4026176538,Italy,Eucallipterus tiliae,Lime Leaf Aphid,21,5,2024
41.7268005997,12.6238314997,Italy,Aphididae,Aphids,21,5,2024
40.73721116,14.71155921,Italy,Aphis gossypii,Melon Aphid,21,5,2024
44.2867444444,11.8721777778,Italy,Macrosiphum,,21,5,2024
44.4575803997,11.3490973997,Italy,Aphididae,Aphids,21,5,2024
45.7296966667,9.7417383333,Italy,Tetraneura caerulescens,,21,5,2024
43.7207915077,10.3837976227,Italy,Uroleucon sonchi,Sow-thistle Aphid,20,5,2024
41.2525073962,13.4491767159,Italy,Uroleucon sonchi,Sow-thistle Aphid,20,5,2024
45.5730459722,9.3278269722,Italy,Takahashia japonica,String Cottony Scale,13,5,2024
38.1146,13.3671416667,Italy,Aleyrodinae,,22,5,2024
45.53349579,9.2172339186,Italy,Takahashia japonica,String Cottony Scale,22,5,2024
45.5103294997,9.1047051997,Italy,Aphididae,Aphids,22,5,2024
45.3663123,10.2187585,Italy,Macrosiphum,,21,5,2024
37.5108638889,15.0793305556,Italy,Icerya seychellarum,Seychelles Scale,22,5,2024
45.30334885,8.92552953,Italy,Eriosoma lanuginosum,Elm Balloon-gall Aphid,22,5,2024
43.7673042543,11.2577797472,Italy,Aleyrodes proletella,Cabbage Whitefly,22,5,2024
46.7373815681,11.1246754602,Italy,Tetraneura ulmi,Elm Sack Gall Aphid,22,5,2024
44.25466379,11.74591091,Italy,Eriosoma lanuginosum,Elm Balloon-gall Aphid,22,5,2024
44.2750816345,11.5860900879,Italy,Aphididae,Aphids,22,5,2024
39.0748777373,16.5146576241,Italy,Macrosiphini,,22,5,2024
43.6897408277,10.4966454989,Italy,Protopulvinaria pyriformis,Pyriform Scale,22,5,2024
45.6298206,9.151425,Italy,Takahashia japonica,String Cottony Scale,21,4,2024
43.6899917089,10.4960721659,Italy,Macrosiphum rosae,Rose Aphid,22,5,2024
41.78715,12.3471616667,Italy,Aphis gossypii,Melon Aphid,22,5,2024
41.7869009752,12.3468864478,Italy,Aphis gossypii,Melon Aphid,22,5,2024
41.7871500765,12.3469152913,Italy,Aphis gossypii,Melon Aphid,22,5,2024
45.7186793402,9.384721883,Italy,Ceroplastes japonicus,Japanese Wax Scale,19,5,2024
45.7186793402,9.384721883,Italy,Lauritrioza,,19,5,2024
38.0459997,13.246609,Italy,Homotoma ficus,Mediterranean fig psyllid,22,5,2024
45.5193468173,10.955287315,Italy,Tetraneura caerulescens,,14,5,2024
42.131955614,12.0653640479,Italy,Tetraneura caerulescens,,22,5,2024
40.8055718383,16.3621966361,Italy,Uroleucon sonchi,Sow-thistle Aphid,27,4,2024
45.478948,7.879823,Italy,Aphididae,Aphids,25,10,2023
42.1253316667,12.0583833333,Italy,Tetraneura caerulescens,,23,5,2024
43.7029869773,11.1118005216,Italy,Aphididae,Aphids,23,5,2024
44.5008722222,11.3539833333,Italy,Hyalopterus,Mealy Plum-Reed Aphids,23,5,2024
44.4940916667,11.2072444444,Italy,Homotoma ficus,Mediterranean fig psyllid,23,5,2024
43.7207915077,10.3837976227,Italy,Aphis fabae,Black Bean Aphid,21,5,2024
43.6963088719,10.4449298568,Italy,Uroleucon sonchi,Sow-thistle Aphid,22,5,2024
46.262270724,8.3194110543,Italy,Aphidinae,,17,10,2023
41.7869133333,12.3472716667,Italy,Aphis nerii,Oleander Aphid,23,5,2024
41.7869716667,12.3472366667,Italy,Aphis nerii,Oleander Aphid,23,5,2024
45.5664166667,9.7445666667,Italy,Tetraneura,,23,5,2024
46.7138872296,11.6605209635,Italy,Aphis,,23,5,2024
43.7821388889,12.3499111111,Italy,Aphididae,Aphids,14,5,2024
42.7755283376,11.0938239713,Italy,Aleurocanthus,,20,5,2024
44.8077889298,10.3162596747,Italy,Myzus persicae,Green Peach Aphid,24,5,2024
44.8077844103,10.3161815554,Italy,Aphidinae,,24,5,2024
44.1392528333,9.677645,Italy,Baizongia pistaciae,Pistacia Horn Gall Aphid,20,5,2024
45.0187853872,7.6821394188,Italy,Tetraneura ulmi,Elm Sack Gall Aphid,24,5,2024
41.8621813,12.5697849,Italy,Aphididae,Aphids,24,5,2024
45.3107324905,7.3078664221,Italy,Ceroplastes japonicus,Japanese Wax Scale,24,5,2024
43.77793953,11.26017162,Italy,Aphis nerii,Oleander Aphid,24,5,2024
43.7780166667,11.2602,Italy,Aphis nerii,Oleander Aphid,24,5,2024
43.7783705977,11.2598628178,Italy,Aphis nerii,Oleander Aphid,24,5,2024
41.9524279997,12.5272892997,Italy,Eriosoma lanuginosum,Elm Balloon-gall Aphid,24,5,2024
41.95247441,12.52726252,Italy,Eriosoma lanuginosum,Elm Balloon-gall Aphid,24,5,2024
41.9522856997,12.5271579997,Italy,Eriosoma lanuginosum,Elm Balloon-gall Aphid,24,5,2024
41.78602,12.3478216667,Italy,Aphis craccivora,Cowpea Aphid,24,5,2024
41.7870366667,12.3474116667,Italy,Aphis nerii,Oleander Aphid,24,5,2024
41.7870533333,12.3475366667,Italy,Aphis nerii,Oleander Aphid,24,5,2024
43.7414277504,11.2119448185,Italy,Eriosomatinae,Woolly Aphids and Gall-making Aphids,24,5,2024
43.6893788882,10.5021166499,Italy,Aphis fabae,Black Bean Aphid,22,5,2024
40.8039251437,16.3628899968,Italy,Macrosiphum rosae,Rose Aphid,27,4,2024
41.891875,12.49217,Italy,Sternorrhyncha,Plant-parasitic Hemipterans,25,5,2024
41.89188,12.4921866667,Italy,Aphis nerii,Oleander Aphid,25,5,2024
41.8918633333,12.4921833333,Italy,Aphis nerii,Oleander Aphid,25,5,2024
41.8920466667,12.4933583333,Italy,Aphididae,Aphids,25,5,2024
42.7755283376,11.0938239713,Italy,Aleyrodinae,,13,4,2024
42.9352247171,10.520886071,Italy,Aphididae,Aphids,25,5,2024
45.4762410151,11.4601459145,Italy,Homotoma ficus,Mediterranean fig psyllid,19,5,2024
43.6571,10.5047966667,Italy,Aphis,,25,5,2024
45.5211795411,9.2258448589,Italy,Takahashia japonica,String Cottony Scale,25,5,2024
45.611750778,8.8516776636,Italy,Takahashia japonica,String Cottony Scale,25,5,2024
40.9089283333,14.79755,Italy,Ceroplastes,Wax Scales,25,5,2024
45.3663123,10.2187585,Italy,Psylloidea,Psylloids,25,5,2024
45.4829559325,9.1026067733,Italy,Takahashia japonica,String Cottony Scale,25,5,2024
43.2794027778,11.9875361111,Italy,Macrosiphum,,25,5,2024
42.1250083333,12.284275,Italy,Eriosoma lanigerum,Woolly Apple Aphid,25,5,2024
45.59385088,8.86557664,Italy,Eriosoma lanuginosum,Elm Balloon-gall Aphid,25,5,2024
45.59412636,8.8653393,Italy,Eriosoma lanuginosum,Elm Balloon-gall Aphid,25,5,2024
41.7864155878,12.3421558337,Italy,Aphis nerii,Oleander Aphid,25,5,2024
41.7858358474,12.3403715881,Italy,Aphidinae,,25,5,2024
41.785880216,12.3403369056,Italy,Lauritrioza alacris,Bay Sucker,25,5,2024
41.7870609591,12.3473681258,Italy,Aphis nerii,Oleander Aphid,25,5,2024
41.7870191727,12.3473537797,Italy,Aphis nerii,Oleander Aphid,25,5,2024
42.9420285974,10.5355812237,Italy,Lauritrioza alacris,Bay Sucker,25,5,2024
45.029875,12.226125,Italy,Aphididae,Aphids,25,5,2024
46.3708345553,11.0832053415,Italy,Tetraneura,,25,5,2024
44.2506953997,8.4321297,Italy,Aphis,,25,5,2024
45.2600509497,8.7299028527,Italy,Aphis,,25,5,2024
44.5102797108,11.1359336972,Italy,Cinara,Giant Conifer Aphids,25,5,2024
40.4023076575,17.9443259815,Italy,Hyalopterus pruni,Mealy Plum Aphid,26,5,2024
43.7190944601,10.3959212825,Italy,Aphis sambuci,Elder Aphid,24,5,2024
40.9088883333,14.79763,Italy,Aphis gossypii,Melon Aphid,26,5,2024
44.3934572103,11.422093762,Italy,Eriosoma lanuginosum,Elm Balloon-gall Aphid,24,5,2024
45.7435192392,8.9830308035,Italy,Takahashia japonica,String Cottony Scale,26,5,2024
45.4641333333,9.26197,Italy,Takahashia japonica,String Cottony Scale,26,5,2024
44.4700555556,11.2787972222,Italy,Eriosoma lanuginosum,Elm Balloon-gall Aphid,26,5,2024
44.4700555556,11.2787972222,Italy,Tetraneura ulmi,Elm Sack Gall Aphid,26,5,2024
44.3991466667,11.577475,Italy,Aphidinae,,26,5,2024
44.8707563889,11.7037413889,Italy,Tetraneura caerulescens,,26,5,2024
44.9000383333,8.1958333333,Italy,Aphididae,Aphids,26,5,2024
44.3970674891,8.951673893,Italy,Icerya purchasi,Cottony cushion scale,26,5,2024
41.9532063997,12.5281344,Italy,Aphididae,Aphids,26,5,2024
45.531981,9.209597,Italy,Takahashia japonica,String Cottony Scale,26,5,2024
43.7203961,10.5407054997,Italy,Aphis gossypii,Melon Aphid,26,5,2024
45.53193524,9.20946111,Italy,Tetraneura caerulescens,,26,5,2024
45.4530716667,9.1221416667,Italy,Takahashia japonica,String Cottony Scale,26,5,2024
43.6840286415,10.3418590002,Italy,Aphis fabae,Black Bean Aphid,23,5,2024
43.7203536997,10.5409974997,Italy,Aphis fabae,Black Bean Aphid,26,5,2024
40.0334889947,9.6603180841,Italy,Glycaspis brimblecombei,Red Gum Lerp Psyllid,25,5,2024
42.5348383333,11.34113,Italy,Aphis nerii,Oleander Aphid,26,5,2024
45.5870616,10.1535501,Italy,Aphis,,26,5,2024
45.5870616,10.1535501,Italy,Lauritrioza alacris,Bay Sucker,26,5,2024
45.5870616,10.1535501,Italy,Aphididae,Aphids,26,5,2024
40.8041954559,16.3621158421,Italy,Aphis cytisorum sarothamni,Broom aphid,27,4,2024
45.5969906023,8.9051617284,Italy,Ceroplastes japonicus,Japanese Wax Scale,25,5,2024
43.7368300029,10.328445,Italy,Aphis fabae,Black Bean Aphid,24,5,2024
43.7153568,10.5457938,Italy,Aphis craccivora,Cowpea Aphid,26,5,2024
40.8106883333,14.3419366667,Italy,Icerya purchasi,Cottony cushion scale,26,5,2024
44.8785814583,8.0835392699,Italy,Eriosoma lanuginosum,Elm Balloon-gall Aphid,26,5,2024
43.7406814014,10.3200084626,Italy,Aphididae,Aphids,24,5,2024
45.2952384947,12.0178241728,Italy,Tetraneura akinire,Oriental Grass Root Aphid,25,5,2024
45.6335805556,11.308325,Italy,Tetraneura akinire,Oriental Grass Root Aphid,25,5,2024
38.8686452551,16.5788519382,Italy,Macrosiphini,,27,5,2024
45.9073472222,12.1716361111,Italy,Tetraneura akinire,Oriental Grass Root Aphid,18,5,2024
45.1477589974,7.1404763915,Italy,Pemphigus vesicarius,,27,5,2024
45.0411623,7.7079015,Italy,Aphis,,22,5,2024
44.6553944444,10.9035027778,Italy,Aphidinae,,27,5,2024
45.4360211944,10.9915746473,Italy,Aphis,,27,5,2024
41.7860216667,12.341575,Italy,Aphis nerii,Oleander Aphid,27,5,2024
42.4080883898,13.9101496059,Italy,Icerya purchasi,Cottony cushion scale,27,5,2024
46.4211846905,13.0508031764,Italy,Aphididae,Aphids,27,5,2024
41.8872528056,13.3152360833,Italy,Aphidinae,,27,5,2024
44.4999767318,11.3528536633,Italy,Aphididae,Aphids,27,5,2024
44.5009578983,11.3539949432,Italy,Hyalopterus,Mealy Plum-Reed Aphids,27,5,2024
45.598683,9.174369,Italy,Takahashia japonica,String Cottony Scale,26,5,2024
44.5083983333,9.7449283333,Italy,Aphididae,Aphids,27,5,2024
45.562792,9.3494153997,Italy,Tetraneura caerulescens,,27,5,2024
44.1771442543,12.3357095942,Italy,Parthenolecanium,,27,5,2024
46.3104045603,11.6190699284,Italy,Adelges abietis,Pineapple-gall Adelgid,26,5,2024
40.8786906356,16.697697454,Italy,Kermes roboris,English Oak Kermes,26,5,2024
38.1871204125,16.0402876698,Italy,Puto,,28,5,2024
45.598523914,8.9331586235,Italy,Panaphis juglandis,Walnut Aphid,28,5,2024
45.8279383483,8.8034750149,Italy,Takahashia japonica,String Cottony Scale,28,5,2024
45.7842301801,8.9228266105,Italy,Takahashia japonica,String Cottony Scale,28,5,2024
45.7721175602,8.8846343011,Italy,Takahashia japonica,String Cottony Scale,22,5,2024
45.2913819069,11.8035153163,Italy,Aphidinae,,28,5,2024
46.4771925,11.345238,Italy,Aphidomorpha,Aphids and Allies,28,5,2024
44.4892333333,11.2100888889,Italy,Aphidinae,,28,5,2024
45.1678940759,11.3810685443,Italy,Eriosoma lanigerum,Woolly Apple Aphid,28,5,2024
45.545408,9.1137709722,Italy,Takahashia japonica,String Cottony Scale,29,5,2024
46.0531392278,9.0864668414,Italy,Phyllaphis fagi,Woolly Beech Aphid,28,5,2024
45.5790433642,8.9417023212,Italy,Takahashia japonica,String Cottony Scale,29,5,2024
41.9171801353,12.4932659045,Italy,Aphis nerii,Oleander Aphid,29,5,2024
45.5799277778,9.0791666667,Italy,Takahashia japonica,String Cottony Scale,29,5,2024
44.8519859314,8.0731973647,Italy,Eriosomatini,,26,5,2024
44.4261576,8.8219156997,Italy,Eriosoma lanuginosum,Elm Balloon-gall Aphid,29,5,2024
40.817273474,16.3559306051,Italy,Sitobion fragariae,Grain Aphid,28,4,2024
46.0693208156,12.9510589689,Italy,Aphidoidea,,9,5,2024
38.1942319207,15.2525125188,Italy,Coccidae,Soft scales,30,5,2024
46.0369233386,13.2724254951,Italy,Aphididae,Aphids,9,5,2024
42.9241638889,11.544325,Italy,Acyrthosiphon,,25,5,2024
42.9243210203,11.5399336576,Italy,Tetraneura caerulescens,,30,5,2024
45.534003,10.169988,Italy,Pemphigus spyrothecae,Poplar Spiral Gall Aphid,17,5,2024
41.7513909322,12.8458308801,Italy,Wahlgreniella,,30,5,2024
43.8548347795,10.2495605126,Italy,Aphis,,30,5,2024
44.4694833333,11.1993055556,Italy,Orthezia urticae,Nettle Ensign Scale,30,5,2024
45.74114225,9.1941375556,Italy,Takahashia japonica,String Cottony Scale,27,5,2024
44.4849555556,11.2206638889,Italy,Aphididae,Aphids,30,5,2024
44.4698333333,11.1993416667,Italy,Eriosomatinae,Woolly Aphids and Gall-making Aphids,30,5,2024
41.8725043545,12.2623142973,Italy,Aphis,,30,5,2024
42.3368573,13.4535251,Italy,Macrosiphum euphorbiae,Potato Aphid,23,5,2024
42.1609,12.216455,Italy,Macrosiphum rosae,Rose Aphid,31,5,2024
39.2204258783,9.1649278253,Italy,Aphididae,Aphids,4,5,2024
45.0245017778,7.6628527222,Italy,Coccidae,Soft scales,31,5,2024
44.040823173,10.6357245147,Italy,Eriosoma lanigerum,Woolly Apple Aphid,31,5,2024
45.9216916667,9.8014466667,Italy,Aphidoidea,,29,5,2024
45.69222,9.8428783333,Italy,Myzus persicae,Green Peach Aphid,31,5,2024
40.6393522758,14.408387281,Italy,Pseudococcus,,31,5,2024
41.8798716667,13.1927133333,Italy,Tetraneura akinire,Oriental Grass Root Aphid,1,6,2024
45.7649277778,8.9361222222,Italy,Aphididae,Aphids,1,6,2024
44.9017775164,11.6611246645,Italy,Lauritrioza alacris,Bay Sucker,1,6,2024
45.5683168724,8.7514722375,Italy,Tetraneura,,1,6,2024
40.666305,16.6156183333,Italy,Eriosoma lanuginosum,Elm Balloon-gall Aphid,1,6,2024
45.4600638007,12.3531169031,Italy,Ceroplastes japonicus,Japanese Wax Scale,18,5,2024
46.51355,11.3513833333,Italy,Pemphigini,,1,6,2024
42.4355046,12.1343941,Italy,Tetraneura caerulescens,,1,6,2024
43.8596351073,10.4767007008,Italy,Phenacoccus,,30,5,2024
44.685587636,11.0814542764,Italy,Aphis,,1,6,2024
44.4613164,11.2868995,Italy,Eriosomatinae,Woolly Aphids and Gall-making Aphids,1,6,2024
44.2104827376,12.3863906041,Italy,Lauritrioza alacris,Bay Sucker,2,6,2024
42.1612888333,12.2163,Italy,Panaphis juglandis,Walnut Aphid,2,6,2024
42.1609,12.21643,Italy,Macrosiphum rosae,Rose Aphid,2,6,2024
45.61849006,9.07563091,Italy,Cinara,Giant Conifer Aphids,2,6,2024
45.7007229457,9.1724618152,Italy,Takahashia japonica,String Cottony Scale,2,6,2024
39.3246286819,9.1305278242,Italy,Aploneura lentisci,Mealy Grass Root Aphid,6,5,2024
44.201281,8.3761141,Italy,Forda formicaria,Pistachio-Grass Root Aphid,2,6,2024
44.2004737853,8.3773946761,Italy,Forda formicaria,Pistachio-Grass Root Aphid,2,6,2024
44.0647522225,12.5615690276,Italy,Aphidinae,,2,6,2024
45.1277501217,7.6354839653,Italy,Eucallipterus tiliae,Lime Leaf Aphid,3,6,2024
42.8024860198,11.4926610454,Italy,Aphidoidea,,3,6,2024
42.1332491312,12.0766023311,Italy,Acyrthosiphon,,3,6,2024
45.2244399656,9.0585912432,Italy,Kermes,,2,6,2024
44.8072248,10.3279435,Italy,Macrosiphum rosae,Rose Aphid,3,6,2024
45.88895894,8.6342420429,Italy,Tetraneura caerulescens,,3,6,2024
40.8154922126,16.3622861024,Italy,Acyrthosiphon pisum,Pea Aphid,1,5,2024
42.2098416667,11.7130466667,Italy,Eriosoma lanuginosum,Elm Balloon-gall Aphid,3,6,2024
42.2107666667,11.71152,Italy,Hyalopterus pruni,Mealy Plum Aphid,3,6,2024
42.9881717928,10.5092637241,Italy,Aphididae,Aphids,4,6,2024
41.8793716667,12.2366616667,Italy,Aphis nerii,Oleander Aphid,4,6,2024
46.7226572997,11.6510405,Italy,Psylloidea,Psylloids,4,6,2024
45.3663123,10.2187585,Italy,Aphis sambuci,Elder Aphid,4,6,2024
40.815455107,16.3603822694,Italy,Aphis fabae,Black Bean Aphid,1,5,2024
44.4915277778,11.2681833333,Italy,Aphis,,5,6,2024
46.6882125,11.1733459,Italy,Psylla alni,Alder Sucker,5,6,2024
45.6301483686,13.0017513955,Italy,Coccoidea,Scale Insects,29,5,2024
45.4752038759,9.2329684984,Italy,Aphididae,Aphids,4,6,2024
43.7323195198,11.5554894914,Italy,Aphididae,Aphids,5,6,2024
41.8623248,12.5724289997,Italy,Aphis nerii,Oleander Aphid,5,6,2024
45.464795,9.235005,Italy,Takahashia japonica,String Cottony Scale,5,6,2024
44.5101460303,11.3149651978,Italy,Aphis fabae,Black Bean Aphid,5,6,2024
41.8621729997,12.5727031997,Italy,Aphis nerii,Oleander Aphid,5,6,2024
45.589407,10.20435,Italy,Forda formicaria,Pistachio-Grass Root Aphid,24,5,2024
41.7856859722,13.00238,Italy,Tetraneura ulmi,Elm Sack Gall Aphid,5,6,2024
41.7860259722,13.0022009722,Italy,Tetraneura akinire,Oriental Grass Root Aphid,5,6,2024
46.06263168,11.1194382159,Italy,Macrosiphum rosae,Rose Aphid,6,6,2024
41.897195,12.4644033333,Italy,Pemphigus spyrothecae,Poplar Spiral Gall Aphid,6,6,2024
44.4961066664,11.3539929315,Italy,Coccus hesperidum,Brown Soft Scale,6,6,2024
44.11833082,12.33614139,Italy,Macrosiphum rosae,Rose Aphid,6,6,2024
44.11822875,12.33605,Italy,Aphis spiraecola,Spiraea Aphid,6,6,2024
45.8250272,8.8442448,Italy,Takahashia japonica,String Cottony Scale,6,6,2024
41.9522728,12.5239195997,Italy,Icerya purchasi,Cottony cushion scale,7,6,2024
43.7778431997,11.2601557,Italy,Aphis nerii,Oleander Aphid,7,6,2024
42.4105796814,12.2041997908,Italy,Macrosiphum rosae,Rose Aphid,7,6,2024
41.8930966667,12.4906866667,Italy,Eucallipterus tiliae,Lime Leaf Aphid,7,6,2024
41.9562813,12.5317164,Italy,Glycaspis brimblecombei,Red Gum Lerp Psyllid,7,6,2024
44.51013,11.3149633333,Italy,Aphis fabae,Black Bean Aphid,5,6,2024
46.2903576997,11.4609413222,Italy,Aphididae,Aphids,7,6,2024
45.272553,8.985772,Italy,Tetraneura caerulescens,,10,5,2024
45.3699666667,9.1714305556,Italy,Takahashia japonica,String Cottony Scale,7,6,2024
44.7241397063,8.1122524012,Italy,Brachycaudus cardui,Plum-thistle Aphid,7,6,2024
43.9572892758,8.0552416295,Italy,Saissetia oleae,Black Olive Scale,7,6,2024
45.5675666667,9.239775,Italy,Coccus hesperidum,Brown Soft Scale,7,6,2024
41.8463133333,12.5628583333,Italy,Eriosoma lanuginosum,Elm Balloon-gall Aphid,7,6,2024
44.469411216,11.1013107374,Italy,Aphididae,Aphids,19,4,2024
44.5087886042,11.3176712824,Italy,Aphis fabae,Black Bean Aphid,5,6,2024
36.7816167993,14.5838724575,Italy,Coccoidea,Scale Insects,5,6,2024
44.5732154846,10.5865058899,Italy,Aphididae,Aphids,8,6,2024
45.06951817,7.71105279,Italy,Aphididae,Aphids,8,6,2024
46.6502955507,11.8733735383,Italy,Aphis,,8,6,2024
40.561025,14.2055216667,Italy,Melanaphis donacis,Giant Reed Aphid,8,6,2024
41.884954,12.292875,Italy,Aphididae,Aphids,8,6,2024
40.8670364444,14.3527911231,Italy,Euphyllura,,8,6,2024
40.555845,14.2217533333,Italy,Aphidinae,,8,6,2024
45.5020973,9.2318578,Italy,Eucallipterus tiliae,Lime Leaf Aphid,7,6,2024
39.9428984562,9.1801154986,Italy,Eriosoma lanuginosum,Elm Balloon-gall Aphid,8,6,2024
45.720406393,9.7036954388,Italy,Takahashia japonica,String Cottony Scale,8,6,2024
39.3252607365,9.1225975379,Italy,Aploneura lentisci,Mealy Grass Root Aphid,6,5,2024
45.5155213618,9.1672623021,Italy,Takahashia japonica,String Cottony Scale,9,6,2024
43.822508147,10.7030862663,Italy,Brachycaudus cardui,Plum-thistle Aphid,9,6,2024
41.4577997056,15.5567150884,Italy,Aphidinae,,9,6,2024
45.210707,8.871157,Italy,Ceroplastes japonicus,Japanese Wax Scale,9,6,2024
45.0817638333,12.2750833333,Italy,Acyrthosiphon,,9,6,2024
45.6517805901,10.0374624355,Italy,Aphidoidea,,9,6,2024
42.0790589616,12.2388084233,Italy,Aphis,,9,6,2024
45.7472838448,7.3863047361,Italy,Aphididae,Aphids,9,6,2024
40.9026812271,14.220829457,Italy,Myzus persicae,Green Peach Aphid,9,6,2024
45.0735755013,7.4628687453,Italy,Eriosoma lanuginosum,Elm Balloon-gall Aphid,5,6,2024
41.8483916667,13.7134683333,Italy,Dysaphis,,4,6,2024
45.6490625782,8.1564551811,Italy,Macrosiphini,,8,6,2024
44.0755150448,10.4823987186,Italy,Aphididae,Aphids,9,6,2024
44.3559805556,11.1234666667,Italy,Aphis fabae,Black Bean Aphid,9,6,2024
46.6149200439,10.8548985422,Italy,Aleyrodidae,Whiteflies,9,6,2024
45.521287,11.5200639667,Italy,Aphidinae,,9,6,2024
42.1249099722,12.618002,Italy,Aphis nerii,Oleander Aphid,9,6,2024
42.7755283376,11.0938239713,Italy,Aphididae,Aphids,8,6,2024
41.8677881454,12.5012881402,Italy,Icerya purchasi,Cottony cushion scale,10,6,2024
42.05235,13.9980716667,Italy,Aphididae,Aphids,10,6,2024
44.4304990609,8.8211864813,Italy,Aphididae,Aphids,10,6,2024
41.86622,12.5120616667,Italy,Tetraneura akinire,Oriental Grass Root Aphid,11,6,2024
45.6145588635,9.4850693093,Italy,Tetraneura caerulescens,,11,6,2024
41.8657226563,12.4406328201,Italy,Icerya purchasi,Cottony cushion scale,11,6,2024
42.7204971313,12.1083469391,Italy,Aphididae,Aphids,11,6,2024
44.6178316667,10.71529,Italy,Psyllopsis fraxini,ash psyllid,11,6,2024
45.820888505,8.7191220608,Italy,Aleyrodinae,,17,5,2024
42.0914974511,12.2711830214,Italy,Myzus cerasi,Black Cherry Aphid,11,6,2024
42.4469579518,14.1979198551,Italy,Protopulvinaria pyriformis,Pyriform Scale,12,6,2024
42.4468819026,14.1979701977,Italy,Protopulvinaria pyriformis,Pyriform Scale,12,6,2024
44.453633127,8.8673802312,Italy,Eriosomatinae,Woolly Aphids and Gall-making Aphids,9,6,2024
42.2154035679,14.5358961258,Italy,Daktulosphaira vitifoliae,Grape Phylloxera,11,6,2024
42.0405516667,14.1785216667,Italy,Macrosiphini,,12,6,2024
44.4934166667,11.207075,Italy,Macrosiphini,,12,6,2024
45.6982297,9.0701953,Italy,Takahashia japonica,String Cottony Scale,12,6,2024
45.7020028,9.0784987,Italy,Takahashia japonica,String Cottony Scale,12,6,2024
41.9489099722,12.545013,Italy,Aphididae,Aphids,12,6,2024
41.94892,12.5450079722,Italy,Pseudococcidae,Mealybugs,12,6,2024
46.537450314,11.4573766664,Italy,Eriosomatinae,Woolly Aphids and Gall-making Aphids,12,6,2024
44.4977032921,11.3507052019,Italy,Aphis nerii,Oleander Aphid,12,6,2024
44.9481131304,9.3407117575,Italy,Eriosoma,,12,6,2024
44.4633379704,11.1069665104,Italy,Panaphis juglandis,Walnut Aphid,12,6,2024
43.6092170535,13.4565420449,Italy,Eucallipterus tiliae,Lime Leaf Aphid,12,6,2024
42.0521916667,13.9966666667,Italy,Aphidinae,,13,6,2024
46.6162732733,10.8351122215,Italy,Macrosiphini,,13,6,2024
43.8427469084,11.1910768971,Italy,Eucallipterus tiliae,Lime Leaf Aphid,13,6,2024
45.1740932775,7.5831782073,Italy,Anoecia,,13,6,2024
45.6971153767,8.3600880951,Italy,Aphididae,Aphids,13,6,2024
45.5795821594,8.7088872492,Italy,Tetraneura caerulescens,,13,6,2024
45.8601775142,9.4087761641,Italy,Eucallipterus tiliae,Lime Leaf Aphid,14,6,2024
45.5392222222,9.3100583333,Italy,Takahashia japonica,String Cottony Scale,12,6,2024
45.4711037182,9.1892863969,Italy,Aphis,,8,6,2024
45.7613222222,9.7286611111,Italy,Eriosomatinae,Woolly Aphids and Gall-making Aphids,14,6,2024
46.7318945817,11.6493960561,Italy,Myzus cerasi,Black Cherry Aphid,15,6,2024
46.6083575563,11.1641634961,Italy,Lauritrioza alacris,Bay Sucker,15,6,2024
45.200253,10.7482222,Italy,Sitobion,,15,6,2024
41.9419666695,12.5203096122,Italy,Aleyrodidae,Whiteflies,15,6,2024
41.7411110034,12.2513260144,Italy,Hyadaphis coriandri,Coriander Aphid,15,6,2024
39.2425288287,9.3053502027,Italy,Aphididae,Aphids,2,6,2024
44.3017223516,9.2140427604,Italy,Lauritrioza alacris,Bay Sucker,15,6,2024
42.9883324331,10.5091879517,Italy,Lachnus,,15,6,2024
37.7327308655,15.1467151642,Italy,Daktulosphaira vitifoliae,Grape Phylloxera,16,6,2024
45.6642861111,8.8869916667,Italy,Tetraneura ulmi,Elm Sack Gall Aphid,16,6,2024
45.664,8.8865916667,Italy,Takahashia japonica,String Cottony Scale,16,6,2024
44.1444597997,9.668746,Italy,Megoura,,10,6,2024
42.2117593997,12.5854964997,Italy,Aleurocanthus,,16,6,2024
41.7875240464,12.3244149797,Italy,Glycaspis brimblecombei,Red Gum Lerp Psyllid,16,6,2024
45.5467969722,9.167913,Italy,Takahashia japonica,String Cottony Scale,16,6,2024
46.07614704,8.2642054,Italy,Tetraneura,,16,6,2024
43.8762934623,11.8760386877,Italy,Adelges,,16,6,2024
45.7219011877,8.9008156426,Italy,Takahashia japonica,String Cottony Scale,16,6,2024
41.909663,12.528354,Italy,Coccoidea,Scale Insects,17,6,2024
44.2925774745,10.7056098059,Italy,Aphidinae,,17,6,2024
41.8061888889,12.6026888889,Italy,Aphididae,Aphids,17,6,2024
45.7174152835,7.2412783653,Italy,Mordwilkoja,,17,6,2024
40.8202238181,16.4009459298,Italy,Acyrthosiphon,,3,5,2024
43.7779896997,11.2600358,Italy,Aphis nerii,Oleander Aphid,18,6,2024
45.8532702105,9.2720676586,Italy,Euphyllura olivina,olive psyllid,18,6,2024
39.2522989396,9.1767114401,Italy,Pseudococcidae,Mealybugs,18,6,2024
41.891643,12.4852709722,Italy,Lauritrioza alacris,Bay Sucker,18,6,2024
46.4314413717,11.3379691697,Italy,Aphididae,Aphids,18,6,2024
41.2461316204,14.0679888055,Italy,Aphidinae,,18,6,2024
45.7872198151,9.3463661894,Italy,Macrosiphini,,18,6,2024
45.5245862265,9.1881923867,Italy,Takahashia japonica,String Cottony Scale,18,6,2024
43.9023585376,11.6649313644,Italy,Aphididae,Aphids,19,6,2024
46.0057737272,11.1996730417,Italy,Pulvinaria,,19,6,2024
43.8427466666,11.1911184713,Italy,Eucallipterus tiliae,Lime Leaf Aphid,19,6,2024
45.697556782,9.1211371592,Italy,Takahashia japonica,String Cottony Scale,20,6,2024
41.1369004,16.8201019,Italy,Planococcus,,13,6,2024
45.7203811997,8.8103923997,Italy,Takahashia japonica,String Cottony Scale,11,6,2024
45.4167898136,10.4001031875,Italy,Panaphis juglandis,Walnut Aphid,19,6,2024
42.4100313291,13.591634581,Italy,Aphis,,18,6,2024
44.4933138889,11.2127027778,Italy,Panaphis juglandis,Walnut Aphid,21,6,2024
45.2251399844,11.6282575205,Italy,Parthenolecanium,,21,6,2024
39.2355891822,9.2169137299,Italy,Aploneura lentisci,Mealy Grass Root Aphid,20,6,2024
41.8679594312,12.5846373662,Italy,Eucallipterus tiliae,Lime Leaf Aphid,21,6,2024
45.123038,10.444188,Italy,Psylloidea,Psylloids,18,2,2024
45.6024513056,9.1127328611,Italy,Takahashia japonica,String Cottony Scale,22,6,2024
40.908875,14.7976216667,Italy,Pseudococcidae,Mealybugs,22,6,2024
44.3421486207,12.3305856056,Italy,Eriosomatinae,Woolly Aphids and Gall-making Aphids,21,6,2024
41.3614067051,13.7256991969,Italy,Psyllidae,jumping plant lice,23,6,2024
45.4433866667,11.0073388833,Italy,Aphis nerii,Oleander Aphid,21,6,2024
45.6307435,9.7401899,Italy,Panaphis juglandis,Walnut Aphid,23,6,2024
45.7235977008,7.5080709904,Italy,Pemphigus vesicarius,,22,6,2024
43.9231930653,11.8495028839,Italy,Eriosomatini,,15,6,2024
41.0894151474,14.3178811669,Italy,Daktulosphaira vitifoliae,Grape Phylloxera,23,6,2024
43.9214659076,11.8453779817,Italy,Pemphigus immunis,,15,6,2024
42.9002020749,11.6617639912,Italy,Aphis craccivora,Cowpea Aphid,21,6,2024
41.1783180949,15.878514424,Italy,Ceroplastes,Wax Scales,23,6,2024
43.897904954,10.7514980435,Italy,Icerya purchasi,Cottony cushion scale,23,6,2024
45.7795434,12.0055081,Italy,Icerya purchasi,Cottony cushion scale,20,6,2024
44.803548741,7.9417825118,Italy,Tetraneura caerulescens,,27,5,2024
44.802844114,7.9418250918,Italy,Tetraneura akinire,Oriental Grass Root Aphid,27,5,2024
40.7779310962,16.7731110014,Italy,Geoica utricularia,,23,6,2024
40.7779473449,16.7731539168,Italy,Baizongia pistaciae,Pistacia Horn Gall Aphid,23,6,2024
40.7793949175,16.7744378009,Italy,Forda marginata,,23,6,2024
42.9363477037,10.5206838995,Italy,Daktulosphaira vitifoliae,Grape Phylloxera,24,6,2024
45.6327222222,11.3082861111,Italy,Aphididae,Aphids,23,6,2024
45.4298910597,9.1885726765,Italy,Illinoia liriodendri,tuliptree aphid,24,6,2024
43.9882959722,10.1586239722,Italy,Aphididae,Aphids,24,6,2024
43.5453981969,13.3616803586,Italy,Anoecia,,24,6,2024
44.8336471061,11.4613164438,Italy,Panaphis juglandis,Walnut Aphid,24,6,2024
44.4146844748,8.9448224008,Italy,Calaphis,Dark-veined Birch Aphids,24,6,2024
40.6709737022,16.4975917935,Italy,Daktulosphaira vitifoliae,Grape Phylloxera,24,6,2024
44.445255,9.9995816667,Italy,Aphididae,Aphids,22,6,2024
45.2228583333,10.371955,Italy,Coccoidea,Scale Insects,25,6,2024
44.5013,11.3533805556,Italy,Aphididae,Aphids,25,6,2024
44.3970636562,8.9516591409,Italy,Protopulvinaria pyriformis,Pyriform Scale,25,6,2024
39.11104331,16.5292411298,Italy,Panaphis juglandis,Walnut Aphid,25,6,2024
43.0915946,12.4289447,Italy,Panaphis juglandis,Walnut Aphid,25,6,2024
38.1644471667,13.20592,Italy,Ceroplastes,Wax Scales,25,6,2024
43.8969023384,10.7534074411,Italy,Aphis fabae,Black Bean Aphid,25,6,2024
44.5096402,9.7437993,Italy,Aphidoidea,,27,5,2024
41.8200511,12.3414363997,Italy,Daktulosphaira vitifoliae,Grape Phylloxera,26,6,2024
43.53048,13.61557,Italy,Eriosoma,,26,6,2024
45.123285,10.444124,Italy,Psylloidea,Psylloids,21,2,2024
45.5908958226,10.1462832505,Italy,Psyllidae,jumping plant lice,27,6,2024
45.6631104645,8.8877121359,Italy,Takahashia japonica,String Cottony Scale,27,6,2024
45.7566206997,6.9818639997,Italy,Aphididae,Aphids,24,6,2024
38.2247584784,15.2397146974,Italy,Glycaspis brimblecombei,Red Gum Lerp Psyllid,28,6,2024
45.5193538986,10.2572125196,Italy,Eucallipterus tiliae,Lime Leaf Aphid,28,6,2024
45.8182892,8.8252083,Italy,Aphididae,Aphids,28,6,2024
45.4935940152,9.2463563383,Italy,Takahashia japonica,String Cottony Scale,28,6,2024
42.7339391179,10.963431783,Italy,Aploneura lentisci,Mealy Grass Root Aphid,12,5,2024
46.6504936111,10.4331779444,Italy,Adelges abietis,Pineapple-gall Adelgid,28,6,2024
44.48195,11.2629666667,Italy,Aphididae,Aphids,28,6,2024
44.4807783333,11.3783333333,Italy,Ceroplastes,Wax Scales,29,6,2024
45.5563926,10.9115085997,Italy,Eriosoma lanuginosum,Elm Balloon-gall Aphid,29,6,2024
44.5145798912,11.1297569051,Italy,Calaphidinae,,28,6,2024
45.9611166667,8.4508083333,Italy,Bemisia,,29,6,2024
42.2213399,12.336245,Italy,Acyrthosiphon,,29,6,2024
45.1260324356,10.0532693642,Italy,Dysaphis,,15,6,2024
44.1770136864,12.3378359154,Italy,Coccinae,,29,6,2024
44.169205,8.3040783333,Italy,Coccoidea,Scale Insects,19,6,2024
42.20372,14.37043,Italy,Aphis,,30,6,2024
45.6554907072,12.2047230014,Italy,Tetraneura,,30,6,2024
45.3945796101,11.88090319,Italy,Ceroplastes japonicus,Japanese Wax Scale,30,6,2024
45.394004238,11.8803623877,Italy,Aphis,,30,6,2024
45.3941152717,11.8805627228,Italy,Aphidinae,,30,6,2024
45.3943943187,11.8808344757,Italy,Daktulosphaira,,30,6,2024
44.185591,10.562203,Italy,Tetraneura ulmi,Elm Sack Gall Aphid,29,6,2024
44.3291784168,11.0947500542,Italy,Aphis,,30,6,2024
42.47772362,14.19542578,Italy,Aphididae,Aphids,1,7,2024
43.7211376373,10.9514265507,Italy,Coccus,,1,7,2024
43.7303250156,11.0219498724,Italy,Protopulvinaria pyriformis,Pyriform Scale,1,7,2024
44.3287308822,11.1040915176,Italy,Rhinocola aceris,,30,6,2024
43.9248646318,11.848747842,Italy,Parthenolecanium,,15,6,2024
43.0554,10.6860166667,Italy,Eriosoma lanuginosum,Elm Balloon-gall Aphid,18,6,2024
45.6916393083,12.1756079722,Italy,Panaphis juglandis,Walnut Aphid,2,7,2024
42.0586235,12.9921447,Italy,Panaphis juglandis,Walnut Aphid,2,7,2024
46.6810953228,10.5293234751,Italy,Aphididae,Aphids,26,6,2024
46.0846088774,12.8749556467,Italy,Tetraneura,,3,7,2024
45.4400702857,12.332399003,Italy,Coccidae,Soft scales,3,7,2024
45.123466,10.444038,Italy,Psylloidea,Psylloids,29,2,2024
46.7641811674,10.5012037025,Italy,Adelges abietis,Pineapple-gall Adelgid,27,6,2024
45.615308782,9.2024374699,Italy,Takahashia japonica,String Cottony Scale,3,7,2024
44.5035694444,10.5406472222,Italy,Rhopalosiphum nymphaeae,waterlily aphid,4,7,2024
45.1230540007,7.6297561079,Italy,Aphididae,Aphids,4,7,2024
41.7417827273,13.001342006,Italy,Panaphis juglandis,Walnut Aphid,4,7,2024
45.4134100159,11.8871367514,Italy,Psyllopsis,,4,7,2024
45.4110365672,11.8870193992,Italy,Chaitophorus,,4,7,2024
42.625213721,13.6310257763,Italy,Macrosiphum rosae,Rose Aphid,27,5,2024
38.1952638889,13.3353138889,Italy,Aphididae,Aphids,5,7,2024
44.1447611667,9.6742166667,Italy,Megoura,,28,5,2024
45.4093717045,11.8965947823,Italy,Aphis,,5,7,2024
41.9514118805,12.513616902,Italy,Glycaspis brimblecombei,Red Gum Lerp Psyllid,6,7,2024
40.7954986919,16.3675337359,Italy,Tetraneura caerulescens,,5,5,2024
42.2321767085,13.3833903911,Italy,Eriosomatinae,Woolly Aphids and Gall-making Aphids,5,7,2024
40.8247991978,16.4052803158,Italy,Aphis fabae,Black Bean Aphid,10,5,2024
45.6260244112,7.9824189842,Italy,Aphididae,Aphids,2,6,2024
45.74342962,10.56675217,Italy,Aphididae,Aphids,6,7,2024
46.4882633333,11.1534833333,Italy,Aphis,,6,7,2024
44.5273998213,11.29451892,Italy,Aphidinae,,6,7,2024
44.4891111111,11.3285416667,Italy,Ceroplastes japonicus,Japanese Wax Scale,7,7,2024
45.6285643379,9.0012256604,Italy,Tetraneura,,7,7,2024
41.9523674,12.5242406997,Italy,Icerya purchasi,Cottony cushion scale,7,7,2024
44.8418166582,9.995345436,Italy,Panaphis juglandis,Walnut Aphid,7,7,2024
40.8159198859,14.3464067951,Italy,Glycaspis brimblecombei,Red Gum Lerp Psyllid,27,6,2024
38.2318343889,15.2486982222,Italy,Glycaspis brimblecombei,Red Gum Lerp Psyllid,7,7,2024
44.3420527778,11.1114388889,Italy,Trioza centranthi,valerian psyllid,7,7,2024
45.1610471382,10.7937679812,Italy,Icerya purchasi,Cottony cushion scale,7,7,2024
42.9422713338,13.0833005905,Italy,Pemphigus vesicarius,,7,7,2024
42.9422691248,13.0833136663,Italy,Pemphigus,Poplar Leaf-stem Gall Aphids,7,7,2024
40.6703283333,14.7255833333,Italy,Daktulosphaira vitifoliae,Grape Phylloxera,8,7,2024
45.0735028333,7.835125,Italy,Coccoidea,Scale Insects,8,7,2024
45.0389407848,9.7050958872,Italy,Trialeurodes vaporariorum,Greenhouse Whitefly,8,7,2024
41.9525610997,12.5244399,Italy,Coccus hesperidum,Brown Soft Scale,8,7,2024
45.54762,9.1676719722,Italy,Takahashia japonica,String Cottony Scale,9,7,2024
41.9488413997,12.5450224997,Italy,Coccoidea,Scale Insects,9,7,2024
41.9488509722,12.544994,Italy,Diaspididae,Armored Scale Insects,9,7,2024
41.9489329997,12.5449891997,Italy,Aspidiotini,,9,7,2024
41.9489031997,12.5449927997,Italy,Aspidiotinae,,9,7,2024
44.6341449722,10.9640789722,Italy,Eucallipterus tiliae,Lime Leaf Aphid,9,7,2024
45.558302,10.180357,Italy,Forda formicaria,Pistachio-Grass Root Aphid,21,6,2024
45.0548880417,7.2926037012,Italy,Aphididae,Aphids,9,7,2024
41.948878,12.545004,Italy,Pseudococcidae,Mealybugs,9,7,2024
43.4052601353,13.0039715767,Italy,Eucallipterus tiliae,Lime Leaf Aphid,10,7,2024
45.540711,11.5048949722,Italy,Macrosiphini,,7,7,2024
45.0548880417,7.2926037012,Italy,Aphidinae,,9,7,2024
40.5385093611,9.749588,Italy,Asterodiaspis,,9,7,2024
45.7744561087,9.6701249108,Italy,Aphis sambuci,Elder Aphid,12,5,2024
46.3720241145,11.2526243162,Italy,Aphidoidea,,7,7,2024
44.43039875,8.74901648,Italy,Aphis gossypii,Melon Aphid,12,7,2024
43.3328938709,10.4650762874,Italy,Psylloidea,Psylloids,12,7,2024
44.9391926815,7.114740415,Italy,Aphididae,Aphids,16,5,2024
44.8113342653,7.0361997122,Italy,Aphididae,Aphids,16,5,2024
46.0308611667,9.1297083333,Italy,Aphididae,Aphids,12,7,2024
45.0399974152,12.2240200639,Italy,Daktulosphaira vitifoliae,Grape Phylloxera,12,7,2024
44.4935527778,11.2072972222,Italy,Coccus hesperidum,Brown Soft Scale,13,7,2024
43.5777837718,11.1010159228,Italy,Daktulosphaira vitifoliae,Grape Phylloxera,24,6,2024
39.8920199453,8.5429215431,Italy,Glycaspis brimblecombei,Red Gum Lerp Psyllid,25,6,2024
44.9030084722,7.3252876662,Italy,Sternorrhyncha,Plant-parasitic Hemipterans,14,7,2024
45.0743305249,7.7292623128,Italy,Aphis fabae,Black Bean Aphid,13,7,2024
44.4967722222,11.2093777778,Italy,Chaitophorus,,14,7,2024
42.1332583333,12.0750945,Italy,Phenacoccus,,14,7,2024
44.044957,12.453964,Italy,Aphididae,Aphids,14,7,2024
44.276371,10.7005319444,Italy,Eriosoma lanuginosum,Elm Balloon-gall Aphid,13,7,2024
45.9166033333,10.8763583333,Italy,Icerya purchasi,Cottony cushion scale,8,4,2024
40.6536636353,15.7972068787,Italy,Aphididae,Aphids,15,7,2024
46.46254,12.2008433333,Italy,Aphis,,15,7,2024
43.7194465833,11.035126312,Italy,Icerya purchasi,Cottony cushion scale,15,7,2024
38.9658599997,8.4344532997,Italy,Aploneura lentisci,Mealy Grass Root Aphid,16,7,2024
46.0139087241,12.2275112942,Italy,Aphididae,Aphids,16,7,2024
41.1682366667,9.1908333333,Italy,Icerya purchasi,Cottony cushion scale,14,7,2024
38.9721483,8.4426383,Italy,Aploneura lentisci,Mealy Grass Root Aphid,17,7,2024
40.8230070898,16.4107216263,Italy,Aphis fabae,Black Bean Aphid,11,5,2024
40.8228512687,16.410785995,Italy,Aphis fabae,Black Bean Aphid,11,5,2024
40.8228261914,16.4108150955,Italy,Psyllopsis fraxini,ash psyllid,11,5,2024
38.9940490556,8.4490747222,Italy,Ceroplastes rusci,Fig Wax Scale,17,7,2024
44.8426466667,11.6256416667,Italy,Ceroplastes,Wax Scales,18,7,2024
44.842675,11.6256383333,Italy,Aleurocanthus,,18,7,2024
39.9488096042,9.1694040969,Italy,Brachycaudus cardui,Plum-thistle Aphid,4,6,2024
43.249993818,12.036178261,Italy,Daktulosphaira vitifoliae,Grape Phylloxera,16,7,2024
46.4624883333,12.2004116667,Italy,Aphis,,19,7,2024
42.1407138333,12.1871466667,Italy,Phyllaphis fagi,Woolly Beech Aphid,19,7,2024
44.1760770998,12.3373832926,Italy,Aploneura lentisci,Mealy Grass Root Aphid,19,7,2024
44.1763622854,12.3418384418,Italy,Phylloxera quercus,,19,7,2024
40.815454399,16.3602808683,Italy,Macrosiphum euphorbiae,Potato Aphid,12,5,2024
45.7327153538,8.9767363295,Italy,Aphis nerii,Oleander Aphid,20,7,2024
43.2408696134,12.0452904793,Italy,Psylloidea,Psylloids,17,7,2024
45.3909847997,11.0368358997,Italy,Takahashia japonica,String Cottony Scale,19,7,2024
45.7703525927,13.6237931997,Italy,Forda formicaria,Pistachio-Grass Root Aphid,20,7,2024
44.6521756487,10.9362605992,Italy,Icerya purchasi,Cottony cushion scale,20,7,2024
46.0497091,10.6103807997,Italy,Aphididae,Aphids,20,7,2024
40.8154623376,16.3608027086,Italy,Brevicoryne brassicae,Cabbage Aphid,12,5,2024
45.4851972222,12.5827777778,Italy,Daktulosphaira vitifoliae,Grape Phylloxera,21,7,2024
41.9102468828,12.4468097091,Italy,Icerya purchasi,Cottony cushion scale,21,7,2024
46.0638388333,9.269105,Italy,Anoecia,,21,7,2024
45.483799394,12.2807513879,Italy,Pseudococcus longispinus,long-tailed mealybug,21,7,2024
40.882175,17.366055,Italy,Pseudococcidae,Mealybugs,21,7,2024
45.649435,11.4052816667,Italy,Daktulosphaira vitifoliae,Grape Phylloxera,21,7,2024
43.6077133908,11.5633440283,Italy,Daktulosphaira vitifoliae,Grape Phylloxera,15,7,2024
45.4385532259,12.3204897344,Italy,Tetraneura,,21,7,2024
44.4205,11.971425,Italy,Homotoma ficus,Mediterranean fig psyllid,22,7,2024
44.4205,11.971425,Italy,Pseudococcidae,Mealybugs,22,7,2024
41.1854533333,16.66967,Italy,Nidularia pulvinata,,22,7,2024
43.2935932931,12.0558531024,Italy,Adelges,,20,7,2024
44.4258722222,11.9077638889,Italy,Homotoma ficus,Mediterranean fig psyllid,22,7,2024
45.4534992564,12.3528555352,Italy,Trialeurodes vaporariorum,Greenhouse Whitefly,22,7,2024
45.8278198056,8.8032884444,Italy,Takahashia japonica,String Cottony Scale,22,7,2024
43.7661777778,11.2512555556,Italy,Aonidia lauri,Bay Scale,22,7,2024
45.453583984,9.3224036694,Italy,Macrosiphini,,22,7,2024
43.2425750005,12.0449974923,Italy,Icerya purchasi,Cottony cushion scale,20,7,2024
42.7057837129,11.530136368,Italy,Forda formicaria,Pistachio-Grass Root Aphid,23,7,2024
44.83925,11.6175537,Italy,Aleyrodidae,Whiteflies,19,5,2024
42.7082935866,11.5259292425,Italy,Eriosoma lanuginosum,Elm Balloon-gall Aphid,23,7,2024
45.5943755997,10.8350308997,Italy,Aphididae,Aphids,22,7,2024
44.4656305556,11.9530722222,Italy,Homotoma ficus,Mediterranean fig psyllid,24,7,2024
46.0052594836,9.3745126161,Italy,Aphis nerii,Oleander Aphid,24,7,2024
44.9585918767,9.3607025966,Italy,Daktulosphaira vitifoliae,Grape Phylloxera,24,7,2024
46.4161879188,11.2087017085,Italy,Aphis,,24,7,2024
44.4618305556,11.3822972222,Italy,Daktulosphaira vitifoliae,Grape Phylloxera,24,7,2024
46.1888805556,10.7849305556,Italy,Cacopsylla pyri,,25,7,2024
46.0044251139,12.1566044167,Italy,Aphis,,26,7,2024
45.8182892,8.8252083,Italy,Icerya purchasi,Cottony cushion scale,26,7,2024
46.2404861111,10.8037472222,Italy,Aphididae,Aphids,26,7,2024
42.564802923,14.1068302888,Italy,Aphididae,Aphids,26,7,2024
41.9098966667,14.8939333333,Italy,Ceroplastes rusci,Fig Wax Scale,27,7,2024
42.7755283376,11.0938239713,Italy,Planococcus,,26,7,2024
46.3130675044,11.4902525023,Italy,Aphididae,Aphids,28,7,2024
42.0693923866,13.2573563339,Italy,Macrosiphoniella,Anthemid Aphids,25,7,2024
44.0686611111,11.3890305556,Italy,Phylloxera,Phylloxeras,28,7,2024
45.6910162395,11.2297855651,Italy,Eulachnus,Pine Needle Aphids,27,7,2024
40.8152734051,16.4109702083,Italy,Sitobion avenae,English Grain Aphid,17,5,2024
43.2583452947,12.0565712638,Italy,Daktulosphaira vitifoliae,Grape Phylloxera,27,7,2024
46.20605,10.8380777778,Italy,Aphididae,Aphids,29,7,2024
46.2014833333,10.8281888889,Italy,Aphididae,Aphids,29,7,2024
46.1432386997,11.5546801,Italy,Puto,,29,7,2024
42.9234527778,13.2805472222,Italy,Aphididae,Aphids,29,7,2024
42.9185916667,13.2742444444,Italy,Aleyrodinae,,29,7,2024
38.0414235,13.1556961,Italy,Ceroplastes rusci,Fig Wax Scale,30,7,2024
46.2667527778,10.8224111111,Italy,Aphididae,Aphids,30,7,2024
43.253211882,12.0443837252,Italy,Daktulosphaira vitifoliae,Grape Phylloxera,29,7,2024
45.11751,10.3574266667,Italy,Aphis,,31,7,2024
45.458064872,9.1592843756,Italy,Icerya purchasi,Cottony cushion scale,31,7,2024
38.23155975,15.2486133333,Italy,Bemisia,,14,7,2024
45.657517,9.9627623,Italy,Aleyrodidae,Whiteflies,31,7,2024
46.1633166667,10.6632388889,Italy,Psylloidea,Psylloids,31,7,2024
44.7260133333,7.997655,Italy,Tetraneura,,21,5,2024
44.065019393,12.4379127929,Italy,Coccoidea,Scale Insects,31,7,2024
44.8333800462,11.4612639993,Italy,Aleyrodinae,,1,8,2024
43.7205110251,10.3831388801,Italy,Aphis craccivora,Cowpea Aphid,30,7,2024
44.8465213734,11.6149202362,Italy,Aleuroplatus coronata,Crown Whitefly,1,8,2024
44.1436666667,12.1833333333,Italy,Aleurocanthus spiniferus,Orange spiny whitefly,30,7,2024
44.1437617513,12.1832943501,Italy,Aleurocanthus spiniferus,Orange spiny whitefly,30,7,2024
42.7066574768,11.5272985909,Italy,Eriosoma lanuginosum,Elm Balloon-gall Aphid,2,8,2024
44.4163944444,11.9729583333,Italy,Homotoma ficus,Mediterranean fig psyllid,2,8,2024
46.7317669858,11.6491254467,Italy,Tuberolachnus salignus,Giant Willow Aphid,3,8,2024
42.0522075,12.9642500997,Italy,Tetraneura akinire,Oriental Grass Root Aphid,3,8,2024
41.1368624,16.8201095,Italy,Aphis craccivora,Cowpea Aphid,2,7,2024
46.0150095149,11.0331467097,Italy,Adelges abietis,Pineapple-gall Adelgid,6,7,2024
42.66165686,14.0305955,Italy,Glycaspis brimblecombei,Red Gum Lerp Psyllid,4,8,2024
43.9174114579,10.0014444887,Italy,Coccoidea,Scale Insects,3,8,2024
44.4078777778,11.9708166667,Italy,Icerya purchasi,Cottony cushion scale,4,8,2024
44.4079666667,11.9707472222,Italy,Aphididae,Aphids,4,8,2024
44.4399944444,12.2965388889,Italy,Ceroplastes,Wax Scales,5,8,2024
42.9209440574,11.6380596355,Italy,Pemphigus,Poplar Leaf-stem Gall Aphids,2,8,2024
44.3091992533,10.4054390213,Italy,Phylloxera,Phylloxeras,4,8,2024
45.4114716667,11.88075,Italy,Eucallipterus,,18,6,2024
44.2416083333,12.1675916667,Italy,Ceroplastes japonicus,Japanese Wax Scale,5,8,2024
44.241605,12.1675616667,Italy,Ceroplastes sinensis,Chinese Wax Scale,5,8,2024
44.2931183333,12.08812,Italy,Aphididae,Aphids,5,8,2024
41.3238753959,14.7459033877,Italy,Daktulosphaira vitifoliae,Grape Phylloxera,14,7,2024
45.6040501183,9.2825567722,Italy,Takahashia japonica,String Cottony Scale,7,8,2024
44.8238495,9.827037,Italy,Eriosoma lanuginosum,Elm Balloon-gall Aphid,4,8,2024
40.6414533333,14.4169866667,Italy,Icerya purchasi,Cottony cushion scale,30,7,2024
46.4306694444,11.7348638889,Italy,Aphis,,7,8,2024
44.822183215,7.2134125479,Italy,Aphis,,7,8,2024
44.4102333333,11.9856916667,Italy,Aphididae,Aphids,8,8,2024
46.421025,11.67845,Italy,Psyllopsis,,8,8,2024
46.50185,11.7430388889,Italy,Aphidinae,,9,8,2024
44.306001995,7.3711475065,Italy,Aphis craccae,Tufted Vetch Aphid,8,6,2024
46.4300132536,11.6870833933,Italy,Lachninae,Giant Aphids,8,8,2024
44.4090270996,8.926451683,Italy,Icerya purchasi,Cottony cushion scale,11,8,2024
45.539318209,11.5356425493,Italy,Daktulosphaira vitifoliae,Grape Phylloxera,10,8,2024
46.3223723362,13.0734666064,Italy,Pemphigus spyrothecae,Poplar Spiral Gall Aphid,12,8,2024
39.1330909026,9.5388009767,Italy,Icerya purchasi,Cottony cushion scale,12,8,2024
45.6090235655,11.390796701,Italy,Daktulosphaira vitifoliae,Grape Phylloxera,12,8,2024
44.9366555556,12.2701694444,Italy,Aleurodicus dugesii,Giant Whitefly,12,8,2024
45.8569150929,12.1424105018,Italy,Macrosiphum,,13,8,2024
44.107817,9.728203,Italy,Daktulosphaira vitifoliae,Grape Phylloxera,8,8,2024
41.738634261,12.2512429328,Italy,Aphididae,Aphids,10,8,2024
45.7135543823,9.674074173,Italy,Aphis nerii,Oleander Aphid,13,8,2024
44.2645505524,7.3435086571,Italy,Macrosiphini,,24,7,2024
45.2704815791,10.7982482761,Italy,Icerya purchasi,Cottony cushion scale,14,8,2024
42.7383160703,12.8400738537,Italy,Forda marginata,,14,8,2024
37.5063946473,13.0866349116,Italy,Coccoidea,Scale Insects,14,8,2024
44.1283266669,12.1691497617,Italy,Aleurocanthus spiniferus,Orange spiny whitefly,13,8,2024
45.6716557706,8.1920370621,Italy,Eucallipterus tiliae,Lime Leaf Aphid,9,8,2024
44.8500527778,11.5877583333,Italy,Aphis nerii,Oleander Aphid,17,8,2024
46.5572966667,11.735605,Italy,Aphididae,Aphids,16,8,2024
45.605205,8.9282366667,Italy,Ceroplastes,Wax Scales,17,8,2024
43.0742536139,10.6135548472,Italy,Aphididae,Aphids,17,8,2024
43.0876411389,10.6050313889,Italy,Kermes,,17,8,2024
44.1783020397,12.3352096975,Italy,Kermesidae,Gall-like Scales,18,8,2024
45.4506708232,12.4302001297,Italy,Ceroplastes,Wax Scales,17,8,2024
45.0860494238,7.6714745164,Italy,Ceroplastes,Wax Scales,18,8,2024
45.3055672632,11.8606109172,Italy,Aleyrodidae,Whiteflies,18,8,2024
44.4904583333,11.2085972222,Italy,Phylloxera,Phylloxeras,18,8,2024
43.7204283971,11.0339199007,Italy,Pemphigus,Poplar Leaf-stem Gall Aphids,19,8,2024
45.4493769109,12.4305433188,Italy,Ceroplastes japonicus,Japanese Wax Scale,17,8,2024
45.496172418,9.1155917583,Italy,Takahashia japonica,String Cottony Scale,19,8,2024
45.44831,9.139185,Italy,Takahashia japonica,String Cottony Scale,20,8,2024
43.2915125643,10.5106789246,Italy,Glycaspis brimblecombei,Red Gum Lerp Psyllid,25,7,2024
43.1538953812,13.6932116989,Italy,Lauritrioza alacris,Bay Sucker,20,8,2024
46.4133709722,11.245756,Italy,Icerya purchasi,Cottony cushion scale,21,8,2024
45.6990366667,9.6725716667,Italy,Sternorrhyncha,Plant-parasitic Hemipterans,21,8,2024
46.6686933333,11.14108,Italy,Coccus hesperidum,Brown Soft Scale,22,8,2024
42.83074087,11.58313721,Italy,Icerya purchasi,Cottony cushion scale,22,8,2024
46.4681663333,12.6849555833,Italy,Aphididae,Aphids,22,8,2024
44.2021865663,7.2421522096,Italy,Aphis,,26,7,2024
41.2244383333,9.46442,Italy,Icerya purchasi,Cottony cushion scale,21,8,2024
41.8516865921,12.5196136607,Italy,Coccidae,Soft scales,25,8,2024
44.2861655006,7.024038237,Italy,Aphis,,17,8,2024
46.4299777778,11.3366416667,Italy,Aphis,,25,8,2024
44.495375,11.2089666667,Italy,Macrosiphini,,26,8,2024
43.2940041503,13.4897457808,Italy,Coccus,,21,8,2024
44.2662377742,12.1659673378,Italy,Baizongia pistaciae,Pistacia Horn Gall Aphid,26,8,2024
45.8884436581,10.857613273,Italy,Ceroplastes,Wax Scales,26,8,2024
44.0768094429,9.8025978545,Italy,Daktulosphaira vitifoliae,Grape Phylloxera,23,8,2024
42.1503111667,12.1963333333,Italy,Aphididae,Aphids,27,8,2024
42.5386055556,14.1126555556,Italy,Aspidiotini,,28,8,2024
44.1442177778,12.1826488889,Italy,Aleurocanthus spiniferus,Orange spiny whitefly,28,8,2024
44.1356722222,12.1796111111,Italy,Aleurocanthus spiniferus,Orange spiny whitefly,27,8,2024
45.5540886218,9.3079914898,Italy,Aphis,,29,8,2024
42.1630611111,14.0109222222,Italy,Parthenolecanium,,29,8,2024
45.6797386021,8.799293451,Italy,Aphis nerii,Oleander Aphid,30,8,2024
45.9486769773,9.7061363679,Italy,Aleyrodidae,Whiteflies,17,8,2024
45.9486769773,9.7061363679,Italy,Aphididae,Aphids,23,8,2024
45.6712202712,13.1081324816,Italy,Ceroplastes,Wax Scales,31,8,2024
43.0847439825,10.6060646474,Italy,Ceroplastes rusci,Fig Wax Scale,31,8,2024
38.1860004406,13.323606737,Italy,Phenacoccus,,2,9,2024
40.8349716667,8.4101133333,Italy,Icerya purchasi,Cottony cushion scale,3,9,2024
43.6850121764,10.5003312975,Italy,Icerya purchasi,Cottony cushion scale,3,9,2024
42.077493,12.343479,Italy,Icerya purchasi,Cottony cushion scale,28,8,2024
45.88717,11.0415305,Italy,Macrosiphini,,4,9,2024
45.7719916667,8.5654166667,Italy,Daktulosphaira vitifoliae,Grape Phylloxera,4,9,2024
45.703926,13.73591,Italy,Pemphigus,Poplar Leaf-stem Gall Aphids,2,9,2024
44.5028194444,11.1880861111,Italy,Aphididae,Aphids,6,9,2024
45.6715808749,8.1920995636,Italy,Aphidinae,,3,9,2024
39.9587080974,9.1563256457,Italy,Aphididae,Aphids,7,6,2024
44.1138368939,10.4607465863,Italy,Daktulosphaira vitifoliae,Grape Phylloxera,6,9,2024
43.6596367604,10.6457905646,Italy,Daktulosphaira vitifoliae,Grape Phylloxera,6,9,2024
44.9663166667,9.2079166667,Italy,Eriosoma lanuginosum,Elm Balloon-gall Aphid,8,9,2024
45.7065417268,11.3457132876,Italy,Aphis,,8,9,2024
40.8785603693,14.2895922437,Italy,Icerya purchasi,Cottony cushion scale,8,9,2024
45.95331358,12.67163296,Italy,Ceroplastes japonicus,Japanese Wax Scale,9,9,2024
41.1209805,16.8697333333,Italy,Nidularia pulvinata,,9,9,2024
44.1456184386,9.6542863844,Italy,Forda formicaria,Pistachio-Grass Root Aphid,7,9,2024
42.4027111712,13.7069770446,Italy,Trioza urticae,,7,9,2024
42.4014000892,13.71163467,Italy,Cacopsylla limbata,,7,9,2024
42.3822117193,10.8905062079,Italy,Daktulosphaira vitifoliae,Grape Phylloxera,9,9,2024
42.9356586956,10.5056172609,Italy,Glycaspis brimblecombei,Red Gum Lerp Psyllid,10,9,2024
43.418775,11.1341527778,Italy,Trioza urticae,,11,9,2024
43.1015088667,10.5616184,Italy,Daktulosphaira vitifoliae,Grape Phylloxera,11,9,2024
42.0919674329,12.2685521096,Italy,Aphis gossypii,Melon Aphid,11,9,2024
46.0706381,11.1123214,Italy,Drepanosiphum,,9,9,2024
44.82982,11.6438916667,Italy,Hyalopterus pruni,Mealy Plum Aphid,11,9,2024
44.41425,9.1464472222,Italy,Daktulosphaira vitifoliae,Grape Phylloxera,13,9,2024
44.9850061275,7.5859891623,Italy,Anoecia,,2,9,2024
46.50488749,11.36132948,Italy,Forda formicaria,Pistachio-Grass Root Aphid,14,9,2024
44.2156478701,9.5860623399,Italy,Forda formicaria,Pistachio-Grass Root Aphid,8,8,2024
44.2442452359,9.5727234471,Italy,Forda formicaria,Pistachio-Grass Root Aphid,8,8,2024
43.9883932997,10.1763133,Italy,Daktulosphaira vitifoliae,Grape Phylloxera,14,9,2024
43.1530571088,11.486633945,Italy,Eriosoma lanuginosum,Elm Balloon-gall Aphid,15,9,2024
44.907294,9.27689417,Italy,Eriosoma lanuginosum,Elm Balloon-gall Aphid,15,9,2024
45.7397016,9.7361146,Italy,Ceroplastes japonicus,Japanese Wax Scale,15,9,2024
46.3756006663,10.6931788474,Italy,Euceraphis,Birch Aphids,15,9,2024
44.1266628205,12.1727501282,Italy,Aleurocanthus spiniferus,Orange spiny whitefly,14,9,2024
43.1610669553,11.3931702822,Italy,Eriosoma lanuginosum,Elm Balloon-gall Aphid,16,9,2024
46.6517290153,11.1473520105,Italy,Anoecia,,11,10,2023
45.8857783333,11.0398221667,Italy,Aphis spiraecola,Spiraea Aphid,17,9,2024
45.7971308,9.8378177,Italy,Ceroplastes japonicus,Japanese Wax Scale,18,9,2024
41.8821183,12.541716,Italy,Ceroplastes,Wax Scales,18,9,2024
42.6570006833,11.6453630472,Italy,Lauritrioza alacris,Bay Sucker,16,9,2024
42.6809128833,11.7530847306,Italy,Aphididae,Aphids,17,9,2024
44.843136,8.5846432,Italy,Ceroplastes ceriferus,Indian Wax Scale,19,9,2024
41.1214166667,16.86888,Italy,Nidularia pulvinata,,19,9,2024
41.1210445,16.86972,Italy,Nidularia pulvinata,,19,9,2024
41.1207861667,16.8697783333,Italy,Nidularia pulvinata,,19,9,2024
43.1680436352,10.7774596905,Italy,Eriosoma lanuginosum,Elm Balloon-gall Aphid,18,9,2024
43.1678528251,10.7784174561,Italy,Eriosoma lanuginosum,Elm Balloon-gall Aphid,18,9,2024
45.4988669722,9.100808,Italy,Icerya purchasi,Cottony cushion scale,7,10,2023
46.0607949722,11.117945,Italy,Ceroplastes ceriferus,Indian Wax Scale,21,9,2024
45.9424722797,10.186957963,Italy,Drepanosiphum,,20,9,2024
45.7880801719,8.7250727039,Italy,Aphis verbasci,Mullein Aphid,21,8,2024
41.1152388333,16.8728716667,Italy,Nidularia pulvinata,,22,9,2024
45.458652,11.1484379,Italy,Icerya purchasi,Cottony cushion scale,22,9,2024
39.2817524088,9.4187783063,Italy,Aphididae,Aphids,12,9,2024
45.123436,10.444038,Italy,Aphididae,Aphids,3,4,2024
45.723379441,9.7188433759,Italy,Ceroplastes,Wax Scales,3,9,2024
46.637269,11.353944,Italy,Megoura viciae,Vetch Aphid,22,9,2024
45.1220575,10.4416213,Italy,Aphididae,Aphids,22,9,2024
45.4567943,11.899671,Italy,Icerya purchasi,Cottony cushion scale,23,9,2024
45.9380253233,9.3857289478,Italy,Toxoptera,,24,9,2024
44.500857,11.353977,Italy,Chaitophorus,,24,9,2024
43.7159143,10.9316848139,Italy,Pemphigus spyrothecae,Poplar Spiral Gall Aphid,25,9,2024
43.7315011306,10.9582532806,Italy,Psyllopsis,,26,9,2024
44.8632940997,8.1041293997,Italy,Aphidoidea,,27,9,2024
38.6429611111,15.8874888889,Italy,Aleurocanthus spiniferus,Orange spiny whitefly,25,9,2024
45.9389583333,8.4936466667,Italy,Aphis fabae,Black Bean Aphid,22,9,2024
45.5220972222,10.25005,Italy,Coccidae,Soft scales,27,9,2024
43.8787771833,11.2322450139,Italy,Psyllopsis,,28,9,2024
45.0746421667,7.6558971389,Italy,Homotoma ficus,Mediterranean fig psyllid,29,9,2024
41.0985821927,16.8682260811,Italy,Nidularia pulvinata,,11,9,2024
42.5121448098,14.1214134346,Italy,Coccidae,Soft scales,27,9,2024
45.8199424058,11.1331146955,Italy,Eulachnus,Pine Needle Aphids,28,9,2024
40.8707535762,14.3144301698,Italy,Aphis nerii,Oleander Aphid,1,10,2024
45.0742645261,7.6153054236,Italy,Icerya,Cushion Scale Insects,30,9,2024
44.4928138889,11.2148194444,Italy,Periphyllus,Periphyllus Aphids,1,10,2024
45.343928,12.313468,Italy,Daktulosphaira vitifoliae,Grape Phylloxera,1,10,2024
37.7331848145,15.1467218399,Italy,Icerya purchasi,Cottony cushion scale,5,10,2024
44.70308,8.0396111667,Italy,Pemphigus immunis,,5,10,2024
41.4761447938,14.0358840965,Italy,Pseudococcus,,22,9,2024
45.5605144414,12.1855806559,Italy,Acyrthosiphon,,6,10,2024
43.7002527778,10.4001638889,Italy,Aphis craccivora,Cowpea Aphid,6,10,2024
43.6197434343,13.5207115486,Italy,Homotoma ficus,Mediterranean fig psyllid,6,10,2024
43.6286962633,10.7222401009,Italy,Ceroplastes,Wax Scales,6,10,2024
43.6711882783,10.6540098084,Italy,Aphididae,Aphids,6,10,2024
43.6712245975,10.6540107431,Italy,Aphis fabae,Black Bean Aphid,6,10,2024
45.9380253233,9.3857289478,Italy,Maculolachnus submacula,Rose Root Aphid,7,10,2024
44.4600916667,11.213725,Italy,Macrosiphini,,9,4,2024
44.2612104998,11.0367181152,Italy,Aphididae,Aphids,13,4,2024
45.4381515618,8.9711504818,Italy,Tetraneura akinire,Oriental Grass Root Aphid,6,10,2024
44.2696766264,9.4185726535,Italy,Ceroplastes,Wax Scales,22,9,2024
42.3368573,13.4535251,Italy,Aphis,,3,10,2024
42.2917586876,13.5762982886,Italy,Eriosomatinae,Woolly Aphids and Gall-making Aphids,6,10,2024
43.719795,10.3957616667,Italy,Saissetia coffeae,Hemispherical Scale,10,10,2024
44.514513428,11.1297200248,Italy,Lachninae,Giant Aphids,23,9,2024
44.84801,7.01111637,Italy,Cacopsylla saliceti,,23,8,2024
43.9636644398,10.0511243421,Italy,Lauritrioza alacris,Bay Sucker,9,10,2024
44.1370181827,12.2461114079,Italy,Aphididae,Aphids,27,9,2024
45.4547481714,9.3224325031,Italy,Aphis craccivora,Cowpea Aphid,10,10,2024
45.8182892,8.8252083,Italy,Monophlebidae,Giant Scale Insects,10,10,2024
42.7755283376,11.0938239713,Italy,Pseudococcidae,Mealybugs,10,10,2024
43.4089254,11.1354421,Italy,Aphididae,Aphids,11,10,2024
46.7154820366,11.6551365138,Italy,Icerya purchasi,Cottony cushion scale,11,10,2024
44.1767866948,12.3348110542,Italy,Coccidae,Soft scales,10,10,2024
45.9256645669,8.5615912149,Italy,Eriosomatinae,Woolly Aphids and Gall-making Aphids,6,10,2024
45.522775,10.2492216667,Italy,Ceroplastes japonicus,Japanese Wax Scale,13,10,2024
44.0868,10.1288471667,Italy,Icerya purchasi,Cottony cushion scale,13,10,2024
43.3979932873,13.5506135328,Italy,Ceroplastes,Wax Scales,13,10,2024
44.0439721667,9.9583466667,Italy,Anoecia,,13,10,2024
43.9725036389,10.1954278889,Italy,Aphis nerii,Oleander Aphid,14,10,2024
43.9725036389,10.1954278889,Italy,Aphidinae,,14,10,2024
45.4384509285,11.8484718518,Italy,Icerya purchasi,Cottony cushion scale,6,10,2024
41.9490189722,12.545042,Italy,Pseudococcus,,15,10,2024
45.7212129722,6.9966449722,Italy,Aphididae,Aphids,16,10,2024
44.4997086598,11.3528392464,Italy,Macrosiphini,,15,10,2024
44.1850844455,11.5521776139,Italy,Lachninae,Giant Aphids,15,10,2024
44.5070916667,11.2982055556,Italy,Ceroplastes,Wax Scales,18,10,2024
44.12975114,12.1761712228,Italy,Ceroplastes,Wax Scales,2,10,2024
44.4999532965,11.3531681523,Italy,Aphididae,Aphids,18,10,2024
45.4141115823,11.1716499925,Italy,Ceroplastes japonicus,Japanese Wax Scale,19,10,2024
44.2872759722,9.455465,Italy,Aphididae,Aphids,19,10,2024
46.3174972533,11.3356132506,Italy,Psylloidea,Psylloids,19,10,2024
45.7873338322,9.0476139542,Italy,Takahashia japonica,String Cottony Scale,20,10,2024
41.9581947325,12.0501594542,Italy,Trabutina mannipara,Manna Scale-insect,20,10,2024
45.6423968542,10.0353731308,Italy,Tetraneura ulmi,Elm Sack Gall Aphid,21,10,2024
40.724761972,8.5901816307,Italy,Macrosiphum rosae,Rose Aphid,22,10,2024
44.4653564838,11.3691179281,Italy,Ceroplastes japonicus,Japanese Wax Scale,22,10,2024
45.7721349997,13.6039966,Italy,Ceroplastes japonicus,Japanese Wax Scale,22,10,2024
42.0544797966,14.4935640807,Italy,Aphididae,Aphids,22,10,2024
45.399021607,11.8807077655,Italy,Ceroplastes japonicus,Japanese Wax Scale,29,9,2024
44.1120315095,10.4636504129,Italy,Megoura,,30,9,2024
43.7769840029,12.090756208,Italy,Drepanosiphum,,24,10,2024
42.1962885803,14.5441890901,Italy,Euphyllura olivina,olive psyllid,25,10,2024
45.8184432983,10.7963209152,Italy,Aphis nerii,Oleander Aphid,25,10,2024
43.7788883333,11.0794805,Italy,Macrosiphoniella artemisiae,Mugwort Aphid,26,10,2024
39.9368333333,16.0323638333,Italy,Aphididae,Aphids,26,10,2024
45.1202413945,7.7576746792,Italy,Lauritrioza alacris,Bay Sucker,27,10,2024
44.6719245833,8.8825149444,Italy,Aphididae,Aphids,27,10,2024
45.521633,11.552452,Italy,Aleyrodinae,,27,10,2024
41.8909183,12.4887949997,Italy,Lauritrioza alacris,Bay Sucker,27,10,2024
46.0041388833,11.2583216667,Italy,Aphididae,Aphids,27,10,2024
45.1241154,10.4434119,Italy,Aphididae,Aphids,28,10,2024
44.1916055,12.2356069,Italy,Planococcus,,29,10,2024
37.0768783333,14.249235,Italy,Icerya seychellarum,Seychelles Scale,29,10,2024
46.3353468581,10.6675244495,Italy,Lachninae,Giant Aphids,29,10,2024
45.514797,11.545196,Italy,Ceroplastes,Wax Scales,27,10,2024
39.2426908583,9.3051463548,Italy,Coccoidea,Scale Insects,30,10,2024
39.242507017,9.3052013401,Italy,Coccidae,Soft scales,30,10,2024
39.2423325232,9.3052844886,Italy,Aphis nerii,Oleander Aphid,30,10,2024
45.6543540783,13.7988059968,Italy,Aphididae,Aphids,30,10,2024
45.9380253233,9.3857289478,Italy,Aphididae,Aphids,31,10,2024
45.9380253233,9.3857289478,Italy,Macrosiphini,,31,10,2024
45.9380253233,9.3857289478,Italy,Aphis,,1,11,2024
44.77616398,10.05661105,Italy,Icerya purchasi,Cottony cushion scale,1,11,2024
40.2727097592,18.0486448109,Italy,Ceroplastes,Wax Scales,2,11,2024
45.7700241124,13.6214511283,Italy,Trioza centranthi,valerian psyllid,2,11,2024
40.3200954,9.3238703,Italy,Aloephagus myersi,Aloe Vera Aphid,3,11,2024
45.6000133333,12.3222133333,Italy,Ceroplastes ceriferus,Indian Wax Scale,3,11,2024
41.9490184118,12.5452497974,Italy,Aphididae,Aphids,5,11,2024
41.9489209722,12.544954,Italy,Ceroplastes,Wax Scales,5,11,2024
42.8925736345,12.4062617496,Italy,Eriosomatinae,Woolly Aphids and Gall-making Aphids,5,11,2024
41.2386749106,9.1876105964,Italy,Icerya purchasi,Cottony cushion scale,6,11,2024
42.25325,11.1005695,Italy,Icerya purchasi,Cottony cushion scale,2,11,2024
43.9723748997,10.1954416,Italy,Aphis nerii,Oleander Aphid,8,11,2024
44.3203315556,8.4898423889,Italy,Daktulosphaira vitifoliae,Grape Phylloxera,8,11,2024
40.16815526,15.55056281,Italy,Trioza centranthi,valerian psyllid,10,11,2024
41.911396,12.4808742,Italy,Ceroplastes ceriferus,Indian Wax Scale,10,11,2024
45.8918213935,8.8117989918,Italy,Aphididae,Aphids,9,11,2024
43.3855137997,11.2264949997,Italy,Eriosoma lanuginosum,Elm Balloon-gall Aphid,10,11,2024
42.382659615,13.5579899907,Italy,Psyllidae,jumping plant lice,10,11,2024
41.9489434997,12.5448763,Italy,Aphis gossypii,Melon Aphid,12,11,2024
43.9686016034,10.0451107602,Italy,Pseudococcidae,Mealybugs,13,11,2024
38.0772623541,14.9628792069,Italy,Ceroplastes rusci,Fig Wax Scale,13,11,2024
43.0577355713,12.5805842131,Italy,Ceroplastes,Wax Scales,2,11,2024
45.4413501,12.329508,Italy,Coccidae,Soft scales,14,11,2024
42.7755283376,11.0938239713,Italy,Aphis spiraecola,Spiraea Aphid,13,11,2024
37.0770616667,14.2493083333,Italy,Ceroplastes rusci,Fig Wax Scale,15,11,2024
37.0768272,14.24937735,Italy,Ceroplastes rusci,Fig Wax Scale,15,11,2024
37.076569,14.2510404,Italy,Ceroplastes rusci,Fig Wax Scale,15,11,2024
37.0767898333,14.2493200278,Italy,Ceroplastes rusci,Fig Wax Scale,15,11,2024
45.0702821895,7.6868563145,Italy,Aphididae,Aphids,15,11,2024
45.7167710668,9.6919929609,Italy,Eriosoma lanuginosum,Elm Balloon-gall Aphid,16,11,2024
45.7471114303,7.4167916682,Italy,Coccoidea,Scale Insects,16,11,2024
42.7597037377,11.1177612282,Italy,Icerya purchasi,Cottony cushion scale,17,11,2024
45.4251383333,9.2368966667,Italy,Aphididae,Aphids,17,11,2024
44.65509675,10.47710538,Italy,Aphididae,Aphids,17,11,2024
45.819264722,9.0413189366,Italy,Lachnus roboris,Variegated Oak Aphid,17,11,2024
46.0647824001,12.4255438149,Italy,Aphididae,Aphids,17,11,2024
39.4262619019,16.178937912,Italy,Ceroplastes rusci,Fig Wax Scale,18,11,2024
41.9378168,12.5291685,Italy,Aphididae,Aphids,18,11,2024
37.0775916667,14.2496133333,Italy,Aphis nerii,Oleander Aphid,19,11,2024
37.0773494667,14.2495907639,Italy,Aphis nerii,Oleander Aphid,19,11,2024
42.4494625319,13.2983701805,Italy,Aphididae,Aphids,17,11,2024
44.3294083333,11.091775,Italy,Aphididae,Aphids,7,7,2024
44.1780541336,12.3331132159,Italy,Aphididae,Aphids,20,11,2024
41.948897,12.5449269722,Italy,Aleyrodidae,Whiteflies,18,11,2024
42.1419161504,12.0868810639,Italy,Aphis fabae,Black Bean Aphid,19,11,2024
40.4931320085,17.2241703048,Italy,Aphis nerii,Oleander Aphid,21,11,2024
41.5946849348,12.8254253045,Italy,Pseudococcidae,Mealybugs,21,11,2024
41.9475611456,12.5263462588,Italy,Ceroplastes rusci,Fig Wax Scale,23,11,2024
40.5628176133,8.3510677976,Italy,Aploneura lentisci,Mealy Grass Root Aphid,23,11,2024
40.5758388889,8.3434,Italy,Trioza kiefferi,,23,11,2024
45.119219,10.540423,Italy,Aphididae,Aphids,24,11,2024
45.7752161152,13.5274314745,Italy,Aleyrodes proletella,Cabbage Whitefly,27,9,2024
40.8367827818,14.2478436604,Italy,Diaspis echinocacti,prickly pear scale,26,11,2024
40.8147979124,16.3604108012,Italy,Macrosiphum euphorbiae,Potato Aphid,2,6,2024
37.07717441,14.24947537,Italy,Ceroplastes rusci,Fig Wax Scale,28,11,2024
40.8077795077,14.053066079,Italy,Aleurocanthus,,28,11,2024
40.6297768578,9.5978188638,Italy,Aphis nerii,Oleander Aphid,9,10,2024
45.5408639862,11.5403974082,Italy,Aphididae,Aphids,22,6,2024
40.6434545474,17.9346613418,Italy,Euphyllura,,2,12,2024
38.0355916667,12.589535,Italy,Rhopalosiphum nymphaeae,waterlily aphid,3,12,2024
46.08798979,11.12128474,Italy,Unaspis euonymi,Euonymus Scale,3,12,2024
44.93026415,10.63526628,Italy,Pemphigus obesinymphae,Cherubic Poplar Petiole-gall Aphid,4,12,2024
44.3851800851,9.0614116564,Italy,Trioza,,4,12,2024
43.91355,12.1994283333,Italy,Aphididae,Aphids,15,10,2024
42.1528783333,12.26516,Italy,Macrosiphini,,4,12,2024
45.7432265299,7.4631195143,Italy,Eriosoma lanuginosum,Elm Balloon-gall Aphid,5,12,2024
39.2589642827,9.1781068593,Italy,Aploneura lentisci,Mealy Grass Root Aphid,28,9,2024
45.6742763695,8.1897260623,Italy,Tetraneura,,5,12,2024
45.1636611111,10.4339222222,Italy,Aphididae,Aphids,2,12,2024
45.166775,10.4284888889,Italy,Aphididae,Aphids,6,12,2024
44.4774027778,11.2096527778,Italy,Megoura viciae,Vetch Aphid,3,5,2024
45.985395506,8.1580468757,Italy,Trioza urticae,,9,9,2024
46.0625363,11.1139914,Italy,Saissetia coffeae,Hemispherical Scale,12,12,2024
45.8055962653,9.648874902,Italy,Aphididae,Aphids,4,6,2024
45.1349463686,8.4506398067,Italy,Planococcus,,14,12,2024
39.2351565395,9.1163040698,Italy,Aploneura lentisci,Mealy Grass Root Aphid,4,10,2024
42.072253,11.854811,Italy,Icerya purchasi,Cottony cushion scale,15,12,2024
43.6072036444,13.4499962634,Italy,Lauritrioza alacris,Bay Sucker,18,12,2024
43.2993994024,13.43103168,Italy,Icerya purchasi,Cottony cushion scale,19,12,2024
42.1961653794,14.5449401925,Italy,Aleurocanthus,,20,12,2024
41.9439579842,12.5287136436,Italy,Diaspis echinocacti,prickly pear scale,24,12,2024
45.1234701917,7.4073218596,Italy,Ceroplastes,Wax Scales,25,12,2024
37.2819133333,15.000405555,Italy,Macrosiphini,,28,12,2024
42.3368573,13.4535251,Italy,Psyllidae,jumping plant lice,21,12,2024
44.7825614531,10.3697825932,Italy,Rhopalosiphum nymphaeae,waterlily aphid,11,11,2024
46.4290666667,11.7292194444,Italy,Brachycaudus cardui,Plum-thistle Aphid,7,8,2024
44.4935638889,11.207675,Italy,Aleurocanthus,,23,7,2024
44.328875,11.1042861111,Italy,Aphididae,Aphids,7,7,2024
39.1782511969,16.877471743,Italy,Ceroplastes rusci,Fig Wax Scale,1,1,2025
45.1516772434,12.3280524865,Italy,Aphis,,30,5,2024
43.7514490154,11.2414189428,Italy,Eriosoma lanuginosum,Elm Balloon-gall Aphid,2,1,2025
45.1219268,10.4410943,Italy,Aphididae,Aphids,2,1,2025
45.1220742,10.441554,Italy,Aphididae,Aphids,2,1,2025
42.9892883333,13.7912616667,Italy,Tetraneura caerulescens,,5,5,2024
46.1907987851,11.7145908691,Italy,Adelges,,29,6,2024
44.2331027,8.4151814997,Italy,Aploneura lentisci,Mealy Grass Root Aphid,4,1,2025
42.7846592037,11.488483492,Italy,Eriosoma lanuginosum,Elm Balloon-gall Aphid,4,1,2025
41.91172,12.480705,Italy,Lauritrioza alacris,Bay Sucker,4,1,2025
39.2413337807,9.1836174577,Italy,Aphididae,Aphids,7,11,2024
46.3672707692,11.3197841708,Italy,Sternorrhyncha,Plant-parasitic Hemipterans,27,4,2024
39.1860194444,8.9788138889,Italy,Triozidae,,29,12,2024
39.1860194444,8.9788138889,Italy,Glycaspis brimblecombei,Red Gum Lerp Psyllid,29,12,2024
45.9857499214,8.1581967764,Italy,Cacopsylla breviantennata,,31,12,2024
44.175828944,12.3349900916,Italy,Aphididae,Aphids,6,1,2025
45.1237634,10.4415991,Italy,Aphididae,Aphids,6,1,2025
46.0215034242,10.9733406058,Italy,Eriosomatini,,17,5,2024
46.1034902592,11.0573392319,Italy,Pemphigus,Poplar Leaf-stem Gall Aphids,17,5,2024
42.1255962915,12.0461684838,Italy,Eriosoma lanuginosum,Elm Balloon-gall Aphid,8,1,2025
45.122037,10.4416364,Italy,Aphididae,Aphids,8,1,2025
45.1234736,10.4418792,Italy,Aphididae,Aphids,8,1,2025
37.8810386389,15.1727628611,Italy,Protopulvinaria pyriformis,Pyriform Scale,7,1,2025
40.648695,14.64888,Italy,Trioza centranthi,valerian psyllid,7,1,2025
46.0844551643,12.8733935952,Italy,Macrosiphoniella,Anthemid Aphids,10,1,2025
46.084431212,12.8733650967,Italy,Aphis spiraecola,Spiraea Aphid,10,1,2025
41.9344121,12.5294536,Italy,Ceroplastes rusci,Fig Wax Scale,10,1,2025
41.903117739,12.5162182376,Italy,Ceroplastes rusci,Fig Wax Scale,10,1,2025
42.3441782339,12.3360305825,Italy,Ceroplastes rusci,Fig Wax Scale,10,1,2025
42.7226054084,11.5193966711,Italy,Eriosoma lanuginosum,Elm Balloon-gall Aphid,10,1,2025
44.2250633239,8.4103698728,Italy,Aploneura lentisci,Mealy Grass Root Aphid,4,1,2025
42.3446221367,13.445565291,Italy,Psyllidae,jumping plant lice,29,12,2024
45.123388,10.444184,Italy,Aphididae,Aphids,11,1,2025
46.0844228403,12.8732299805,Italy,Aphidinae,,11,1,2025
42.0396,11.83477,Italy,Periphyllus,Periphyllus Aphids,11,1,2025
44.5100927393,11.1355377361,Italy,Psylloidea,Psylloids,12,1,2025
41.9523570221,12.5272064935,Italy,Eriosoma lanuginosum,Elm Balloon-gall Aphid,12,1,2025
45.1222998,10.441427,Italy,Aphididae,Aphids,12,1,2025
45.1220536,10.4416545,Italy,Aphididae,Aphids,12,1,2025
44.9329131287,7.6086548343,Italy,Coccoidea,Scale Insects,12,1,2025
40.8428333333,9.6954555556,Italy,Icerya purchasi,Cottony cushion scale,25,8,2024
44.3652397012,9.3425292868,Italy,Aphididae,Aphids,12,11,2023
45.9544917863,8.8533529111,Italy,Adelges abietis,Pineapple-gall Adelgid,10,1,2025
45.1222455,10.4414081,Italy,Aphididae,Aphids,14,1,2025
45.1220158,10.4414123,Italy,Aphididae,Aphids,14,1,2025
45.1221503,10.4405345,Italy,Aphididae,Aphids,14,1,2025
45.1236535,10.441149,Italy,Aphididae,Aphids,14,1,2025
45.1221439,10.4404972,Italy,Aphididae,Aphids,15,1,2025
45.1236564,10.4399625,Italy,Aphididae,Aphids,15,1,2025
43.6064147947,13.4526767731,Italy,Sternorrhyncha,Plant-parasitic Hemipterans,15,1,2025
44.6367530556,7.9327001389,Italy,Icerya purchasi,Cottony cushion scale,16,1,2025
39.2425205195,9.3051409904,Italy,Coccoidea,Scale Insects,11,1,2025
45.1221545,10.4415241,Italy,Aphidoidea,,17,1,2025
40.8151984706,16.3627843075,Italy,Daktulosphaira vitifoliae,Grape Phylloxera,21,7,2024
41.9584083333,12.7714023333,Italy,Pseudococcidae,Mealybugs,17,1,2025
45.123596,10.440207,Italy,Aphididae,Aphids,19,1,2025
45.1231534174,10.4455465917,Italy,Aphididae,Aphids,20,1,2025
38.262875,15.484625,Italy,Icerya purchasi,Cottony cushion scale,31,12,2024
42.0790589616,12.2388084233,Italy,Lauritrioza,,21,1,2025
45.8048861111,8.6298111111,Italy,Idiopterus nephrelepidis,Fern aphid,22,1,2025
45.1220534,10.4416547,Italy,Aphidoidea,,22,1,2025
46.4222562194,10.9525995844,Italy,Macrosiphini,,22,9,2024
41.87613531,12.45264068,Italy,Saissetia oleae,Black Olive Scale,23,1,2025
45.4141581828,11.1706277356,Italy,Eriosoma lanuginosum,Elm Balloon-gall Aphid,23,1,2025
42.0790589616,12.2388084233,Italy,Aphididae,Aphids,24,1,2025
42.0790589616,12.2388084233,Italy,Aphidinae,,24,1,2025
42.0914996903,12.2711830214,Italy,Aphididae,Aphids,24,1,2025
45.123315,10.44385,Italy,Aphididae,Aphids,24,1,2025
40.8670055118,14.3527529016,Italy,Toxoptera,,25,1,2025
45.1222466,10.4410993,Italy,Aphididae,Aphids,25,1,2025
41.9090947665,12.5019846418,Italy,Ceroplastes rusci,Fig Wax Scale,25,1,2025
42.0911,12.2727777778,Italy,Aphididae,Aphids,21,1,2025
41.948813,12.5447469722,Italy,Ceroplastes rusci,Fig Wax Scale,26,1,2025
37.0772209167,14.24867725,Italy,Myzus cerasi,Black Cherry Aphid,26,1,2025
37.0773315278,14.2482929167,Italy,Anoecia,,5,12,2024
44.9029289889,8.1932419538,Italy,Icerya purchasi,Cottony cushion scale,17,4,2024
37.9245821261,15.7796001204,Italy,Aploneura lentisci,Mealy Grass Root Aphid,26,1,2025
44.4934361111,11.2071277778,Italy,Psylloidea,Psylloids,30,1,2025
41.966795,12.66782,Italy,Tuberculatus,,31,1,2025
42.0623990772,11.8144383654,Italy,Uroleucon sonchi,Sow-thistle Aphid,3,2,2025
44.4413700309,8.87508597,Italy,Diaspidinae,,14,1,2025
45.123281,10.444018,Italy,Aphididae,Aphids,5,2,2025
43.1703537237,11.3908954337,Italy,Icerya purchasi,Cottony cushion scale,5,2,2025
43.7242271494,10.4036011931,Italy,Eulecanium tiliae,nut scale,24,4,2024
43.4436195339,11.7815800941,Italy,Icerya purchasi,Cottony cushion scale,9,2,2025
42.1416608353,12.0843051374,Italy,Eriosoma lanuginosum,Elm Balloon-gall Aphid,12,2,2025
41.9152679179,12.4881977768,Italy,Aspidiotini,,12,2,2025
41.0978611667,14.2204466667,Italy,Aleyrodoidea,Whiteflies,13,2,2025
40.7561244108,14.4099711254,Italy,Aphis spiraecola,Spiraea Aphid,13,2,2025
45.4843024804,12.1850854531,Italy,Ceroplastes japonicus,Japanese Wax Scale,16,2,2025
39.1112118864,16.5297095105,Italy,Aphis,,16,2,2025
41.95228807,12.52714645,Italy,Eriosoma lanuginosum,Elm Balloon-gall Aphid,16,2,2025
44.4432384863,8.8218568977,Italy,Uroleucon,Large Daisy Aphids,16,2,2025
44.44137,8.87508,Italy,Coccus,,15,1,2025
44.1151044816,10.4591369256,Italy,Macrosiphum rosae,Rose Aphid,20,2,2025
44.3123076475,9.180290848,Italy,Baizongia pistaciae,Pistacia Horn Gall Aphid,19,2,2025
41.8979049331,12.5186050683,Italy,Coccoidea,Scale Insects,23,2,2025
41.945125,12.5574633333,Italy,Ceroplastes rusci,Fig Wax Scale,23,2,2025
42.1513484126,12.1264265478,Italy,Lauritrioza alacris,Bay Sucker,23,2,2025
45.1252655997,7.8523833997,Italy,Unaspis euonymi,Euonymus Scale,23,2,2025
42.7258390796,11.5162865374,Italy,Eriosoma lanuginosum,Elm Balloon-gall Aphid,23,2,2025
42.7225485654,11.5193382828,Italy,Eriosoma lanuginosum,Elm Balloon-gall Aphid,23,2,2025
44.3420638333,11.1114832778,Italy,Aphididae,Aphids,7,7,2024
45.1221423,10.4414842,Italy,Aphididae,Aphids,25,2,2025
41.9522265,12.5239654997,Italy,Ceroplastes rusci,Fig Wax Scale,28,2,2025
45.0693381198,7.697439976,Italy,Icerya purchasi,Cottony cushion scale,28,2,2025
43.9726219167,10.1960229722,Italy,Aphis,,1,3,2025
42.7226668095,12.1201327443,Italy,Aphididae,Aphids,21,2,2025
41.9138773973,12.4853818864,Italy,Aphididae,Aphids,22,2,2025
41.7725154073,12.6696298728,Italy,Sternorrhyncha,Plant-parasitic Hemipterans,2,3,2025
42.7755283376,11.0938239713,Italy,Icerya purchasi,Cottony cushion scale,2,3,2025
44.734699963,11.6890367624,Italy,Ceroplastes japonicus,Japanese Wax Scale,2,3,2025
44.6705354997,9.1767839997,Italy,Eriosoma lanuginosum,Elm Balloon-gall Aphid,28,2,2025
41.1868866667,16.6685783333,Italy,Nidularia pulvinata,,1,3,2025
41.1868633333,16.6685783333,Italy,Nidularia pulvinata,,1,3,2025
41.8838783333,12.4891333333,Italy,Brachycaudus helichrysi,Leafcurl Plum Aphid,4,3,2025
45.853521,9.297477,Italy,Macrosiphum hellebori,Hellebore Aphid,23,3,2024
45.4932611111,8.9624333333,Italy,Saissetia,,26,2,2025
44.5034666667,10.5396277778,Italy,Diaspis echinocacti,prickly pear scale,5,3,2025
41.91024167,12.5521495778,Italy,Ceroplastes rusci,Fig Wax Scale,6,3,2025
39.9465316667,8.708205,Italy,Megoura viciae,Vetch Aphid,6,3,2025
37.4603315248,15.0830030814,Italy,Aleurocanthus spiniferus,Orange spiny whitefly,8,3,2025
45.871048457,11.2266268954,Italy,Adelges,,2,3,2025
41.8923245706,12.4628305435,Italy,Ceroplastes,Wax Scales,16,2,2025
45.6716557386,8.192204856,Italy,Psyllidae,jumping plant lice,6,3,2025
41.0934333333,16.8523366667,Italy,Nidularia pulvinata,,12,3,2025
43.8445481754,10.0611114656,Italy,Lauritrioza alacris,Bay Sucker,13,3,2025
46.2640829,11.2285376,Italy,Aphididae,Aphids,13,10,2024
43.6198973172,13.5150108486,Italy,Trioza centranthi,valerian psyllid,15,3,2025
44.1677046298,9.6292664856,Italy,Sitobion,,16,3,2025
41.2853008247,9.5569963664,Italy,Icerya purchasi,Cottony cushion scale,16,3,2025
45.3663123,10.2187585,Italy,Aphididae,Aphids,16,3,2025
41.2508619,13.4496917,Italy,Psylloidea,Psylloids,14,3,2025
45.4059594267,11.9201985374,Italy,Ceroplastes japonicus,Japanese Wax Scale,19,3,2025
43.7205851721,10.3836196661,Italy,Aphidinae,,19,3,2025
43.7210860256,10.3836776689,Italy,Aphidinae,,19,3,2025
41.8903366667,12.4881033333,Italy,Ceroplastes rubens,Pink wax scale,21,3,2025
45.5649926194,10.8755847444,Italy,Eriosoma lanuginosum,Elm Balloon-gall Aphid,22,3,2025
40.8217609,14.4691589997,Italy,Tuberculatus,,22,3,2025
42.3368573,13.4535251,Italy,Ortheziidae,Ensign Scales,21,3,2025
37.1656754177,14.4370499225,Italy,Aleurocanthus spiniferus,Orange spiny whitefly,23,3,2025
38.0565861111,14.6180916667,Italy,Icerya purchasi,Cottony cushion scale,16,3,2025
43.7805645639,11.0356216667,Italy,Aphididae,Aphids,23,3,2025
40.2990813997,18.3922547997,Italy,Aphididae,Aphids,24,3,2025
40.8397151,14.192941,Italy,Ceroplastes rusci,Fig Wax Scale,25,3,2025
45.0532494412,9.771086477,Italy,Ceroplastes japonicus,Japanese Wax Scale,25,3,2025
37.969019,13.4546882,Italy,Tuberolachnus salignus,Giant Willow Aphid,25,3,2025
41.8515866667,12.411505,Italy,Pemphigus immunis,,26,3,2025
41.89315025,12.46321535,Italy,Icerya seychellarum,Seychelles Scale,23,3,2025
41.9539499901,12.4742758334,Italy,Ceroplastes cirripediformis,Barnacle Scale,25,3,2025
41.953927863,12.4743942772,Italy,Ceroplastes cirripediformis,Barnacle Scale,25,3,2025
45.34584,11.956996,Italy,Aphis,,27,3,2025
45.6786379,9.2398776,Italy,Aphididae,Aphids,8,11,2024
40.4221709932,15.0045128788,Italy,Uroleucon sonchi,Sow-thistle Aphid,28,3,2025
44.1057666667,9.82097,Italy,Aphididae,Aphids,28,3,2025
44.5011436,11.3367453,Italy,Ceroplastes japonicus,Japanese Wax Scale,29,3,2025
43.7675645342,11.2557701021,Italy,Aphididae,Aphids,26,3,2025
44.172922413,9.6127202734,Italy,Icerya purchasi,Cottony cushion scale,30,3,2025
46.6726102528,11.1620114606,Italy,Eulachnus,Pine Needle Aphids,30,3,2025
46.1305816434,8.2181914305,Italy,Adelges abietis,Pineapple-gall Adelgid,30,3,2025
41.7399133333,13.0026861167,Italy,Uroleucon sonchi,Sow-thistle Aphid,29,3,2025
45.7719292877,9.2124538717,Italy,Aphididae,Aphids,31,3,2025
44.311955,9.327705,Italy,Monophlebidae,Giant Scale Insects,31,3,2025
45.5288485573,9.1948046205,Italy,Aleyrodoidea,Whiteflies,31,3,2025
45.0533611111,9.6927111111,Italy,Aphidoidea,,30,3,2025
45.3583171227,9.6558064688,Italy,Aphis sambuci,Elder Aphid,31,3,2025
43.6243007746,13.5124617442,Italy,Eriosoma lanuginosum,Elm Balloon-gall Aphid,31,3,2025
42.732204348,11.5299727532,Italy,Eriosoma lanuginosum,Elm Balloon-gall Aphid,31,3,2025
44.427263,8.8219048,Italy,Aphididae,Aphids,1,4,2025
41.9165416667,12.4942633333,Italy,Ceroplastes rusci,Fig Wax Scale,1,4,2025
41.9037622917,12.5144382566,Italy,Panaphis juglandis,Walnut Aphid,2,4,2025
40.7543725022,14.413879104,Italy,Uroleucon sonchi,Sow-thistle Aphid,2,4,2025
44.1767792406,12.3369306698,Italy,Liosomaphis berberidis,barberry aphid,2,4,2025
44.1765897596,12.3369202763,Italy,Liosomaphis berberidis,barberry aphid,2,4,2025
45.2103136888,8.259315043,Italy,Aphidinae,,3,4,2025
44.496324055,11.3538061827,Italy,Aphididae,Aphids,3,4,2025
44.0679662,8.1750019722,Italy,Pollinia pollini,Ornate Olive Pit Scale,2,4,2025
45.6207929722,8.951636,Italy,Ceroplastes japonicus,Japanese Wax Scale,4,4,2025
45.5509944,9.2203227,Italy,Aphis sambuci,Elder Aphid,4,4,2025
41.120525,16.868375,Italy,Trialeurodes vaporariorum,Greenhouse Whitefly,4,4,2025
38.2034133462,13.3257682372,Italy,Aphis nerii,Oleander Aphid,4,4,2025
45.4376140831,12.3201831315,Italy,Ceroplastes rusci,Fig Wax Scale,5,4,2025
45.0834079,7.6237272,Italy,Aphididae,Aphids,5,4,2025
37.9293416667,13.4038283333,Italy,Aphididae,Aphids,5,4,2025
42.5562218151,12.7122551948,Italy,Aphis sambuci,Elder Aphid,5,4,2025
42.5382687432,11.3514785075,Italy,Eriosoma lanuginosum,Elm Balloon-gall Aphid,5,4,2025
43.7740898904,10.7144193934,Italy,Uroleucon,Large Daisy Aphids,5,4,2025
43.669479999,10.6540549703,Italy,Aphididae,Aphids,5,4,2025
40.8734698585,14.3059885874,Italy,Icerya purchasi,Cottony cushion scale,6,4,2025
45.7646586838,10.0740315714,Italy,Aphis fabae,Black Bean Aphid,6,4,2025
44.46645,11.2570716667,Italy,Eriosoma lanuginosum,Elm Balloon-gall Aphid,4,4,2025
41.8630637997,12.6045738,Italy,Aphididae,Aphids,6,4,2025
39.8970024667,15.7780982194,Italy,Sternorrhyncha,Plant-parasitic Hemipterans,6,4,2025
41.9192707805,12.4552596257,Italy,Aphis fabae,Black Bean Aphid,6,4,2025
45.4545871535,12.353877008,Italy,Aphis sambuci,Elder Aphid,7,4,2025
43.6803942158,10.5127003044,Italy,Ceroplastes,Wax Scales,2,4,2025
42.1321555,12.0865361667,Italy,Calaphis,Dark-veined Birch Aphids,7,4,2025
45.2375123495,10.2566653248,Italy,Macrosiphini,,7,4,2025
45.3504491424,10.2632996301,Italy,Coccidae,Soft scales,8,4,2025
41.9518193,12.526374,Italy,Tetraneura akinire,Oriental Grass Root Aphid,8,4,2025
41.1101916667,16.87935,Italy,Aphis,,8,4,2025
46.0625949413,11.1193931848,Italy,Macrosiphum rosae,Rose Aphid,9,4,2025
40.7569929827,14.4167463854,Italy,Aphididae,Aphids,9,4,2025
45.606715,9.1311248997,Italy,Macrosiphum euphorbiae,Potato Aphid,9,4,2025
38.1118946065,13.3744617552,Italy,Asterolecaniidae,Pit Scales,4,4,2025
44.6091444444,11.1319944444,Italy,Aphis fabae,,9,4,2025
45.3583455173,9.6558272575,Italy,Aphis sambuci,Elder Aphid,3,4,2025
42.7755283376,11.0938239713,Italy,Aleyrodinae,,15,3,2025
45.42702505,10.9921116382,Italy,Aphis,,10,4,2025
44.2696978528,8.438531225,Italy,Aphis,,11,4,2025
45.1932792661,7.892867565,Italy,Icerya purchasi,Cottony cushion scale,11,4,2025
41.9522897,12.5273429,Italy,Tetraneura caerulescens,,11,4,2025
41.9537308116,12.426539394,Italy,Eriosoma lanuginosum,Elm Balloon-gall Aphid,11,4,2025
40.1190148403,8.4855588153,Italy,Icerya purchasi,Cottony cushion scale,12,4,2025
42.539145,11.34775,Italy,Eriosoma lanuginosum,Elm Balloon-gall Aphid,12,4,2025
40.5503278349,14.2567240817,Italy,Trialeurodes vaporariorum,Greenhouse Whitefly,12,4,2025
40.5507078825,14.21857202,Italy,Lauritrioza alacris,Bay Sucker,12,4,2025
45.476362411,9.1982468963,Italy,Takahashia japonica,String Cottony Scale,12,4,2025
46.5365443924,11.2409985065,Italy,Aphididae,Aphids,12,4,2025
42.2541329,11.835091,Italy,Eriosoma lanuginosum,Elm Balloon-gall Aphid,12,4,2025
45.6448216976,10.0307678192,Italy,Aphis sambuci,Elder Aphid,12,4,2025
45.6448216976,10.0307678192,Italy,Aphis sambuci,Elder Aphid,12,4,2025
42.45538,11.3209783333,Italy,Baizongia pistaciae,Pistacia Horn Gall Aphid,12,4,2025
46.5364913466,11.2409049645,Italy,Coccidae,Soft scales,12,4,2025
44.5881709378,10.7388085127,Italy,Macrosiphini,,12,4,2025
44.176391381,12.3375519365,Italy,Aphis,,13,4,2025
44.9900896229,8.6654442225,Italy,Ceroplastes,Wax Scales,13,4,2025
41.9388019,12.4792698,Italy,Psyllopsis fraxini,ash psyllid,13,4,2025
41.9100068997,12.488827,Italy,Tetraneura akinire,Oriental Grass Root Aphid,13,4,2025
39.110334,9.521978,Italy,Aphidinae,,13,4,2025
39.120553,9.5193549722,Italy,Aphididae,Aphids,13,4,2025
37.9937881032,13.2510811584,Italy,Aphididae,Aphids,22,3,2025
40.5641487238,15.771429576,Italy,Macrosiphini,,13,4,2025
41.85254304,12.69011528,Italy,Tetraneura caerulescens,,13,4,2025
45.6500647843,9.1439271346,Italy,Icerya purchasi,Cottony cushion scale,13,4,2025
46.4498533333,11.3000966667,Italy,Periphyllus,Periphyllus Aphids,12,4,2025
39.2185389722,9.2811409722,Italy,Psylloidea,Psylloids,14,4,2025
40.8735631542,14.3059500307,Italy,Macrosiphum rosae,Rose Aphid,15,4,2025
41.8862149689,12.4780888665,Italy,Aphis fabae,Black Bean Aphid,15,4,2025
44.8769647703,7.993038749,Italy,Icerya purchasi,Cottony cushion scale,15,4,2025
40.42754,15.735198,Italy,Aphis craccae,Tufted Vetch Aphid,15,4,2025
44.7561588281,10.5233677222,Italy,Aphis sambuci,Elder Aphid,15,4,2025
45.121929,10.445129,Italy,Aphididae,Aphids,15,4,2025
45.6869,9.6484166667,Italy,Aphis craccivora,Cowpea Aphid,16,4,2025
44.7639904705,10.316215627,Italy,Aphis,,18,5,2024
45.1162195,7.6243633333,Italy,Tetraneura akinire,Oriental Grass Root Aphid,17,4,2025
45.5926638889,13.7606083333,Italy,Ceroplastes japonicus,Japanese Wax Scale,17,4,2025
43.0439849722,11.4964829722,Italy,Aphis,,18,4,2025
44.4760444444,11.4947416667,Italy,Aphis sambuci,Elder Aphid,18,4,2025
43.7237062909,10.9507841617,Italy,Psyllopsis,,18,4,2025
43.723705564,10.9507878497,Italy,Psylloidea,Psylloids,18,4,2025
41.8480263558,12.5252968848,Italy,Sternorrhyncha,Plant-parasitic Hemipterans,18,4,2025
45.1221203,10.441664,Italy,Aphididae,Aphids,18,4,2025
45.8287329392,11.8790244768,Italy,Aphis sambuci,Elder Aphid,18,4,2025
36.7147212,14.8094291,Italy,Periphyllus,Periphyllus Aphids,16,3,2025
44.6904261037,8.0366655004,Italy,Cryptomyzus ribis,Redcurrant Blister Aphid,18,4,2025
44.1772791501,12.3374999687,Italy,Aphididae,Aphids,18,4,2025
42.01027166,13.9417042,Italy,Uroleucon aeneum,Dark-tailed Thistle Aphid,19,4,2025
45.5883439004,8.87651164,Italy,Tetraneura akinire,Oriental Grass Root Aphid,18,4,2025
41.0986028333,16.868025,Italy,Nidularia pulvinata,,19,4,2025
44.4900472222,11.2048916667,Italy,Tetraneura caerulescens,,19,4,2025
44.4906694444,11.1986277778,Italy,Tetraneura ulmi,Elm Sack Gall Aphid,19,4,2025
44.4908027778,11.1984361111,Italy,Tetraneura caerulescens,,19,4,2025
45.9180965571,11.0573365912,Italy,Myzus cerasi,Black Cherry Aphid,19,4,2025
45.9178672749,11.0638976097,Italy,Aphis craccivora,Cowpea Aphid,19,4,2025
44.4790361111,11.1785833333,Italy,Aphididae,Aphids,19,4,2025
44.4733944444,11.176275,Italy,Aphis,,19,4,2025
44.4701666667,11.1720361111,Italy,Uroleucon,Large Daisy Aphids,19,4,2025
44.4715055556,11.1804111111,Italy,Orthezia,,19,4,2025
41.84794451,12.6192799777,Italy,Aleurocanthus,,19,4,2025
42.7636041479,13.142055363,Italy,Eriosoma lanuginosum,Elm Balloon-gall Aphid,19,4,2025
44.507635,11.347949,Italy,Aphidinae,,19,4,2025
45.069635,11.7751,Italy,Aphididae,Aphids,19,4,2025
45.818295,8.2513216667,Italy,Eriosoma lanuginosum,Elm Balloon-gall Aphid,18,4,2025
43.1713783333,11.3954633333,Italy,Pseudococcus longispinus,long-tailed mealybug,19,4,2025
40.6040030752,14.3490933456,Italy,Macrosiphini,,19,4,2025
42.5384383333,11.3467133333,Italy,Eriosoma lanuginosum,Elm Balloon-gall Aphid,19,4,2025
45.21672,10.7167633333,Italy,Tetraneura akinire,Oriental Grass Root Aphid,20,4,2025
45.7037305404,9.667424696,Italy,Aphis,,20,4,2025
41.9346452225,12.5195455179,Italy,Trialeurodes vaporariorum,Greenhouse Whitefly,20,4,2025
42.1325128169,12.0692840964,Italy,Eriosoma lanuginosum,Elm Balloon-gall Aphid,20,4,2025
44.7075133333,12.2348866667,Italy,Aphididae,Aphids,20,4,2025
41.0934530499,14.3292071298,Italy,Aphis nerii,Oleander Aphid,19,4,2025
45.8926695,12.3119432,Italy,Ceroplastes japonicus,Japanese Wax Scale,21,4,2025
45.16040369,10.79845132,Italy,Macrosiphum rosae,Rose Aphid,21,4,2025
45.1604818,10.7983476,Italy,Macrosiphum rosae,Rose Aphid,21,4,2025
40.8227333333,15.23467,Italy,Uroleucon,Large Daisy Aphids,21,4,2025
41.2862040997,13.2045764,Italy,Coccinae,,21,4,2025
45.4624399059,9.1915225983,Italy,Sitobion,,21,4,2025
41.8860527349,12.4791286301,Italy,Aphis,,20,4,2025
45.0618203962,7.6783117668,Italy,Aphididae,Aphids,21,4,2025
42.7483299997,10.1227815547,Italy,Aphis,,6,4,2025
45.529270622,9.1719578913,Italy,Takahashia japonica,String Cottony Scale,22,4,2025
42.13189974,12.07838823,Italy,Tetraneura akinire,Oriental Grass Root Aphid,22,4,2025
42.13189974,12.07838823,Italy,Tetraneura akinire,Oriental Grass Root Aphid,22,4,2025
45.2600938758,8.7299070774,Italy,Aleyrodinae,,22,4,2025
46.7179195997,11.6435403997,Italy,Aphis,,22,4,2025
42.1318500303,12.0783233922,Italy,Tetraneura akinire,Oriental Grass Root Aphid,22,4,2025
42.096346273,12.1940982741,Italy,Aphis,,22,4,2025
40.8956709023,14.1016836217,Italy,Aphis nerii,Oleander Aphid,22,4,2025
45.541383,11.5033949722,Italy,Aulacorthum,,22,4,2025
44.3704194444,11.3385194167,Italy,Aphididae,Aphids,12,5,2024
41.9523692,12.52712931,Italy,Tetraneura akinire,Oriental Grass Root Aphid,23,4,2025
45.4984332046,9.4254890084,Italy,Aphididae,Aphids,23,4,2025
44.4056766132,8.9694534442,Italy,Macrosiphini,,20,3,2025
44.4754859107,8.9525993878,Italy,Aphidinae,,5,4,2025
37.0716555,15.2755966667,Italy,Aploneura lentisci,Mealy Grass Root Aphid,14,4,2025
45.3531543736,10.900740847,Italy,Tetraneura akinire,Oriental Grass Root Aphid,23,4,2025
46.4642999398,11.2742408096,Italy,Aphididae,Aphids,24,4,2025
46.4642999398,11.2742408096,Italy,Sternorrhyncha,Plant-parasitic Hemipterans,24,4,2025
42.7755283376,11.0938239713,Italy,Aphis craccivora,Cowpea Aphid,23,4,2025
44.7888617022,10.4453826767,Italy,Tetraneura caerulescens,,24,4,2025
45.3880240371,11.8119354532,Italy,Aphis,,24,4,2025
38.208929915,15.2438157611,Italy,Megoura viciae,Vetch Aphid,25,4,2025
41.8548983333,12.5317,Italy,Aphididae,Aphids,25,4,2025
45.0148326992,7.6219568342,Italy,Aphis gossypii,Melon Aphid,25,4,2025
38.2585179,15.2411972,Italy,Aphis,,25,4,2025
38.23020059,15.24175454,Italy,Hyalopterus,Mealy Plum-Reed Aphids,25,4,2025
45.0109366363,7.6359784827,Italy,Aulacorthum solani,Foxglove Aphid,25,4,2025
45.9380253233,9.3857289478,Italy,Hyperomyzus,Currant-Daisy Aphids,25,4,2025
41.93574805,12.50574879,Italy,Macrosiphum euphorbiae,Potato Aphid,25,4,2025
41.9353733333,12.506755,Italy,Macrosiphum euphorbiae,Potato Aphid,25,4,2025
41.9355166667,12.50616,Italy,Macrosiphum euphorbiae,Potato Aphid,25,4,2025
45.0791443662,7.6507889852,Italy,Aphis nerii,Oleander Aphid,25,4,2025
41.8799410912,12.4145466125,Italy,Aphis,,25,4,2025
41.93019282,12.50592371,Italy,Aphis fabae,Black Bean Aphid,25,4,2025
41.9298516667,12.5058766667,Italy,Aphis fabae,Black Bean Aphid,25,4,2025
41.9301183333,12.5058533333,Italy,Aphis fabae,Black Bean Aphid,25,4,2025
43.9630724491,12.7642388945,Italy,Uroleucon sonchi,Sow-thistle Aphid,25,4,2025
38.2457121788,15.2404202521,Italy,Euphyllura olivina,olive psyllid,25,4,2025
45.0151469835,7.6204753295,Italy,Aphididae,Aphids,25,4,2025
38.2072254433,15.2395225918,Italy,Anoecia,,25,4,2025
45.4598944444,9.1959694444,Italy,Takahashia japonica,String Cottony Scale,25,4,2025
41.1253695,16.8614883333,Italy,Nidularia pulvinata,,25,4,2025
42.1613695,12.2163783333,Italy,Aphis fabae,Black Bean Aphid,25,4,2025
45.0825626729,7.6812089235,Italy,Aphis,,25,4,2025
38.184863301,15.2611543983,Italy,Megoura viciae,Vetch Aphid,25,4,2025
41.97803925,12.53170598,Italy,Aphis craccivora,Cowpea Aphid,26,4,2025
41.97369332,12.52962042,Italy,Tetraneura ulmi,Elm Sack Gall Aphid,26,4,2025
41.9649145,12.5328503,Italy,Tetraneura ulmi,Elm Sack Gall Aphid,26,4,2025
44.1616784,9.884884,Italy,Aphidoidea,,26,4,2025
46.6565364013,11.0028867424,Italy,Acyrthosiphon,,26,4,2025
46.3516326,11.2843974,Italy,Aphis,,26,4,2025
42.1046117,12.4486201,Italy,Aphididae,Aphids,26,4,2025
43.3147388889,11.3310416667,Italy,Lauritrioza alacris,Bay Sucker,26,4,2025
38.2553525409,15.5972590763,Italy,Aphididae,Aphids,26,4,2025
45.7876107859,11.6904295562,Italy,Aphis sambuci,Elder Aphid,26,4,2025
45.0137469,7.6474805997,Italy,Macrosiphini,,26,4,2025
38.2026430621,15.2298664922,Italy,Aphis craccivora,Cowpea Aphid,26,4,2025
45.6052033333,8.9282,Italy,Takahashia japonica,String Cottony Scale,26,4,2025
38.2023698787,15.2318648422,Italy,Aphis craccivora,Cowpea Aphid,26,4,2025
42.2191757863,12.6016908694,Italy,Tetraneura akinire,Oriental Grass Root Aphid,26,4,2025
45.0119431845,7.6451375708,Italy,Tetraneura akinire,Oriental Grass Root Aphid,26,4,2025
45.0119431845,7.6451375708,Italy,Tetraneura akinire,Oriental Grass Root Aphid,26,4,2025
45.0119431845,7.6451375708,Italy,Tetraneura akinire,Oriental Grass Root Aphid,26,4,2025
45.0119431845,7.6451375708,Italy,Tetraneura akinire,Oriental Grass Root Aphid,26,4,2025
45.3649537946,10.3893586233,Italy,Trialeurodes vaporariorum,Greenhouse Whitefly,26,4,2025
43.312255,11.33795,Italy,Aphis,,26,4,2025
45.0139793,7.6486171,Italy,Aphidinae,,26,4,2025
45.1291007882,8.4507377073,Italy,Macrosiphini,,26,4,2025
45.4695277778,11.8487194444,Italy,Aphis sambuci,Elder Aphid,26,4,2025
44.4254182997,8.8218826997,Italy,Aphis,,24,4,2025
44.3823131255,9.0450293943,Italy,Aphis,,26,4,2025
45.4768633333,11.2149533333,Italy,Parthenolecanium,,24,4,2025
45.4604083333,9.1960583333,Italy,Takahashia japonica,String Cottony Scale,25,4,2025
40.3476383333,18.1574221667,Italy,Hyalopterus,Mealy Plum-Reed Aphids,27,4,2025
45.4053746,9.4944896,Italy,Aphididae,Aphids,27,4,2025
38.2086062897,15.2452931553,Italy,Glycaspis brimblecombei,Red Gum Lerp Psyllid,27,4,2025
38.2086048144,15.2452942134,Italy,Aleurodicus dugesii,Giant Whitefly,27,4,2025
45.4718966667,9.1601055,Italy,Takahashia japonica,String Cottony Scale,26,4,2025
45.5210975997,8.9789431997,Italy,Aphis sambuci,Elder Aphid,27,4,2025
41.8456428259,12.8959355503,Italy,Tetraneura caerulescens,,27,4,2025
44.7546966667,11.6423033333,Italy,Aphidini,,27,4,2025
37.1261104329,14.4455536455,Italy,Aphididae,Aphids,21,4,2025
41.0471920829,14.9087215215,Italy,Macrosiphum rosae,Rose Aphid,27,4,2025
45.0552221667,7.686345,Italy,Macrosiphum rosae,Rose Aphid,27,4,2025
40.5184123141,9.7235099226,Italy,Aphididae,Aphids,27,4,2025
41.7972084,12.7253551997,Italy,Aphis fabae,Black Bean Aphid,27,4,2025
45.2455380383,11.6969118783,Italy,Aphidinae,,27,4,2025
46.0848651425,13.1892210245,Italy,Aphidinae,,27,4,2025
45.0548916255,7.6867372122,Italy,Macrosiphum rosae,Rose Aphid,27,4,2025
45.0546874419,7.6864773527,Italy,Aphidoidea,,27,4,2025
41.95252644,12.55756698,Italy,Periphyllus,Periphyllus Aphids,27,4,2025
41.69756792,13.02066813,Italy,Baizongia pistaciae,Pistacia Horn Gall Aphid,27,4,2025
41.69770585,13.02413348,Italy,Eriosoma lanuginosum,Elm Balloon-gall Aphid,27,4,2025
45.0550848,7.6862764997,Italy,Macrosiphini,,27,4,2025
45.0552143,7.6862665,Italy,Macrosiphum,,27,4,2025
45.0551675,7.6865345997,Italy,Macrosiphum,,27,4,2025
45.0560224997,7.6883087,Italy,Parasaissetia nigra,Black Scale,27,4,2025
41.1885847,15.3059537,Italy,Aphididae,Aphids,27,4,2025
45.0546276,7.68646,Italy,Sitobion,,27,4,2025
45.0548068,7.6869968,Italy,Aphidinae,,27,4,2025
45.0548068,7.6869968,Italy,Macrosiphum rosae,Rose Aphid,27,4,2025
45.0545657997,7.6861455997,Italy,Myzus cerasi,Black Cherry Aphid,27,4,2025
45.0548933533,7.6865190268,Italy,Macrosiphum rosae,Rose Aphid,27,4,2025
43.3124967158,11.3378362645,Italy,Aphididae,Aphids,27,4,2025
45.0176997,7.61693805,Italy,Tetraneura,,28,4,2025
45.0187825,7.6142991,Italy,Tetraneura ulmi,Elm Sack Gall Aphid,28,4,2025
45.0191053,7.6131924,Italy,Eriosoma lanuginosum,Elm Balloon-gall Aphid,28,4,2025
46.3131898368,11.6010213423,Italy,Adelges,,28,4,2025
46.3138159,11.6014091,Italy,Adelges abietis,Pineapple-gall Adelgid,28,4,2025
45.0198022,7.6109673,Italy,Trioza flavipennis,,28,4,2025
41.84327,12.3597833333,Italy,Cacopsylla pulchella,,28,4,2025
45.01746237,7.61015307,Italy,Aphis fabae,Black Bean Aphid,28,4,2025
45.064535,7.6080266667,Italy,Aphis fabae,Black Bean Aphid,28,4,2025
41.9144550798,12.5097021087,Italy,Phyllaphis fagi,Woolly Beech Aphid,28,4,2025
41.9146828365,12.5097420093,Italy,Phyllaphis fagi,Woolly Beech Aphid,28,4,2025
41.9145061647,12.5098054134,Italy,Phyllaphis fagi,Woolly Beech Aphid,28,4,2025
42.7755283376,11.0938239713,Italy,Pulvinaria,,25,4,2025
42.7755283376,11.0938239713,Italy,Pulvinaria,,27,4,2025
41.9147381061,12.5109539408,Italy,Lauritrioza,,28,4,2025
45.0166905,7.6108666,Italy,Aphidinae,,28,4,2025
46.31677803,11.6022429,Italy,Aphididae,Aphids,28,4,2025
41.75393215,12.99770933,Italy,Aphis fabae,Black Bean Aphid,28,4,2025
45.0165879,7.6187659,Italy,Aphididae,Aphids,28,4,2025
40.8825523944,14.3002201617,Italy,Aphis,,28,4,2025
45.0645023961,7.6885276193,Italy,Macrosiphini,,28,4,2025
41.9320133333,12.5066033333,Italy,Tetraneura akinire,Oriental Grass Root Aphid,28,4,2025
39.2425205195,9.3051409904,Italy,Aphis,,11,4,2025
38.2230763749,15.2371615264,Italy,Macrosiphum euphorbiae,Potato Aphid,28,4,2025
41.2520718277,13.4499277344,Italy,Aphis ruborum,Small Bramble Aphid,26,4,2025
45.6127861111,9.7453638889,Italy,Tetraneura caerulescens,,23,4,2025
45.4763198585,9.2313165218,Italy,Aphididae,Aphids,28,4,2025
41.9193038939,12.4596662519,Italy,Aphis fabae,Black Bean Aphid,28,4,2025
45.524487,9.253484,Italy,Takahashia japonica,String Cottony Scale,28,4,2025
38.2315518207,15.2483962243,Italy,Uroleucon sonchi,Sow-thistle Aphid,28,4,2025
41.9251406331,12.4989042431,Italy,Tetraneura akinire,Oriental Grass Root Aphid,28,4,2025
45.073425,7.711325,Italy,Aphidinae,,28,4,2025
43.6824718,10.56865311,Italy,Icerya purchasi,Cottony cushion scale,28,4,2025
45.85408,9.389155,Italy,Anoecia,,28,4,2025
41.7217184,12.3572176,Italy,Tetraneura akinire,Oriental Grass Root Aphid,26,4,2025
45.8846247275,8.6445572997,Italy,Aphis,,28,4,2025
45.1020333333,7.6655583333,Italy,Aphis craccivora,Cowpea Aphid,28,4,2025
43.3116033333,11.3364716667,Italy,Aphis,,26,4,2025
45.0175106687,7.6585348696,Italy,Macrosiphum rosae,Rose Aphid,28,4,2025
45.0161327135,7.6408007741,Italy,Aphis fabae,Black Bean Aphid,28,4,2025
43.5694169314,11.0675152391,Italy,Sternorrhyncha,Plant-parasitic Hemipterans,28,4,2025
44.4615138889,11.2144305556,Italy,Aphidinae,,28,4,2025
44.4605361111,11.2137472222,Italy,Aphididae,Aphids,28,4,2025
44.4582944444,11.2154277778,Italy,Periphyllus,Periphyllus Aphids,28,4,2025
44.457575,11.2203305556,Italy,Aphididae,Aphids,28,4,2025
45.136805,10.3675216667,Italy,Tetraneura akinire,Oriental Grass Root Aphid,29,4,2025
44.4622916667,11.2207444444,Italy,Periphyllus,Periphyllus Aphids,28,4,2025
44.4623638889,11.2208833333,Italy,Anoecia,,28,4,2025
43.6002645139,11.0570077222,Italy,Tetraneura akinire,Oriental Grass Root Aphid,28,4,2025
43.60222782,11.0550701246,Italy,Ceroplastes rusci,Fig Wax Scale,28,4,2025
44.4675,11.2163305556,Italy,Aphis,,28,4,2025
40.7561213631,14.4139790162,Italy,Megoura viciae,Vetch Aphid,29,4,2025
44.8080876,10.3162249,Italy,Aphididae,Aphids,29,4,2025
44.91469,8.1399386,Italy,Tetraneura caerulescens,,29,4,2025
46.6517422549,11.1458813399,Italy,Aphididae,Aphids,24,4,2025
45.4681122612,9.1824027523,Italy,Takahashia japonica,String Cottony Scale,29,4,2025
43.5882906291,13.5147047415,Italy,Macrosiphum rosae,Rose Aphid,29,4,2025
46.3811633333,11.2423366667,Italy,Psylla alni,Alder Sucker,29,4,2025
45.4088340518,11.8864409325,Italy,Macrosiphum,,29,4,2025
45.4544556997,12.3538537,Italy,Pulvinaria,,29,4,2025
45.3939871257,7.6542315166,Italy,Eriosomatinae,Woolly Aphids and Gall-making Aphids,29,4,2025
43.8784388889,11.8334222222,Italy,Aphididae,Aphids,25,4,2025
45.5889944444,8.8778611111,Italy,Takahashia japonica,String Cottony Scale,29,4,2025
38.2144518675,15.2328020537,Italy,Aphididae,Aphids,27,4,2025
38.2144518675,15.2328020537,Italy,Aphis,,27,4,2025
38.2209227036,15.2333783857,Italy,Aphis nerii,Oleander Aphid,27,4,2025
42.1064751924,12.4467838928,Italy,Tetraneura,,26,4,2025
38.2128465336,15.2443872392,Italy,Cacopsylla pulchella,,28,4,2025
38.2117106035,15.2446708828,Italy,Aphis craccae,Tufted Vetch Aphid,28,4,2025
38.269905,15.2319683,Italy,Euphyllura olivina,olive psyllid,26,4,2025
45.5311916667,9.204055,Italy,Takahashia japonica,String Cottony Scale,30,4,2025
44.9037664,8.1295777997,Italy,Aphis,,30,4,2025
37.0762333333,15.275855,Italy,Aphis sambuci,Elder Aphid,29,4,2025
37.0762471667,15.2758533333,Italy,Aphididae,Aphids,29,4,2025
43.312745,11.3379383333,Italy,Aphis,,27,4,2025
45.0566717802,7.6882301626,Italy,Macrosiphum rosae,Rose Aphid,27,4,2025
44.50085,11.3536777778,Italy,Aphis sambuci,Elder Aphid,30,4,2025
44.1714143847,9.6148499474,Italy,Acyrthosiphon,,30,4,2025
44.6347153314,10.4151255956,Italy,Aphis,,30,4,2025
44.6178685614,10.5747109526,Italy,Macrosiphini,,30,4,2025
45.7060214774,11.7942101508,Italy,Icerya purchasi,Cottony cushion scale,30,4,2025
38.202325,15.2318865997,Italy,Aphis craccivora,Cowpea Aphid,26,4,2025
38.2345568709,15.2391091355,Italy,Uroleucon sonchi,Sow-thistle Aphid,27,4,2025
45.856055,9.389475,Italy,Macrosiphum rosae,Rose Aphid,29,4,2025
38.1827805635,15.2554064244,Italy,Aphis nerii,Oleander Aphid,30,4,2025
43.6224195817,13.5161497816,Italy,Aphis,,30,4,2025
45.6709503771,12.1162643284,Italy,Aphis fabae,Black Bean Aphid,27,4,2025
43.6222492012,13.5166835412,Italy,Uroleucon,Large Daisy Aphids,27,4,2025
44.2003139104,10.8949043602,Italy,Eriosoma lanuginosum,Elm Balloon-gall Aphid,25,4,2025
46.1117226,8.2914276997,Italy,Macrosiphum euphorbiae,Potato Aphid,1,5,2025
45.5453073111,8.8857217872,Italy,Takahashia japonica,String Cottony Scale,1,5,2025
45.5969607997,8.9186668997,Italy,Takahashia japonica,String Cottony Scale,1,5,2025
38.2162387241,15.2329244382,Italy,Euphyllura olivina,olive psyllid,27,4,2025
45.4147526894,11.8675725907,Italy,Hyperomyzus,Currant-Daisy Aphids,28,4,2025
45.6491463292,10.0308024623,Italy,Acyrthosiphon,,1,5,2025
44.2958066242,11.7878020182,Italy,Acyrthosiphon,,1,5,2025
44.4097722222,8.9441833333,Italy,Diaspis echinocacti,prickly pear scale,9,2,2025
42.7241319942,11.5409388876,Italy,Aphis,,1,5,2025
45.7913017512,9.4282426313,Italy,Prociphilus,Woolly Aphids,1,5,2025
45.7786367215,9.4336332008,Italy,Tetraneura caerulescens,,1,5,2025
45.778528457,9.4336818159,Italy,Tetraneura akinire,Oriental Grass Root Aphid,1,5,2025
45.7789498222,9.4336026907,Italy,Periphyllus,Periphyllus Aphids,1,5,2025
45.4818528288,9.1625027731,Italy,Takahashia japonica,String Cottony Scale,1,5,2025
43.96775,10.2093966667,Italy,Aphididae,Aphids,26,4,2025
44.8859048058,8.0557157099,Italy,Macrosiphum rosae,Rose Aphid,1,5,2025
44.0496606,9.8337479,Italy,Therioaphis,,1,5,2025
44.0508536997,9.8343401,Italy,Uroleucon,Large Daisy Aphids,1,5,2025
45.3939893,7.6542377,Italy,Pemphigus populi,,29,4,2025
46.402725,12.9683916667,Italy,Prociphilus,Woolly Aphids,1,5,2025
44.58806827,10.53353728,Italy,Tetraneura caerulescens,,2,5,2025
44.0970833333,8.2254716667,Italy,Icerya purchasi,Cottony cushion scale,2,5,2025
38.174972,13.358935,Italy,Macrosiphini,,1,5,2025
44.4901777778,11.2086222222,Italy,Brachycaudus tragopogonis,Goatsbeard Aphid,2,5,2025
40.12357,9.4963666667,Italy,Macrosiphini,,1,5,2025
45.7203406175,9.7035733983,Italy,Takahashia japonica,String Cottony Scale,2,5,2025
45.0793519941,7.6509147137,Italy,Aphis nerii,Oleander Aphid,2,5,2025
46.3824116667,12.8636666667,Italy,Prociphilus,Woolly Aphids,2,5,2025
43.7222253436,10.4235612354,Italy,Aphididae,Aphids,2,5,2025
46.0537238801,13.0411598748,Italy,Macrosiphum rosae,Rose Aphid,2,5,2025
44.461534682,11.2144261971,Italy,Ortheziidae,Ensign Scales,28,4,2025
45.5228098109,9.1854528431,Italy,Takahashia japonica,String Cottony Scale,3,5,2025
45.7279586667,9.7384376389,Italy,Myzus persicae,Green Peach Aphid,2,5,2025
46.1848098637,9.6796620908,Italy,Aphis,,25,4,2025
44.4593810002,11.2136942893,Italy,Aphis sambuci,Elder Aphid,28,4,2025
40.6689128938,14.7299402207,Italy,Aphis nerii,Oleander Aphid,3,5,2025
43.7896316667,10.3837616667,Italy,Tetraneura akinire,Oriental Grass Root Aphid,3,5,2025
45.4322344636,9.169030089,Italy,Takahashia japonica,String Cottony Scale,3,5,2025
41.2678577224,13.592835401,Italy,Aphis cytisorum,Laburnum aphid,2,5,2025
37.5042535539,15.0907632487,Italy,Aphis nerii,Oleander Aphid,3,5,2025
41.2688899268,13.5919770942,Italy,Aphis fabae,,2,5,2025
45.3725325834,10.2082489321,Italy,Macrosiphum rosae,Rose Aphid,3,5,2025
45.4908844,9.1344428,Italy,Takahashia japonica,String Cottony Scale,3,5,2025
41.8456428259,12.8959355503,Italy,Tetraneura caerulescens,,27,4,2025
43.0629328968,12.6388945738,Italy,Prociphilus,Woolly Aphids,3,5,2025
46.33574184,11.28700596,Italy,Eriosomatinae,Woolly Aphids and Gall-making Aphids,3,5,2025
45.4184262055,11.8817644939,Italy,Pulvinaria,,24,4,2025
44.454122383,8.7123591699,Italy,Aphis,,3,5,2025
45.532525,9.2103783333,Italy,Macrosiphum rosae,Rose Aphid,4,5,2025
40.8723837929,14.1957883537,Italy,Aphididae,Aphids,4,5,2025
40.8723244,14.2768432,Italy,Macrosiphum euphorbiae,Potato Aphid,4,5,2025
45.1291007882,8.4507377073,Italy,Aleyrodidae,Whiteflies,4,5,2025
45.57465,9.173275,Italy,Takahashia japonica,String Cottony Scale,4,5,2025
42.81676899,11.17007583,Italy,Tetraneura,,4,5,2025
44.54833524,10.55106552,Italy,Eriosoma lanuginosum,Elm Balloon-gall Aphid,4,5,2025
46.40047,12.9989666667,Italy,Aphididae,Aphids,3,5,2025
44.4311439124,8.7491136789,Italy,Aphis fabae,Black Bean Aphid,3,5,2025
38.22746275,15.2429571111,Italy,Aphididae,Aphids,28,4,2025
46.0588879511,11.1000829563,Italy,Prociphilus,Woolly Aphids,4,5,2025
38.1766932997,15.2307666,Italy,Brevicoryne brassicae,Cabbage Aphid,27,4,2025
38.17736,15.2315115997,Italy,Brachycaudus,Short-tailed Aphids,27,4,2025
45.9380253233,9.3857289478,Italy,Aphidinae,,4,5,2025
45.4476826579,10.141836625,Italy,Macrosiphum,,4,5,2025
44.6485366667,10.78455,Italy,Ceroplastes japonicus,Japanese Wax Scale,4,5,2025
45.0319472222,7.6579944444,Italy,Aphis,,28,4,2025
45.0117555556,7.6276055556,Italy,Tetraneura caerulescens,,28,4,2025
44.9569709593,7.895306057,Italy,Macrosiphini,,4,5,2025
43.6877847833,10.7585591306,Italy,Parthenolecanium,,4,5,2025
43.5791278,11.0607888639,Italy,Parthenolecanium,,4,5,2025
45.6481513889,9.2002973333,Italy,Takahashia japonica,String Cottony Scale,2,5,2025
45.3327395403,7.8527992219,Italy,Tetraneura caerulescens,,5,5,2025
45.513279629,9.2093664967,Italy,Takahashia japonica,String Cottony Scale,5,5,2025
45.51316491,9.20950022,Italy,Takahashia japonica,String Cottony Scale,5,5,2025
45.5119269,9.2104096,Italy,Takahashia japonica,String Cottony Scale,5,5,2025
41.892782608,12.4708481335,Italy,Aphis craccivora,Cowpea Aphid,5,5,2025
44.5114138889,11.1893027778,Italy,Thecabius affinis,Poplar-Buttercup Gall Aphid,5,5,2025
43.094203949,13.642534256,Italy,Aphididae,Aphids,5,5,2025
42.129017102,12.0522785559,Italy,Tetraneura ulmi,Elm Sack Gall Aphid,5,5,2025
42.1291056224,12.0519003645,Italy,Eriosomatini,,5,5,2025
42.1291361667,12.0516805,Italy,Dysaphis,,5,5,2025
44.1777405827,12.3370976374,Italy,Aphis,,5,5,2025
41.9123533333,12.4823,Italy,Aphididae,Aphids,25,4,2025
44.7681623065,11.7508783384,Italy,Brachycaudus cardui,Plum-thistle Aphid,4,5,2025
45.7077066667,9.6918383333,Italy,Aphis fabae,Black Bean Aphid,6,5,2025
41.956875,12.7984416667,Italy,Macrosiphini,,6,5,2025
43.721720343,10.5250876841,Italy,Aphididae,Aphids,6,5,2025
45.7028806788,9.0849614516,Italy,Takahashia japonica,String Cottony Scale,6,5,2025
45.5200817097,10.251067567,Italy,Aphis,,6,5,2025
44.0961138333,9.7451583333,Italy,Aphididae,Aphids,6,5,2025
42.127475,12.0701445,Italy,Eriosomatinae,Woolly Aphids and Gall-making Aphids,6,5,2025
38.1936798185,15.5542088673,Italy,Macrosiphum euphorbiae,Potato Aphid,4,5,2025
42.3929799532,13.6543583544,Italy,Pseudococcidae,Mealybugs,1,5,2025
44.1772603945,12.3413754255,Italy,Uroleucon sonchi,Sow-thistle Aphid,7,5,2025
45.4207506849,9.3659465025,Italy,Coccinae,,28,4,2025
44.9208166667,7.8481266667,Italy,Coccinae,,7,5,2025
45.631275,9.3127416667,Italy,Takahashia japonica,String Cottony Scale,7,5,2025
45.1652066667,10.5170516667,Italy,Aphididae,Aphids,7,5,2025
45.2763075546,8.9928376367,Italy,Tetraneura caerulescens,,7,5,2025
43.7222614519,10.9741757065,Italy,Pemphigus immunis,,7,5,2025
41.8915023348,12.4807596405,Italy,Aphis craccivora,Cowpea Aphid,7,5,2025
41.8912548662,12.4807575708,Italy,Aphis fabae,Black Bean Aphid,7,5,2025
43.721783385,11.0332268849,Italy,Aphididae,Aphids,7,5,2025
45.3582802471,9.6562175658,Italy,Tetraneura caerulescens,,4,5,2025
45.4602361,9.2476985,Italy,Takahashia japonica,String Cottony Scale,6,5,2025
46.36824686,11.265766,Italy,Eriosomatini,,8,5,2025
39.838931,16.2584529722,Italy,Aphididae,Aphids,8,5,2025
39.0760111667,16.1654971667,Italy,Tetraneura ulmi,Elm Sack Gall Aphid,8,5,2025
45.639180709,10.0389212742,Italy,Tetraneura akinire,Oriental Grass Root Aphid,7,5,2025
45.4327767591,12.3497436958,Italy,Macrosiphum rosae,Rose Aphid,8,5,2025
41.9539966667,12.442405,Italy,Aphididae,Aphids,8,5,2025
45.65305203,9.00166677,Italy,Takahashia japonica,String Cottony Scale,8,5,2025
37.5107168054,15.0843433068,Italy,Macrosiphum rosae,Rose Aphid,6,5,2025
42.7755283376,11.0938239713,Italy,Lauritrioza,,8,5,2025
43.7219396719,10.9525453672,Italy,Aphis nerii,Oleander Aphid,8,5,2025
45.6746670089,8.5880789063,Italy,Aphididae,Aphids,8,5,2025
45.6974709865,9.2237505466,Italy,Takahashia japonica,String Cottony Scale,2,5,2025
44.7315074215,10.6050784581,Italy,Ceroplastes japonicus,Japanese Wax Scale,8,5,2025
44.6805322409,10.9821803764,Italy,Phenacoccus,,8,5,2025
43.7228720539,10.9530365467,Italy,Pemphigus populi,,8,5,2025
45.50959138,9.2604181,Italy,Tetraneura caerulescens,,9,5,2025
45.9483833333,12.6800216667,Italy,Ceroplastes japonicus,Japanese Wax Scale,9,5,2025
44.49623945,11.30298373,Italy,Eriosoma lanigerum,Woolly Apple Aphid,9,5,2025
40.7576367853,14.412468262,Italy,Aphis gossypii,Melon Aphid,9,5,2025
40.7582021073,14.4114600867,Italy,Aleyrodidae,Whiteflies,9,5,2025
44.5009643073,11.3538497019,Italy,Aphis,,8,5,2025
44.714455423,10.1321322285,Italy,Tetraneura caerulescens,,9,5,2025
44.5006966667,11.04065,Italy,Aphididae,Aphids,9,5,2025
44.7136882,10.13182677,Italy,Tetraneura caerulescens,,9,5,2025
45.501354002,9.2526508123,Italy,Takahashia japonica,String Cottony Scale,9,5,2025
44.7222166667,10.1179305556,Italy,Aulacorthum,,9,5,2025
45.4908260592,12.4119262397,Italy,Aphis,,9,5,2025
45.490570104,12.4118927121,Italy,Ceroplastes,Wax Scales,9,5,2025
45.4903221389,12.4076444283,Italy,Trialeurodes vaporariorum,Greenhouse Whitefly,9,5,2025
45.5928027778,13.7612444444,Italy,Aphis nerii,Oleander Aphid,9,5,2025
44.951866708,9.3592783436,Italy,Tetraneura akinire,Oriental Grass Root Aphid,9,5,2025
45.474571005,11.4993246347,Italy,Myzus cerasi,Black Cherry Aphid,9,5,2025
40.8369633333,14.2490783333,Italy,Icerya purchasi,Cottony cushion scale,4,5,2025
45.4730072772,9.177057734,Italy,Takahashia japonica,String Cottony Scale,10,5,2025
45.4884427394,12.4111899734,Italy,Ceroplastes,Wax Scales,10,5,2025
39.94959614,9.6619378,Italy,Megoura viciae,Vetch Aphid,10,5,2025
45.7186138064,9.3846325949,Italy,Aphididae,Aphids,10,5,2025
40.6686779212,14.80456485,Italy,Aphididae,Aphids,10,5,2025
43.670684679,10.6547330905,Italy,Ceroplastes japonicus,Japanese Wax Scale,7,5,2025
40.8247424,14.1951708,Italy,Greenidea ficicola,Hairy-tailed Fig Aphid,10,5,2025
45.1025937346,8.3569281176,Italy,Tetraneura caerulescens,,10,5,2025
45.1026093308,8.3568901476,Italy,Eriosoma lanuginosum,Elm Balloon-gall Aphid,10,5,2025
41.8353490906,12.5987723978,Italy,Aphis nerii,Oleander Aphid,10,5,2025
45.8944969177,8.5275812149,Italy,Aphididae,Aphids,10,5,2025
43.0040601476,10.8494492993,Italy,Cacopsylla pulchella,,10,5,2025
40.8417675371,14.1543058209,Italy,Aphis sambuci,Elder Aphid,2,5,2025
45.5464333333,9.20643,Italy,Tetraneura akinire,Oriental Grass Root Aphid,10,5,2025
41.9081383333,12.482255,Italy,Nidularia pulvinata,,10,5,2025
45.5192666667,12.3838133333,Italy,Eriosomatini,,10,5,2025
45.5409324724,9.2084268923,Italy,Takahashia japonica,String Cottony Scale,10,5,2025
44.6942694444,12.2372111111,Italy,Aphis holoenotherae,,10,5,2025
44.7950533911,7.7167072892,Italy,Tetraneura caerulescens,,10,5,2025
44.7950533911,7.7167072892,Italy,Tetraneura caerulescens,,10,5,2025
44.7950533911,7.7167072892,Italy,Tetraneura caerulescens,,10,5,2025
44.7950533911,7.7167072892,Italy,Tetraneura,,10,5,2025
45.450557693,9.1235891562,Italy,Takahashia japonica,String Cottony Scale,8,5,2025
44.7950533911,7.7167072892,Italy,Tetraneura caerulescens,,10,5,2025
44.7950533911,7.7167072892,Italy,Tetraneura caerulescens,,10,5,2025
44.7950533911,7.7167072892,Italy,Tetraneura caerulescens,,10,5,2025
44.7950533911,7.7167072892,Italy,Tetraneura caerulescens,,10,5,2025
45.4875277778,8.97485,Italy,Takahashia japonica,String Cottony Scale,6,5,2025
44.7950533911,7.7167072892,Italy,Tetraneura caerulescens,,10,5,2025
44.7950533911,7.7167072892,Italy,Tetraneura caerulescens,,10,5,2025
44.7950533911,7.7167072892,Italy,Tetraneura caerulescens,,10,5,2025
44.7950533911,7.7167072892,Italy,Tetraneura caerulescens,,10,5,2025
45.6877116667,9.6516,Italy,Takahashia japonica,String Cottony Scale,10,5,2025
43.9223251458,12.8986982256,Italy,Cryptomyzus ribis,Redcurrant Blister Aphid,10,5,2025
43.7435333333,10.6720083333,Italy,Macrosiphoniella,Anthemid Aphids,9,5,2025
44.7950533911,7.7167072892,Italy,Tetraneura,,10,5,2025
45.4743969677,9.1779888421,Italy,Takahashia japonica,String Cottony Scale,10,5,2025
43.6047168367,13.4476267174,Italy,Tetraneura ulmi,Elm Sack Gall Aphid,10,5,2025
44.67301258,10.65587559,Italy,Tetraneura akinire,Oriental Grass Root Aphid,11,5,2025
45.6959722222,9.2670555556,Italy,Takahashia japonica,String Cottony Scale,11,5,2025
40.3579510187,18.170231047,Italy,Uroleucon sonchi,Sow-thistle Aphid,11,5,2025
44.7876739121,11.6436753653,Italy,Macrosiphini,,10,5,2025
44.000586394,11.1405605078,Italy,Aphididae,Aphids,11,5,2025
45.635308,8.8516326,Italy,Takahashia japonica,String Cottony Scale,11,5,2025
43.6047869997,13.4477893263,Italy,Tetraneura caerulescens,,10,5,2025
43.7837194444,11.2546111111,Italy,Lauritrioza alacris,Bay Sucker,11,5,2025
45.4304383333,9.1368416667,Italy,Takahashia japonica,String Cottony Scale,11,5,2025
45.9380253233,9.3857289478,Italy,Macrosiphini,,11,5,2025
45.9380253233,9.3857289478,Italy,Macrosiphum rosae,Rose Aphid,11,5,2025
42.06213004,12.96450093,Italy,Eriosoma lanuginosum,Elm Balloon-gall Aphid,11,5,2025
42.3181616667,12.1202945,Italy,Pulvinaria,,11,5,2025
41.8092879585,12.5605017697,Italy,Aphis,,11,5,2025
41.8211166695,12.4043811658,Italy,Aphidinae,,11,5,2025
43.6042123409,13.44783023,Italy,Tetraneura ulmi,Elm Sack Gall Aphid,10,5,2025
45.2008664271,7.7805522457,Italy,Pulvinaria,,10,5,2025
38.0973629239,12.7997953543,Italy,Icerya purchasi,Cottony cushion scale,19,4,2025
40.8210117746,14.9780066684,Italy,Aphididae,Aphids,10,5,2025
44.9797577603,7.8679811503,Italy,Macrosiphini,,11,5,2025
43.6047401428,13.4476184844,Italy,Tetraneura ulmi,Elm Sack Gall Aphid,10,5,2025
43.6044412825,13.4477588162,Italy,Tetraneura ulmi,Elm Sack Gall Aphid,8,5,2025
44.2796594122,11.8943416369,Italy,Aleurocanthus,,12,5,2025
44.2797025693,11.8943570742,Italy,Daktulosphaira vitifoliae,Grape Phylloxera,12,5,2025
42.1308804796,12.0789360255,Italy,Euphyllura olivina,olive psyllid,12,5,2025
45.1529643838,7.5014328879,Italy,Tetraneura caerulescens,,12,5,2025
45.408855233,11.8865747307,Italy,Ceroplastes japonicus,Japanese Wax Scale,12,5,2025
40.7713029,14.7893554997,Italy,Phyllaphis fagi,Woolly Beech Aphid,12,5,2025
43.0883638333,10.6071666667,Italy,Puto,,12,5,2025
42.0977695,12.1861633333,Italy,Macrosiphum,,12,5,2025
44.4907777778,11.2093888889,Italy,Aphididae,Aphids,12,5,2025
44.4901083333,11.2082472222,Italy,Tetraneura caerulescens,,12,5,2025
39.156695861,8.2478242368,Italy,Icerya purchasi,Cottony cushion scale,9,5,2025
44.4889055556,11.2085416667,Italy,Aphididae,Aphids,12,5,2025
43.7315882,12.8162363,Italy,Aphis spiraecola,Spiraea Aphid,12,5,2025
44.49947,11.0400305,Italy,Aphidinae,,12,5,2025
45.4668665,9.2656528,Italy,Takahashia japonica,String Cottony Scale,11,5,2025
45.8933766634,8.9196275099,Italy,Takahashia japonica,String Cottony Scale,12,5,2025
45.0153274536,8.3224182129,Italy,Tetraneura ulmi,Elm Sack Gall Aphid,12,5,2025
45.9537469722,12.671234,Italy,Tetraneura akinire,Oriental Grass Root Aphid,12,5,2025
42.4121083921,11.2148204818,Italy,Therioaphis,,23,4,2025
45.5598633333,12.3281116667,Italy,Tetraneura caerulescens,,11,5,2025
45.5207366944,9.1457366944,Italy,Takahashia japonica,String Cottony Scale,12,5,2025
45.33725,11.2165583333,Italy,Dysaphis plantaginea,Rosy Apple Aphid,8,5,2025
43.80281019,11.30070381,Italy,Eriosomatinae,Woolly Aphids and Gall-making Aphids,13,5,2025
43.7748359334,11.2459035963,Italy,Lauritrioza alacris,Bay Sucker,13,5,2025
44.4907777778,11.21,Italy,Prociphilus fraxini,,13,5,2025
44.489789,11.209892,Italy,Aphis,,13,5,2025
45.0648971024,7.6879797833,Italy,Uroleucon sonchi,Sow-thistle Aphid,13,5,2025
44.49862,11.0394471667,Italy,Macrosiphini,,13,5,2025
44.5013337,11.3858739,Italy,Pachypappa warshavensis,,13,5,2025
45.5377386,9.2099318,Italy,Macrosiphini,,13,5,2025
44.501675,11.38464,Italy,Aphididae,Aphids,13,5,2025
44.7817594103,10.4406842421,Italy,Aphis sambuci,Elder Aphid,13,5,2025
45.3643237854,11.7297775207,Italy,Pulvinaria kuwacola,Cottony Hydrangea Scale,10,5,2025
43.7687419537,11.2593364343,Italy,Parthenolecanium,,13,5,2025
44.1767236948,12.3424647376,Italy,Eucallipterus tiliae,Lime Leaf Aphid,14,5,2025
44.1774291942,12.3341049626,Italy,Pulvinaria,,14,5,2025
44.1774986857,12.3346880078,Italy,Eucallipterus tiliae,Lime Leaf Aphid,14,5,2025
45.57259578,9.15676575,Italy,Takahashia japonica,String Cottony Scale,14,5,2025
45.8090466667,9.5554333333,Italy,Eriosoma lanigerum,Woolly Apple Aphid,14,5,2025
44.58071,8.2151333333,Italy,Aphis,,14,5,2025
45.84227959,10.56422857,Italy,Tetraneura akinire,Oriental Grass Root Aphid,14,5,2025
45.48428,9.1929633333,Italy,Takahashia japonica,String Cottony Scale,14,5,2025
43.9873769707,12.6530028507,Italy,Tetraneura akinire,Oriental Grass Root Aphid,14,5,2025
42.0796888333,12.4011533333,Italy,Aphis nerii,Oleander Aphid,14,5,2025
44.3887972222,7.4331194444,Italy,Aphis sambuci,Elder Aphid,14,5,2025
40.3354417865,15.3375837828,Italy,Aphididae,Aphids,14,5,2025
39.158168115,8.2487328351,Italy,Icerya purchasi,Cottony cushion scale,9,5,2025
44.500179,11.353372,Italy,Pseudococcidae,Mealybugs,13,5,2025
44.7687019547,10.7558571199,Italy,Tetraneura caerulescens,,14,5,2025
44.8278866667,11.60097,Italy,Aphis fabae,Black Bean Aphid,12,5,2025
43.7193471956,10.3757591173,Italy,Aphis gossypii,Melon Aphid,12,5,2025
45.6950912222,9.7102155556,Italy,Takahashia japonica,String Cottony Scale,15,5,2025
41.9354427343,12.0941755321,Italy,Hyalopterus,Mealy Plum-Reed Aphids,15,5,2025
45.1888583333,11.4733972222,Italy,Aphididae,Aphids,21,4,2025
43.1130467,12.397764,Italy,Brachycaudus,Short-tailed Aphids,15,5,2025
46.1848015073,9.6796580675,Italy,Aphididae,Aphids,10,5,2025
41.9524207,12.5244331,Italy,Trialeurodes vaporariorum,Greenhouse Whitefly,15,5,2025
45.803061947,9.0951209888,Italy,Takahashia japonica,String Cottony Scale,12,5,2025
45.6684254559,8.8715504833,Italy,Takahashia japonica,String Cottony Scale,15,5,2025
46.4897166667,11.34672,Italy,Aphis fabae,Black Bean Aphid,14,5,2025
45.5842975699,8.8786187768,Italy,Takahashia japonica,String Cottony Scale,11,5,2025
44.6191615013,11.7647459404,Italy,Parthenolecanium,,11,5,2025
44.6504963806,11.6504630505,Italy,Pulvinaria,,11,5,2025
44.62965891,11.7867459906,Italy,Pulvinaria,,11,5,2025
44.7011580254,11.6465116947,Italy,Pulvinaria,,11,5,2025
44.7746603219,11.7869224079,Italy,Pulvinaria,,11,5,2025
45.5280833333,9.1972333333,Italy,Takahashia japonica,String Cottony Scale,16,5,2025
41.9522979997,12.5239308997,Italy,Trialeurodes vaporariorum,Greenhouse Whitefly,15,5,2025
40.7549315027,14.412865229,Italy,Uroleucon sonchi,Sow-thistle Aphid,16,5,2025
45.5821243997,9.0340302997,Italy,Takahashia japonica,String Cottony Scale,16,5,2025
44.5027888889,11.1833416667,Italy,Aphididae,Aphids,16,5,2025
45.33555,10.3410866667,Italy,Phylloxera quercus,,16,5,2025
42.08945,12.179895,Italy,Glycaspis brimblecombei,Red Gum Lerp Psyllid,16,5,2025
45.5876466667,9.17098,Italy,Takahashia japonica,String Cottony Scale,16,5,2025
46.0640028333,11.1506333333,Italy,Aphididae,Aphids,16,5,2025
45.4714883333,9.1990383333,Italy,Takahashia japonica,String Cottony Scale,16,5,2025
45.4715083333,9.1991416667,Italy,Takahashia japonica,String Cottony Scale,16,5,2025
45.4057016737,9.2757231742,Italy,Takahashia japonica,String Cottony Scale,16,5,2025
45.9380253233,9.3857289478,Italy,Aphidini,,16,5,2025
45.9380253233,9.3857289478,Italy,Macrosiphoniella,Anthemid Aphids,16,5,2025
45.4070513919,9.2762907967,Italy,Aphis sambuci,Elder Aphid,16,5,2025
45.9380253233,9.3857289478,Italy,Aphidinae,,16,5,2025
44.7650017776,8.0758806411,Italy,Aphis fabae,Black Bean Aphid,16,5,2025
45.68537311,9.24111694,Italy,Takahashia japonica,String Cottony Scale,16,5,2025
45.6856766667,9.2411433333,Italy,Takahashia japonica,String Cottony Scale,16,5,2025
45.68535066,9.24112291,Italy,Takahashia japonica,String Cottony Scale,16,5,2025
44.6900416667,11.085565,Italy,Aphis,,17,5,2025
43.8258466667,11.173495,Italy,Hyalopterus pruni,Mealy Plum Aphid,17,5,2025
45.575745,9.1787916667,Italy,Takahashia japonica,String Cottony Scale,17,5,2025
42.4238395691,12.1529359818,Italy,Aphididae,Aphids,17,5,2025
45.1291007882,8.4507377073,Italy,Pulvinaria,,17,5,2025
41.72219496,12.57478817,Italy,Megoura viciae,Vetch Aphid,17,5,2025
43.6067068592,13.4490268305,Italy,Sternorrhyncha,Plant-parasitic Hemipterans,13,5,2025
45.4744682044,9.2037095502,Italy,Tinocallis,,17,5,2025
45.7583007778,11.7168807778,Italy,Aphis,,17,5,2025
44.4685380663,11.2858003929,Italy,Tetraneura akinire,Oriental Grass Root Aphid,17,5,2025
44.4684929876,11.2858246799,Italy,Tetraneura ulmi,Elm Sack Gall Aphid,17,5,2025
45.58997,9.430872,Italy,Takahashia japonica,String Cottony Scale,17,5,2025
45.4491615278,9.1671323611,Italy,Aphididae,Aphids,17,5,2025
45.3913513334,9.2861016467,Italy,Uroleucon aeneum,Dark-tailed Thistle Aphid,17,5,2025
45.4405212222,9.1785631111,Italy,Takahashia japonica,String Cottony Scale,17,5,2025
40.5651280459,15.7710644603,Italy,Psylloidea,Psylloids,17,5,2025
44.8724805,8.0496227997,Italy,Tetraneura caerulescens,,17,5,2025
43.5468938661,13.3904465213,Italy,Lauritrioza alacris,Bay Sucker,17,5,2025
43.5468367239,13.3904345074,Italy,Periphyllus,Periphyllus Aphids,17,5,2025
44.4738138889,11.2779472222,Italy,Chaitophorus,,17,5,2025
45.520425,12.28913,Italy,Daktulosphaira vitifoliae,Grape Phylloxera,17,5,2025
45.5233987,9.2536023,Italy,Takahashia japonica,String Cottony Scale,17,5,2025
41.8819969722,12.2951499722,Italy,Aphididae,Aphids,17,5,2025
39.2036986111,9.1528692533,Italy,Aploneura lentisci,Mealy Grass Root Aphid,25,3,2024
44.6917441858,11.0867929457,Italy,Aphididae,Aphids,17,5,2025
45.1380001943,10.4362318665,Italy,Tetraneura akinire,Oriental Grass Root Aphid,18,5,2025
44.6157889722,10.7998189722,Italy,Ceroplastes,Wax Scales,18,5,2025
45.0702821895,7.6868563145,Italy,Aphididae,Aphids,17,5,2025
45.6950028526,12.2717922181,Italy,Tetraneura akinire,Oriental Grass Root Aphid,17,5,2025
45.6748180314,12.2459377348,Italy,Aphis sambuci,Elder Aphid,17,5,2025
45.5484129209,9.1531872097,Italy,Takahashia japonica,String Cottony Scale,18,5,2025
45.5317450874,9.2642345186,Italy,Takahashia japonica,String Cottony Scale,18,5,2025
45.1890638889,11.4744305556,Italy,Aphididae,Aphids,18,5,2025
45.1889777778,11.4742916667,Italy,Aphididae,Aphids,18,5,2025
45.1889777778,11.4742916667,Italy,Myzus persicae,Green Peach Aphid,18,5,2025
45.1564549,10.429187,Italy,Toxoptera,,18,5,2025
45.1408908686,10.4373444387,Italy,Sternorrhyncha,Plant-parasitic Hemipterans,18,5,2025
43.0797083333,11.2993966667,Italy,Aphis fabae,Black Bean Aphid,14,5,2025
44.678589,8.0914599,Italy,Tetraneura caerulescens,,18,5,2025
45.0858875997,7.6715423997,Italy,Ceroplastes japonicus,Japanese Wax Scale,18,5,2025
45.1380001943,10.4362318665,Italy,Colopha compressa,,18,5,2025
45.4343783333,9.21927,Italy,Takahashia japonica,String Cottony Scale,18,5,2025
40.7701726,17.6611834997,Italy,Euphyllura olivina,olive psyllid,8,5,2025
42.1321639752,12.0818951726,Italy,Lauritrioza alacris,Bay Sucker,18,5,2025
42.1319024048,12.0812648535,Italy,Eriosomatini,,18,5,2025
41.0549441558,14.6278633922,Italy,Tetraneura akinire,Oriental Grass Root Aphid,18,5,2025
42.1319,12.0813638333,Italy,Aleyrodes proletella,Cabbage Whitefly,18,5,2025
46.0997838364,11.1011199514,Italy,Aphidoidea,,18,5,2025
46.6580609722,11.1859339722,Italy,Aphididae,Aphids,18,5,2025
41.748307806,12.2955576239,Italy,Aphididae,Aphids,21,4,2025
41.7480259094,12.2949287058,Italy,Aphidinae,,21,4,2025
41.7478337994,12.2947570444,Italy,Aphis fabae,Black Bean Aphid,21,4,2025
45.7292694645,9.6765337139,Italy,Aphis,,18,5,2025
45.607395,10.3085583333,Italy,Aphis fabae,Black Bean Aphid,16,5,2025
43.6380621996,12.7131788805,Italy,Eriosomatinae,Woolly Aphids and Gall-making Aphids,17,5,2025
45.1889777778,11.4742916667,Italy,Aphis spiraecola,Spiraea Aphid,18,5,2025
37.5156370012,15.0832546424,Italy,Aphididae,Aphids,19,5,2025
45.8143847541,8.6107497014,Italy,Calaphis,Dark-veined Birch Aphids,19,5,2025
44.0048456451,10.5625855953,Italy,Aphididae,Aphids,18,5,2025
45.1889777778,11.4742916667,Italy,Aphididae,Aphids,18,5,2025
45.1889777778,11.4742916667,Italy,Aphididae,Aphids,18,5,2025
43.9396033333,12.5495716667,Italy,Aphis sambuci,Elder Aphid,19,5,2025
40.62200925,14.5451583611,Italy,Aphis sambuci,Elder Aphid,11,5,2025
42.058919,12.664062,Italy,Tetraneura akinire,Oriental Grass Root Aphid,30,4,2025
45.5090490102,9.1979451478,Italy,Eucallipterus tiliae,Lime Leaf Aphid,19,5,2025
45.1382092064,10.4362694453,Italy,Aphididae,Aphids,18,5,2025
43.7188240344,10.3783642128,Italy,Aphidinae,,19,5,2025
43.6082190574,13.4528017044,Italy,Lauritrioza alacris,Bay Sucker,19,5,2025
43.7054573823,10.4192619359,Italy,Aphis fabae,Black Bean Aphid,19,5,2025
45.447845,9.0827721667,Italy,Takahashia japonica,String Cottony Scale,20,5,2025
46.1115747997,8.2914776,Italy,Aphidinae,,20,5,2025
37.5819351,13.9474827,Italy,Aphididae,Aphids,13,5,2025
37.0768441897,14.2492930935,Italy,Aphidinae,,20,5,2025
45.4662902997,9.0439732997,Italy,Takahashia japonica,String Cottony Scale,20,5,2025
42.0570980997,11.9418898,Italy,Uroleucon sonchi,Sow-thistle Aphid,20,5,2025
43.71074,10.41726,Italy,Aphididae,Aphids,20,5,2025
40.8348161137,14.108161591,Italy,Aphis,,17,5,2025
43.8020141383,11.2024689093,Italy,Periphyllus,Periphyllus Aphids,17,5,2025
43.7208917651,10.3850096061,Italy,Aphis fabae,Black Bean Aphid,19,5,2025
45.5320558553,10.953454636,Italy,Macrosiphum rosae,Rose Aphid,20,5,2025
44.8059683,10.3258469997,Italy,Tetraneura akinire,Oriental Grass Root Aphid,20,5,2025
42.1579101947,14.0017516539,Italy,Aphis fabae,Black Bean Aphid,20,5,2025
44.7064824244,10.8931641563,Italy,Aphididae,Aphids,19,5,2025
42.1561694444,12.2478138889,Italy,Acyrthosiphon,,18,5,2025
40.17261732,16.69427153,Italy,Tetraneura caerulescens,,12,5,2025
44.8227005003,8.003855705,Italy,Tetraneura caerulescens,,17,5,2025
45.4158809636,9.2063897476,Italy,Takahashia japonica,String Cottony Scale,21,5,2025
40.77311325,14.7867078611,Italy,Myzus persicae,Green Peach Aphid,21,5,2025
45.6098153924,9.3596092612,Italy,Takahashia japonica,String Cottony Scale,21,5,2025
45.7678764905,8.6853819494,Italy,Takahashia japonica,String Cottony Scale,21,5,2025
45.476912618,9.2356343363,Italy,Aphis,,21,5,2025
41.957505648,12.5334409531,Italy,Lauritrioza alacris,Bay Sucker,21,5,2025
45.5208877671,10.2486637703,Italy,Aphis sambuci,Elder Aphid,21,5,2025
45.5207673446,10.2484610871,Italy,Aphis sambuci,Elder Aphid,21,5,2025
45.7170685966,9.3183820322,Italy,Takahashia japonica,String Cottony Scale,21,5,2025
43.7413,11.2203966667,Italy,Aphis fabae,Black Bean Aphid,18,5,2025
45.5136775392,9.1893935949,Italy,Takahashia japonica,String Cottony Scale,21,5,2025
41.919764042,12.4287017983,Italy,Tetraneura akinire,Oriental Grass Root Aphid,21,5,2025
44.4988833333,11.0399916667,Italy,Sitobion avenae,English Grain Aphid,21,5,2025
44.498645,11.0397555,Italy,Melanaphis,,21,5,2025
41.9189862,12.5155272,Italy,Macrosiphum euphorbiae,Potato Aphid,21,5,2025
44.2252564937,11.7350691184,Italy,Periphyllus,Periphyllus Aphids,5,5,2025
44.43678303,8.85123625,Italy,Forda formicaria,Pistachio-Grass Root Aphid,21,5,2025
43.6042261794,13.4513710812,Italy,Aphididae,Aphids,21,5,2025
45.54981,8.9814766667,Italy,Takahashia japonica,String Cottony Scale,21,5,2025
43.774495,10.7140583333,Italy,Tetraneura akinire,Oriental Grass Root Aphid,17,5,2025
43.6047416001,13.4515638649,Italy,Lauritrioza alacris,Bay Sucker,21,5,2025
44.6528129575,8.0511217117,Italy,Tetraneura caerulescens,,18,5,2025
44.7194027981,8.2860608026,Italy,Icerya purchasi,Cottony cushion scale,20,5,2025
43.7321523691,10.408673059,Italy,Aphidinae,,21,5,2025
44.1778673017,12.3396635056,Italy,Phylloxera quercus,,21,5,2025
43.7078382514,10.3723469721,Italy,Chaitophorus populeti,Poplar Shoot Aphid,19,5,2025
43.7228628465,10.3874190152,Italy,Toxoptera,,19,5,2025
41.9122850997,12.5400814997,Italy,Aphididae,Aphids,20,5,2025
45.89323,11.0417166667,Italy,Aphididae,Aphids,21,5,2025
38.539505,14.8698833333,Italy,Aphis nerii,Oleander Aphid,21,5,2025
43.6007756445,10.5163829339,Italy,Aphididae,Aphids,22,5,2025
43.6997796017,10.4346813302,Italy,Megoura viciae,Vetch Aphid,21,5,2025
46.1116551,8.2914242997,Italy,Macrosiphum euphorbiae,Potato Aphid,20,5,2025
45.6753699627,12.2419878468,Italy,Aphididae,Aphids,22,5,2025
43.75667,10.4440416667,Italy,Aphis,,22,5,2025
43.757026635,10.4441787073,Italy,Thecabius affinis,Poplar-Buttercup Gall Aphid,22,5,2025
43.7570866959,10.4440606901,Italy,Pemphigus immunis,,22,5,2025
40.8825706455,14.2966689169,Italy,Aleyrodinae,,22,5,2025
43.7172964453,10.3788543865,Italy,Aphis gossypii,Melon Aphid,22,5,2025
43.7172867524,10.3788446635,Italy,Pulvinaria,,22,5,2025
44.7194027981,8.2860608026,Italy,Aphididae,Aphids,14,5,2025
43.7056019,10.4202274,Italy,Aphididae,Aphids,21,5,2025
45.7794184178,9.0435535088,Italy,Takahashia japonica,String Cottony Scale,12,5,2025
43.7652283333,10.4405466667,Italy,Pseudococcus longispinus,long-tailed mealybug,22,5,2025
43.7317874471,10.4201507438,Italy,Macrosiphum rosae,Rose Aphid,20,5,2025
45.7474614231,9.23574619,Italy,Takahashia japonica,String Cottony Scale,22,5,2025
44.9200466667,7.858445,Italy,Panaphis juglandis,Walnut Aphid,22,5,2025
43.7273521389,10.6180944167,Italy,Macrosiphum rosae,Rose Aphid,22,5,2025
43.9012616667,11.1620695,Italy,Saissetia oleae,Black Olive Scale,22,5,2025
43.7655075764,10.4398067046,Italy,Lauritrioza alacris,Bay Sucker,22,5,2025
44.1702111997,8.3484447997,Italy,Aphis nerii,Oleander Aphid,22,5,2025
43.7229183189,10.5227754039,Italy,Aphidoidea,,22,5,2025
43.7203611003,10.3824472119,Italy,Megoura viciae,Vetch Aphid,21,5,2025
43.7239999544,10.4279928663,Italy,Aphis fabae,Black Bean Aphid,20,5,2025
43.7250103882,10.4295539655,Italy,Megoura,,20,5,2025
43.711679119,10.3835911676,Italy,Aphis,,22,5,2025
41.9070966667,12.4541466667,Italy,Aphididae,Aphids,23,5,2025
37.9678586244,13.4550537553,Italy,Aphis gossypii,Melon Aphid,21,5,2025
37.9679832457,13.4534864883,Italy,Hyalopterus pruni,Mealy Plum Aphid,19,5,2025
37.9683215782,13.4547739479,Italy,Aphis craccivora,Cowpea Aphid,22,5,2025
43.70035,10.3995638889,Italy,Aphis,,23,5,2025
43.7546133333,10.4301133333,Italy,Daktulosphaira vitifoliae,Grape Phylloxera,23,5,2025
43.7584116667,10.4349866667,Italy,Megoura,,23,5,2025
43.7174600136,10.3797810897,Italy,Aphis fabae,Black Bean Aphid,23,5,2025
43.7170722955,10.3819942474,Italy,Aphidinae,,23,5,2025
43.723110429,10.522889729,Italy,Aphis,,22,5,2025
44.4837888889,11.350675,Italy,Eucallipterus tiliae,Lime Leaf Aphid,23,5,2025
45.5181309527,10.231571105,Italy,Aphis fabae,Black Bean Aphid,23,5,2025
44.4835222222,11.3506611111,Italy,Eucallipterus tiliae,Lime Leaf Aphid,23,5,2025
39.9964278558,9.3234033422,Italy,Cacopsylla,,13,5,2025
43.7001205965,10.4326925926,Italy,Daktulosphaira vitifoliae,Grape Phylloxera,21,5,2025
44.1774984452,12.3376783356,Italy,Tuberculatus,,21,5,2025
43.7955771191,10.4277385307,Italy,Aleyrodoidea,Whiteflies,22,5,2025
43.6895271062,10.5332285262,Italy,Uroleucon sonchi,Sow-thistle Aphid,21,5,2025
43.720475515,10.382574826,Italy,Megoura viciae,Vetch Aphid,21,5,2025
44.8109639722,11.578898,Italy,Tetraneura akinire,Oriental Grass Root Aphid,24,5,2025
45.5044392988,10.7512177468,Italy,Megoura viciae,Vetch Aphid,18,5,2025
45.5047186072,10.7509594432,Italy,Aphidinae,,18,5,2025
43.6495661614,13.3436169291,Italy,Aphis spiraecola,Spiraea Aphid,23,5,2025
43.758755,10.43477,Italy,Aphis fabae,Black Bean Aphid,24,5,2025
43.7585033333,10.435245,Italy,Megoura viciae,Vetch Aphid,24,5,2025
45.5318033333,9.1964466667,Italy,Acyrthosiphon,,24,5,2025
43.7170426865,10.3932687861,Italy,Macrosiphum euphorbiae,Potato Aphid,20,5,2025
43.7169631327,10.3932455231,Italy,Macrosiphum euphorbiae,Potato Aphid,20,5,2025
43.7169709533,10.3932614811,Italy,Macrosiphum euphorbiae,Potato Aphid,20,5,2025
45.9380253233,9.3857289478,Italy,Toxoptera,,24,5,2025
43.6705644229,10.6504362876,Italy,Aphis fabae,Black Bean Aphid,24,5,2025
45.9380253233,9.3857289478,Italy,Aphis,,24,5,2025
43.7627633333,10.4365533333,Italy,Macrosiphum rosae,Rose Aphid,24,5,2025
43.7577179,11.2489936,Italy,Aphis fabae,Black Bean Aphid,24,5,2025
43.7253890352,10.4105890921,Italy,Aphis,,24,5,2025
45.8072013847,9.0509151667,Italy,Takahashia japonica,String Cottony Scale,24,5,2025
45.543933,9.19964,Italy,Takahashia japonica,String Cottony Scale,24,5,2025
40.6379997886,14.4020488858,Italy,Cinara,Giant Conifer Aphids,24,5,2025
45.4231986944,9.18581675,Italy,Chaitophorus populeti,Poplar Shoot Aphid,24,5,2025
41.8849689722,12.292804,Italy,Tetraneura,,24,5,2025
45.4399185,9.1793546667,Italy,Lauritrioza alacris,Bay Sucker,24,5,2025
45.4994173956,9.2501922324,Italy,Takahashia japonica,String Cottony Scale,24,5,2025
41.8151808572,12.0817235503,Italy,Uroleucon sonchi,Sow-thistle Aphid,24,5,2025
45.4256633333,9.2270633333,Italy,Takahashia japonica,String Cottony Scale,24,5,2025
44.6904159722,8.0364029722,Italy,Macrosiphum rosae,Rose Aphid,24,5,2025
43.8030394762,10.4371197845,Italy,Anoecia,,22,5,2025
45.4681122612,9.1824027523,Italy,Aphididae,Aphids,24,5,2025
45.5223399722,9.1835319722,Italy,Takahashia japonica,String Cottony Scale,24,5,2025
46.0027696036,11.8921834113,Italy,Pulvinaria,,24,5,2025
45.67393481,9.23253073,Italy,Aphididae,Aphids,24,5,2025
46.6659962473,10.5818343823,Italy,Aphididae,Aphids,24,5,2025
46.6660199286,10.5817611914,Italy,Aphidoidea,,24,5,2025
40.2958952,8.4976661,Italy,Aphididae,Aphids,24,5,2025
38.1646944399,14.9302912987,Italy,Aphididae,Aphids,23,5,2025
45.8825497678,8.7850428739,Italy,Macrosiphum rosae,Rose Aphid,24,5,2025
45.0497194444,12.3599527778,Italy,Acyrthosiphon,,18,5,2025
45.96034,12.6812159722,Italy,Aphididae,Aphids,21,5,2025
44.177298627,12.3394502699,Italy,Bactericera,,24,5,2025
39.1116073109,8.2858619839,Italy,Aploneura lentisci,Mealy Grass Root Aphid,4,4,2025
40.1183861667,16.634255,Italy,Aleurocanthus spiniferus,Orange spiny whitefly,21,5,2025
40.5932466667,17.0754916667,Italy,Aleurocanthus spiniferus,Orange spiny whitefly,21,5,2025
39.7877444392,16.5261352534,Italy,Aphis spiraecola,Spiraea Aphid,20,5,2025
39.6651783333,16.4243416667,Italy,Aphis spiraecola,Spiraea Aphid,20,5,2025
45.4988611,9.1007648997,Italy,Icerya purchasi,Cottony cushion scale,7,5,2025
43.7575176732,10.443836107,Italy,Pemphigus immunis,,23,5,2025
43.7571997182,10.4440870507,Italy,Rhopalosiphum padi,Bird Cherry-oat Aphid,23,5,2025
45.6719107415,8.1918589486,Italy,Brachycaudus cardui,Plum-thistle Aphid,24,5,2025
43.7175410575,10.4209351924,Italy,Tetraneura,,22,5,2025
43.7176030918,10.4209164178,Italy,Tetraneura akinire,Oriental Grass Root Aphid,22,5,2025
43.0480764187,9.8414155563,Italy,Psyllidae,jumping plant lice,11,5,2025
44.5157861111,11.2813916667,Italy,Aphididae,Aphids,24,5,2025
45.5047589259,10.7515576331,Italy,Macrosiphini,,24,5,2025
45.5475213147,10.752462355,Italy,Aphididae,Aphids,24,5,2025
44.6795114797,11.6503326051,Italy,Aphididae,Aphids,24,5,2025
44.67539502,10.64868757,Italy,Tetraneura caerulescens,,25,5,2025
44.4901716667,11.2092666667,Italy,Tetraneura,,23,5,2025
43.7061276596,10.3918471415,Italy,Tetraneura ulmi,Elm Sack Gall Aphid,23,5,2025
45.4706898979,9.1617427458,Italy,Takahashia japonica,String Cottony Scale,25,5,2025
43.8237981219,10.7011567522,Italy,Aphididae,Aphids,25,5,2025
43.8237388889,10.701125,Italy,Aphis spiraecola,Spiraea Aphid,25,5,2025
43.8237653906,10.7011294272,Italy,Aphididae,Aphids,25,5,2025
40.8424333333,14.2487333333,Italy,Aphididae,Aphids,25,5,2025
46.24712165,11.0597833333,Italy,Macrosiphini,,25,5,2025
43.7172336834,10.3785496205,Italy,Anoecia,,25,5,2025
45.7283968966,11.7773789008,Italy,Tetraneura akinire,Oriental Grass Root Aphid,25,5,2025
41.885727,12.5042762,Italy,Aleyrodes proletella,Cabbage Whitefly,21,5,2025
45.5209129125,10.2487919597,Italy,Aphis sambuci,Elder Aphid,25,5,2025
43.8206333333,11.22118,Italy,Icerya purchasi,Cottony cushion scale,25,5,2025
45.4126666667,9.1072694444,Italy,Takahashia japonica,String Cottony Scale,25,5,2025
45.5280716667,9.19685,Italy,Takahashia japonica,String Cottony Scale,25,5,2025
41.06375,14.5525388889,Italy,Tetraneura caerulescens,,25,5,2025
43.7201146162,10.3958482318,Italy,Aphididae,Aphids,25,5,2025
39.9834866559,9.2644560985,Italy,Brachycaudus cardui,Plum-thistle Aphid,15,5,2025
45.5159209,9.203108,Italy,Aphis,,25,5,2025
43.7371333333,10.4483666667,Italy,Tetraneura ulmi,Elm Sack Gall Aphid,25,5,2025
45.5778285,9.2268921,Italy,Aphis sambuci,Elder Aphid,25,5,2025
45.5779152,9.225824,Italy,Aphis sambuci,Elder Aphid,25,5,2025
43.5867707054,10.3997153854,Italy,Aphididae,Aphids,24,5,2025
43.5856976512,10.4014084908,Italy,Aphididae,Aphids,24,5,2025
43.5852920682,10.4010883226,Italy,Aphis fabae,Black Bean Aphid,24,5,2025
40.5346413693,9.803419716,Italy,Aphididae,Aphids,17,5,2025
43.752688767,10.4698370479,Italy,Megoura viciae,Vetch Aphid,24,5,2025
44.1773010315,12.3371750861,Italy,Aphis fabae,Black Bean Aphid,24,5,2025
45.4787416667,9.1086555,Italy,Takahashia japonica,String Cottony Scale,26,5,2025
44.4831444444,11.2188138889,Italy,Uroleucon,Large Daisy Aphids,26,5,2025
43.6047869997,13.4477893263,Italy,Tetraneura caerulescens,,26,5,2025
40.6158828899,14.3811300024,Italy,Aphidinae,,24,5,2025
45.3583803861,10.2385176223,Italy,Icerya purchasi,Cottony cushion scale,26,5,2025
44.6968986997,10.2143001,Italy,Tetraneura akinire,Oriental Grass Root Aphid,24,5,2025
44.7964332,10.3367146997,Italy,Lauritrioza alacris,Bay Sucker,23,5,2025
45.0425415401,7.6708046347,Italy,Cacopsylla pulchella,,26,5,2025
45.7006453015,9.2438365759,Italy,Takahashia japonica,String Cottony Scale,24,5,2025
42.9764242,10.4890173472,Italy,Hyalopterus,Mealy Plum-Reed Aphids,25,5,2025
42.9785481333,10.4874730972,Italy,Trioza kiefferi,,25,5,2025
42.102025,12.44892,Italy,Anoecia,,27,5,2025
37.5202325997,15.0835585,Italy,Macrosiphum rosae,Rose Aphid,27,5,2025
41.2655045876,14.5636917559,Italy,Aphis craccivora,Cowpea Aphid,27,5,2025
45.5082410879,10.9069625456,Italy,Parthenolecanium corni,European Fruit Scale,26,5,2025
46.1754796264,13.5979999545,Italy,Macrosiphum rosae,Rose Aphid,27,5,2025
40.5634885332,8.1635188871,Italy,Trioza kiefferi,,27,5,2025
41.7879659722,12.7122759722,Italy,Aphis,,27,5,2025
42.1158905,13.3381772217,Italy,Aphis,,27,5,2025
40.9467589951,8.8293033466,Italy,Aphis nerii,Oleander Aphid,27,5,2025
42.1319695,11.97532,Italy,Eriosoma lanuginosum,Elm Balloon-gall Aphid,27,5,2025
43.7228332857,10.4017581046,Italy,Sitobion,,19,5,2025
45.5271878469,9.0226181969,Italy,Takahashia japonica,String Cottony Scale,11,5,2025
42.0839995997,12.5534738,Italy,Aphidinae,,27,5,2025
45.926165,11.0440516667,Italy,Aphididae,Aphids,28,5,2025
45.9635391526,9.9736275896,Italy,Hyperomyzus,Currant-Daisy Aphids,25,5,2025
45.5197588821,10.2512746586,Italy,Aphis,,28,5,2025
45.6494528382,8.6330568418,Italy,Takahashia japonica,String Cottony Scale,28,5,2025
45.4541366667,12.3568383333,Italy,Aphis nerii,Oleander Aphid,27,5,2025
43.0063036,11.5111498997,Italy,Dysaphis plantaginea,Rosy Apple Aphid,24,5,2025
42.8049048,11.2666114,Italy,Kaltenbachiella pallida,Elm-mint Gall Aphid,28,5,2025
44.4936444444,11.2075555556,Italy,Lauritrioza alacris,Bay Sucker,28,5,2025
45.4623258871,7.7929403116,Italy,Aphididae,Aphids,28,5,2025
44.4722333333,11.0922111111,Italy,Aphididae,Aphids,28,5,2025
44.4654638889,11.0882777778,Italy,Tetraneura caerulescens,,28,5,2025
44.4653861111,11.088025,Italy,Tetraneura ulmi,Elm Sack Gall Aphid,28,5,2025
44.4646555556,11.0860861111,Italy,Aphis fabae,Black Bean Aphid,28,5,2025
43.6037503277,13.4497557208,Italy,Aphis nerii,Oleander Aphid,24,5,2025
41.8915416667,12.4891138889,Italy,Aphis nerii,Oleander Aphid,28,5,2025
37.7006260156,15.0052028631,Italy,Psyllidae,jumping plant lice,25,5,2025
37.7006260156,15.0052028631,Italy,Aphididae,Aphids,25,5,2025
37.7006260156,15.0052028631,Italy,Aphididae,Aphids,25,5,2025
37.7006260156,15.0052028631,Italy,Aphididae,Aphids,25,5,2025
45.524024646,10.2486290574,Italy,Macrosiphum rosae,Rose Aphid,29,5,2025
41.8255301521,13.2495323665,Italy,Aphididae,Aphids,29,5,2025
41.7963164595,13.2516029672,Italy,Aphididae,Aphids,29,5,2025
44.66457073,11.00489561,Italy,Eriosoma lanigerum,Woolly Apple Aphid,29,5,2025
44.66452253,11.00487134,Italy,Aphididae,Aphids,29,5,2025
41.3487841997,13.4309033,Italy,Aphididae,Aphids,25,5,2025
42.1323410999,12.0823298228,Italy,Macrosiphum rosae,Rose Aphid,29,5,2025
45.6428033333,12.2183883333,Italy,Tetraneura ulmi,Elm Sack Gall Aphid,29,5,2025
40.6260452222,14.5404701111,Italy,Brevicoryne brassicae,Cabbage Aphid,29,5,2025
45.6944417476,13.415880762,Italy,Tetraneura akinire,Oriental Grass Root Aphid,28,5,2025
42.7789047559,10.7940600067,Italy,Macrosiphini,,27,5,2025
43.4762884722,10.9749910167,Italy,Coccidae,Soft scales,29,5,2025
43.4762884722,10.9749910167,Italy,Lachnus,,29,5,2025
45.4918090241,8.7262086438,Italy,Macrosiphini,,30,5,2025
44.4991583333,11.0391861667,Italy,Macrosiphini,,30,5,2025
45.0244445556,7.6632671111,Italy,Aphis,,30,5,2025
44.6698169397,10.826411806,Italy,Coccoidea,Scale Insects,30,5,2025
45.7455220691,9.1225878149,Italy,Takahashia japonica,String Cottony Scale,30,5,2025
43.7707366667,10.716355,Italy,Hyalopterus pruni,Mealy Plum Aphid,30,5,2025
45.546273448,8.6154018715,Italy,Takahashia japonica,String Cottony Scale,30,5,2025
44.9916904225,9.5956858993,Italy,Pemphigus immunis,,29,5,2025
45.559846,9.040881,Italy,Takahashia japonica,String Cottony Scale,30,5,2025
41.9181060926,13.1199090306,Italy,Aphididae,Aphids,30,5,2025
45.7398638889,7.4631333333,Italy,Eucallipterus tiliae,Lime Leaf Aphid,31,5,2025
44.4784246884,10.6972654536,Italy,Aphididae,Aphids,30,5,2025
45.5985776531,8.9006228468,Italy,Takahashia japonica,String Cottony Scale,31,5,2025
43.6701211409,10.6495488349,Italy,Tetraneura ulmi,Elm Sack Gall Aphid,29,5,2025
44.225602467,11.7369235307,Italy,Psylloidea,Psylloids,6,5,2025
44.0990424483,10.9605567485,Italy,Pulvinaria,,31,5,2025
43.9980086588,11.7865115404,Italy,Aphididae,Aphids,30,5,2025
43.5580116667,12.128125,Italy,Uroleucon sonchi,Sow-thistle Aphid,30,5,2025
44.2291370445,11.737328209,Italy,Forda formicaria,Pistachio-Grass Root Aphid,6,5,2025
44.2291370445,11.737328209,Italy,Fordini,,6,5,2025
44.2291370445,11.737328209,Italy,Geoica utricularia,,6,5,2025
37.8805666667,15.1727966667,Italy,Eriosoma lanuginosum,Elm Balloon-gall Aphid,30,5,2025
37.6879257893,14.9815035242,Italy,Macrosiphini,,25,5,2025
44.2291370445,11.737328209,Italy,Sternorrhyncha,Plant-parasitic Hemipterans,6,5,2025
45.8454017639,8.7884454727,Italy,Aphis sambuci,Elder Aphid,31,5,2025
44.2291370445,11.737328209,Italy,Sternorrhyncha,Plant-parasitic Hemipterans,6,5,2025
44.4650722222,11.2158055556,Italy,Aphididae,Aphids,31,5,2025
44.4650722222,11.2158055556,Italy,Aphididae,Aphids,31,5,2025
42.069589,11.810745,Italy,Aphididae,Aphids,30,5,2025
46.4501183333,11.0840316667,Italy,Aphididae,Aphids,31,5,2025
44.2253934417,11.7373748124,Italy,Cinara,Giant Conifer Aphids,6,5,2025
44.4617444444,11.2156777778,Italy,Aphididae,Aphids,31,5,2025
44.4613472222,11.2144416667,Italy,Periphyllus,Periphyllus Aphids,31,5,2025
44.4613472222,11.2144416667,Italy,Periphyllus,Periphyllus Aphids,31,5,2025
44.2255029999,11.7376530915,Italy,Cacopsylla pulchella,,7,5,2025
44.2255029999,11.7376530915,Italy,Cacopsylla pulchella,,7,5,2025
44.1436083333,10.6618138889,Italy,Periphyllus,Periphyllus Aphids,30,5,2025
44.4603944444,11.2136638889,Italy,Aphididae,Aphids,31,5,2025
44.4550111111,11.2110194444,Italy,Aphididae,Aphids,31,5,2025
44.4584222222,11.2121944444,Italy,Aphis,,31,5,2025
45.771713022,10.0737649154,Italy,Psylloidea,Psylloids,1,6,2025
45.771713022,10.0737649154,Italy,Homotoma,,1,6,2025
44.4595416667,11.2119361111,Italy,Uroleucon jaceae,Large Knapweed Aphid,31,5,2025
41.9497038939,12.5252626464,Italy,Aphis nerii,Oleander Aphid,1,6,2025
44.4139822991,9.1541916132,Italy,Coccidae,Soft scales,1,6,2025
44.4743305556,11.2152722222,Italy,Aphidinae,,31,5,2025
43.55142,10.8733666667,Italy,Coccidae,Soft scales,25,5,2025
46.4242668152,12.5856237411,Italy,Psyllopsis fraxini,ash psyllid,1,6,2025
45.63524257,9.74322935,Italy,Takahashia japonica,String Cottony Scale,1,6,2025
41.0387197934,16.4235661005,Italy,Daktulosphaira vitifoliae,Grape Phylloxera,1,6,2025
41.070437775,16.467128243,Italy,Daktulosphaira vitifoliae,Grape Phylloxera,1,6,2025
38.4675716667,14.9576916667,Italy,Sitobion,,24,5,2025
42.11518371,13.33934374,Italy,Uroleucon aeneum,Dark-tailed Thistle Aphid,29,5,2025
44.67013009,10.61287007,Italy,Illinoia liriodendri,tuliptree aphid,2,6,2025
46.1118065,8.2910874,Italy,Macrosiphini,,2,6,2025
45.51669313,9.24938497,Italy,Takahashia japonica,String Cottony Scale,2,6,2025
45.4374232874,9.1449007764,Italy,Takahashia japonica,String Cottony Scale,2,6,2025
45.5213449997,9.2553058997,Italy,Takahashia japonica,String Cottony Scale,2,6,2025
45.6076611111,9.2994583333,Italy,Takahashia japonica,String Cottony Scale,2,6,2025
45.5399665833,9.3238306046,Italy,Takahashia japonica,String Cottony Scale,2,6,2025
43.66755,10.6384116667,Italy,Aphididae,Aphids,30,5,2025
38.56807,14.83525,Italy,Icerya purchasi,Cottony cushion scale,25,5,2025
38.5387383333,14.869845,Italy,Hyalopterus pruni,Mealy Plum Aphid,28,5,2025
38.54007,14.8621366667,Italy,Brevicoryne brassicae,Cabbage Aphid,30,5,2025
45.4113802058,11.8892210349,Italy,Aphididae,Aphids,3,6,2025
45.8906272,12.3107811,Italy,Macrosiphum rosae,Rose Aphid,3,6,2025
42.1200978,13.335154,Italy,Orthezia,,30,5,2025
42.1200978,13.335154,Italy,Tetraneura akinire,Oriental Grass Root Aphid,30,5,2025
44.527755,12.2422466667,Italy,Tetraneura akinire,Oriental Grass Root Aphid,28,5,2025
43.7113233333,11.926655,Italy,Aphididae,Aphids,3,6,2025
44.4285507309,8.8224086361,Italy,Aphididae,Aphids,2,6,2025
44.4099239509,12.2636997832,Italy,Livia junci,Tassel Gall,11,5,2025
45.6508033333,10.0409166667,Italy,Hyalopterus pruni,Mealy Plum Aphid,4,6,2025
42.7755283376,11.0938239713,Italy,Trioza urticae,,4,6,2025
41.9367003,12.5658704,Italy,Tetraneura ulmi,Elm Sack Gall Aphid,27,5,2025
45.4445725962,9.2076580971,Italy,Takahashia japonica,String Cottony Scale,4,6,2025
44.7293083333,10.39728,Italy,Lachninae,Giant Aphids,3,6,2025
46.6006690108,11.4097372815,Italy,Orthezia urticae,Nettle Ensign Scale,4,6,2025
46.5011966667,11.3537966667,Italy,Aphis nerii,Oleander Aphid,3,6,2025
43.3516366667,11.2979033333,Italy,Macrosiphum rosae,Rose Aphid,4,6,2025
41.073227692,9.4107851386,Italy,Filippiinae,,4,6,2025
46.0837258933,12.8756620735,Italy,Thecabius affinis,Poplar-Buttercup Gall Aphid,5,6,2025
45.6688479,9.2305799,Italy,Anoecia,,5,6,2025
40.3848991997,15.09636,Italy,Lauritrioza alacris,Bay Sucker,5,6,2025
44.5052027778,12.28055,Italy,Aphididae,Aphids,4,6,2025
44.5076111111,12.2800277778,Italy,Asterolecaniidae,Pit Scales,5,6,2025
46.120075,12.9460633333,Italy,Neopulvinaria innumerabilis,Cottony Maple Scale,5,6,2025
45.5459107031,9.0850747186,Italy,Takahashia japonica,String Cottony Scale,6,6,2025
45.5953366907,9.2189032629,Italy,Takahashia japonica,String Cottony Scale,6,6,2025
45.5209381589,9.3320284411,Italy,Lichtensia viburni,Viburnum scale,6,6,2025
40.6273614997,14.3711018997,Italy,Aphididae,Aphids,6,6,2025
42.9553270284,11.4861584459,Italy,Eriosoma lanuginosum,Elm Balloon-gall Aphid,6,6,2025
42.9552675241,11.4861750234,Italy,Tetraneura ulmi,Elm Sack Gall Aphid,6,6,2025
43.6174866667,13.51727,Italy,Eucallipterus tiliae,Lime Leaf Aphid,6,6,2025
43.61745,13.5172966667,Italy,Eucallipterus tiliae,Lime Leaf Aphid,6,6,2025
40.5256683333,8.3558016667,Italy,Protopulvinaria pyriformis,Pyriform Scale,6,6,2025
45.9194451151,13.5175834224,Italy,Tetraneura,,6,6,2025
43.6706706175,10.6547710383,Italy,Lauritrioza alacris,Bay Sucker,5,6,2025
40.9400034619,8.824467659,Italy,Aphis fabae,Black Bean Aphid,1,6,2025
44.4206055556,11.9717138889,Italy,Aphididae,Aphids,6,6,2025
45.4096698,10.9908728,Italy,Aphididae,Aphids,7,6,2025
45.4591434351,9.2215615643,Italy,Aphidinae,,4,6,2025
45.591174339,10.1452143952,Italy,Kermesidae,Gall-like Scales,7,6,2025
43.6708456838,10.6525591068,Italy,Chaitophorus populeti,Poplar Shoot Aphid,7,6,2025
43.6707288719,10.6525553291,Italy,Chaitophorus populeti,Poplar Shoot Aphid,7,6,2025
45.4842529297,9.1929445267,Italy,Takahashia japonica,String Cottony Scale,7,6,2025
44.3204563936,11.3513455912,Italy,Prociphilus,Woolly Aphids,12,5,2025
45.7073815612,9.714210704,Italy,Pulvinaria,,7,6,2025
44.5777862977,8.0522595606,Italy,Aphididae,Aphids,7,6,2025
42.090608482,12.2544503957,Italy,Aphidoidea,,7,6,2025
45.8878883333,12.0863333333,Italy,Planococcus,,6,6,2025
46.4566764722,11.2688922778,Italy,Tetraneura caerulescens,,7,6,2025
45.4680533333,9.1934533333,Italy,Icerya purchasi,Cottony cushion scale,7,6,2025
43.6135940556,11.4024333889,Italy,Aphis,,7,6,2025
44.4118852693,8.8773680101,Italy,Melanaphis sorghi,Sorghum Aphid,1,6,2025
44.53720217,10.55366475,Italy,Aphis craccivora,Cowpea Aphid,8,6,2025
45.8084666667,9.82393,Italy,Aphididae,Aphids,7,6,2025
43.6616594974,10.6641228817,Italy,Macrosiphoniella,Anthemid Aphids,8,6,2025
43.6610766815,10.6649970242,Italy,Tetraneura ulmi,Elm Sack Gall Aphid,8,6,2025
43.6602656271,10.6648374726,Italy,Tetraneura ulmi,Elm Sack Gall Aphid,8,6,2025
43.6589118343,10.6636918676,Italy,Aphididae,Aphids,8,6,2025
40.97112737,14.18736667,Italy,Aphididae,Aphids,8,6,2025
43.6134643333,11.3981876111,Italy,Brachycaudus cardui,Plum-thistle Aphid,8,6,2025
43.6211166111,11.3886718611,Italy,Aphis craccivora,Cowpea Aphid,8,6,2025
44.5763519174,8.0500445142,Italy,Tetraneura ulmi,Elm Sack Gall Aphid,8,6,2025
45.6628110073,8.8878167421,Italy,Takahashia japonica,String Cottony Scale,8,6,2025
44.499325,11.3527555556,Italy,Lauritrioza alacris,Bay Sucker,8,6,2025
44.4998416667,11.352925,Italy,Aphididae,Aphids,8,6,2025
44.7890783333,11.62953,Italy,Macrosiphum rosae,Rose Aphid,8,6,2025
44.7893116667,11.6297866667,Italy,Ceroplastes japonicus,Japanese Wax Scale,8,6,2025
43.6183730866,11.3944666242,Italy,Aphis,,8,6,2025
43.8128280556,11.2004318056,Italy,Hyalopterus,Mealy Plum-Reed Aphids,8,6,2025
37.692158315,15.1074675098,Italy,Aphis gossypii,Melon Aphid,8,6,2025
37.691883457,15.1076220721,Italy,Aphididae,Aphids,8,6,2025
43.8987576115,10.1215170153,Italy,Icerya purchasi,Cottony cushion scale,9,6,2025
42.1320667566,12.0756882057,Italy,Gossyparia spuria,European Elm Scale,9,6,2025
42.1320721667,12.0757028333,Italy,Gossyparia spuria,European Elm Scale,9,6,2025
40.8327155335,14.2340792481,Italy,Icerya purchasi,Cottony cushion scale,9,6,2025
46.6963783333,10.5433366667,Italy,Psyllopsis fraxini,ash psyllid,9,6,2025
40.6481313272,15.8088410273,Italy,Aphis,,6,5,2025
45.810786,8.8343559722,Italy,Saissetia oleae,Black Olive Scale,9,6,2025
44.4689702558,11.4218159392,Italy,Eucallipterus tiliae,Lime Leaf Aphid,28,6,2024
41.7689028522,12.3617273569,Italy,Eriosoma lanuginosum,Elm Balloon-gall Aphid,9,6,2025
45.7009444596,8.3681799844,Italy,Callipterinella tuberculata,Red-banded Birch Aphid,8,6,2025
45.9854226662,8.1566736289,Italy,Phyllaphis fagi,Woolly Beech Aphid,26,5,2025
43.761545,11.247166,Italy,Brachycaudus cardui,Plum-thistle Aphid,8,6,2025
43.8131190639,10.9490092222,Italy,Kermes,,9,6,2025
46.1932666667,10.7924694444,Italy,Aphididae,Aphids,9,6,2025
43.9189551678,10.1055912608,Italy,Icerya purchasi,Cottony cushion scale,10,6,2025
43.8645436518,10.0509171191,Italy,Icerya purchasi,Cottony cushion scale,10,6,2025
45.8773938187,11.1308509111,Italy,Psylla alni,Alder Sucker,6,7,2024
39.477425,15.9648333333,Italy,Daktulosphaira vitifoliae,Grape Phylloxera,7,6,2025
38.0864733,12.8067756997,Italy,Aploneura lentisci,Mealy Grass Root Aphid,6,6,2025
45.6507064884,9.6025416255,Italy,Takahashia japonica,String Cottony Scale,10,6,2025
45.7490772,9.7702908,Italy,Coccus hesperidum,Brown Soft Scale,9,6,2025
45.5235900879,9.3337430954,Italy,Eucallipterus tiliae,Lime Leaf Aphid,10,6,2025
40.1161516667,9.40875,Italy,Macrosiphini,,17,5,2025
45.6479,9.17878,Italy,Takahashia japonica,String Cottony Scale,27,5,2025
44.3258870631,11.3593047112,Italy,Pemphigus immunis,,12,5,2025
45.53176358,9.21706294,Italy,Takahashia japonica,String Cottony Scale,11,6,2025
44.4766149283,6.9851052761,Italy,Aphidoidea,,6,6,2025
41.8997933,12.4344137,Italy,Icerya purchasi,Cottony cushion scale,11,6,2025
45.4847194444,8.8488722222,Italy,Takahashia japonica,String Cottony Scale,15,5,2025
45.5367172415,10.7719479258,Italy,Toxoptera,,11,6,2025
43.61590575,11.43610475,Italy,Aphidoidea,,9,6,2025
43.6166152778,11.3994273889,Italy,Aphidoidea,,9,6,2025
43.7229003889,10.390275,Italy,Aphis nerii,Oleander Aphid,10,6,2025
43.8470802222,10.3505783056,Italy,Tetraneura,,11,6,2025
37.3404444444,13.7404055556,Italy,Aphis,,11,6,2025
40.8094747997,14.4996284,Italy,Planococcus,,12,6,2025
40.8097065997,14.4995478997,Italy,Planococcus,,12,6,2025
40.8096912997,14.499731,Italy,Planococcus ficus,vine mealybug,12,6,2025
43.252955,11.39498,Italy,Aphidinae,,10,6,2025
42.8359757784,11.496777298,Italy,Aphidoidea,,12,6,2025
42.4496166667,13.91133,Italy,Eriosoma lanuginosum,Elm Balloon-gall Aphid,10,6,2025
43.762654981,11.2522559295,Italy,Aphididae,Aphids,8,6,2025
39.504434,16.256678,Italy,Tetraneura akinire,Oriental Grass Root Aphid,17,5,2025
46.1987583333,10.7577166667,Italy,Aphididae,Aphids,13,6,2025
46.1422902997,12.2268738997,Italy,Tetraneura akinire,Oriental Grass Root Aphid,13,6,2025
42.1625471667,12.23297,Italy,Myzus cerasi,Black Cherry Aphid,13,6,2025
44.3685517331,7.5499698266,Italy,Tetraneura akinire,Oriental Grass Root Aphid,10,5,2025
42.3368573,13.4535251,Italy,Psyllidae,jumping plant lice,4,6,2025
42.3368573,13.4535251,Italy,Triozidae,,7,6,2025
44.1435555556,12.183442865,Italy,Aleurocanthus,,12,6,2025
44.1435722222,12.1834336823,Italy,Aleurocanthus,,12,6,2025
43.6148490833,11.4025173056,Italy,Aphididae,Aphids,12,6,2025
44.4991866213,11.3534145802,Italy,Eucallipterus tiliae,Lime Leaf Aphid,15,5,2025
43.0392055657,13.2218262926,Italy,Macrosiphini,,14,6,2025
38.1112235094,12.6785316299,Italy,Geoica,,8,6,2025
44.5036361111,10.5398805556,Italy,Aphididae,Aphids,14,6,2025
45.9776251183,9.2577879131,Italy,Aleyrodidae,Whiteflies,18,5,2025
38.0776060581,12.6455313174,Italy,Daktulosphaira vitifoliae,Grape Phylloxera,10,6,2025
45.528051305,9.1645280515,Italy,Takahashia japonica,String Cottony Scale,14,6,2025
42.1383105689,11.9780521095,Italy,Trialeurodes vaporariorum,Greenhouse Whitefly,13,6,2025
40.7446562309,13.9437495371,Italy,Glycaspis brimblecombei,Red Gum Lerp Psyllid,13,6,2025
46.1116455,8.2916474997,Italy,Eucallipterus tiliae,Lime Leaf Aphid,15,6,2025
45.6090876,8.9602401,Italy,Takahashia japonica,String Cottony Scale,15,6,2025
46.0939903259,10.4299554825,Italy,Aphis fabae,Black Bean Aphid,15,6,2025
37.0864521481,14.1905764863,Italy,Icerya purchasi,Cottony cushion scale,15,6,2025
45.0853275997,7.6704363997,Italy,Macrosiphum rosae,Rose Aphid,15,6,2025
44.51117,9.7398,Italy,Aphidini,,15,6,2025
46.0804519653,10.3659057617,Italy,Myzus cerasi,Black Cherry Aphid,15,6,2025
40.7532278962,13.8726658524,Italy,Euphyllura olivina,olive psyllid,14,6,2025
45.8633332907,8.8226301397,Italy,Aphis nerii,Oleander Aphid,15,6,2025
45.422255,9.1723783333,Italy,Takahashia japonica,String Cottony Scale,3,5,2025
45.7789003997,7.5563877,Italy,Aphididae,Aphids,15,6,2025
45.2990606997,9.5050793,Italy,Takahashia japonica,String Cottony Scale,12,6,2025
44.7194027981,8.2860608026,Italy,Icerya purchasi,Cottony cushion scale,15,6,2025
44.4735397625,11.2825861573,Italy,Pulvinaria,,17,5,2025
44.6854694444,10.6100666667,Italy,Coccus hesperidum,Brown Soft Scale,16,6,2025
43.3170863655,11.3389564678,Italy,Eucallipterus tiliae,Lime Leaf Aphid,16,6,2025
44.3571,8.444175,Italy,Macrosiphum rosae,Rose Aphid,16,6,2025
45.7269613207,12.2526928782,Italy,Aphididae,Aphids,16,6,2025
45.3988805608,11.8919766694,Italy,Aphididae,Aphids,15,6,2025
44.666556027,11.7337428286,Italy,Aphidini,,13,6,2025
44.1435555556,12.183442865,Italy,Aleurocanthus,,12,6,2025
44.1435722222,12.1834336823,Italy,Aleurocanthus,,12,6,2025
44.7614584745,10.4490317032,Italy,Macrosiphum rosae,Rose Aphid,2,6,2025
41.9158246,12.3516868,Italy,Toxoptera,,17,6,2025
46.2101555556,10.8180527778,Italy,Psylla alni,Alder Sucker,17,6,2025
45.5243349,9.00126854,Italy,Takahashia japonica,String Cottony Scale,17,6,2025
42.1314695,12.0580833333,Italy,Brachycaudus cardui,Plum-thistle Aphid,17,6,2025
45.6942555556,9.4057916667,Italy,Coccoidea,Scale Insects,17,6,2025
45.4487073065,12.4721126631,Italy,Leucaspis,,18,6,2025
44.1508728891,9.6512887627,Italy,Icerya purchasi,Cottony cushion scale,18,6,2025
45.522835,9.1854133333,Italy,Takahashia japonica,String Cottony Scale,18,6,2025
46.1115411997,8.2912715,Italy,Eucallipterus tiliae,Lime Leaf Aphid,19,6,2025
46.1114069997,8.2915735997,Italy,Aphididae,Aphids,19,6,2025
43.7228332857,10.4017581046,Italy,Aphididae,Aphids,19,6,2025
37.9691583,13.4551193,Italy,Aleurothrixus floccosus,Woolly Whitefly,18,6,2025
43.7228385,10.4017581,Italy,Rhopalosiphum,Cherry-Grass Aphids,9,6,2025
43.7065792536,10.3739492517,Italy,Sitobion,,9,6,2025
43.7067014586,10.3591842707,Italy,Aphididae,Aphids,9,6,2025
43.6976720455,10.3470038281,Italy,Aphididae,Aphids,11,6,2025
43.7023533361,10.3763535218,Italy,Aphididae,Aphids,11,6,2025
45.4800302716,11.8487833813,Italy,Aphis craccivora,Cowpea Aphid,19,6,2025
42.1329833333,12.070575,Italy,Aphidinae,,19,6,2025
43.3201019132,11.3390776977,Italy,Tetraneura ulmi,Elm Sack Gall Aphid,3,5,2025
44.3649749793,7.5445952017,Italy,Aphidinae,,24,5,2025
45.0377782318,7.4645156041,Italy,Shivaphis celti,Asian Woolly Hackberry Aphid,18,6,2025
38.9993296473,9.0080729127,Italy,Pulvinaria,,18,6,2025
45.8569150929,12.1424105018,Italy,Tetraneura ulmi,Elm Sack Gall Aphid,20,6,2025
40.939162866,14.7130221874,Italy,Aphididae,Aphids,20,6,2025
45.6399922539,9.0406179149,Italy,Takahashia japonica,String Cottony Scale,7,6,2025
44.4942611111,11.2076055556,Italy,Trialeurodes,,20,6,2025
40.7535063705,16.3845380619,Italy,Aphis fabae,Black Bean Aphid,2,5,2025
45.6437083333,10.02095,Italy,Daktulosphaira vitifoliae,Grape Phylloxera,21,6,2025
42.0276418877,12.9201713204,Italy,Tetraneura ulmi,Elm Sack Gall Aphid,21,6,2025
42.0277121199,12.9199768603,Italy,Eriosoma lanuginosum,Elm Balloon-gall Aphid,21,6,2025
43.6568306287,10.6905933142,Italy,Tetraneura ulmi,Elm Sack Gall Aphid,21,6,2025
45.8393153362,7.6157450862,Italy,Brachycaudus cardui,Plum-thistle Aphid,21,6,2025
40.9319944432,15.6005594507,Italy,Hyalopterus,Mealy Plum-Reed Aphids,19,6,2025
44.4269027778,11.9072611111,Italy,Chaitophorus populeti,Poplar Shoot Aphid,21,6,2025
37.0748941,14.2395245972,Italy,Brevicoryne brassicae,Cabbage Aphid,15,6,2025
45.8718558361,11.3290454341,Italy,Neopulvinaria innumerabilis,Cottony Maple Scale,20,6,2025
44.307038,11.03031,Italy,Macrosiphum rosae,Rose Aphid,22,6,2025
40.7657329383,17.2406192429,Italy,Unaspis euonymi,Euonymus Scale,22,6,2025
42.7877527196,11.4827192735,Italy,Psylloidea,Psylloids,21,5,2025
43.724263,10.516429,Italy,Aphis nerii,Oleander Aphid,23,6,2025
45.8398813661,7.6163559593,Italy,Metopolophium dirhodum,Rose Grain Aphid,23,6,2025
45.8381445142,7.6199630275,Italy,Aphis gossypii,Melon Aphid,23,6,2025
45.6392722222,11.3092972222,Italy,Aphididae,Aphids,17,6,2025
41.7689703685,12.361957524,Italy,Eriosoma lanigerum,Woolly Apple Aphid,23,6,2025
45.4607866667,9.1639778333,Italy,Takahashia japonica,String Cottony Scale,23,6,2025
46.5393388889,11.4587,Italy,Aphididae,Aphids,23,6,2025
45.4720971238,9.1772244126,Italy,Takahashia japonica,String Cottony Scale,24,6,2025
46.6269958908,10.928702876,Italy,Eriosoma lanigerum,Woolly Apple Aphid,24,6,2025
45.6964068733,9.1199731994,Italy,Myzus persicae,Green Peach Aphid,25,5,2025
41.7397575255,12.2516965268,Italy,Trialeurodes,,25,4,2025
45.671468233,8.1921161123,Italy,Aphis,,21,6,2025
41.9522689,12.5271784,Italy,Tetraneura akinire,Oriental Grass Root Aphid,24,6,2025
44.2770728889,10.7014980278,Italy,Aphidoidea,,22,6,2025
41.9494425559,12.1592066175,Italy,Pseudococcidae,Mealybugs,25,6,2025
41.8234842542,12.1766484051,Italy,Aleyrodoidea,Whiteflies,25,6,2025
44.1452838569,9.6535870805,Italy,Forda formicaria,Pistachio-Grass Root Aphid,25,6,2025
41.9802216951,12.5348351151,Italy,Aphis,,25,6,2025
46.6249115,10.9323285,Italy,Eriosoma lanigerum,Woolly Apple Aphid,26,6,2025
44.5001354661,8.9745784966,Italy,Tetraneura ulmi,Elm Sack Gall Aphid,26,6,2025
45.8918412282,9.1578109619,Italy,Aphis,,26,6,2025
45.4608083333,9.1640611667,Italy,Takahashia japonica,String Cottony Scale,23,6,2025
46.0467305,11.4737216667,Italy,Eriosoma lanigerum,Woolly Apple Aphid,12,6,2025
45.5361333333,12.2013366667,Italy,Aphis,,10,5,2025
45.3949966667,12.1501583333,Italy,Ceroplastes japonicus,Japanese Wax Scale,17,4,2025
45.668545,8.69718,Italy,Takahashia japonica,String Cottony Scale,27,6,2025
44.5021555556,12.2196361111,Italy,Ceroplastes,Wax Scales,26,6,2025
46.0373334371,11.0976428166,Italy,Aphis nerii,Oleander Aphid,29,7,2024
46.0413990619,8.8021754403,Italy,Phyllaphis fagi,Woolly Beech Aphid,27,6,2025
43.9025427692,10.1062154503,Italy,Trialeurodes vaporariorum,Greenhouse Whitefly,27,6,2025
45.5277966,9.2059067997,Italy,Takahashia japonica,String Cottony Scale,28,6,2025
45.4788974026,9.1175415739,Italy,Takahashia japonica,String Cottony Scale,24,6,2025
41.9523720997,12.5273219,Italy,Tetraneura akinire,Oriental Grass Root Aphid,29,6,2025
41.9523720997,12.5273219,Italy,Tetraneura akinire,Oriental Grass Root Aphid,29,6,2025
45.9385681111,8.48423575,Italy,Trialeurodes vaporariorum,Greenhouse Whitefly,29,6,2025
37.878775,15.1741016667,Italy,Aphis nerii,Oleander Aphid,27,5,2025
45.6457541788,11.122112794,Italy,Rhopalosiphum padi,Bird Cherry-oat Aphid,18,5,2025
45.4203149188,11.5478442463,Italy,Ceroplastes japonicus,Japanese Wax Scale,24,5,2025
46.6972881123,12.2169236094,Italy,Brachycaudus cardui,Plum-thistle Aphid,30,6,2025
45.4793616667,9.1207695,Italy,Takahashia japonica,String Cottony Scale,30,6,2025
45.52120995,9.3306900188,Italy,Takahashia japonica,String Cottony Scale,30,6,2025
40.7550877778,16.385598078,Italy,Tetraneura caerulescens,,2,5,2025
45.9497778297,11.0249355063,Italy,Tuberolachnus salignus,Giant Willow Aphid,11,8,2024
46.4137638889,13.4449888889,Italy,Adelges abietis,Pineapple-gall Adelgid,28,6,2025
43.7828154423,11.0369065404,Italy,Saissetia oleae,Black Olive Scale,1,7,2025
45.4785133333,12.25345,Italy,Ceroplastes japonicus,Japanese Wax Scale,7,10,2024
46.6281084,10.9164993997,Italy,Aphis spiraecola,Spiraea Aphid,2,7,2025
45.7830442756,9.0481811078,Italy,Takahashia japonica,String Cottony Scale,3,7,2025
45.2684232406,7.4815049674,Italy,Eriosoma lanuginosum,Elm Balloon-gall Aphid,3,7,2025
45.6446366667,13.0567416667,Italy,Ceroplastes japonicus,Japanese Wax Scale,3,7,2025
46.76226583,10.53270359,Italy,Tetraneura ulmi,Elm Sack Gall Aphid,4,7,2025
42.8759132425,12.0186198503,Italy,Parthenolecanium,,4,7,2025
41.9597080018,12.8021340072,Italy,Hyalopterus pruni,Mealy Plum Aphid,5,6,2025
45.5164416667,9.2375633333,Italy,Takahashia japonica,String Cottony Scale,4,7,2025
45.54015,12.2083716667,Italy,Aphis spiraecola,Spiraea Aphid,4,5,2025
45.1292535936,7.2367045283,Italy,Daktulosphaira vitifoliae,Grape Phylloxera,5,7,2025
43.9378419412,12.4549542446,Italy,Macrosiphum euphorbiae,Potato Aphid,10,6,2025
39.9206725305,8.4519921798,Italy,Daktulosphaira vitifoliae,Grape Phylloxera,2,7,2025
41.9880799722,13.067904,Italy,Unaspis euonymi,Euonymus Scale,6,7,2025
44.2174633333,10.7196916667,Italy,Aphidoidea,,6,7,2025
45.1591861667,10.8009466667,Italy,Pemphigus immunis,,6,7,2025
45.7072888,13.71418881,Italy,Anoecia,,7,5,2025
38.9722566,8.4427733,Italy,Saissetia oleae,Black Olive Scale,7,7,2025
39.1542182035,8.2879648358,Italy,Icerya purchasi,Cottony cushion scale,7,5,2025
39.2179112492,9.1636670144,Italy,Aploneura lentisci,Mealy Grass Root Aphid,30,3,2024
43.5388169165,11.4483389631,Italy,Ceroplastes,Wax Scales,7,7,2025
43.5918741829,11.6303882003,Italy,Saissetia oleae,Black Olive Scale,8,7,2025
44.1254379411,10.457316041,Italy,Aphis,,24,5,2025
43.645421138,11.628125757,Italy,Planococcus,,8,7,2025
44.4205556462,12.1963862702,Italy,Ceroplastes,Wax Scales,9,7,2025
44.9797670342,10.7275506109,Italy,Icerya purchasi,Cottony cushion scale,9,7,2025
45.6472512434,13.7623487117,Italy,Hoplocallis picta,Painted Holm Oak Aphid,6,4,2025
45.6457283163,13.7721715604,Italy,Ceroplastes japonicus,Japanese Wax Scale,6,4,2025
45.6521306503,13.786204097,Italy,Aphis aurantii,Black Citrus Aphid,6,4,2025
44.10645,9.7286972222,Italy,Daktulosphaira vitifoliae,Grape Phylloxera,8,7,2025
44.685475,10.6100166667,Italy,Coccus hesperidum,Brown Soft Scale,10,7,2025
46.21131147,11.10793057,Italy,Aphis craccivora,Cowpea Aphid,11,7,2025
38.0364528333,14.0253388333,Italy,Glycaspis brimblecombei,Red Gum Lerp Psyllid,11,7,2025
40.2854611111,15.49495,Italy,Brachycaudus cardui,Plum-thistle Aphid,7,7,2025
46.685208,11.2976799722,Italy,Tuberolachnus salignus,Giant Willow Aphid,11,7,2025
45.6756646675,13.7569377199,Italy,Ceroplastes japonicus,Japanese Wax Scale,12,7,2025
43.6042485101,13.4478070987,Italy,Tetraneura ulmi,Elm Sack Gall Aphid,24,5,2025
44.32164,9.3652477222,Italy,Ceroplastes rusci,Fig Wax Scale,12,7,2025
39.0361083,8.3671216,Italy,Glycaspis brimblecombei,Red Gum Lerp Psyllid,12,7,2025
38.9702565997,8.4405066,Italy,Aploneura lentisci,Mealy Grass Root Aphid,8,7,2025
46.6352958762,12.0905691531,Italy,Puto,,11,7,2025
45.54796,9.1097199722,Italy,Saissetia oleae,Black Olive Scale,14,7,2025
45.8284214002,10.8120010088,Italy,Geoica,,14,7,2025
45.4378865997,12.3422149997,Italy,Homotoma ficus,Mediterranean fig psyllid,14,7,2025
44.72646,10.2034028167,Italy,Aphis ruborum,Small Bramble Aphid,9,5,2025
45.4414151875,9.1467782508,Italy,Takahashia japonica,String Cottony Scale,15,7,2025
39.3670329722,16.22652,Italy,Ceroplastes rusci,Fig Wax Scale,15,7,2025
40.37065,17.31732,Italy,Coccus hesperidum,Brown Soft Scale,15,7,2025
44.84845075,10.0024577167,Italy,Aphididae,Aphids,4,6,2025
44.8418665569,9.994846447,Italy,Aphidinae,,4,6,2025
44.8428333333,11.6257216667,Italy,Ceroplastes,Wax Scales,16,7,2025
40.8734115486,14.30602815,Italy,Ceroplastes rusci,Fig Wax Scale,16,7,2025
44.1759109413,12.3391123116,Italy,Planococcus,,16,7,2025
44.8858472,8.0557099,Italy,Aphis fabae,Black Bean Aphid,16,7,2025
45.6913687832,11.7010929144,Italy,Tetraneura akinire,Oriental Grass Root Aphid,16,7,2025
45.0751346241,11.7843372057,Italy,Icerya purchasi,Cottony cushion scale,16,7,2025
44.4882333333,11.2270138889,Italy,Ceroplastes japonicus,Japanese Wax Scale,16,7,2025
45.5160806999,9.1135273129,Italy,Takahashia japonica,String Cottony Scale,17,7,2025
46.3039216833,10.73688915,Italy,Aphididae,Aphids,8,7,2025
46.37212,10.6550087,Italy,Aphididae,Aphids,11,7,2025
41.8355134051,12.4144164634,Italy,Phenacoccus,,18,7,2025
40.630883769,14.3941588327,Italy,Daktulosphaira vitifoliae,Grape Phylloxera,18,7,2025
44.1394027778,9.6778555556,Italy,Forda formicaria,Pistachio-Grass Root Aphid,18,7,2025
45.482055,9.1626611667,Italy,Takahashia japonica,String Cottony Scale,17,7,2025
41.93492149,12.51944894,Italy,Ceroplastes rusci,Fig Wax Scale,18,7,2025
41.9349114997,12.5195386997,Italy,Ceroplastes rusci,Fig Wax Scale,18,7,2025
41.9349674997,12.5195352997,Italy,Ceroplastes rusci,Fig Wax Scale,18,7,2025
41.9835531476,12.8145455942,Italy,Geoica utricularia,,9,7,2025
40.7435535199,16.3877626111,Italy,Aphis gossypii,Melon Aphid,7,5,2025
43.8077382224,10.2650494986,Italy,Icerya purchasi,Cottony cushion scale,18,7,2025
46.064571,9.73334234,Italy,Aphis fabae,Black Bean Aphid,19,7,2025
44.9530193788,6.7934292555,Italy,Aphis fabae,Black Bean Aphid,19,7,2025
40.7434568463,16.3883205873,Italy,Uroleucon sonchi,Sow-thistle Aphid,7,5,2025
43.6544175501,10.668661671,Italy,Eriosomatinae,Woolly Aphids and Gall-making Aphids,19,7,2025
45.4556388855,9.2453346252,Italy,Icerya purchasi,Cottony cushion scale,20,7,2025
40.6596627358,17.205729472,Italy,Unaspis euonymi,Euonymus Scale,20,7,2025
41.8561070063,12.5033191592,Italy,Aleyrodinae,,20,7,2025
38.265075,15.2371066,Italy,Geoica utricularia,,20,7,2025
38.9677658081,8.978468895,Italy,Glycaspis brimblecombei,Red Gum Lerp Psyllid,19,7,2025
38.9673652649,8.9781217575,Italy,Glycaspis brimblecombei,Red Gum Lerp Psyllid,19,7,2025
45.4796142578,9.2288064957,Italy,Takahashia japonica,String Cottony Scale,22,7,2025
43.1036148071,10.5708036423,Italy,Glycaspis brimblecombei,Red Gum Lerp Psyllid,22,7,2025
42.1373481674,12.1028636768,Italy,Icerya purchasi,Cottony cushion scale,22,7,2025
45.5212584083,10.2502885283,Italy,Aphis,,23,7,2025
45.6847333333,9.6342333333,Italy,Takahashia japonica,String Cottony Scale,23,7,2025
45.4264916667,9.26425,Italy,Takahashia japonica,String Cottony Scale,12,7,2025
42.7187633333,13.0031611167,Italy,Unaspis euonymi,Euonymus Scale,23,7,2025
42.1696712,12.2200935,Italy,Aphis craccivora,Cowpea Aphid,24,7,2025
42.1413336726,12.5406363979,Italy,Ceroplastes rusci,Fig Wax Scale,24,7,2025
45.1520477663,7.6161918417,Italy,Lachnus roboris,Variegated Oak Aphid,24,7,2025
43.7740379966,10.3741813079,Italy,Lauritrioza alacris,Bay Sucker,24,7,2025
42.7860412597,10.1682147978,Italy,Lachnus,,24,7,2025
40.8212888889,14.4342166667,Italy,Pemphigus spyrothecae,Poplar Spiral Gall Aphid,24,7,2025
37.3330703582,14.7457918235,Italy,Ceroplastes rusci,Fig Wax Scale,25,7,2025
43.7740384808,10.3741655499,Italy,Lauritrioza alacris,Bay Sucker,25,7,2025
43.7740333968,10.3741551563,Italy,Lauritrioza alacris,Bay Sucker,25,7,2025
45.5205621109,10.2496826723,Italy,Aphis nerii,Oleander Aphid,25,7,2025
46.4942717072,11.3466466963,Italy,Aphis nerii,Oleander Aphid,24,7,2025
44.1984517987,12.4101928622,Italy,Aphis nerii,Oleander Aphid,26,7,2025
38.9667167664,8.9797725677,Italy,Aphididae,Aphids,26,7,2025
46.2734888889,9.3378333333,Italy,Uroleucon sonchi,Sow-thistle Aphid,27,7,2025
45.7277332997,9.7314883,Italy,Daktulosphaira vitifoliae,Grape Phylloxera,27,7,2025
41.554463,14.6774669,Italy,Myzus cerasi,Black Cherry Aphid,27,7,2025
45.5042034489,9.1762179136,Italy,Takahashia japonica,String Cottony Scale,27,7,2025
42.1480204441,14.1608380644,Italy,Aphis craccivora,Cowpea Aphid,27,7,2025
44.1979352427,12.4042966962,Italy,Eulachnus,Pine Needle Aphids,28,7,2025
45.223345036,8.1886416301,Italy,Takahashia japonica,String Cottony Scale,24,6,2025
45.6072843544,9.0133206797,Italy,Takahashia japonica,String Cottony Scale,25,5,2025
43.2439969854,12.04539123,Italy,Pemphigus immunis,,28,7,2025
40.9046235316,16.4225885429,Italy,Hyalopterus pruni,Mealy Plum Aphid,10,5,2025
45.7233684295,9.7190161602,Italy,Ceroplastes,Wax Scales,26,7,2025
43.235582872,11.1886950702,Italy,Pemphigus immunis,,29,7,2025
44.9601307,8.1537489,Italy,Daktulosphaira vitifoliae,Grape Phylloxera,31,7,2025
42.9170472222,13.8996916667,Italy,Aleyrodes proletella,Cabbage Whitefly,31,7,2025
45.8314611111,8.8541333333,Italy,Aphididae,Aphids,31,7,2025
45.4576093831,9.3152773753,Italy,Icerya purchasi,Cottony cushion scale,31,7,2025
42.4368171692,12.1358385086,Italy,Tetraneura ulmi,Elm Sack Gall Aphid,31,7,2025
44.7020792225,12.2045494461,Italy,Pemphigus spyrothecae,Poplar Spiral Gall Aphid,14,7,2025
44.514166438,12.26909068,Italy,Ceroplastes japonicus,Japanese Wax Scale,14,7,2025
46.3977581682,12.6481578592,Italy,Uroleucon,Large Daisy Aphids,1,8,2025
45.7966197428,10.0207835063,Italy,Adelges,,29,5,2025
45.9854360745,8.1566476823,Italy,Eucallipterus tiliae,Lime Leaf Aphid,2,7,2025
45.5675666667,9.2655111111,Italy,Takahashia japonica,String Cottony Scale,28,7,2025
41.9526091,12.5243381,Italy,Phenacoccus,,2,8,2025
40.9012317097,14.1951067373,Italy,Aphis gossypii,Melon Aphid,2,8,2025
45.4767734716,9.1036379519,Italy,Takahashia japonica,String Cottony Scale,4,6,2025
45.673748557,8.1912335528,Italy,Eucallipterus tiliae,Lime Leaf Aphid,2,8,2025
45.7071638889,9.6394777778,Italy,Daktulosphaira vitifoliae,Grape Phylloxera,2,8,2025
45.7072333333,9.6394222222,Italy,Daktulosphaira vitifoliae,Grape Phylloxera,2,8,2025
43.2423839335,12.0448569327,Italy,Aphis,,1,8,2025
43.2422387135,12.0449925866,Italy,Ceroplastes rusci,Fig Wax Scale,1,8,2025
43.8697682932,10.9156408533,Italy,Aphididae,Aphids,3,8,2025
43.2859420776,13.7433452606,Italy,Aphis nerii,Oleander Aphid,4,8,2025
43.6930102718,11.3929890609,Italy,Ceroplastes,Wax Scales,4,8,2025
38.0286979444,13.9828328889,Italy,Glycaspis brimblecombei,Red Gum Lerp Psyllid,4,8,2025
45.5968994997,12.8823211,Italy,Icerya purchasi,Cottony cushion scale,4,8,2025
43.8287912973,11.8169023097,Italy,Phyllaphis fagi,Woolly Beech Aphid,9,6,2025
45.4763664354,9.1036774998,Italy,Takahashia japonica,String Cottony Scale,5,8,2025
45.4768692555,9.1039079904,Italy,Takahashia japonica,String Cottony Scale,5,8,2025
45.4767352826,9.1035714483,Italy,Takahashia japonica,String Cottony Scale,5,8,2025
45.4772686372,9.1043716851,Italy,Takahashia japonica,String Cottony Scale,5,8,2025
45.4773300344,9.1042605392,Italy,Takahashia japonica,String Cottony Scale,5,8,2025
45.4773227849,9.1041148061,Italy,Takahashia japonica,String Cottony Scale,5,8,2025
45.4773441294,9.1043278915,Italy,Takahashia japonica,String Cottony Scale,5,8,2025
45.4781456327,9.1050995676,Italy,Takahashia japonica,String Cottony Scale,5,8,2025
45.4781615394,9.1050496006,Italy,Takahashia japonica,String Cottony Scale,5,8,2025
45.4781969699,9.1050196198,Italy,Takahashia japonica,String Cottony Scale,5,8,2025
45.4777688389,9.1032464363,Italy,Takahashia japonica,String Cottony Scale,6,8,2025
45.4760814006,9.1022476914,Italy,Takahashia japonica,String Cottony Scale,6,8,2025
45.4761049681,9.1023082868,Italy,Takahashia japonica,String Cottony Scale,6,8,2025
45.4760624715,9.1023087961,Italy,Takahashia japonica,String Cottony Scale,6,8,2025
43.6016628484,10.581481196,Italy,Lauritrioza alacris,Bay Sucker,6,8,2025
43.7740273444,10.3741155937,Italy,Lauritrioza alacris,Bay Sucker,6,8,2025
38.0390604942,13.4752283245,Italy,Daktulosphaira vitifoliae,Grape Phylloxera,6,8,2025
44.4943027778,11.2096222222,Italy,Ceroplastes,Wax Scales,6,8,2025
43.1760633333,10.6277716667,Italy,Uroleucon sonchi,Sow-thistle Aphid,6,8,2025
40.8261433333,15.2423733333,Italy,Phylloxera glabra,,7,8,2025
43.72258,10.3966633333,Italy,Lauritrioza alacris,Bay Sucker,6,8,2025
44.2122649,10.3339193997,Italy,Eriosoma lanuginosum,Elm Balloon-gall Aphid,7,8,2025
41.9862472222,13.8016777778,Italy,Forda formicaria,Pistachio-Grass Root Aphid,7,8,2025
41.89575444,12.58675051,Italy,Ceroplastes rusci,Fig Wax Scale,7,8,2025
46.2478585395,10.8109394717,Italy,Aphidoidea,,7,8,2025
43.3595939658,11.7423895374,Italy,Glycaspis brimblecombei,Red Gum Lerp Psyllid,7,8,2025
45.4011316003,9.2386570573,Italy,Takahashia japonica,String Cottony Scale,15,5,2025
43.2865219116,13.742316246,Italy,Glycaspis brimblecombei,Red Gum Lerp Psyllid,8,8,2025
41.0348361111,9.4722027778,Italy,Trioza,,30,7,2025
41.032961302,9.4714101274,Italy,Icerya purchasi,Cottony cushion scale,30,7,2025
45.5732657751,10.5460854247,Italy,Coccus hesperidum,Brown Soft Scale,8,8,2025
45.5734218451,10.5459375679,Italy,Aphis hederae,ivy aphid,8,8,2025
45.6905520295,12.1752420813,Italy,Aphis spiraecola,Spiraea Aphid,8,8,2025
46.4446866667,11.59767,Italy,Adelges abietis,Pineapple-gall Adelgid,8,8,2025
45.5734518856,10.5465551466,Italy,Aphis nerii,Oleander Aphid,8,8,2025
41.0362194444,9.4705972222,Italy,Aploneura lentisci,Mealy Grass Root Aphid,3,8,2025
44.7835888889,8.9335194444,Italy,Tetraneura caerulescens,,18,5,2024
44.7836027778,8.9335027778,Italy,Tetraneura caerulescens,,18,5,2024
42.8000000794,10.1920334995,Italy,Daktulosphaira vitifoliae,Grape Phylloxera,2,8,2025
42.5298843384,12.1934518814,Italy,Icerya purchasi,Cottony cushion scale,9,8,2025
44.4645989949,11.1049209908,Italy,Aphidinae,,21,6,2025
44.1693590155,7.3431769088,Italy,Aphididae,Aphids,22,6,2025
45.1930699997,9.1308538997,Italy,Eriosoma lanigerum,Woolly Apple Aphid,4,8,2025
44.3044008261,12.3435238749,Italy,Ceroplastes japonicus,Japanese Wax Scale,9,8,2025
46.477518785,11.5576128289,Italy,Tuberolachnus salignus,Giant Willow Aphid,11,8,2025
40.721010676,16.4318017691,Italy,Macrosiphum potentillae,,12,5,2025
44.3297257186,11.096540764,Italy,Panaphis juglandis,Walnut Aphid,6,7,2025
46.1719883333,10.8002383333,Italy,Pemphigus populinigrae,Poplar-cudweed Pouch Gall Aphid,12,8,2025
45.6913565892,7.1869616384,Italy,Aphis nerii,Oleander Aphid,12,8,2025
45.3069971867,11.980252862,Italy,Ceroplastes japonicus,Japanese Wax Scale,13,8,2025
45.3072549181,11.9805639982,Italy,Daktulosphaira vitifoliae,Grape Phylloxera,11,8,2025
45.7946835,7.4969612807,Italy,Tuberolachnus salignus,Giant Willow Aphid,13,8,2025
40.7923966905,14.0541664221,Italy,Icerya purchasi,Cottony cushion scale,14,8,2025
45.9856708337,8.156759143,Italy,Euceraphis,Birch Aphids,9,7,2025
46.40543,11.145768,Italy,Myzus cerasi,Black Cherry Aphid,12,8,2025
45.073061,7.8749859722,Italy,Phyllaphis fagi,Woolly Beech Aphid,22,7,2025
39.5074803408,16.7525333379,Italy,Ceroplastes rusci,Fig Wax Scale,15,8,2025
42.4546139425,12.8927658498,Italy,Panaphis juglandis,Walnut Aphid,15,8,2025
46.3981416945,11.5908639062,Italy,Aphis sambuci,Elder Aphid,14,8,2025
39.8176150997,9.2772845,Italy,Pseudococcidae,Mealybugs,15,8,2025
42.8309966591,13.9109202031,Italy,Daktulosphaira vitifoliae,Grape Phylloxera,15,8,2025
43.8913199977,12.092743367,Italy,Pemphigus vesicarius,,15,8,2025
45.8675880087,9.1380667386,Italy,Takahashia japonica,String Cottony Scale,25,5,2025
40.7911004835,14.0534567509,Italy,Aphis spiraecola,Spiraea Aphid,16,8,2025
40.7889213562,14.0629472733,Italy,Aleyrodidae,Whiteflies,16,8,2025
41.9072220808,12.4896106695,Italy,Ceroplastes rusci,Fig Wax Scale,7,8,2025
40.8242798705,16.4103510758,Italy,Macrosiphum euphorbiae,Potato Aphid,16,5,2025
40.6212417877,16.4096239954,Italy,Geoica utricularia,,9,8,2025
40.85493,17.1237861667,Italy,Ceroplastes rusci,Fig Wax Scale,17,8,2025
44.1002555556,10.7546888889,Italy,Aphididae,Aphids,18,8,2025
45.1627720333,8.2316737333,Italy,Daktulosphaira vitifoliae,Grape Phylloxera,16,8,2025
45.5574583333,10.5771666667,Italy,Forda formicaria,Pistachio-Grass Root Aphid,19,8,2025
45.5573519044,10.5772576787,Italy,Forda formicaria,Pistachio-Grass Root Aphid,19,8,2025
45.5114361111,9.2102944444,Italy,Takahashia japonica,String Cottony Scale,19,8,2025
37.5604982686,14.9068340458,Italy,Aphis nerii,Oleander Aphid,19,8,2025
45.6951866667,10.09295,Italy,Ceroplastes japonicus,Japanese Wax Scale,20,8,2025
46.4970947098,11.8742864951,Italy,Cacopsylla sorbi,,3,8,2025
42.1007222222,14.0593416667,Italy,Aphis,,20,8,2025
46.4957488914,11.8731200695,Italy,Aphis craccae,Tufted Vetch Aphid,3,8,2025
46.1542249,10.1567579,Italy,Aphididae,Aphids,22,8,2025
45.440425,11.0309888889,Italy,Planococcus citri,Citrus Mealybug,22,8,2025
37.8882857752,16.0734304231,Italy,Ceroplastes rusci,Fig Wax Scale,17,8,2025
45.5371243,9.2374935,Italy,Aphidomorpha,Aphids and Allies,22,8,2025
37.7297286944,15.1041259722,Italy,Macrosiphum euphorbiae,Potato Aphid,23,8,2025
44.6332318272,8.7307837978,Italy,Daktulosphaira vitifoliae,Grape Phylloxera,5,7,2025
44.6313717356,8.7301453482,Italy,Icerya purchasi,Cottony cushion scale,9,7,2025
46.5249503525,11.8578224257,Italy,Uroleucon solidaginis,Goldenrod Aphid,4,8,2025
44.4762349699,6.9354503752,Italy,Macrosiphini,,2,8,2025
45.5745434997,8.983632,Italy,Ceroplastes,Wax Scales,24,8,2025
45.2825121,10.2013395,Italy,Daktulosphaira vitifoliae,Grape Phylloxera,24,8,2025
44.0181675833,8.1905547157,Italy,Eriosoma lanigerum,Woolly Apple Aphid,24,8,2025
45.3460696008,11.9208583608,Italy,Icerya purchasi,Cottony cushion scale,17,8,2025
44.4089721944,10.0067194444,Italy,Sitobion,,25,6,2025
42.11167112,13.3407115,Italy,Phylloxera quercus,,25,8,2025
44.4291937696,8.7986180506,Italy,Daktulosphaira vitifoliae,Grape Phylloxera,25,8,2025
43.8446665801,10.2490822622,Italy,Icerya purchasi,Cottony cushion scale,23,8,2025
40.82649,15.243015,Italy,Pemphigus immunis,,26,8,2025
45.0674624838,11.7909700423,Italy,Aphididae,Aphids,25,8,2025
37.9729675403,12.0682873204,Italy,Aploneura lentisci,Mealy Grass Root Aphid,26,8,2025
41.9349461997,12.5194758997,Italy,Aleurocanthus spiniferus,Orange spiny whitefly,26,8,2025
42.1189434,13.3306263,Italy,Phylloxera quercus,,26,8,2025
41.948911,12.544969,Italy,Coccinae,,26,8,2025
45.0719150358,7.6556877047,Italy,Aleurothrixus floccosus,Woolly Whitefly,27,8,2025
41.7703368448,12.3659895821,Italy,Eriosoma lanuginosum,Elm Balloon-gall Aphid,27,8,2025
45.8356181231,8.631743226,Italy,Daktulosphaira vitifoliae,Grape Phylloxera,27,8,2025
44.5575865489,7.0915848686,Italy,Cinara,Giant Conifer Aphids,6,8,2025
39.50335408,8.61971367,Italy,Glycaspis brimblecombei,Red Gum Lerp Psyllid,29,8,2025
44.4903583333,11.2083194444,Italy,Coccidae,Soft scales,29,8,2025
43.5583868954,11.2658168376,Italy,Eriosoma lanuginosum,Elm Balloon-gall Aphid,29,8,2025
45.4998055556,7.7586555556,Italy,Adelges abietis,Pineapple-gall Adelgid,30,8,2025
45.4623861111,7.8723138889,Italy,Adelges abietis,Pineapple-gall Adelgid,30,8,2025
46.1648130348,10.1818592101,Italy,Aphidinae,,30,8,2025
46.4115810491,11.6589440033,Italy,Anoecia,,30,8,2025
37.9391116667,12.8418616667,Italy,Icerya purchasi,Cottony cushion scale,30,8,2025
40.822149931,16.352619412,Italy,Uroleucon sonchi,Sow-thistle Aphid,18,5,2025
37.9562536106,12.0680974877,Italy,Icerya purchasi,Cottony cushion scale,28,8,2025
46.7163746,11.649633,Italy,Anoecia,,31,8,2025
45.9082452001,13.5283923894,Italy,Pemphigus immunis,,31,8,2025
45.5593043156,9.0416635573,Italy,Takahashia japonica,String Cottony Scale,27,8,2025
40.7146259773,17.7871662799,Italy,Trabutina mannipara,Manna Scale-insect,31,8,2025
44.8459914,11.6302602997,Italy,Ceroplastes,Wax Scales,1,9,2025
45.3672089006,10.4387739301,Italy,Coccidae,Soft scales,31,8,2025
45.639425,11.3172916667,Italy,Daktulosphaira vitifoliae,Grape Phylloxera,27,8,2025
45.1255712472,8.4537692741,Italy,Pseudococcidae,Mealybugs,2,9,2025
45.7258987427,9.2229547501,Italy,Takahashia japonica,String Cottony Scale,2,9,2025
38.22678,15.2386666667,Italy,Phenacoccus,,30,8,2025
45.6532260068,10.0360661434,Italy,Daktulosphaira vitifoliae,Grape Phylloxera,3,9,2025
45.0653158813,7.5694603845,Italy,Homotoma ficus,Mediterranean fig psyllid,4,9,2025
41.6233133333,12.6459366667,Italy,Aleurocanthus,,1,9,2025
44.4656611111,11.1996333333,Italy,Thecabius,,4,9,2025
44.3172912598,9.3290405273,Italy,Aphis nerii,Oleander Aphid,5,9,2025
44.4508613738,8.1362430549,Italy,Stomaphis,,5,9,2025
44.3680835704,8.0897626733,Italy,Stomaphis,,5,9,2025
38.6740026324,16.557299292,Italy,Phyllaphis fagi,Woolly Beech Aphid,5,9,2025
40.6599295563,17.0833425509,Italy,Unaspis euonymi,Euonymus Scale,27,7,2025
39.265400162,9.5813853666,Italy,Aploneura lentisci,Mealy Grass Root Aphid,6,9,2025
46.5473393764,11.1419056566,Italy,Tuberolachnus salignus,Giant Willow Aphid,6,9,2025
45.5368466667,12.20235,Italy,Ceroplastes,Wax Scales,5,9,2025
40.4888058239,17.3465769372,Italy,Daktulosphaira vitifoliae,Grape Phylloxera,31,8,2025
45.3976995062,11.8873552824,Italy,Ceroplastes japonicus,Japanese Wax Scale,14,4,2025
46.3775283333,10.9202333333,Italy,Aphididae,Aphids,7,9,2025
41.6105079166,13.0769977346,Italy,Icerya purchasi,Cottony cushion scale,1,9,2025
46.496774126,11.8828866631,Italy,Aphidinae,,7,8,2025
45.6219111598,11.0309087858,Italy,Coccus hesperidum,Brown Soft Scale,7,9,2025
45.0728250358,7.6924858509,Italy,Icerya purchasi,Cottony cushion scale,30,8,2025
45.80484105,11.71336559,Italy,Icerya purchasi,Cottony cushion scale,8,9,2025
40.7674177573,16.7618438409,Italy,Geoica utricularia,,8,9,2025
40.7674149049,16.7618474172,Italy,Baizongia pistaciae,Pistacia Horn Gall Aphid,8,9,2025
46.5282374848,11.8895713985,Italy,Psyllopsis,,8,8,2025
44.3357827318,7.4291772514,Italy,Stomaphis,,9,9,2025
43.6380054209,12.7103830129,Italy,Forda formicaria,Pistachio-Grass Root Aphid,9,9,2025
41.8496579722,12.6310599722,Italy,Aploneura lentisci,Mealy Grass Root Aphid,10,9,2025
43.7207286197,11.0342333838,Italy,Daktulosphaira vitifoliae,Grape Phylloxera,10,9,2025
43.7071383333,10.4377416667,Italy,Aphis nerii,Oleander Aphid,11,9,2025
45.6153344627,9.4842218236,Italy,Aphididae,Aphids,15,6,2025
44.500925,11.3532805556,Italy,Coccinae,,11,9,2025
45.740795,13.671225,Italy,Ceroplastes,Wax Scales,11,9,2025
41.9524230997,12.5239302,Italy,Icerya purchasi,Cottony cushion scale,12,9,2025
40.9484276915,8.8929772764,Italy,Ceroplastes,Wax Scales,13,9,2025
45.7203716667,9.64952,Italy,Adelges abietis,Pineapple-gall Adelgid,13,9,2025
46.4970501652,11.8747920915,Italy,Adelgidae,Adelgids,8,8,2025
46.54819222,11.8751615658,Italy,Periphyllus lyropictus,Norway Maple Aphid,9,8,2025
42.9086430997,13.9023277,Italy,Hyalopterus pruni,Mealy Plum Aphid,13,9,2025
46.5491230805,11.8726570532,Italy,Adelges,,9,8,2025
45.720495,9.6491783333,Italy,Adelges abietis,Pineapple-gall Adelgid,13,9,2025
45.7203142685,9.6491188788,Italy,Physokermes,,13,9,2025
44.1457520357,9.6592156962,Italy,Baizongia pistaciae,Pistacia Horn Gall Aphid,13,9,2025
44.1457835522,9.6595509723,Italy,Forda formicaria,Pistachio-Grass Root Aphid,13,9,2025
43.5431135978,13.387184487,Italy,Aphis,,17,8,2025
45.1140422417,10.8710333705,Italy,Daktulosphaira vitifoliae,Grape Phylloxera,13,9,2025
43.7128876883,10.4117969424,Italy,Aphis,,14,9,2025
42.7755283376,11.0938239713,Italy,Ceroplastes rusci,Fig Wax Scale,13,9,2025
45.4400111111,10.9658666667,Italy,Planococcus citri,Citrus Mealybug,14,9,2025
45.6006088849,8.5913565706,Italy,Coccidae,Soft scales,8,9,2025
44.9262786763,8.2503860362,Italy,Ceroplastes japonicus,Japanese Wax Scale,14,9,2025
44.5484131901,10.7899763435,Italy,Icerya purchasi,Cottony cushion scale,15,9,2025
37.5842216667,15.1742083333,Italy,Phenacoccus,,24,5,2025
45.4416666667,10.9856916667,Italy,Eulachnus,Pine Needle Aphids,15,9,2025
39.2851334845,16.3340029472,Italy,Ceroplastes rusci,Fig Wax Scale,7,8,2025
44.1394027778,9.6778555556,Italy,Baizongia pistaciae,Pistacia Horn Gall Aphid,18,7,2025
45.3353946,10.3408138,Italy,Pseudococcus,,15,9,2025
42.1798818997,14.1634087997,Italy,Lachnus,,15,9,2025
44.477709,11.417147,Italy,Icerya purchasi,Cottony cushion scale,16,9,2025
44.8448231465,10.7315705717,Italy,Ceroplastes ceriferus,Indian Wax Scale,16,9,2025
43.783875,11.254875,Italy,Aphis gossypii,Melon Aphid,31,8,2025
45.7966916543,8.8537264573,Italy,Takahashia japonica,String Cottony Scale,17,9,2025
45.6666178371,9.7594830394,Italy,Takahashia japonica,String Cottony Scale,17,9,2025
44.3245892266,7.5725985691,Italy,Trialeurodes vaporariorum,Greenhouse Whitefly,17,9,2025
45.1231557,10.4426081,Italy,Aphidoidea,,17,9,2025
38.019436165,13.9496720321,Italy,Aphididae,Aphids,17,9,2025
45.5287645758,9.1949231439,Italy,Diaspididae,Armored Scale Insects,18,9,2025
42.2135088588,12.6024928028,Italy,Aploneura lentisci,Mealy Grass Root Aphid,19,9,2025
42.2135783333,12.6026366667,Italy,Aploneura lentisci,Mealy Grass Root Aphid,19,9,2025
36.7051845075,14.7857129019,Italy,Aphis nerii,Oleander Aphid,19,9,2025
46.5002189757,11.9914380088,Italy,Adelges,,11,8,2025
37.72186,14.8439133333,Italy,Baizongia pistaciae,Pistacia Horn Gall Aphid,20,9,2025
45.1651099135,7.572915405,Italy,Thysanoptera,Thrips,21,9,2023
39.2338173038,9.2113474756,Italy,Thysanoptera,Thrips,30,9,2023
39.2284666667,9.1099083333,Italy,Phlaeothripidae,Tube-tailed Thrips,10,10,2023
39.2023944151,9.1408261657,Italy,Gynaikothrips,,25,10,2023
45.4683462162,11.6022736207,Italy,Phlaeothripidae,Tube-tailed Thrips,17,11,2023
39.2022329611,9.1409055917,Italy,Gynaikothrips uzeli,Weeping Fig Thrips,26,11,2023
42.3368573,13.4535251,Italy,Thysanoptera,Thrips,12,12,2023
45.9020671307,11.2996717271,Italy,Gynaikothrips,,1,2,2024
37.2910721558,14.7965988144,Italy,Aeolothrips,,18,2,2024
45.9117578646,11.3080952521,Italy,Gynaikothrips,,18,2,2024
45.4255379258,8.5065532065,Italy,Phlaeothripidae,Tube-tailed Thrips,19,2,2024
45.5935633333,8.7227833333,Italy,Thysanoptera,Thrips,24,2,2024
45.5674204626,9.3660898134,Italy,Thysanoptera,Thrips,22,3,2024
41.8622209997,12.5694262997,Italy,Phlaeothripidae,Tube-tailed Thrips,28,3,2024
41.8624952997,12.5731277,Italy,Phlaeothripidae,Tube-tailed Thrips,28,3,2024
42.3368573,13.4535251,Italy,Thysanoptera,Thrips,31,3,2024
42.3988575474,13.641957414,Italy,Thysanoptera,Thrips,13,4,2024
42.3988575474,13.641957414,Italy,Thysanoptera,Thrips,13,4,2024
43.5445979341,13.3611569926,Italy,Aeolothrips,,19,4,2024
44.5000914,11.3532902,Italy,Thysanoptera,Thrips,10,4,2024
37.969145,13.4549202,Italy,Aeolothrips,,9,4,2024
44.4639890644,11.1066587269,Italy,Phlaeothripidae,Tube-tailed Thrips,21,4,2024
38.2072,15.252575,Italy,Thysanoptera,Thrips,27,4,2024
38.269003158,15.2249127254,Italy,Thysanoptera,Thrips,29,4,2024
38.20851531,15.2566355467,Italy,Aeolothrips,,27,4,2024
44.4996777778,11.3525083333,Italy,Thripinae,,30,4,2024
38.2085218962,15.2567699924,Italy,Terebrantia,,27,4,2024
38.2085279555,15.2567575872,Italy,Thysanoptera,Thrips,27,4,2024
38.2082484412,15.257479137,Italy,Thysanoptera,Thrips,27,4,2024
44.4651805556,11.2157361111,Italy,Thripoidea,,3,5,2024
38.2692336981,15.2262593441,Italy,Aeolothrips,,29,4,2024
39.6154472956,16.6419042572,Italy,Thysanoptera,Thrips,3,5,2024
44.4885166667,11.203775,Italy,Thysanoptera,Thrips,9,5,2024
44.4607761165,11.1034890264,Italy,Aeolothrips,,10,5,2024
45.6894823,13.7833072,Italy,Thripinae,,13,5,2024
42.1244138333,12.0596945,Italy,Thysanoptera,Thrips,23,5,2024
40.8041223854,16.3626280865,Italy,Aeolothrips,,27,4,2024
43.0090166,11.1743003,Italy,Thysanoptera,Thrips,26,5,2024
44.2764861111,11.867375,Italy,Thripinae,,5,6,2024
44.3352919823,11.1306296289,Italy,Phlaeothripidae,Tube-tailed Thrips,7,4,2024
41.9151555997,12.4753194,Italy,Heliothripidae,,9,6,2024
44.4935805556,11.2073694444,Italy,Thripidae,Common Thrips,11,6,2024
44.2899476598,10.7047642395,Italy,Terebrantia,,17,6,2024
42.4098575252,13.5916286169,Italy,Thysanoptera,Thrips,18,6,2024
38.2128236113,15.2424091307,Italy,Terebrantia,,21,6,2024
39.1109949222,16.5291086957,Italy,Aeolothrips,,25,6,2024
44.4962561361,11.3536566496,Italy,Compsothrips albosignatus,,2,7,2024
45.995339602,11.5293071865,Italy,Gynaikothrips,,5,7,2024
46.4967692792,11.3369267061,Italy,Thysanoptera,Thrips,16,6,2024
45.1856118,9.4918275,Italy,Heliothripidae,,23,5,2024
44.6641837,9.10426803,Italy,Thripinae,,23,7,2024
38.1646944399,14.9302912987,Italy,Thripidae,Common Thrips,7,7,2024
38.1646944399,14.9302912987,Italy,Thysanoptera,Thrips,7,7,2024
44.9191874313,7.4845382944,Italy,Thripinae,,3,8,2024
46.4306944444,11.7190138889,Italy,Thripoidea,,7,8,2024
46.4299522469,11.7159147933,Italy,Phlaeothripidae,Tube-tailed Thrips,7,8,2024
44.8530963008,9.8720211536,Italy,Klambothrips myopori,Naio Thrips,14,8,2024
46.2842744046,11.4838614687,Italy,Aeolothrips,,11,8,2024
46.1917533671,10.8838486365,Italy,Thripinae,,12,8,2024
44.8333413761,11.4629213545,Italy,Gynaikothrips,,18,8,2024
45.3678147365,8.1794456765,Italy,Heliothripidae,,26,8,2024
45.0057844283,7.5353661552,Italy,Aeolothrips,,8,9,2024
42.4026515756,13.7071165195,Italy,Thripinae,,7,9,2024
39.9429362427,9.1801748425,Italy,Compsothrips albosignatus,,8,6,2024
44.501012,11.354169,Italy,Compsothrips albosignatus,,24,9,2024
44.4895796089,8.4645701945,Italy,Thripinae,,7,6,2024
42.2583335555,13.4739545487,Italy,Thripidae,Common Thrips,22,9,2024
37.9422033333,12.8315533333,Italy,Aeolothrips,,2,10,2024
40.7088541,13.9222859,Italy,Phlaeothripidae,Tube-tailed Thrips,6,10,2024
45.5338494855,8.3247623965,Italy,Thysanoptera,Thrips,11,9,2024
42.3094972994,13.7402722522,Italy,Phlaeothripidae,Tube-tailed Thrips,24,11,2024
45.6116856947,8.6939042844,Italy,Phlaeothripidae,Tube-tailed Thrips,9,11,2024
40.6434545474,17.9346613418,Italy,Terebrantia,,2,12,2024
45.3593035005,11.2802583598,Italy,Thysanoptera,Thrips,27,7,2024
42.3368573,13.4535251,Italy,Phlaeothripidae,Tube-tailed Thrips,28,12,2024
37.0693796416,14.249000003,Italy,Gynaikothrips,,3,12,2024
45.6954972582,11.6129771731,Italy,Gynaikothrips,,24,1,2025
41.9492899623,12.5449322909,Italy,Thysanoptera,Thrips,18,2,2025
38.1646944399,14.9302912987,Italy,Thripidae,Common Thrips,19,3,2025
41.9528092997,12.5277305997,Italy,Thripidae,Common Thrips,21,3,2025
42.3368573,13.4535251,Italy,Idolothripinae,,16,3,2025
39.2527787,9.2659123,Italy,Aeolothrips,,6,4,2025
42.3368573,13.4535251,Italy,Phlaeothripidae,Tube-tailed Thrips,4,4,2025
37.0642555,15.2927133333,Italy,Gynaikothrips ficorum,Cuban Laurel Thrips,11,4,2025
45.6842975209,11.6835583966,Italy,Klambothrips myopori,Naio Thrips,18,4,2025
45.6928563991,11.6837940452,Italy,Klambothrips myopori,Naio Thrips,19,4,2025
44.8331823997,11.4625541,Italy,Phlaeothripidae,Tube-tailed Thrips,25,4,2025
45.01494802,7.62199862,Italy,Klambothrips myopori,Naio Thrips,28,4,2025
38.2670886715,15.236036756,Italy,Klambothrips myopori,Naio Thrips,28,4,2025
45.0121222222,7.6277388889,Italy,Phlaeothripidae,Tube-tailed Thrips,28,4,2025
45.9070974631,13.290317195,Italy,Phlaeothripidae,Tube-tailed Thrips,19,4,2025
43.0234848896,10.8078834414,Italy,Phlaeothripidae,Tube-tailed Thrips,22,4,2025
45.6714557466,8.1921527154,Italy,Phlaeothripidae,Tube-tailed Thrips,11,5,2025
37.5819351,13.9474827,Italy,Thysanoptera,Thrips,13,5,2025
44.2243780967,11.7352964357,Italy,Phlaeothripidae,Tube-tailed Thrips,5,5,2025
42.0899591,12.099589,Italy,Phlaeothripidae,Tube-tailed Thrips,17,5,2025
38.1646944399,14.9302912987,Italy,Aeolothripidae,Banded Thrips,20,5,2025
38.1646944399,14.9302912987,Italy,Aeolothripidae,Banded Thrips,20,5,2025
45.6948389698,11.387886013,Italy,Klambothrips myopori,Naio Thrips,21,5,2025
45.4283381645,9.2363184837,Italy,Thysanoptera,Thrips,22,5,2025
45.7679366667,12.2646866667,Italy,Thysanoptera,Thrips,24,5,2025
46.4867365794,11.2101239689,Italy,Thysanoptera,Thrips,24,5,2025
45.6719557231,8.1917616052,Italy,Phlaeothripidae,Tube-tailed Thrips,24,5,2025
38.1646944399,14.9302912987,Italy,Phlaeothripidae,Tube-tailed Thrips,26,5,2025
38.5384333333,14.86467,Italy,Aeolothrips,,31,5,2025
39.056871,17.134644,Italy,Thysanoptera,Thrips,9,6,2025
45.57413,8.4422366667,Italy,Heliothrips haemorrhoidalis,Greenhouse Thrips,10,6,2025
45.0576251019,8.9979743958,Italy,Thrips tabaci,Onion Thrips,10,6,2025
43.8188403967,11.1924618461,Italy,Thysanoptera,Thrips,12,6,2025
45.3480766,11.9587776,Italy,Thysanoptera,Thrips,19,6,2025
45.0646471667,7.68842,Italy,Frankliniella,,26,6,2025
45.8999145499,9.3913605809,Italy,Phlaeothripidae,Tube-tailed Thrips,29,6,2025
41.7723666667,12.6698166667,Italy,Panchaetothripinae,,2,7,2025
43.7639309722,11.248939,Italy,Terebrantia,,10,7,2025
45.53507,12.2017866667,Italy,Frankliniella,,11,7,2025
42.12338349,12.1156443153,Italy,Aeolothrips,,14,7,2025
45.7033721129,13.7193511159,Italy,Compsothrips albosignatus,,14,7,2025
44.9530193788,6.7934292555,Italy,Terebrantia,,19,7,2025
45.4521859722,9.1934349722,Italy,Phlaeothripidae,Tube-tailed Thrips,20,7,2025
37.0693361667,14.22905,Italy,Phlaeothripidae,Tube-tailed Thrips,9,8,2025
45.670713082,8.6407111736,Italy,Thysanoptera,Thrips,20,8,2025
45.46918384,7.19170133,Italy,Aeolothrips,,22,8,2025
46.0243971104,10.3441221267,Italy,Aeolothripidae,Banded Thrips,7,9,2025
43.9829985186,11.3474958638,Italy,Frankliniella,,4,9,2025
45.6153344627,9.4842218236,Italy,Frankliniella,,15,6,2025
37.6670566667,14.9964283333,Italy,Thysanoptera,Thrips,30,5,2025
44.500675,11.3543083333,Italy,Aleurocanthus,,27,9,2023
44.653897,10.898884,Italy,Aleurocanthus,,5,10,2023
44.654301,10.899879,Italy,Aleyrodidae,Whiteflies,5,10,2023
44.654621,10.900771,Italy,Aleyrodidae,Whiteflies,5,10,2023
44.653386,10.89825,Italy,Aleurocanthus,,5,10,2023
45.4417700038,10.9826508164,Italy,Bemisia,,12,10,2023
40.3414998051,15.267546773,Italy,Aleyrodinae,,15,10,2023
42.7755283376,11.0938239713,Italy,Aleyrodidae,Whiteflies,22,10,2023
42.3368573,13.4535251,Italy,Aleyrodidae,Whiteflies,15,10,2023
45.7255616667,9.71377,Italy,Aleyrodidae,Whiteflies,4,11,2023
44.4998217715,11.3534377143,Italy,Aleurocanthus,,30,11,2023
45.0693766997,7.6347319,Italy,Bemisia,,2,12,2023
45.3095294,11.6771758997,Italy,Aleyrodinae,,9,12,2023
44.1764260071,12.3379318044,Italy,Aleyrodes proletella,Cabbage Whitefly,12,12,2023
44.4845444444,11.2406527778,Italy,Aleyrodidae,Whiteflies,20,12,2023
45.6814096796,8.4738914042,Italy,Aleuroplatus coronata,Crown Whitefly,16,2,2024
43.837005,11.193995,Italy,Aleurocanthus,,21,2,2024
41.9489239722,12.5449179722,Italy,Aleurothrixus floccosus,Woolly Whitefly,1,3,2024
41.8954866667,12.4889016667,Italy,Aleurothrixus floccosus,Woolly Whitefly,16,3,2024
45.738403,13.688994,Italy,Aleyrodidae,Whiteflies,17,4,2024
37.4702871891,15.069466643,Italy,Aleyrodinae,,18,4,2024
45.5658392051,9.0919330117,Italy,Trialeurodes vaporariorum,Greenhouse Whitefly,26,4,2024
42.1298240338,12.5070597453,Italy,Aleyrodinae,,26,4,2024
41.5510391582,14.691719651,Italy,Trialeurodes vaporariorum,Greenhouse Whitefly,30,4,2024
38.1799565997,15.2401066,Italy,Aleurocanthus,,26,4,2024
45.7384032,13.6889939,Italy,Aleyrodidae,Whiteflies,11,4,2024
38.2240521916,15.2394538486,Italy,Aleyrodidae,Whiteflies,26,4,2024
43.8178107,11.2021183997,Italy,Aleyrodes proletella,Cabbage Whitefly,10,5,2024
45.3587269,10.739731,Italy,Trialeurodes vaporariorum,Greenhouse Whitefly,11,5,2024
44.4680233,11.6284711,Italy,Aleurocanthus,,11,5,2024
45.6894823,13.7833072,Italy,Aleyrodidae,Whiteflies,13,5,2024
41.9416008194,12.5186610594,Italy,Aleyrodidae,Whiteflies,14,5,2024
38.1146,13.3671416667,Italy,Aleyrodinae,,22,5,2024
43.7673042543,11.2577797472,Italy,Aleyrodes proletella,Cabbage Whitefly,22,5,2024
42.7755283376,11.0938239713,Italy,Aleurocanthus,,20,5,2024
42.7755283376,11.0938239713,Italy,Aleyrodinae,,13,4,2024
46.6149200439,10.8548985422,Italy,Aleyrodidae,Whiteflies,9,6,2024
45.820888505,8.7191220608,Italy,Aleyrodinae,,17,5,2024
41.9419666695,12.5203096122,Italy,Aleyrodidae,Whiteflies,15,6,2024
42.2117593997,12.5854964997,Italy,Aleurocanthus,,16,6,2024
45.9611166667,8.4508083333,Italy,Bemisia,,29,6,2024
45.0389407848,9.7050958872,Italy,Trialeurodes vaporariorum,Greenhouse Whitefly,8,7,2024
44.842675,11.6256383333,Italy,Aleurocanthus,,18,7,2024
45.4534992564,12.3528555352,Italy,Trialeurodes vaporariorum,Greenhouse Whitefly,22,7,2024
44.83925,11.6175537,Italy,Aleyrodidae,Whiteflies,19,5,2024
42.9185916667,13.2742444444,Italy,Aleyrodinae,,29,7,2024
38.23155975,15.2486133333,Italy,Bemisia,,14,7,2024
45.657517,9.9627623,Italy,Aleyrodidae,Whiteflies,31,7,2024
44.8333800462,11.4612639993,Italy,Aleyrodinae,,1,8,2024
44.8465213734,11.6149202362,Italy,Aleuroplatus coronata,Crown Whitefly,1,8,2024
44.1436666667,12.1833333333,Italy,Aleurocanthus spiniferus,Orange spiny whitefly,30,7,2024
44.1437617513,12.1832943501,Italy,Aleurocanthus spiniferus,Orange spiny whitefly,30,7,2024
44.9366555556,12.2701694444,Italy,Aleurodicus dugesii,Giant Whitefly,12,8,2024
44.1283266669,12.1691497617,Italy,Aleurocanthus spiniferus,Orange spiny whitefly,13,8,2024
45.3055672632,11.8606109172,Italy,Aleyrodidae,Whiteflies,18,8,2024
44.1442177778,12.1826488889,Italy,Aleurocanthus spiniferus,Orange spiny whitefly,28,8,2024
44.1356722222,12.1796111111,Italy,Aleurocanthus spiniferus,Orange spiny whitefly,27,8,2024
45.9486769773,9.7061363679,Italy,Aleyrodidae,Whiteflies,17,8,2024
44.1266628205,12.1727501282,Italy,Aleurocanthus spiniferus,Orange spiny whitefly,14,9,2024
38.6429611111,15.8874888889,Italy,Aleurocanthus spiniferus,Orange spiny whitefly,25,9,2024
45.521633,11.552452,Italy,Aleyrodinae,,27,10,2024
41.948897,12.5449269722,Italy,Aleyrodidae,Whiteflies,18,11,2024
45.7752161152,13.5274314745,Italy,Aleyrodes proletella,Cabbage Whitefly,27,9,2024
40.8077795077,14.053066079,Italy,Aleurocanthus,,28,11,2024
42.1961653794,14.5449401925,Italy,Aleurocanthus,,20,12,2024
44.4935638889,11.207675,Italy,Aleurocanthus,,23,7,2024
37.4603315248,15.0830030814,Italy,Aleurocanthus spiniferus,Orange spiny whitefly,8,3,2025
37.1656754177,14.4370499225,Italy,Aleurocanthus spiniferus,Orange spiny whitefly,23,3,2025
41.120525,16.868375,Italy,Trialeurodes vaporariorum,Greenhouse Whitefly,4,4,2025
42.7755283376,11.0938239713,Italy,Aleyrodinae,,15,3,2025
40.5503278349,14.2567240817,Italy,Trialeurodes vaporariorum,Greenhouse Whitefly,12,4,2025
41.84794451,12.6192799777,Italy,Aleurocanthus,,19,4,2025
41.9346452225,12.5195455179,Italy,Trialeurodes vaporariorum,Greenhouse Whitefly,20,4,2025
45.2600938758,8.7299070774,Italy,Aleyrodinae,,22,4,2025
45.3649537946,10.3893586233,Italy,Trialeurodes vaporariorum,Greenhouse Whitefly,26,4,2025
38.2086048144,15.2452942134,Italy,Aleurodicus dugesii,Giant Whitefly,27,4,2025
45.1291007882,8.4507377073,Italy,Aleyrodidae,Whiteflies,4,5,2025
40.7582021073,14.4114600867,Italy,Aleyrodidae,Whiteflies,9,5,2025
45.4903221389,12.4076444283,Italy,Trialeurodes vaporariorum,Greenhouse Whitefly,9,5,2025
44.2796594122,11.8943416369,Italy,Aleurocanthus,,12,5,2025
41.9524207,12.5244331,Italy,Trialeurodes vaporariorum,Greenhouse Whitefly,15,5,2025
41.9522979997,12.5239308997,Italy,Trialeurodes vaporariorum,Greenhouse Whitefly,15,5,2025
42.1319,12.0813638333,Italy,Aleyrodes proletella,Cabbage Whitefly,18,5,2025
40.8825706455,14.2966689169,Italy,Aleyrodinae,,22,5,2025
40.1183861667,16.634255,Italy,Aleurocanthus spiniferus,Orange spiny whitefly,21,5,2025
40.5932466667,17.0754916667,Italy,Aleurocanthus spiniferus,Orange spiny whitefly,21,5,2025
41.885727,12.5042762,Italy,Aleyrodes proletella,Cabbage Whitefly,21,5,2025
44.1435555556,12.183442865,Italy,Aleurocanthus,,12,6,2025
44.1435722222,12.1834336823,Italy,Aleurocanthus,,12,6,2025
45.9776251183,9.2577879131,Italy,Aleyrodidae,Whiteflies,18,5,2025
42.1383105689,11.9780521095,Italy,Trialeurodes vaporariorum,Greenhouse Whitefly,13,6,2025
44.1435555556,12.183442865,Italy,Aleurocanthus,,12,6,2025
44.1435722222,12.1834336823,Italy,Aleurocanthus,,12,6,2025
37.9691583,13.4551193,Italy,Aleurothrixus floccosus,Woolly Whitefly,18,6,2025
44.4942611111,11.2076055556,Italy,Trialeurodes,,20,6,2025
41.7397575255,12.2516965268,Italy,Trialeurodes,,25,4,2025
43.9025427692,10.1062154503,Italy,Trialeurodes vaporariorum,Greenhouse Whitefly,27,6,2025
45.9385681111,8.48423575,Italy,Trialeurodes vaporariorum,Greenhouse Whitefly,29,6,2025
41.8561070063,12.5033191592,Italy,Aleyrodinae,,20,7,2025
42.9170472222,13.8996916667,Italy,Aleyrodes proletella,Cabbage Whitefly,31,7,2025
40.7889213562,14.0629472733,Italy,Aleyrodidae,Whiteflies,16,8,2025
41.9349461997,12.5194758997,Italy,Aleurocanthus spiniferus,Orange spiny whitefly,26,8,2025
45.0719150358,7.6556877047,Italy,Aleurothrixus floccosus,Woolly Whitefly,27,8,2025
41.6233133333,12.6459366667,Italy,Aleurocanthus,,1,9,2025
44.3245892266,7.5725985691,Italy,Trialeurodes vaporariorum,Greenhouse Whitefly,17,9,2025
