id,uuid,observed_on_string,observed_on,time_observed_at,time_zone,user_id,user_login,user_name,created_at,updated_at,quality_grade,license,url,image_url,sound_url,tag_list,description,num_identification_agreements,num_identification_disagreements,captive_cultivated,oauth_application_id,place_guess,latitude,longitude,positional_accuracy,private_place_guess,private_latitude,private_longitude,public_positional_accuracy,geoprivacy,taxon_geoprivacy,coordinates_obscured,positioning_method,positioning_device,place_country_name,species_guess,scientific_name,common_name,iconic_taxon_name,taxon_id
184224653,c333f701-b8b6-4cba-8043-15e5cb4ab6bf,2023/09/21 07:55,2023-09-21,2023-09-21 05:55:00 UTC,Rome,6858810,astroale,"",2023-09-21 06:30:55 UTC,2023-10-05 03:19:26 UTC,research,CC-BY-NC,https://www.inaturalist.org/observations/184224653,https://inaturalist-open-data.s3.amazonaws.com/photos/321546245/medium.jpg,,"",,2,0,false,,"Cornigliano, 16152 Genova GE, Italia",44.4254636113,8.8624645674,8,,,,8,,,false,,,Italy,Elicoverpa,Helicoverpa armigera,Cotton Bollworm Moth,Insecta,83806
184243096,9326b782-4115-4539-b813-f498949e29f6,2023/09/21 03:21,2023-09-21,2023-09-21 01:21:00 UTC,Rome,1609913,giuseppe_molinari,Giuseppe Molinari,2023-09-21 11:40:58 UTC,2023-09-22 08:25:53 UTC,research,CC-BY-NC,https://www.inaturalist.org/observations/184243096,https://inaturalist-open-data.s3.amazonaws.com/photos/321579238/medium.jpg,,"",,1,0,false,,"Provincia di Pesaro e Urbino, Italia",43.6169036397,12.2244715418,2,,,,2,,,false,,,Italy,Elicoverpa,Helicoverpa armigera,Cotton Bollworm Moth,Insecta,83806
184300115,bc992e50-993d-4847-af38-ff990fd3ed5a,2023-09-21 20:59:19+02:00,2023-09-21,2023-09-21 18:59:19 UTC,Rome,4100031,fabio286,Fabio Cianchi,2023-09-21 19:18:33 UTC,2023-09-22 10:43:41 UTC,research,,https://www.inaturalist.org/observations/184300115,https://static.inaturalist.org/photos/321719857/medium.jpg,,"","",1,0,false,3,"Dispensa, Manciano, Toscana, IT",42.534755,11.3411083333,6,,,,6,,,false,,,Italy,Elicoverpa,Helicoverpa armigera,Cotton Bollworm Moth,Insecta,83806
184306079,2bba21fc-b470-483b-abf3-55beedb4703a,2023-09-21 21:56:20,2023-09-21,2023-09-21 19:56:20 UTC,Rome,5402374,emabus7,Emanuela Busco,2023-09-21 20:02:20 UTC,2023-11-13 13:05:52 UTC,research,CC-BY-NC,https://www.inaturalist.org/observations/184306079,https://inaturalist-open-data.s3.amazonaws.com/photos/321695457/medium.jpeg,,"",,2,0,false,2,"19016 Monterosso al Mare SP, Italia",44.146974672,9.6552956477,485,,,,485,,,false,gps,gps,Italy,Elicoverpa,Helicoverpa armigera,Cotton Bollworm Moth,Insecta,83806
184316398,f4085bee-0b25-4dd4-ab83-91ad9e5d09fe,2023-09-21 23:22:15,2023-09-21,2023-09-21 21:22:15 UTC,Rome,392309,bac_77,Marco Crivellari,2023-09-21 21:24:26 UTC,2023-09-22 10:00:03 UTC,research,CC-BY-NC,https://www.inaturalist.org/observations/184316398,https://inaturalist-open-data.s3.amazonaws.com/photos/321715611/medium.jpeg,,"",,1,0,false,2,"44026 Mesola FE, Italia",44.9040662417,12.2632872098,93,,,,93,,,false,gps,gps,Italy,Cotton Bollworm Moth,Helicoverpa armigera,Cotton Bollworm Moth,Insecta,83806
184382541,1afb5dc5-5ca8-4826-aa20-e98ea2544725,2023-09-22 16:23:24,2023-09-22,2023-09-22 14:23:24 UTC,Rome,4843491,matilde_27,matilde,2023-09-22 14:32:51 UTC,2023-09-24 22:17:32 UTC,research,,https://www.inaturalist.org/observations/184382541,https://static.inaturalist.org/photos/321844771/medium.jpeg,,"",,1,0,false,2,"Trento, Trentino-Alto Adige, IT",45.9182309072,10.8696527034,17,,,,17,,,false,gps,gps,Italy,Cotton Bollworm Moth,Helicoverpa armigera,Cotton Bollworm Moth,Insecta,83806
184435666,f523852e-959a-41a1-88ad-09feebefaf1f,2023-09-22 22:33:33,2023-09-22,2023-09-22 20:33:33 UTC,Rome,4346046,moondragonitaly,Moondragon,2023-09-22 20:47:08 UTC,2023-09-22 22:51:25 UTC,research,CC-BY-NC,https://www.inaturalist.org/observations/184435666,https://inaturalist-open-data.s3.amazonaws.com/photos/321941564/medium.jpeg,,"",,1,0,false,2,"127, 06060 Borgarucci PG, Italy",43.0255102141,12.0774168894,4,,,,4,,,false,gps,gps,Italy,Cotton Bollworm Moth,Helicoverpa armigera,Cotton Bollworm Moth,Insecta,83806
184437044,6923cfbb-fda3-45b1-ad2a-3dc4cc1f4a52,2023-09-22 22:53:16,2023-09-22,2023-09-22 20:53:16 UTC,Rome,1729134,jerryxicho,"",2023-09-22 20:57:52 UTC,2023-10-11 18:26:53 UTC,research,CC-BY-NC,https://www.inaturalist.org/observations/184437044,https://inaturalist-open-data.s3.amazonaws.com/photos/321944304/medium.jpeg,,"",,1,0,false,2,"Modigliani fr. 25, 35020 Sant'Agostino PD, Italia",45.3757912839,11.8633920327,33,,,,33,,,false,,,Italy,Elicoverpa,Helicoverpa armigera,Cotton Bollworm Moth,Insecta,83806
184494248,79b60c2f-624e-4c4e-a60c-7e8061db62f3,2023/09/22 09:26,2023-09-22,2023-09-22 07:26:00 UTC,Rome,3952629,alessiopollastri,,2023-09-23 07:27:22 UTC,2023-09-26 12:55:05 UTC,research,CC-BY-NC,https://www.inaturalist.org/observations/184494248,https://inaturalist-open-data.s3.amazonaws.com/photos/322057644/medium.jpg,,"",,2,0,false,,"26100 Cremona CR, Italia",45.133249,10.0226511,3875,,,,3875,,,false,,,Italy,Elicoverpa,Helicoverpa armigera,Cotton Bollworm Moth,Insecta,83806
184499496,b13061e6-dfa0-4cf9-801d-ec8b4efef4df,2023-09-23 10:46:17,2023-09-23,2023-09-23 08:46:17 UTC,Rome,7439826,giada74886,Giada Maddinelli,2023-09-23 08:47:10 UTC,2023-09-24 22:05:13 UTC,research,,https://www.inaturalist.org/observations/184499496,https://static.inaturalist.org/photos/322067654/medium.jpeg,,"",,1,0,false,2,"35010 Carmignano di Brenta PD, Italia",45.6436655854,11.7125572779,19,,,,19,,,false,,,Italy,Elicoverpa,Helicoverpa armigera,Cotton Bollworm Moth,Insecta,83806
184503352,6d777f83-ac3f-478f-b954-e3c777228976,2023-09-23 11:41:51+02:00,2023-09-23,2023-09-23 09:41:51 UTC,Rome,4395756,bordist61,Stefano Bordignon,2023-09-23 09:42:14 UTC,2024-01-29 23:22:51 UTC,research,CC-BY-NC,https://www.inaturalist.org/observations/184503352,https://inaturalist-open-data.s3.amazonaws.com/photos/322074617/medium.jpg,,"","",2,0,false,3,"Fontaniva, Veneto, IT",45.6458463448,11.7137970593,6,,,,6,,,false,,,Italy,Elicoverpa,Helicoverpa armigera,Cotton Bollworm Moth,Insecta,83806
184536010,46f10569-950a-4b12-838e-89fbf29b0d6d,2023-09-23 16:51:00,2023-09-23,2023-09-23 14:51:00 UTC,Rome,5432855,nicola_grigolin,Nicola Grigolin,2023-09-23 14:57:43 UTC,2024-04-10 19:01:57 UTC,research,,https://www.inaturalist.org/observations/184536010,https://static.inaturalist.org/photos/322383216/medium.jpeg,,"",,1,0,false,2,"35036 Montegrotto Terme PD, Italia",45.3355951518,11.7735299841,4,,,,4,,,false,,,Italy,Cotton Bollworm Moth,Helicoverpa armigera,Cotton Bollworm Moth,Insecta,83806
184540577,f158e0a3-6f91-4e1b-94f9-0b5a2fc0b1ce,2023-09-21 12:03:28,2023-09-21,2023-09-21 10:03:28 UTC,Rome,678997,eliag,Elia Guariento,2023-09-23 15:25:07 UTC,2023-09-24 21:57:05 UTC,research,CC-BY-NC,https://www.inaturalist.org/observations/184540577,https://inaturalist-open-data.s3.amazonaws.com/photos/322141531/medium.jpeg,,"",,2,0,false,2,"Merano BZ, Italia",46.6737515044,11.1523478106,4,,,,4,,,false,gps,gps,Italy,Elicoverpa,Helicoverpa armigera,Cotton Bollworm Moth,Insecta,83806
184541630,fea86c1f-4ec6-4163-ab21-da053362c750,2023/09/23 15:53,2023-09-23,2023-09-23 13:53:00 UTC,Rome,472958,alberto1,Alberto Di Giorgio,2023-09-23 15:31:56 UTC,2023-09-23 15:32:43 UTC,research,CC-BY-NC,https://www.inaturalist.org/observations/184541630,https://inaturalist-open-data.s3.amazonaws.com/photos/322143500/medium.jpg,,"","",1,0,false,,"46035 Ostiglia MN, Italia",45.0668666667,11.1316861111,,,,,,,,false,,,Italy,Elicoverpa,Helicoverpa armigera,Cotton Bollworm Moth,Insecta,83806
184550202,da4e9c2f-77c8-4972-b304-c889f3f403ce,2023-09-23 18:23:10,2023-09-23,2023-09-23 16:23:10 UTC,Rome,189038,siliprandimarco,"",2023-09-23 16:27:06 UTC,2024-02-03 22:10:46 UTC,needs_id,CC-BY-NC,https://www.inaturalist.org/observations/184550202,https://inaturalist-open-data.s3.amazonaws.com/photos/322736522/medium.jpeg,,"",,0,0,false,2,"26838 Tavazzano con Villavesco LO, Italia",45.3318252711,9.3953922763,67,,,,67,,,false,gps,gps,Italy,Elicoverpa,Helicoverpa armigera,Cotton Bollworm Moth,Insecta,83806
184655606,1df1af39-2fc5-46ac-a3a7-453452b20ee1,2023-09-24 09:50:20,2023-09-24,2023-09-24 07:50:20 UTC,Rome,3572548,giovannimorini1,giovanni,2023-09-24 07:50:45 UTC,2024-02-16 14:00:20 UTC,research,CC-BY-NC,https://www.inaturalist.org/observations/184655606,https://inaturalist-open-data.s3.amazonaws.com/photos/322368677/medium.jpeg,,"",,1,0,false,2,"Reggio Nell'Emilia, Emilia-Romagna, IT",44.7601994203,10.6778476738,8,,,,8,,,false,,,Italy,Elicoverpa,Helicoverpa armigera,Cotton Bollworm Moth,Insecta,83806
184672700,cfc7adb5-a09c-47f4-aa7c-07dd8f87f454,2023/09/24 10:09,2023-09-24,2023-09-24 08:09:00 UTC,Rome,419068,theworldofpaolo,Paolo Zucca,2023-09-24 11:24:50 UTC,2024-05-29 12:14:28 UTC,needs_id,CC-BY,https://www.inaturalist.org/observations/184672700,https://inaturalist-open-data.s3.amazonaws.com/photos/322397958/medium.png,,"",,1,0,false,,"24050 Torre Pallavicina BG, Italia",45.4394623417,9.8073847392,3186,,,,3186,,,false,,,Italy,Elicoverpa,Helicoverpa armigera,Cotton Bollworm Moth,Insecta,83806
184683598,314eedde-e965-4dae-9856-13b72d3a9899,2023-09-23 20:17:20+02:00,2023-09-23,2023-09-23 18:17:20 UTC,Rome,2233531,geddy11,Geir Drange,2023-09-24 13:10:10 UTC,2023-09-24 17:37:51 UTC,research,CC-BY-NC,https://www.inaturalist.org/observations/184683598,https://inaturalist-open-data.s3.amazonaws.com/photos/322421438/medium.jpg,,"","",1,0,false,3,"Via delle Creve, Malcesine, Veneto, IT",45.7606883333,10.81005,13,,,,13,,,false,,,Italy,Cotton Bollworm Moth,Helicoverpa armigera,Cotton Bollworm Moth,Insecta,83806
184683698,13f61e05-e477-40c7-b2ff-980414d57e5a,2023-09-23 20:18:34+02:00,2023-09-23,2023-09-23 18:18:34 UTC,Rome,2233531,geddy11,Geir Drange,2023-09-24 13:11:09 UTC,2023-09-24 17:37:42 UTC,research,CC-BY-NC,https://www.inaturalist.org/observations/184683698,https://inaturalist-open-data.s3.amazonaws.com/photos/322421643/medium.jpg,,"","",1,0,false,3,"Via delle Creve, Malcesine, Veneto, IT",45.7607033333,10.8101616667,13,,,,13,,,false,,,Italy,Cotton Bollworm Moth,Helicoverpa armigera,Cotton Bollworm Moth,Insecta,83806
184683748,417eabea-b14b-4c33-8fbc-50417f827bcb,2023-09-23 20:21:28+02:00,2023-09-23,2023-09-23 18:21:28 UTC,Rome,2233531,geddy11,Geir Drange,2023-09-24 13:11:37 UTC,2023-09-24 17:37:36 UTC,research,CC-BY-NC,https://www.inaturalist.org/observations/184683748,https://inaturalist-open-data.s3.amazonaws.com/photos/322421743/medium.jpg,,"","",1,0,false,3,"Via delle Creve, Malcesine, Veneto, IT",45.7607283333,10.8101916667,4,,,,4,,,false,,,Italy,Cotton Bollworm Moth,Helicoverpa armigera,Cotton Bollworm Moth,Insecta,83806
184683905,aa2c2860-d640-475f-a486-4ef5830f1b8a,2023-09-23 20:22:35+02:00,2023-09-23,2023-09-23 18:22:35 UTC,Rome,2233531,geddy11,Geir Drange,2023-09-24 13:12:47 UTC,2023-09-24 17:37:32 UTC,research,CC-BY-NC,https://www.inaturalist.org/observations/184683905,https://inaturalist-open-data.s3.amazonaws.com/photos/322421944/medium.jpg,,"","",1,0,false,3,"Via delle Creve, Malcesine, Veneto, IT",45.7606466667,10.8102033333,4,,,,4,,,false,,,Italy,Cotton Bollworm Moth,Helicoverpa armigera,Cotton Bollworm Moth,Insecta,83806
184683975,08dfbe9b-0e34-48e1-9671-cdf8dec739af,2023-09-23 20:25:24+02:00,2023-09-23,2023-09-23 18:25:24 UTC,Rome,2233531,geddy11,Geir Drange,2023-09-24 13:13:37 UTC,2023-09-24 17:37:19 UTC,research,CC-BY-NC,https://www.inaturalist.org/observations/184683975,https://inaturalist-open-data.s3.amazonaws.com/photos/322422141/medium.jpg,,"","",1,0,false,3,"Via delle Creve, Malcesine, Veneto, IT",45.7606583333,10.81018,4,,,,4,,,false,,,Italy,Cotton Bollworm Moth,Helicoverpa armigera,Cotton Bollworm Moth,Insecta,83806
184684350,90780d82-2e50-45c5-a1d3-b9cd292d7de0,2023-09-24 15:10:00,2023-09-24,2023-09-24 13:10:00 UTC,Rome,5473907,teresa649,Teresa Prandi,2023-09-24 13:16:06 UTC,2023-09-25 06:31:04 UTC,research,CC0,https://www.inaturalist.org/observations/184684350,https://inaturalist-open-data.s3.amazonaws.com/photos/322422761/medium.jpeg,,"",,2,0,false,2,"28062 Cameri NO, Italia",45.5293656551,8.6958486959,7,,,,7,,,false,,,Italy,Cotton Bollworm Moth,Helicoverpa armigera,Cotton Bollworm Moth,Insecta,83806
184717354,31a548f3-9b4b-42f7-87ec-8ae02d37106b,2023-09-24 12:36:30,2023-09-24,2023-09-24 10:36:30 UTC,Rome,7434396,arturo16655,arturo aiello,2023-09-24 16:18:33 UTC,2023-09-25 07:18:56 UTC,research,,https://www.inaturalist.org/observations/184717354,https://static.inaturalist.org/photos/322472228/medium.jpeg,,"",,1,0,false,2,"M7JX+43 Valle del Pegorino, 20844 Triuggio MB, Italia",45.6803633348,9.2976264283,211,,,,211,,,false,gps,gps,Italy,Elicoverpa,Helicoverpa armigera,Cotton Bollworm Moth,Insecta,83806
184755289,aa47f77f-ae7f-4e70-97d5-f7f6e8ad8da9,2023-09-24 14:58:39,2023-09-24,2023-09-24 12:58:39 UTC,Rome,149386,lucio_bonato,Lucio Bonato,2023-09-24 20:16:13 UTC,2024-05-11 20:56:56 UTC,research,,https://www.inaturalist.org/observations/184755289,https://inaturalist-open-data.s3.amazonaws.com/photos/322558314/medium.jpeg,,"",,2,0,false,2,"Treviso, Veneto, IT",46.03776573,12.35203726,3,,,,3,,,false,,,Italy,Helicoverpa armigera,Helicoverpa armigera,Cotton Bollworm Moth,Insecta,83806
184833068,3cb69653-5771-4cc3-8f37-5689ab816bbe,2023-09-25 08:38:33,2023-09-25,2023-09-25 06:38:33 UTC,Rome,5878658,sguanci72,,2023-09-25 07:06:58 UTC,2023-10-05 13:33:44 UTC,research,CC-BY-NC,https://www.inaturalist.org/observations/184833068,https://inaturalist-open-data.s3.amazonaws.com/photos/322690284/medium.jpeg,,"",,1,0,false,2,"Pesaro PU, Italia",43.8912873791,12.8945411369,37,,,,37,,,false,,,Italy,Elicoverpa,Helicoverpa armigera,Cotton Bollworm Moth,Insecta,83806
184839739,6dd6b893-87d9-42a5-ba1d-5d188a69564c,2023-09-25 07:39:45,2023-09-25,2023-09-25 05:39:45 UTC,Rome,1557181,kmdonnelly,Kristyn Donnelly,2023-09-25 09:01:15 UTC,2023-10-05 03:31:02 UTC,research,CC-BY-NC,https://www.inaturalist.org/observations/184839739,https://inaturalist-open-data.s3.amazonaws.com/photos/322703815/medium.jpeg,,"",,1,0,false,2,"33080 Roveredo in Piano, Province of Pordenone, Italy",46.0318236188,12.600476481,1805,,,,1805,,,false,gps,gps,Italy,Cotton Bollworm Moth,Helicoverpa armigera,Cotton Bollworm Moth,Insecta,83806
184844722,a5498e87-b052-4400-8fec-b6589a653c61,2023-09-25 10:46:37,2023-09-25,2023-09-25 08:46:37 UTC,Rome,844978,valcanna,Roberto Ciccotelli,2023-09-25 10:21:20 UTC,2023-09-25 10:39:51 UTC,research,,https://www.inaturalist.org/observations/184844722,https://static.inaturalist.org/photos/322713110/medium.jpeg,,"",,1,0,false,2,"Oltretorrente, Parma PR, Italia",44.8061509337,10.3197904676,184,,,,184,,,false,gps,gps,Italy,Elicoverpa,Helicoverpa armigera,Cotton Bollworm Moth,Insecta,83806
184859083,c60c8250-fc7e-4fb7-bee1-992c1ca28c76,2023-09-25 15:20:16+02:00,2023-09-25,2023-09-25 13:20:16 UTC,Rome,7431177,stefano39874,Stefano Piazza,2023-09-25 13:25:00 UTC,2023-09-26 13:54:14 UTC,research,,https://www.inaturalist.org/observations/184859083,https://static.inaturalist.org/photos/322741016/medium.jpg,,"","",1,0,false,3,"Porta Volta-Fiera-Gallaratese-Quarto Oggiaro, Milano, Lombardia, IT",45.5192649231,9.1025463661,40,,,,40,,,false,,,Italy,Elicoverpa,Helicoverpa armigera,Cotton Bollworm Moth,Insecta,83806
184866466,fd9b186e-6325-416b-9541-d1eb118ba962,2023-09-25 16:27:45,2023-09-25,2023-09-25 14:27:45 UTC,Rome,3278655,achine,Gianfranco CARIGNANO,2023-09-25 14:29:48 UTC,2024-02-03 22:10:02 UTC,needs_id,CC-BY-NC,https://www.inaturalist.org/observations/184866466,https://inaturalist-open-data.s3.amazonaws.com/photos/322754979/medium.jpeg,,"",,0,0,false,2,"10098 Rivoli TO, Italia",45.0710837013,7.513820976,4233,,,,4233,,,false,gps,gps,Italy,Elicoverpa,Helicoverpa armigera,Cotton Bollworm Moth,Insecta,83806
184877694,5e8544b0-8a8e-44c4-aec7-c593771c9415,2023/09/24 6:56 PM,2023-09-24,2023-09-24 16:56:00 UTC,Rome,59227,lisa_bennett,Lisa Bennett,2023-09-25 15:55:54 UTC,2023-09-25 16:00:53 UTC,research,CC-BY,https://www.inaturalist.org/observations/184877694,https://inaturalist-open-data.s3.amazonaws.com/photos/322776079/medium.jpeg,,"","",1,0,false,,"Province of Foggia, Italy",41.7019026396,16.0627799887,16,,,,16,,,false,,,Italy,Cotton Bollworm Moth,Helicoverpa armigera,Cotton Bollworm Moth,Insecta,83806
184884035,2cd22b69-30bc-483b-a832-19886b1813bc,2023/09/25,2023-09-25,,Rome,2283062,roberto421,Roberto Ghiglia,2023-09-25 16:39:58 UTC,2023-09-25 16:52:23 UTC,research,CC-BY-NC,https://www.inaturalist.org/observations/184884035,https://inaturalist-open-data.s3.amazonaws.com/photos/322787789/medium.jpeg,,"",,1,0,false,,"12051 Alba CN, Italia",44.6875971054,8.0352389792,8,,,,8,,,false,,,Italy,Elicoverpa,Helicoverpa armigera,Cotton Bollworm Moth,Insecta,83806
184885962,26f75bf6-b593-45b9-9b31-47958300ca7e,2023/09/25,2023-09-25,,Rome,2283062,roberto421,Roberto Ghiglia,2023-09-25 16:51:29 UTC,2023-09-25 17:18:20 UTC,research,CC-BY-NC,https://www.inaturalist.org/observations/184885962,https://inaturalist-open-data.s3.amazonaws.com/photos/322791402/medium.jpeg,,"",,1,0,false,,"12051 Alba CN, Italia",44.6876341321,8.0352569394,4,,,,4,,,false,,,Italy,Elicoverpa,Helicoverpa armigera,Cotton Bollworm Moth,Insecta,83806
184904496,7017e4ce-6bb2-4e03-9c21-a8b916f276ba,2023-09-25 20:25:36,2023-09-25,2023-09-25 18:25:36 UTC,Rome,7039389,riccardomuraro63914,Riccardo Muraro,2023-09-25 19:03:52 UTC,2023-11-04 10:33:11 UTC,research,,https://www.inaturalist.org/observations/184904496,https://static.inaturalist.org/photos/322826258/medium.jpeg,,"",,2,0,false,2,"36057 Lago di Fimon VI, Italia",45.4716271278,11.5406740084,186,,,,186,,,false,,,Italy,Cotton Bollworm Moth,Helicoverpa armigera,Cotton Bollworm Moth,Insecta,83806
184906192,09ff30ca-e50e-45f8-8411-5b0647503d7b,2023/09/25 14:04,2023-09-25,2023-09-25 12:04:00 UTC,Rome,6917853,vincenzo1960,Vincenzo Severgnini,2023-09-25 19:15:07 UTC,2024-02-03 22:09:56 UTC,needs_id,CC-BY-NC,https://www.inaturalist.org/observations/184906192,https://inaturalist-open-data.s3.amazonaws.com/photos/322829030/medium.jpg,,"",,0,0,false,,"Provincia di Cremona, Italia",45.3167809056,9.6107244466,61,,,,61,,,false,,,Italy,Elicoverpa,Helicoverpa armigera,Cotton Bollworm Moth,Insecta,83806
184935244,fec809f5-0d54-4b5a-baf5-6b5765b56cc9,2023-09-26 00:48:55,2023-09-26,2023-09-25 22:48:55 UTC,Rome,762887,billyblue,"",2023-09-25 22:49:57 UTC,2024-03-15 16:45:23 UTC,needs_id,,https://www.inaturalist.org/observations/184935244,https://static.inaturalist.org/photos/322887625/medium.jpeg,,"",,1,0,false,2,"44121 Ferrara FE, Italia",44.8464997418,11.6152736172,8,,,,8,,,false,,,Italy,Nottuidi,Helicoverpa armigera,Cotton Bollworm Moth,Insecta,83806
184967024,cc5190ce-3bcc-498d-9706-d66405bcf8e1,2023/09/26 00:03,2023-09-26,2023-09-25 22:03:00 UTC,Rome,2697617,rinoiubatti,Rino,2023-09-26 04:30:26 UTC,2023-10-05 13:30:26 UTC,research,CC-BY-NC,https://www.inaturalist.org/observations/184967024,https://inaturalist-open-data.s3.amazonaws.com/photos/322954313/medium.jpg,,"","",1,0,false,,"Provincia di Chieti, Italia",42.2072245941,14.5423056949,31,,,,31,,,false,,,Italy,Elicoverpa,Helicoverpa armigera,Cotton Bollworm Moth,Insecta,83806
184982261,71e4af5b-3822-4d75-ba8d-29df2d6ef8a7,2023/09/25 9:09 PM,2023-09-25,2023-09-25 19:09:00 UTC,Rome,208284,mazzeip,Paolo Mazzei,2023-09-26 09:12:47 UTC,2023-10-04 09:33:59 UTC,research,CC-BY-NC,https://www.inaturalist.org/observations/184982261,https://inaturalist-open-data.s3.amazonaws.com/photos/322986437/medium.jpg,,"",,1,0,false,,"Torre Flavia, Ladispoli, Roma, Italia",41.9592583653,12.0518113442,5,,,,5,,,false,,,Italy,Helicoverpa armigera,Helicoverpa armigera,Cotton Bollworm Moth,Insecta,83806
184984057,dc1800bd-3a8e-4096-b4d0-e99757c110d6,2023-09-26 11:38:55,2023-09-26,2023-09-26 09:38:55 UTC,Rome,5319585,alessandro_girodo,Alessandro Girodo,2023-09-26 09:42:13 UTC,2023-12-11 19:08:36 UTC,research,CC-BY-NC-SA,https://www.inaturalist.org/observations/184984057,https://static.inaturalist.org/photos/322989734/medium.jpeg,,"",,2,0,false,2,"10040 Volvera TO, Italia",44.9742350168,7.5885365903,5,,,,5,,,false,gps,gps,Italy,Helicoverpa armigera,Helicoverpa armigera,Cotton Bollworm Moth,Insecta,83806
184987081,f8cd939a-f187-400f-a232-a6f2db8c43c9,2023-09-26 12:36:19+02:00,2023-09-26,2023-09-26 10:36:19 UTC,Rome,1956724,andreaang,Andrea Angiari,2023-09-26 10:44:56 UTC,2023-10-05 03:35:17 UTC,research,CC-BY-NC,https://www.inaturalist.org/observations/184987081,https://inaturalist-open-data.s3.amazonaws.com/photos/322996431/medium.jpg,,"","",1,0,false,3,"Via XXV Aprile, Borgio Verezzi, Liguria, IT",44.15845,8.310555,66,,,,66,,,false,,,Italy,Cotton Bollworm Moth,Helicoverpa armigera,Cotton Bollworm Moth,Insecta,83806
184989076,707da0a9-a1ea-4879-be9b-cc0167b20aa9,2023/09/24 21:49,2023-09-24,2023-09-24 19:49:00 UTC,Rome,1609913,giuseppe_molinari,Giuseppe Molinari,2023-09-26 11:19:45 UTC,2023-09-26 18:23:08 UTC,research,CC-BY-NC,https://www.inaturalist.org/observations/184989076,https://inaturalist-open-data.s3.amazonaws.com/photos/322999197/medium.jpg,,"",,2,0,false,,"Città metropolitana di Roma Capitale, Italia",41.7786023113,12.789194833,2,,,,2,,,false,,,Italy,Elicoverpa,Helicoverpa armigera,Cotton Bollworm Moth,Insecta,83806
184989584,e588f4e4-447a-4b3f-9291-066034d40c33,2023-09-25 16:33:04,2023-09-25,2023-09-25 14:33:04 UTC,Rome,5368363,n_fagotto14,Niccolò Fagotto,2023-09-26 11:28:46 UTC,2023-10-05 03:35:14 UTC,research,,https://www.inaturalist.org/observations/184989584,https://static.inaturalist.org/photos/323001177/medium.jpeg,,"",,2,0,false,2,Padova,45.4120924241,11.8676497042,68,,,,68,,,false,gps,gps,Italy,Elicoverpa,Helicoverpa armigera,Cotton Bollworm Moth,Insecta,83806
184992472,4b1d1e09-e881-46e9-8e19-61b8912a629f,2023/09/25 14:51,2023-09-25,2023-09-25 12:51:00 UTC,Rome,6917853,vincenzo1960,Vincenzo Severgnini,2023-09-26 12:08:05 UTC,2023-09-29 20:55:04 UTC,research,CC-BY-NC,https://www.inaturalist.org/observations/184992472,https://inaturalist-open-data.s3.amazonaws.com/photos/323006729/medium.jpg,,"",,1,0,false,,"Provincia di Cremona, Italia",45.3169944291,9.6101619425,61,,,,61,,,false,,,Italy,Elicoverpa,Helicoverpa armigera,Cotton Bollworm Moth,Insecta,83806
184993297,c0493cd6-76ff-464a-8c5e-f2b9cd83a00e,2023/09/25 14:51,2023-09-25,2023-09-25 12:51:00 UTC,Rome,6917853,vincenzo1960,Vincenzo Severgnini,2023-09-26 12:18:08 UTC,2023-10-05 03:35:11 UTC,research,CC-BY-NC,https://www.inaturalist.org/observations/184993297,https://inaturalist-open-data.s3.amazonaws.com/photos/323008264/medium.jpg,,"",,1,0,false,,"Provincia di Cremona, Italia",45.3166769118,9.6108007057,61,,,,61,,,false,,,Italy,Elicoverpa,Helicoverpa armigera,Cotton Bollworm Moth,Insecta,83806
184998643,05be21f8-9da2-43c4-84c7-416f9983bae2,2023/09/25 9:19 PM,2023-09-25,2023-09-25 19:19:00 UTC,Rome,208284,mazzeip,Paolo Mazzei,2023-09-26 13:17:33 UTC,2023-10-04 09:34:15 UTC,research,CC-BY-NC,https://www.inaturalist.org/observations/184998643,https://inaturalist-open-data.s3.amazonaws.com/photos/323018719/medium.jpg,,"",,1,0,false,,"Torre Flavia, Ladispoli, Roma, Italia",41.9593461252,12.0519213148,11,,,,11,,,false,,,Italy,Helicoverpa armigera,Helicoverpa armigera,Cotton Bollworm Moth,Insecta,83806
185006023,6594a5ce-fae9-419f-bf80-a1f0bad264bd,2023-09-26 16:18:54,2023-09-26,2023-09-26 14:18:54 UTC,Rome,2750003,dariop9167,Dario Pozzan,2023-09-26 14:19:56 UTC,2023-10-05 03:35:06 UTC,research,,https://www.inaturalist.org/observations/185006023,https://static.inaturalist.org/photos/323032568/medium.jpeg,,"",,1,0,false,2,"10078 Venaria Reale TO, Italia",45.1277290691,7.6354977116,18,,,,18,,,false,gps,gps,Italy,Elicoverpa,Helicoverpa armigera,Cotton Bollworm Moth,Insecta,83806
185022492,d977967e-f401-4ec2-988c-1d880ee84689,2023-09-26 10:40:42+02:00,2023-09-26,2023-09-26 08:40:42 UTC,Rome,2233531,geddy11,Geir Drange,2023-09-26 16:24:07 UTC,2024-02-21 13:55:06 UTC,research,CC-BY-NC,https://www.inaturalist.org/observations/185022492,https://inaturalist-open-data.s3.amazonaws.com/photos/323062342/medium.jpg,,"","",2,0,false,3,"Parco Naturale dell'Alto Garda Bresciano, Limone sul Garda, Lombardia, IT",45.8196666667,10.798025,30,,,,30,,,false,,,Italy,Cotton Bollworm Moth,Helicoverpa armigera,Cotton Bollworm Moth,Insecta,83806
185124446,ecfba817-4c56-4ac1-919d-5a4906ea782e,2023-09-27 12:51:18,2023-09-27,2023-09-27 10:51:18 UTC,Rome,2638829,alessio_usai,Alessio Usai,2023-09-27 10:58:20 UTC,2023-09-28 04:57:44 UTC,research,,https://www.inaturalist.org/observations/185124446,https://static.inaturalist.org/photos/323264333/medium.jpeg,,"",,2,0,false,2,"81030 Castel Volturno CE, Italia",41.0284270727,13.9449233562,4,,,,4,,,false,gps,gps,Italy,Cotton Bollworm Moth,Helicoverpa armigera,Cotton Bollworm Moth,Insecta,83806
185136988,120d499c-b75b-4a5e-a578-acf648875fb3,2023-09-27 13:29:07+02:00,2023-09-27,2023-09-27 11:29:07 UTC,Rome,2233531,geddy11,Geir Drange,2023-09-27 13:27:45 UTC,2023-09-27 16:05:27 UTC,research,CC-BY-NC,https://www.inaturalist.org/observations/185136988,https://inaturalist-open-data.s3.amazonaws.com/photos/323288457/medium.jpg,,"","",1,0,false,3,"Piazza Settimo Alpini, Falcade, Veneto, IT",46.3584133333,11.87267,10,,,,10,,,false,,,Italy,Cotton Bollworm Moth,Helicoverpa armigera,Cotton Bollworm Moth,Insecta,83806
185178458,cc3dbe3c-ea19-402e-a68d-5ddfc9813cb5,2023-09-27 20:32:48,2023-09-27,2023-09-27 18:32:48 UTC,Rome,5878658,sguanci72,,2023-09-27 19:10:34 UTC,2023-09-27 21:22:20 UTC,research,CC-BY-NC,https://www.inaturalist.org/observations/185178458,https://inaturalist-open-data.s3.amazonaws.com/photos/323366086/medium.jpeg,,"",,1,0,false,2,"Pesaro PU, Italia",43.8919593176,12.8955342248,50,,,,50,,,false,,,Italy,Elicoverpa,Helicoverpa armigera,Cotton Bollworm Moth,Insecta,83806
185180952,7b60309e-17ad-402e-8684-a955a7b31ba8,2023-09-27 20:24:53,2023-09-27,2023-09-27 18:24:53 UTC,Rome,1522604,lvdr,"",2023-09-27 19:27:10 UTC,2023-09-27 21:20:08 UTC,research,CC-BY-NC,https://www.inaturalist.org/observations/185180952,https://inaturalist-open-data.s3.amazonaws.com/photos/323370214/medium.jpeg,,"",,1,0,false,2,"Peseggia VE, Italia",45.5634097171,12.1966169402,4,,,,4,,,false,gps,gps,Italy,Helicoverpa armigera,Helicoverpa armigera,Cotton Bollworm Moth,Insecta,83806
185180989,6d607419-c0b4-45f3-b089-b1b82d6c6cab,2023-09-27 20:47:04,2023-09-27,2023-09-27 18:47:04 UTC,Rome,1522604,lvdr,"",2023-09-27 19:27:32 UTC,2023-09-27 21:20:18 UTC,research,CC-BY-NC,https://www.inaturalist.org/observations/185180989,https://inaturalist-open-data.s3.amazonaws.com/photos/323370303/medium.jpeg,,"",,1,0,false,2,"Peseggia VE, Italia",45.5634430492,12.1966098994,4,,,,4,,,false,gps,gps,Italy,Helicoverpa armigera,Helicoverpa armigera,Cotton Bollworm Moth,Insecta,83806
185243985,cc9f5886-9b47-4342-84ba-79a5fed5af9e,2023-09-28 08:09:53,2023-09-28,2023-09-28 06:09:53 UTC,Rome,6985939,giorad,giovanni radaelli,2023-09-28 06:10:15 UTC,2023-09-28 11:55:15 UTC,research,,https://www.inaturalist.org/observations/185243985,https://static.inaturalist.org/photos/323496347/medium.jpeg,,"",,1,0,false,2,"23900 Lecco LC, Italia",45.8637659,9.3961885,37,,,,37,,,false,,,Italy,Cotton Bollworm Moth,Helicoverpa armigera,Cotton Bollworm Moth,Insecta,83806
185291611,25b30944-a9a5-49f5-a6a5-390db6c18936,2023/09/28 12:04 PM,2023-09-28,2023-09-28 10:04:00 UTC,Rome,428858,claudioflamigni,Claudio Flamigni,2023-09-28 15:45:09 UTC,2023-10-27 22:18:53 UTC,research,CC-BY-NC,https://www.inaturalist.org/observations/185291611,https://inaturalist-open-data.s3.amazonaws.com/photos/323583894/medium.jpeg,,"","Madonna di San Luca, 280 m circa.",2,0,false,,"Saragozza, Bologna, Metropolitan City of Bologna, Italy",44.4789548071,11.2977674603,10,,,,10,,,false,,,Italy,Cotton Bollworm Moth,Helicoverpa armigera,Cotton Bollworm Moth,Insecta,83806
185291617,717719fe-1875-4660-8c64-fc72956ffa6e,2023/09/28 12:07 PM,2023-09-28,2023-09-28 10:07:00 UTC,Rome,428858,claudioflamigni,Claudio Flamigni,2023-09-28 15:45:10 UTC,2023-10-05 13:20:43 UTC,research,CC-BY-NC,https://www.inaturalist.org/observations/185291617,https://inaturalist-open-data.s3.amazonaws.com/photos/323583922/medium.jpeg,,"","Madonna di San Luca, 280 m circa.",1,0,false,,"Saragozza, Bologna, Metropolitan City of Bologna, Italy",44.4789548071,11.2977674603,10,,,,10,,,false,,,Italy,Cotton Bollworm Moth,Helicoverpa armigera,Cotton Bollworm Moth,Insecta,83806
185291891,aeb409a1-5e7b-448d-ab29-5ef91b76027d,2023/09/22 11:20,2023-09-22,2023-09-22 09:20:00 UTC,Rome,442900,alesmazzo,Alessandro Mazzoleni,2023-09-28 15:46:55 UTC,2023-10-27 22:18:48 UTC,research,CC-BY-NC,https://www.inaturalist.org/observations/185291891,https://static.inaturalist.org/photos/323574882/medium.jpeg,,"",,2,0,false,,"Provincia di Varese, Italia",45.6103930238,8.6950054984,2,,,,2,,,false,,,Italy,Elicoverpa,Helicoverpa armigera,Cotton Bollworm Moth,Insecta,83806
185291914,a6a82cd5-952e-451b-8a43-3efe60b93cb0,2023/09/22 11:38,2023-09-22,2023-09-22 09:38:00 UTC,Rome,442900,alesmazzo,Alessandro Mazzoleni,2023-09-28 15:46:58 UTC,2023-10-27 22:18:49 UTC,research,CC-BY-NC,https://www.inaturalist.org/observations/185291914,https://static.inaturalist.org/photos/323575207/medium.jpeg,,"",,2,0,false,,"Provincia di Varese, Italia",45.61077739,8.6951534792,2,,,,2,,,false,,,Italy,Elicoverpa,Helicoverpa armigera,Cotton Bollworm Moth,Insecta,83806
185296629,e1983a0f-05b9-4e51-b560-41a2762db1ee,2023/09/28 13:15,2023-09-28,2023-09-28 11:15:00 UTC,Rome,3495159,giorgio_aimassi,,2023-09-28 16:15:03 UTC,2024-07-07 06:09:10 UTC,research,CC-BY-NC,https://www.inaturalist.org/observations/185296629,https://inaturalist-open-data.s3.amazonaws.com/photos/323584810/medium.jpg,,"","",2,0,false,,"13010 Postua VC, Italia",45.7103970922,8.2297597672,527,,,,527,,,false,,,Italy,Elicoverpa,Helicoverpa armigera,Cotton Bollworm Moth,Insecta,83806
185327742,d6e67d8c-30a9-45cc-90a5-31655a347971,Thu Sep 28 2023 21:53:06 GMT +0200 (GMT+2),2023-09-28,2023-09-28 19:53:06 UTC,Rome,3468001,weaponic,Bryan Manchi,2023-09-28 19:53:59 UTC,2025-02-24 22:49:09 UTC,research,CC-BY-NC,https://www.inaturalist.org/observations/185327742,https://inaturalist-open-data.s3.amazonaws.com/photos/323652219/medium.jpeg,,"",,1,0,false,333,Travo,44.8663063049,9.544421196,80,,,,80,,,false,,,Italy,Cotton Bollworm Moth,Helicoverpa armigera,Cotton Bollworm Moth,Insecta,83806
185426185,9d4b6d01-c469-4e66-a36d-2de70a611a50,2023-09-27 11:21:15,2023-09-27,2023-09-27 09:21:15 UTC,Rome,6985939,giorad,giovanni radaelli,2023-09-29 14:36:39 UTC,2023-10-27 22:13:47 UTC,research,,https://www.inaturalist.org/observations/185426185,https://static.inaturalist.org/photos/323841485/medium.jpeg,,"",,2,0,false,2,"23900 Lecco LC, Italia",45.8659939186,9.39160835,131,,,,131,,,false,gps,gps,Italy,Cotton Bollworm Moth,Helicoverpa armigera,Cotton Bollworm Moth,Insecta,83806
185429387,9c508428-620a-4cc1-8424-fffd4d7b4725,2023-09-29 13:05:15,2023-09-29,2023-09-29 11:05:15 UTC,Rome,5444596,alessia_v,,2023-09-29 14:57:26 UTC,2023-10-27 22:19:44 UTC,research,CC-BY-NC,https://www.inaturalist.org/observations/185429387,https://inaturalist-open-data.s3.amazonaws.com/photos/323847222/medium.jpeg,,"",,2,0,false,2,"PONTEIBE SP 112 (direzione Pontebba), località Frattis, 33016 Aupa UD, Italia",46.5072845505,13.2617435977,4,,,,4,,,false,gps,gps,Italy,Elicoverpa,Helicoverpa armigera,Cotton Bollworm Moth,Insecta,83806
185436836,556f1321-3e74-4c50-9268-290112a20e08,2023/09/25 14:46,2023-09-25,2023-09-25 12:46:00 UTC,Rome,1186609,irma_bernava,"",2023-09-29 15:41:44 UTC,2023-10-27 22:13:48 UTC,research,CC-BY-NC,https://www.inaturalist.org/observations/185436836,https://inaturalist-open-data.s3.amazonaws.com/photos/323858518/medium.jpeg,,"","",2,0,false,,"36076 Recoaro Terme VI, Italia",45.7045749,11.2241883,2111,,,,2111,,,false,,,Italy,Elicoverpa,Helicoverpa armigera,Cotton Bollworm Moth,Insecta,83806
185497329,7526ffe8-d99f-4e4d-8527-d563a4325cdc,2023-09-30 00:48:34,2023-09-30,2023-09-29 22:48:34 UTC,Rome,392309,bac_77,Marco Crivellari,2023-09-29 23:13:39 UTC,2023-10-05 18:43:18 UTC,research,CC-BY-NC,https://www.inaturalist.org/observations/185497329,https://inaturalist-open-data.s3.amazonaws.com/photos/323971688/medium.jpeg,,"",,2,0,false,2,"Padua, Veneto, IT",45.36769104,11.9868707656,,,,,,,,false,gps,gps,Italy,Cotton Bollworm Moth,Helicoverpa armigera,Cotton Bollworm Moth,Insecta,83806
185531818,1c8aee7d-2784-430b-9ac7-f49d64832e5a,2023-09-28 13:53:56+02:00,2023-09-28,2023-09-28 11:53:56 UTC,Rome,5280580,mstubbs37,,2023-09-30 06:34:03 UTC,2023-11-17 22:07:56 UTC,research,CC-BY-NC,https://www.inaturalist.org/observations/185531818,https://inaturalist-open-data.s3.amazonaws.com/photos/324043012/medium.jpg,,"","",3,0,false,3,"Parco nazionale delle Cinque Terre, Vernazza, Liguria, IT",44.1202138333,9.7083633333,41,,,,41,,,false,,,Italy,Cotton Bollworm Moth,Helicoverpa armigera,Cotton Bollworm Moth,Insecta,83806
185532917,08f21acc-8aa7-4f09-9497-fbdf528ec367,2023/09/29 ,2023-09-29,,Rome,6393155,brunoparisotto,,2023-09-30 06:53:04 UTC,2023-10-05 14:38:42 UTC,research,CC-BY-NC,https://www.inaturalist.org/observations/185532917,https://inaturalist-open-data.s3.amazonaws.com/photos/324044789/medium.jpeg,,"",Helicoverpa armigera-Arthropoda-Hexapoda-Insecta-Pterygota-Lepidoptera (Falene)-Noctuoidea-Noctuidae_Heliothinae-Helicoverpa,2,0,false,,"58100 Grosseto GR, Italia",42.7755283376,11.0938239713,557,,,,557,,,false,,,Italy,Helicoverpa,Helicoverpa armigera,Cotton Bollworm Moth,Insecta,83806
185533167,ae8bb582-a31b-4f46-a407-e75d6429aa02,2023-09-30 08:39:28,2023-09-30,2023-09-30 06:39:28 UTC,Rome,3128051,ececc,Enrico Cecconello,2023-09-30 06:58:53 UTC,2023-10-05 13:13:17 UTC,research,CC-BY-NC,https://www.inaturalist.org/observations/185533167,https://inaturalist-open-data.s3.amazonaws.com/photos/324045320/medium.jpeg,,"",,2,0,false,2,"Veneto, IT",45.3949045211,11.9996358741,,,,,27190,obscured,,true,gps,gps,Italy,Elicoverpa,Helicoverpa armigera,Cotton Bollworm Moth,Insecta,83806
185575422,f1fafcbd-a691-4317-8f19-6bdbdb91a0cf,2023-09-30 15:58:23,2023-09-30,2023-09-30 13:58:23 UTC,Rome,259033,paolamcasale,Paola Casale,2023-09-30 14:48:35 UTC,2023-10-05 11:46:34 UTC,research,CC-BY-NC,https://www.inaturalist.org/observations/185575422,https://inaturalist-open-data.s3.amazonaws.com/photos/324123985/medium.jpeg,,"",,2,0,false,2,"22070 Albiolo CO, Italia",45.805075,8.9308194444,,,,,,,,false,gps,gps,Italy,Elicoverpa,Helicoverpa armigera,Cotton Bollworm Moth,Insecta,83806
185576039,862db47b-79d7-4c60-8cb3-3dda5d71beb6,2023-09-30 15:51:22,2023-09-30,2023-09-30 13:51:22 UTC,Rome,259033,paolamcasale,Paola Casale,2023-09-30 14:53:33 UTC,2023-10-05 11:46:33 UTC,research,CC-BY-NC,https://www.inaturalist.org/observations/185576039,https://inaturalist-open-data.s3.amazonaws.com/photos/324125453/medium.jpeg,,"",,2,0,false,2,"22070 Cagno CO, Italia",45.804025,8.9257527778,,,,,,,,false,,,Italy,Elicoverpa,Helicoverpa armigera,Cotton Bollworm Moth,Insecta,83806
185577122,264c8fed-d7cc-4aeb-bb0f-f1e5ebe99870,2023-09-30 17:00:46,2023-09-30,2023-09-30 15:00:46 UTC,Rome,5473962,giorgio1961,Giorgio,2023-09-30 15:01:52 UTC,2023-10-27 22:14:01 UTC,research,CC-BY-NC,https://www.inaturalist.org/observations/185577122,https://inaturalist-open-data.s3.amazonaws.com/photos/324127514/medium.jpeg,,"",,2,0,false,2,"60026 Numana AN, Italia",43.51237241,13.62414498,4,,,,4,,,false,,,Italy,Elicoverpa,Helicoverpa armigera,Cotton Bollworm Moth,Insecta,83806
185583107,e5314593-6bd8-495c-ad53-5bfd4f2cf9b2,2023/09/30 14:53,2023-09-30,2023-09-30 12:53:00 UTC,Rome,105778,maudoc,Maurizio Sighele,2023-09-30 15:42:41 UTC,2025-02-08 06:31:21 UTC,research,CC-BY-NC,https://www.inaturalist.org/observations/185583107,https://inaturalist-open-data.s3.amazonaws.com/photos/324136850/medium.jpg,,"",,2,0,false,,"Provincia di Verona, Italia",45.4982333333,10.99383,,,,,,,,false,,,Italy,Elicoverpa,Helicoverpa armigera,Cotton Bollworm Moth,Insecta,83806
185596224,a60c4e41-0fea-46d1-891f-c37f8941a55a,2023-09-30 19:09:12,2023-09-30,2023-09-30 17:09:12 UTC,Rome,485724,mariaelisa,Chiaramonte family,2023-09-30 17:10:59 UTC,2023-10-05 11:47:22 UTC,research,CC-BY-NC,https://www.inaturalist.org/observations/185596224,https://inaturalist-open-data.s3.amazonaws.com/photos/324162827/medium.jpeg,,"",,2,0,false,2,"37067 Forneletti VR, Italia",45.3781745,10.7086711,,,,,,,,false,gps,gps,Italy,Elicoverpa,Helicoverpa armigera,Cotton Bollworm Moth,Insecta,83806
185635211,befcc8a0-170b-4718-8be6-4eb9cef54585,2023-09-30 21:51:48,2023-09-30,2023-09-30 19:51:48 UTC,Rome,1733950,giacomosgorlon,Giacomo Sgorlon,2023-09-30 21:09:51 UTC,2023-10-05 11:49:46 UTC,research,CC-BY-NC,https://www.inaturalist.org/observations/185635211,https://inaturalist-open-data.s3.amazonaws.com/photos/324237717/medium.jpeg,,"",,2,0,false,2,"S.dona' Di Piave - Ospedale, 30027 San Donà di Piave VE, Italia",45.6340919,12.5740990997,,,,,,,,false,gps,gps,Italy,Elicoverpa,Helicoverpa armigera,Cotton Bollworm Moth,Insecta,83806
185645182,5e4f2320-d1b1-44af-8128-42691ab27e72,2023-09-30 23:35:22,2023-09-30,2023-09-30 21:35:22 UTC,Rome,2514105,diegoreggianti,"",2023-09-30 22:13:25 UTC,2023-10-05 11:49:22 UTC,research,CC-BY-NC,https://www.inaturalist.org/observations/185645182,https://inaturalist-open-data.s3.amazonaws.com/photos/324256692/medium.jpeg,,"",,2,0,false,2,"Crocco- Olivi, 00148 Roma RM, Italia",41.8255500489,12.3981212452,149,,,,149,,,false,gps,gps,Italy,Helicoverpa armigera,Helicoverpa armigera,Cotton Bollworm Moth,Insecta,83806
185694315,2aeac885-239a-43ad-93ce-141aa2392121,2023-10-01 07:54:49,2023-10-01,2023-10-01 05:54:49 UTC,Rome,2514105,diegoreggianti,"",2023-10-01 06:11:21 UTC,2023-10-05 11:50:03 UTC,research,CC-BY-NC,https://www.inaturalist.org/observations/185694315,https://inaturalist-open-data.s3.amazonaws.com/photos/324356108/medium.jpeg,,"",,2,0,false,2,cambusa,41.9190360105,12.4867068976,8,,,,8,,,false,gps,gps,Italy,Helicoverpa armigera,Helicoverpa armigera,Cotton Bollworm Moth,Insecta,83806
185694396,ff465b75-c587-4d74-8094-cc40d6212d15,2023-10-01 08:01:52,2023-10-01,2023-10-01 06:01:52 UTC,Rome,2514105,diegoreggianti,"",2023-10-01 06:13:00 UTC,2023-10-05 11:50:04 UTC,research,CC-BY-NC,https://www.inaturalist.org/observations/185694396,https://inaturalist-open-data.s3.amazonaws.com/photos/324356158/medium.jpeg,,"",,2,0,false,2,cambusa,41.9190360105,12.4867068976,8,,,,8,,,false,gps,gps,Italy,Helicoverpa armigera,Helicoverpa armigera,Cotton Bollworm Moth,Insecta,83806
185722504,6f6cc2f4-aac0-4a00-818c-3e45ecc314a2,2023-10-01 14:23:36,2023-10-01,2023-10-01 12:23:36 UTC,Rome,5114790,explorertale,Giancarlo Adragna,2023-10-01 12:26:05 UTC,2024-01-27 23:13:28 UTC,research,,https://www.inaturalist.org/observations/185722504,https://static.inaturalist.org/photos/324409187/medium.jpeg,,"",,1,0,false,2,"91100 Trapani TP, Italia",38.0253134722,12.536709475,,,,,,,,false,gps,gps,Italy,Elicoverpa,Helicoverpa armigera,Cotton Bollworm Moth,Insecta,83806
185727196,a4d98283-a816-4f7d-a53b-13dc48763f00,2023/10/01 08:19,2023-10-01,2023-10-01 06:19:00 UTC,Rome,7380822,ivan_di_gia,Ivan Di Già,2023-10-01 13:09:23 UTC,2023-10-05 11:55:14 UTC,research,CC-BY-NC,https://www.inaturalist.org/observations/185727196,https://inaturalist-open-data.s3.amazonaws.com/photos/324417303/medium.jpg,,"",dav,2,0,false,,"Via Latina, 126, 10093 Collegno TO, Italia",45.0694406,7.5664745,17,,,,17,,,false,,,Italy,Elicoverpa,Helicoverpa armigera,Cotton Bollworm Moth,Insecta,83806
185732822,033d9b93-75ef-42cd-9aaf-21330278dfe2,2023-10-01 16:00:30+02:00,2023-10-01,2023-10-01 14:00:30 UTC,Rome,737132,brucola,,2023-10-01 14:00:45 UTC,2023-10-27 22:14:06 UTC,research,CC-BY-NC,https://www.inaturalist.org/observations/185732822,https://inaturalist-open-data.s3.amazonaws.com/photos/324429161/medium.jpg,,"","",2,0,false,3,"Via Stefano Vaj, Roma, Lazio, IT",41.9055773691,12.3962634802,5,,,,5,,,false,,,Italy,Elicoverpa,Helicoverpa armigera,Cotton Bollworm Moth,Insecta,83806
185735968,7e878f08-18f3-4943-82cf-9f5ff7ac551c,2023-09-29 11:06:16,2023-09-29,2023-09-29 09:06:16 UTC,Rome,1094650,gianni_del_bufalo,Gianni Del Bufalo bygdb,2023-10-01 14:23:29 UTC,2024-01-28 07:30:18 UTC,research,CC-BY,https://www.inaturalist.org/observations/185735968,https://inaturalist-open-data.s3.amazonaws.com/photos/324435139/medium.jpeg,,"",,1,0,false,2,"SS16 km 291.340, 60015 Falconara Marittima AN, Italia",43.6225662231,13.4141530989,,,,,,,,false,,,Italy,Elicoverpa,Helicoverpa armigera,Cotton Bollworm Moth,Insecta,83806
185740442,8cc573b9-6951-4f4e-94b1-b245580b27c8,2023-10-01 15:31:33,2023-10-01,2023-10-01 13:31:33 UTC,Rome,5961245,allegrar,Allegra,2023-10-01 14:53:51 UTC,2023-10-05 11:55:47 UTC,research,CC-BY-NC,https://www.inaturalist.org/observations/185740442,https://inaturalist-open-data.s3.amazonaws.com/photos/324443207/medium.jpeg,,"",On Centaurea nigrescens,2,0,false,2,"Valdagno Ipsia Belfiore, 36078 Valdagno VI, Italia",45.639640398,11.2963529304,16,,,,16,,,false,,,Italy,Elicoverpa,Helicoverpa armigera,Cotton Bollworm Moth,Insecta,83806
185751339,60cd328c-b46f-4229-aa45-005fdc65a8fa,2023-10-01 12:37:45,2023-10-01,2023-10-01 10:37:45 UTC,Rome,1591925,gabriele_lagrasta,Gabriele La Grasta,2023-10-01 15:57:46 UTC,2023-10-05 11:56:27 UTC,research,CC-BY-NC,https://www.inaturalist.org/observations/185751339,https://inaturalist-open-data.s3.amazonaws.com/photos/324464276/medium.jpeg,,"",,2,0,false,2,"Iseo - Scuole Superiori, 25049 Iseo BS, Italia",45.65535028,10.04120862,,,,,,,,false,gps,gps,Italy,Cotton Bollworm Moth,Helicoverpa armigera,Cotton Bollworm Moth,Insecta,83806
185764793,5bab08ca-9105-448b-9131-34c3538eb87e,2023-10-01 19:12:13,2023-10-01,2023-10-01 17:12:13 UTC,Rome,344927,andrebatt,Andrea Battisti,2023-10-01 17:15:59 UTC,2023-10-05 11:56:11 UTC,research,CC-BY-NC,https://www.inaturalist.org/observations/185764793,https://inaturalist-open-data.s3.amazonaws.com/photos/324490327/medium.jpeg,,"",,2,0,false,2,"11020 Quart AO, Italia",45.7441179899,7.4013639987,382,,,,382,,,false,,,Italy,Cotton Bollworm Moth,Helicoverpa armigera,Cotton Bollworm Moth,Insecta,83806
185766597,596e4497-2922-4523-843d-7b9030857669,2023-10-01 15:33:39,2023-10-01,2023-10-01 13:33:39 UTC,Rome,1468763,shiderob,Roberto Battiston,2023-10-01 17:26:20 UTC,2023-10-27 22:14:10 UTC,research,CC-BY-NC,https://www.inaturalist.org/observations/185766597,https://inaturalist-open-data.s3.amazonaws.com/photos/324493626/medium.jpeg,,"",,3,0,false,2,"36078 Valdagno VI, Italia",45.6398833333,11.2963555556,,,,,,,,false,gps,gps,Italy,Elicoverpa,Helicoverpa armigera,Cotton Bollworm Moth,Insecta,83806
185778538,6d69a02b-6b24-4248-a6d0-6a0fd95b0a47,2023/10/01 13:10,2023-10-01,2023-10-01 11:10:00 UTC,Rome,7410503,andrea_bortolussi,Andrea Bortolussi,2023-10-01 18:38:21 UTC,2023-10-05 12:58:28 UTC,research,CC-BY-NC,https://www.inaturalist.org/observations/185778538,https://inaturalist-open-data.s3.amazonaws.com/photos/324515337/medium.jpeg,,"",,2,0,false,,"Ente di decentramento regionale di Udine, Italia",46.306409404,13.1142955242,594,,,,594,,,false,,,Italy,Elicoverpa,Helicoverpa armigera,Cotton Bollworm Moth,Insecta,83806
185802246,581a9388-7e46-4f79-8a9c-b44cd8cc3177,2023-10-01 22:05:03,2023-10-01,2023-10-01 20:05:03 UTC,Rome,4920939,enrico_carta,Enrico Carta,2023-10-01 20:58:41 UTC,2023-10-05 11:58:43 UTC,research,,https://www.inaturalist.org/observations/185802246,https://static.inaturalist.org/photos/324562473/medium.jpeg,,"",,2,0,false,2,"18036 San Biagio della cima IM, Italia",43.80651,7.6421033333,6,,,,6,,,false,,,Italy,Helicoverpa armigera,Helicoverpa armigera,Cotton Bollworm Moth,Insecta,83806
185808926,996227af-9786-4a4b-9b05-877d64b89fb8,2023/10/01 07:00,2023-10-01,2023-10-01 05:00:00 UTC,Rome,1996045,micdallo,"",2023-10-01 21:39:07 UTC,2023-10-16 16:37:26 UTC,research,CC-BY-NC,https://www.inaturalist.org/observations/185808926,https://inaturalist-open-data.s3.amazonaws.com/photos/324575313/medium.jpeg,,"","Osservazione e foto di G Andreoli
",2,0,false,,"Via Oliveti, 23, 37010 Torri del Benaco VR, Italia",45.6091221,10.701564,,,,,,,,false,,,Italy,Elicoverpa,Helicoverpa armigera,Cotton Bollworm Moth,Insecta,83806
185812789,cf81b926-b4d1-4a45-b327-17992d033908,2023-10-02 00:01:17,2023-10-02,2023-10-01 22:01:17 UTC,Rome,4920939,enrico_carta,Enrico Carta,2023-10-01 22:02:58 UTC,2023-10-05 11:59:30 UTC,research,,https://www.inaturalist.org/observations/185812789,https://static.inaturalist.org/photos/324582919/medium.jpeg,,"",,2,0,false,2,"18019 Vallecrosia IM, Italia",43.7845843801,7.638810575,14,,,,14,,,false,gps,gps,Italy,Helicoverpa armigera,Helicoverpa armigera,Cotton Bollworm Moth,Insecta,83806
185873269,b1c73067-12c1-4a07-986b-7dcb1e7603bb,2023-10-01 22:01:20,2023-10-01,2023-10-01 20:01:20 UTC,Rome,370501,bferrero,"",2023-10-02 07:38:26 UTC,2023-10-05 12:00:47 UTC,research,CC-BY-NC,https://www.inaturalist.org/observations/185873269,https://inaturalist-open-data.s3.amazonaws.com/photos/324703896/medium.jpeg,,"",,3,0,false,2,"Torino, Piemonte, IT",45.0041416984,7.2402158645,186,,,,27222,obscured,,true,gps,gps,Italy,Helicoverpa armigera,Helicoverpa armigera,Cotton Bollworm Moth,Insecta,83806
185878724,6dda1451-3f1c-403b-903c-33bee276b868,2023-10-02 11:10:54,2023-10-02,2023-10-02 09:10:54 UTC,Rome,5839058,roberto_costanzo_costa,Roberto Costanzo Costa,2023-10-02 09:11:04 UTC,2023-10-27 22:14:34 UTC,research,,https://www.inaturalist.org/observations/185878724,https://static.inaturalist.org/photos/324737624/medium.jpeg,,"",,2,0,false,2,"31017 Pieve del Grappa TV, Italia",45.8360916667,11.8198633333,8,,,,8,,,false,,,Italy,Elicoverpa,Helicoverpa armigera,Cotton Bollworm Moth,Insecta,83806
185880654,fedc0162-4479-4523-8891-f044f7d38875,2023-10-02 11:40:14,2023-10-02,2023-10-02 09:40:14 UTC,Rome,7469732,eleonorateodori,,2023-10-02 09:41:36 UTC,2023-10-02 09:43:08 UTC,needs_id,CC-BY-NC,https://www.inaturalist.org/observations/185880654,https://inaturalist-open-data.s3.amazonaws.com/photos/324717795/medium.jpeg,,"",,0,0,false,2,"CANALE M. | Piazza Carraiola # f11062, 00060 Canale Monterano RM, Italia",42.1400309713,12.1047328413,659,,,,659,,,false,gps,gps,Italy,Elicoverpa,Helicoverpa armigera,Cotton Bollworm Moth,Insecta,83806
185880709,fd6c8725-c0ae-4bf3-826c-d72f704bd768,2023-10-02 11:39:57,2023-10-02,2023-10-02 09:39:57 UTC,Rome,7472777,maiabarbieri,"",2023-10-02 09:42:24 UTC,2023-12-22 16:54:49 UTC,research,CC-BY-NC,https://www.inaturalist.org/observations/185880709,https://inaturalist-open-data.s3.amazonaws.com/photos/324717720/medium.jpeg,,"",,1,0,false,2,"00060 Canale Monterano RM, Italia",42.1339405881,12.0766110239,,,,,,,,false,gps,gps,Italy,Elicoverpa,Helicoverpa armigera,Cotton Bollworm Moth,Insecta,83806
185900719,82f1ce57-5a62-4977-b7b2-d5f900bac279,2023/10/02 10:08,2023-10-02,2023-10-02 08:08:00 UTC,Rome,3495159,giorgio_aimassi,,2023-10-02 13:48:41 UTC,2024-07-07 06:09:15 UTC,research,CC-BY-NC,https://www.inaturalist.org/observations/185900719,https://inaturalist-open-data.s3.amazonaws.com/photos/324751361/medium.jpeg,,"",,2,0,false,,"Sostegno BI, Italy",45.6431480533,8.2767391002,783,,,,783,,,false,,,Italy,Elicoverpa,Helicoverpa armigera,Cotton Bollworm Moth,Insecta,83806
185939190,ea7c9d81-4e87-4687-ae1b-99411f1e8cc7,2023-10-02 10:33:13,2023-10-02,2023-10-02 08:33:13 UTC,Rome,2509911,albertros,Albert Ros,2023-10-02 18:52:16 UTC,2024-03-26 21:58:55 UTC,research,CC-BY-NC,https://www.inaturalist.org/observations/185939190,https://inaturalist-open-data.s3.amazonaws.com/photos/324829754/medium.jpeg,,"",,2,0,false,2,"26823 Castiglione d'Adda, Province of Lodi, Italy",45.2173887829,9.7063880414,402,,,,402,,,false,,,Italy,Cotton Bollworm Moth,Helicoverpa armigera,Cotton Bollworm Moth,Insecta,83806
185971466,30a6ee25-f2a4-4b0a-bb78-eb0716446acb,2023/09/30 13:35,2023-09-30,2023-09-30 11:35:00 UTC,Rome,1191285,antoniog,"",2023-10-02 23:01:09 UTC,2023-10-05 12:10:06 UTC,research,CC-BY-NC,https://www.inaturalist.org/observations/185971466,https://inaturalist-open-data.s3.amazonaws.com/photos/324887870/medium.jpeg,,"",,3,0,false,,"Provincia di Novara, Italia",45.5196193749,8.683314721,15,,,,15,,,false,,,Italy,Elicoverpa,Helicoverpa armigera,Cotton Bollworm Moth,Insecta,83806
186004550,b0f711b1-17a4-4c8e-8101-5d522014f006,2023-10-02 11:39:46+02:00,2023-10-02,2023-10-02 09:39:46 UTC,Rome,925256,rcaccia,"",2023-10-03 05:51:55 UTC,2023-10-05 12:11:20 UTC,research,CC-BY-NC,https://www.inaturalist.org/observations/186004550,https://inaturalist-open-data.s3.amazonaws.com/photos/324962345/medium.jpg,,"","",2,0,false,3,"Riserva Naturale Monterano, Canale Monterano, Lazio, IT",42.1338361667,12.0765361667,4,,,,4,,,false,,,Italy,Elicoverpa,Helicoverpa armigera,Cotton Bollworm Moth,Insecta,83806
186017665,5aa965a3-eeec-4783-841f-aa109f09d6c7,2023/10/02 2:16 PM,2023-10-02,2023-10-02 12:16:00 UTC,Rome,6057935,dragonfyre,Dragonfyre,2023-10-03 09:51:36 UTC,2025-01-07 13:01:05 UTC,research,CC-BY-NC,https://www.inaturalist.org/observations/186017665,https://inaturalist-open-data.s3.amazonaws.com/photos/324987466/medium.jpeg,,"","",2,0,false,,Italy,45.7744762758,8.7383143281,2,,,,27126,obscured,,true,,"",Italy,Cotton Bollworm Moth,Helicoverpa armigera,Cotton Bollworm Moth,Insecta,83806
186027741,4294fb9b-77a4-4f3e-8e21-48a988276b39,2023/10/03 13:30,2023-10-03,2023-10-03 11:30:00 UTC,Rome,1996045,micdallo,"",2023-10-03 12:12:05 UTC,2023-10-16 16:33:37 UTC,research,CC-BY-NC,https://www.inaturalist.org/observations/186027741,https://inaturalist-open-data.s3.amazonaws.com/photos/325006595/medium.jpg,,"",,2,0,false,,"Verona VR, Italia",45.427813752,10.9661371439,10,,,,10,,,false,,,Italy,Elicoverpa,Helicoverpa armigera,Cotton Bollworm Moth,Insecta,83806
186040381,2a95b31b-4e88-4c91-a811-512b9b334433,2023-10-03 14:56:38+02:00,2023-10-03,2023-10-03 12:56:38 UTC,Rome,6037070,jezas,,2023-10-03 14:30:02 UTC,2023-10-05 12:14:08 UTC,research,CC-BY-NC,https://www.inaturalist.org/observations/186040381,https://inaturalist-open-data.s3.amazonaws.com/photos/325031525/medium.jpg,,"","",2,0,false,3,"Via Vittorio Veneto, Roasio, Piedmont, IT",45.5980116667,8.26968,4,,,,4,,,false,,,Italy,Cotton Bollworm Moth,Helicoverpa armigera,Cotton Bollworm Moth,Insecta,83806
186058301,b0e621db-f199-4ee9-b38f-fee06e62ad03,2023-10-02 21:07:02,2023-10-02,2023-10-02 19:07:02 UTC,Rome,370501,bferrero,"",2023-10-03 17:00:46 UTC,2023-10-05 12:16:07 UTC,research,CC-BY-NC,https://www.inaturalist.org/observations/186058301,https://inaturalist-open-data.s3.amazonaws.com/photos/325065172/medium.jpeg,,"",,2,0,false,2,"Torino, Piemonte, IT",45.1670653535,7.3883154743,186,,,,27222,obscured,,true,gps,gps,Italy,Helicoverpa armigera,Helicoverpa armigera,Cotton Bollworm Moth,Insecta,83806
186059955,74945202-1b91-41d5-a16c-963de2a9dce1,2023-10-03 18:59:52,2023-10-03,2023-10-03 16:59:52 UTC,Rome,1522604,lvdr,"",2023-10-03 17:15:55 UTC,2023-10-05 12:16:52 UTC,research,CC-BY-NC,https://www.inaturalist.org/observations/186059955,https://inaturalist-open-data.s3.amazonaws.com/photos/325068886/medium.jpeg,,"",,2,0,false,2,"Peseggia Vittorio Veneto, 30030 Peseggia VE, Italia",45.5633186405,12.1864392981,22,,,,22,,,false,gps,gps,Italy,Helicoverpa armigera,Helicoverpa armigera,Cotton Bollworm Moth,Insecta,83806
186068461,1fc690dd-94b5-41e9-b0c9-8109d03ea7a6,2023-10-02 14:21:08+02:00,2023-10-02,2023-10-02 12:21:08 UTC,Rome,3387974,olga_zero,,2023-10-03 18:32:28 UTC,2023-10-03 20:08:41 UTC,research,CC-BY-NC,https://www.inaturalist.org/observations/186068461,https://inaturalist-open-data.s3.amazonaws.com/photos/325085419/medium.jpg,,"","",1,0,false,3,"Fiume Serio, Grassobbio, Lombardia, IT",45.654605,9.7344416667,4,,,,4,,,false,,,Italy,Elicoverpa,Helicoverpa armigera,Cotton Bollworm Moth,Insecta,83806
186152770,5fbf740a-4245-42b8-8e7e-62607f224bbd,2023/09/30 18:31,2023-09-30,2023-09-30 16:31:00 UTC,Rome,1945930,phylos,Luigi Andena,2023-10-04 12:58:37 UTC,2023-10-04 20:44:34 UTC,research,CC-BY-NC,https://www.inaturalist.org/observations/186152770,https://inaturalist-open-data.s3.amazonaws.com/photos/325254000/medium.jpg,,"","",2,0,false,,"Provincia di Pavia, Italia",44.9004732066,9.2630161142,8,,,,8,,,false,,,Italy,Elicoverpa,Helicoverpa armigera,Cotton Bollworm Moth,Insecta,83806
186169942,3126d346-6b71-4809-9cef-92e015ef2de1,2023-10-04 16:21:53,2023-10-04,2023-10-04 14:21:53 UTC,Rome,5646179,giusi_co,"",2023-10-04 15:45:23 UTC,2023-10-27 22:19:33 UTC,research,CC-BY-NC,https://www.inaturalist.org/observations/186169942,https://inaturalist-open-data.s3.amazonaws.com/photos/325285121/medium.jpeg,,"",,2,0,false,2,"29010 Alta Val Tidone PC, Italia",44.9536585816,9.3524299935,112,,,,112,,,false,gps,gps,Italy,Elicoverpa,Helicoverpa armigera,Cotton Bollworm Moth,Insecta,83806
186173992,6f7e1d09-3d66-4346-be29-186df3aa6fb0,2023/10/04 2:44 PM,2023-10-04,2023-10-04 12:44:00 UTC,Rome,428858,claudioflamigni,Claudio Flamigni,2023-10-04 16:19:45 UTC,2023-10-04 20:46:33 UTC,research,CC-BY-NC,https://www.inaturalist.org/observations/186173992,https://inaturalist-open-data.s3.amazonaws.com/photos/325289104/medium.jpeg,,"","Castelvetro, 150 m circa.",2,0,false,,"41014 Castelvetro di Modena MO, Italy",44.5028872456,10.9424968299,8,,,,8,,,false,,,Italy,Cotton Bollworm Moth,Helicoverpa armigera,Cotton Bollworm Moth,Insecta,83806
186197407,b4d49d3b-b986-4b46-85cd-a898555b8e09,2023-10-04 20:56:30,2023-10-04,2023-10-04 18:56:30 UTC,Rome,1522604,lvdr,"",2023-10-04 19:41:24 UTC,2023-10-04 20:36:43 UTC,research,CC-BY-NC,https://www.inaturalist.org/observations/186197407,https://inaturalist-open-data.s3.amazonaws.com/photos/325339523/medium.jpeg,,"",,1,0,false,2,"Peseggia VE, Italia",45.5633350719,12.1952644363,15,,,,15,,,false,gps,gps,Italy,Helicoverpa armigera,Helicoverpa armigera,Cotton Bollworm Moth,Insecta,83806
186207652,73110f62-f72a-48e0-9fef-7761481c51b6,2023/09/29,2023-09-29,,Rome,1397840,apiccinini,Andrea Piccinini,2023-10-04 21:07:45 UTC,2025-08-15 10:10:36 UTC,research,CC-BY-NC,https://www.inaturalist.org/observations/186207652,https://inaturalist-open-data.s3.amazonaws.com/photos/325358980/medium.jpeg,,"",,2,0,false,,"Città Metropolitana di Bologna, Italia",44.3977098086,11.4098464803,15,,,,15,,,false,,,Italy,Elicoverpa,Helicoverpa armigera,Cotton Bollworm Moth,Insecta,83806
186213311,9a3096b6-20d6-47b9-ad9b-033991ab9777,2023-10-04 23:55:35+02:00,2023-10-04,2023-10-04 21:55:35 UTC,Rome,1956724,andreaang,Andrea Angiari,2023-10-04 22:05:13 UTC,2023-10-05 12:23:11 UTC,research,CC-BY-NC,https://www.inaturalist.org/observations/186213311,https://inaturalist-open-data.s3.amazonaws.com/photos/325372217/medium.jpg,,"","",2,0,false,3,"Via Don Giuseppe Bonizzato, Mozzecane, Veneto, IT",45.3044666667,10.81965,4,,,,4,,,false,,,Italy,Cotton Bollworm Moth,Helicoverpa armigera,Cotton Bollworm Moth,Insecta,83806
186216535,6e158d76-2642-479d-bdef-beafd79489a4,2023-10-04 23:32:51,2023-10-04,2023-10-04 21:32:51 UTC,Rome,392309,bac_77,Marco Crivellari,2023-10-04 22:33:10 UTC,2023-10-05 12:23:52 UTC,research,CC-BY-NC,https://www.inaturalist.org/observations/186216535,https://inaturalist-open-data.s3.amazonaws.com/photos/325377943/medium.jpeg,,"",,2,0,false,2,"Ferrara, Emilia-Romagna, IT",44.9142913817,12.2328796386,,,,,,,,false,gps,gps,Italy,Cotton Bollworm Moth,Helicoverpa armigera,Cotton Bollworm Moth,Insecta,83806
186217844,a2de7530-b58d-4f57-9c8f-b75ec0bd4b4d,2023-10-04 23:59:58,2023-10-04,2023-10-04 21:59:58 UTC,Rome,392309,bac_77,Marco Crivellari,2023-10-04 22:43:32 UTC,2023-10-05 12:23:44 UTC,research,CC-BY-NC,https://www.inaturalist.org/observations/186217844,https://inaturalist-open-data.s3.amazonaws.com/photos/325380195/medium.jpeg,,"",,2,0,false,2,"Mesola Ferrara, Italia",44.8833885192,12.2323617933,,,,,,,,false,gps,gps,Italy,Cotton Bollworm Moth,Helicoverpa armigera,Cotton Bollworm Moth,Insecta,83806
186261678,dc13792e-a675-43f6-8b3e-239bbd1c7715,2023-10-05 11:48:26,2023-10-05,2023-10-05 09:48:26 UTC,Rome,5839058,roberto_costanzo_costa,Roberto Costanzo Costa,2023-10-05 09:48:34 UTC,2023-10-06 20:22:23 UTC,research,,https://www.inaturalist.org/observations/186261678,https://static.inaturalist.org/photos/325537980/medium.jpeg,,"",,2,0,false,2,"35014 Fontaniva PD, Italia",45.6039716667,11.766525,9,,,,9,,,false,,,Italy,Elicoverpa,Helicoverpa armigera,Cotton Bollworm Moth,Insecta,83806
186267835,521018ff-04d1-46d4-803e-cb513695d2bb,2023-10-05 13:33:33+02:00,2023-10-05,2023-10-05 11:33:33 UTC,Rome,737132,brucola,,2023-10-05 11:33:57 UTC,2023-10-06 20:54:23 UTC,research,CC-BY-NC,https://www.inaturalist.org/observations/186267835,https://inaturalist-open-data.s3.amazonaws.com/photos/325484354/medium.jpg,,"","",2,0,false,3,"Via Cornelia, Roma, Lazio, IT",41.9094936998,12.3984781622,14,,,,14,,,false,,,Italy,Elicoverpa,Helicoverpa armigera,Cotton Bollworm Moth,Insecta,83806
186276681,93d9aec4-836c-4c8d-bc6a-24285c5f5368,2023/10/03 15:57,2023-10-03,2023-10-03 13:57:00 UTC,Rome,6606314,elena_antoniolli,Elena Antoniolli,2023-10-05 13:17:03 UTC,2024-02-04 04:11:09 UTC,needs_id,CC-BY-NC,https://www.inaturalist.org/observations/186276681,https://inaturalist-open-data.s3.amazonaws.com/photos/325500676/medium.jpeg,,"",,0,0,false,,"31056 Roncade TV, Italia",45.6289905,12.3745787,1865,,,,1865,,,false,,,Italy,Helicoverpa armigera,Helicoverpa armigera,Cotton Bollworm Moth,Insecta,83806
186324789,4cbf4214-df12-4c11-b543-50316c15d102,2023-10-05 22:11:25,2023-10-05,2023-10-05 20:11:25 UTC,Rome,2277168,giuliapit,Giulia P,2023-10-05 20:13:42 UTC,2023-10-06 20:39:43 UTC,research,CC-BY-NC,https://www.inaturalist.org/observations/186324789,https://inaturalist-open-data.s3.amazonaws.com/photos/325592802/medium.jpeg,,"",,2,0,false,2,"Taranto TA, Italia",40.4163086045,17.2175492719,5871,,,,5871,,,false,gps,gps,Italy,Elicoverpa,Helicoverpa armigera,Cotton Bollworm Moth,Insecta,83806
186336996,0dce32f0-94c3-4d84-b51f-ef9ed7c1dcbe,2023-10-05 21:43:57,2023-10-05,2023-10-05 19:43:57 UTC,Rome,4920939,enrico_carta,Enrico Carta,2023-10-05 22:06:00 UTC,2023-10-06 20:25:27 UTC,research,,https://www.inaturalist.org/observations/186336996,https://static.inaturalist.org/photos/325617005/medium.jpeg,,"",,2,0,false,2,"18039 Ventimiglia IM, Italia",43.7900483333,7.5951583333,8,,,,8,,,false,,,Italy,Helicoverpa armigera,Helicoverpa armigera,Cotton Bollworm Moth,Insecta,83806
186370364,58da98af-c0a2-4b63-b0dd-2419e4c98bfd,Fri Oct 06 2023 06:57:01 GMT +0200 (GMT+2),2023-10-06,2023-10-06 04:57:01 UTC,Rome,4696847,ropesce,"",2023-10-06 05:09:04 UTC,2023-10-06 20:26:28 UTC,research,CC-BY-NC,https://www.inaturalist.org/observations/186370364,https://inaturalist-open-data.s3.amazonaws.com/photos/325685315/medium.jpeg,,"",,2,0,false,333,Genova,44.4283599854,8.7497816086,80,,,,80,,,false,,,Italy,Elicoverpa,Helicoverpa armigera,Cotton Bollworm Moth,Insecta,83806
186379376,9f09f5b9-aa7f-4ef9-9bb1-a51cad827e80,2023/10/05 09:10,2023-10-05,2023-10-05 07:10:00 UTC,Rome,744814,mirko_tomasi,Mirko Tomasi,2023-10-06 08:10:20 UTC,2023-10-06 20:28:44 UTC,research,CC-BY-NC,https://www.inaturalist.org/observations/186379376,https://inaturalist-open-data.s3.amazonaws.com/photos/325698663/medium.jpg,,"",,2,0,false,,"Provincia di Varese, Italia",45.8783130282,8.7856753564,1100,,,,1100,,,false,,,Italy,Elicoverpa,Helicoverpa armigera,Cotton Bollworm Moth,Insecta,83806
186421464,df8a983d-aa7f-456f-ad22-ebb39791a309,2023/10/06,2023-10-06,,Rome,2283062,roberto421,Roberto Ghiglia,2023-10-06 16:25:26 UTC,2023-10-06 19:00:50 UTC,research,CC-BY-NC,https://www.inaturalist.org/observations/186421464,https://inaturalist-open-data.s3.amazonaws.com/photos/325782608/medium.jpg,,"",,1,0,false,,"12051 Alba CN, Italia",44.6913210797,8.0365714276,4,,,,4,,,false,,,Italy,Elicoverpa,Helicoverpa armigera,Cotton Bollworm Moth,Insecta,83806
186449756,770a9da9-b228-423c-8af8-78c1748f1b0b,2023-10-06 14:00:43,2023-10-06,2023-10-06 12:00:43 UTC,Rome,4218599,winu,"",2023-10-06 20:10:50 UTC,2023-10-06 20:39:14 UTC,research,CC-BY-NC,https://www.inaturalist.org/observations/186449756,https://inaturalist-open-data.s3.amazonaws.com/photos/325837985/medium.jpeg,,"",,2,0,false,2,"37010 Costermano, Verona, Italien",45.6021315908,10.7155517486,,,,,,,,false,gps,gps,Italy,Baumwoll-Sonneneule,Helicoverpa armigera,Cotton Bollworm Moth,Insecta,83806
186513342,bdcd3f9b-da80-49f6-ae3d-07da082a1cc3,2023-10-07 09:28:29,2023-10-07,2023-10-07 07:28:29 UTC,Rome,4500656,egidio_fabris,Egidio Fabris,2023-10-07 07:38:20 UTC,2024-09-02 00:59:39 UTC,research,CC-BY-NC,https://www.inaturalist.org/observations/186513342,https://inaturalist-open-data.s3.amazonaws.com/photos/325965472/medium.jpeg,,"",,3,0,false,2,"36015 Schio VI, Italia",45.7067117083,11.346713081,6,,,,6,,,false,gps,gps,Italy,Cotton Bollworm Moth,Helicoverpa armigera,Cotton Bollworm Moth,Insecta,83806
186516597,75ebd8fe-bcc3-4076-a5f5-5a3e90b9a4d3,2023-10-07 10:37:54,2023-10-07,2023-10-07 08:37:54 UTC,Rome,2584643,fedelu21,Federica Lucchini,2023-10-07 08:38:55 UTC,2023-10-10 06:21:48 UTC,research,,https://www.inaturalist.org/observations/186516597,https://static.inaturalist.org/photos/325972765/medium.jpeg,,"",,1,0,false,2,"25020 Dello BS, Italia",45.41089173,10.12337571,8,,,,8,,,false,,,Italy,Cotton Bollworm Moth,Helicoverpa armigera,Cotton Bollworm Moth,Insecta,83806
186530508,7d853d48-2667-4630-98da-ab283fc90c4a,2023/10/03 11:51,2023-10-03,2023-10-03 09:51:00 UTC,Rome,4072413,nicolaaddelfio,Nicola Addelfio,2023-10-07 12:19:10 UTC,2023-10-07 14:35:54 UTC,research,CC-BY-NC,https://www.inaturalist.org/observations/186530508,https://inaturalist-open-data.s3.amazonaws.com/photos/325999193/medium.jpeg,,"",,2,0,false,,"Via Flacca, km 16,300, 04029 Sperlonga LT, Italia",41.2525291,13.4491482,58,,,,58,,,false,,,Italy,Elicoverpa,Helicoverpa armigera,Cotton Bollworm Moth,Insecta,83806
186536262,34944247-5cd6-4d31-b7e1-6d00544b1135,2023-10-07 15:15:20,2023-10-07,2023-10-07 13:15:20 UTC,Rome,5878658,sguanci72,,2023-10-07 13:24:47 UTC,2023-10-07 14:35:25 UTC,research,CC-BY-NC,https://www.inaturalist.org/observations/186536262,https://inaturalist-open-data.s3.amazonaws.com/photos/326010731/medium.jpeg,,"",,2,0,false,2,"Pesaro PU, Italia",43.8919897612,12.895343788,39,,,,39,,,false,,,Italy,Elicoverpa,Helicoverpa armigera,Cotton Bollworm Moth,Insecta,83806
186658614,0829aa6e-8292-488f-9835-7fd2e4277e55,2023-10-08 08:01:14,2023-10-08,2023-10-08 06:01:14 UTC,Rome,2514105,diegoreggianti,"",2023-10-08 06:45:14 UTC,2023-10-08 17:31:11 UTC,research,CC-BY-NC,https://www.inaturalist.org/observations/186658614,https://inaturalist-open-data.s3.amazonaws.com/photos/326252233/medium.jpeg,,"",,1,0,false,2,cambusa,41.9190360105,12.4867068976,8,,,,8,,,false,gps,gps,Italy,Helicoverpa armigera,Helicoverpa armigera,Cotton Bollworm Moth,Insecta,83806
186662154,e17a0eba-3d7f-44a9-b271-8ebd31edd501,2023/10/07 11:21,2023-10-07,2023-10-07 09:21:00 UTC,Rome,3268950,egorgavrilov,,2023-10-08 07:42:04 UTC,2023-10-09 11:35:04 UTC,research,CC-BY-NC,https://www.inaturalist.org/observations/186662154,https://inaturalist-open-data.s3.amazonaws.com/photos/326258951/medium.jpg,,"",,2,0,false,,"Милан, Италия",45.4949623905,9.0931009336,2,,,,2,,,false,,,Italy,Совка хлопковая,Helicoverpa armigera,Cotton Bollworm Moth,Insecta,83806
186675482,215a7e00-8812-404b-9c84-e5eca932117f,2023-10-08 13:02:00,2023-10-08,2023-10-08 11:02:00 UTC,Rome,5839058,roberto_costanzo_costa,Roberto Costanzo Costa,2023-10-08 11:02:08 UTC,2023-10-08 17:29:53 UTC,research,,https://www.inaturalist.org/observations/186675482,https://static.inaturalist.org/photos/326319811/medium.jpeg,,"",,1,0,false,2,"36061 Campese VI, Italia",45.8095166667,11.7139283333,7,,,,7,,,false,,,Italy,Elicoverpa,Helicoverpa armigera,Cotton Bollworm Moth,Insecta,83806
186687732,a9bcde07-bce1-4f9b-8669-300213d5e146,2023-10-08 15:23:20,2023-10-08,2023-10-08 13:23:20 UTC,Rome,4920939,enrico_carta,Enrico Carta,2023-10-08 13:23:56 UTC,2023-10-08 17:28:36 UTC,research,,https://www.inaturalist.org/observations/186687732,https://static.inaturalist.org/photos/326307316/medium.jpeg,,"",,1,0,false,2,"18019 Vallecrosia IM, Italia",43.78442,7.6386616667,7,,,,7,,,false,,,Italy,Helicoverpa armigera,Helicoverpa armigera,Cotton Bollworm Moth,Insecta,83806
186696907,5a686b16-5a4d-4179-be9d-a9de3ad553e4,2023/10/07 21:17,2023-10-07,2023-10-07 19:17:00 UTC,Rome,3871988,egocch,Ernesto G. Occhiato,2023-10-08 14:39:27 UTC,2023-10-08 17:28:03 UTC,research,,https://www.inaturalist.org/observations/186696907,https://static.inaturalist.org/photos/326323403/medium.jpg,,Falene di Monzuno (BO) - Moths of Monzuno (BO) Italy,"",1,0,false,,"40036 Monzuno BO, Italia",44.2781689592,11.2596756157,61,,,,61,,,false,,,Italy,Elicoverpa,Helicoverpa armigera,Cotton Bollworm Moth,Insecta,83806
186699711,f0d3c3b2-8986-4e2e-9531-d32b54c45a2f,2023/10/08 08:10,2023-10-08,2023-10-08 06:10:00 UTC,Rome,3871988,egocch,Ernesto G. Occhiato,2023-10-08 15:01:12 UTC,2024-01-02 22:14:52 UTC,research,,https://www.inaturalist.org/observations/186699711,https://static.inaturalist.org/photos/326328691/medium.jpg,,Falene di Monzuno (BO) - Moths of Monzuno (BO) Italy,"",2,0,false,,Monzuno - Montevenere E,44.2565597457,11.2561498115,122,,,,122,,,false,,,Italy,Elicoverpa,Helicoverpa armigera,Cotton Bollworm Moth,Insecta,83806
186700835,8abb21ce-5338-4b85-8bcb-723554f0428e,2023/10/08 08:17,2023-10-08,2023-10-08 06:17:00 UTC,Rome,3871988,egocch,Ernesto G. Occhiato,2023-10-08 15:11:00 UTC,2024-01-02 22:14:22 UTC,research,,https://www.inaturalist.org/observations/186700835,https://static.inaturalist.org/photos/326331341/medium.jpg,,Falene di Monzuno (BO) - Moths of Monzuno (BO) Italy,"",2,0,false,,Monzuno - Montevenere E,44.2565597457,11.2561498115,122,,,,122,,,false,,,Italy,Elicoverpa,Helicoverpa armigera,Cotton Bollworm Moth,Insecta,83806
186702975,cf03aaab-5187-4aeb-af94-78de44110233,2023/10/08 08:30,2023-10-08,2023-10-08 06:30:00 UTC,Rome,3871988,egocch,Ernesto G. Occhiato,2023-10-08 15:26:54 UTC,2024-01-02 22:13:28 UTC,research,,https://www.inaturalist.org/observations/186702975,https://static.inaturalist.org/photos/326335750/medium.jpg,,Falene di Monzuno (BO) - Moths of Monzuno (BO) Italy,"",2,0,false,,Monzuno - Montevenere E,44.2565597457,11.2561498115,122,,,,122,,,false,,,Italy,Elicoverpa,Helicoverpa armigera,Cotton Bollworm Moth,Insecta,83806
186704214,7837d3e0-a462-45fd-94aa-71228cbc4224,2023-10-07 10:52:15,2023-10-07,2023-10-07 08:52:15 UTC,Rome,5961245,allegrar,Allegra,2023-10-08 15:35:57 UTC,2023-10-08 17:39:55 UTC,research,CC-BY-NC,https://www.inaturalist.org/observations/186704214,https://inaturalist-open-data.s3.amazonaws.com/photos/326338317/medium.jpeg,,"",,1,0,false,2,"36015 Altura VI, Italia",45.7094566263,11.3852892816,48,,,,48,,,false,gps,gps,Italy,Elicoverpa,Helicoverpa armigera,Cotton Bollworm Moth,Insecta,83806
186706082,e69c3fea-7952-4898-90c3-d0134ceab2a1,2023-10-08 15:42:42,2023-10-08,2023-10-08 13:42:42 UTC,Rome,1591925,gabriele_lagrasta,Gabriele La Grasta,2023-10-08 15:47:29 UTC,2023-10-08 21:54:40 UTC,research,CC-BY-NC,https://www.inaturalist.org/observations/186706082,https://inaturalist-open-data.s3.amazonaws.com/photos/326341536/medium.jpeg,,"",,2,0,false,2,"GRANA - Corso Garibaldi / Peso, 14031 Grana Monferrato AT, Italia",44.9975533886,8.2978635281,55,,,,55,,,false,gps,gps,Italy,Cotton Bollworm Moth,Helicoverpa armigera,Cotton Bollworm Moth,Insecta,83806
186714662,93f244b3-3f1c-43ba-9187-a7a557be20b9,2023-10-08 17:30:49+02:00,2023-10-08,2023-10-08 15:30:49 UTC,Rome,6523868,lucadiggia,,2023-10-08 16:44:56 UTC,2023-10-10 12:42:22 UTC,research,CC-BY-NC,https://www.inaturalist.org/observations/186714662,https://inaturalist-open-data.s3.amazonaws.com/photos/326357464/medium.jpg,,"","",2,0,false,3,"Frazione Serravalle, Asti, Piemonte, IT",44.9587133333,8.1518778333,5,,,,5,,,false,,,Italy,Elicoverpa,Helicoverpa armigera,Cotton Bollworm Moth,Insecta,83806
186745134,ceb6d704-3d64-4dcb-8b8b-4f7a19daffbf,2023-10-08 20:43:02,2023-10-08,2023-10-08 18:43:02 UTC,Rome,5493206,mircogruppi,"",2023-10-08 19:50:30 UTC,2025-02-18 00:01:10 UTC,needs_id,CC-BY-NC,https://www.inaturalist.org/observations/186745134,https://inaturalist-open-data.s3.amazonaws.com/photos/326587206/medium.jpeg,,"","",0,0,false,2,"40069 Zola Predosa BO, Italia",44.4935944444,11.2073472222,,,,,,,,false,gps,gps,Italy,Helicoverpa armigera,Helicoverpa armigera,Cotton Bollworm Moth,Insecta,83806
186751190,ad616ffc-659e-4dc7-94e7-648f94b7e709,2023/09/29 12:27 PM,2023-09-29,2023-09-29 10:27:00 UTC,Rome,1956724,andreaang,Andrea Angiari,2023-10-08 20:28:48 UTC,2023-10-09 11:45:05 UTC,research,CC-BY-NC,https://www.inaturalist.org/observations/186751190,https://inaturalist-open-data.s3.amazonaws.com/photos/326426073/medium.jpg,,"",,2,0,false,,"Province of Savona, Italy",44.1665977317,8.3085131319,31,,,,31,,,false,,,Italy,Cotton Bollworm Moth,Helicoverpa armigera,Cotton Bollworm Moth,Insecta,83806
186765137,f6169f21-1739-4327-9e71-95523a0cd4b9,2023-10-08 19:59:34+02:00,2023-10-08,2023-10-08 17:59:34 UTC,Rome,1956724,andreaang,Andrea Angiari,2023-10-08 21:59:45 UTC,2023-10-09 11:52:41 UTC,research,CC-BY-NC,https://www.inaturalist.org/observations/186765137,https://inaturalist-open-data.s3.amazonaws.com/photos/326456582/medium.jpg,,"","",2,0,false,3,"San Graziano, Valeggio sul Mincio, Veneto, IT",45.3428,10.737875,3,,,,3,,,false,,,Italy,Cotton Bollworm Moth,Helicoverpa armigera,Cotton Bollworm Moth,Insecta,83806
186816397,e326b897-2028-46ba-ad3c-e4c10758826f,2023-10-09 07:38:21,2023-10-09,2023-10-09 05:38:21 UTC,Rome,6985939,giorad,giovanni radaelli,2023-10-09 05:46:47 UTC,2023-10-09 11:53:31 UTC,research,,https://www.inaturalist.org/observations/186816397,https://static.inaturalist.org/photos/326559436/medium.jpeg,,"",,2,0,false,2,"23900 Lecco LC, Italia",45.8636466667,9.3962983333,7,,,,7,,,false,,,Italy,Cotton Bollworm Moth,Helicoverpa armigera,Cotton Bollworm Moth,Insecta,83806
186820227,29bda57f-cfe1-44d7-bd8a-5d841a13d502,2023-10-09 08:19:45,2023-10-09,2023-10-09 06:19:45 UTC,Rome,2277168,giuliapit,Giulia P,2023-10-09 06:49:11 UTC,2023-10-09 12:07:48 UTC,research,CC-BY-NC,https://www.inaturalist.org/observations/186820227,https://inaturalist-open-data.s3.amazonaws.com/photos/326566775/medium.jpeg,,"",,1,0,false,2,"UDINE via Manzoni 3 (tribunale), 33100 Udine UD, Italia",46.0585219846,13.2375514135,1429,,,,1429,,,false,gps,gps,Italy,Elicoverpa,Helicoverpa armigera,Cotton Bollworm Moth,Insecta,83806
186831316,7fe82280-c5b3-40f5-bda9-00d4e8f9bcb0,2023/09/24 11:09,2023-09-24,2023-09-24 09:09:00 UTC,Rome,442900,alesmazzo,Alessandro Mazzoleni,2023-10-09 09:58:29 UTC,2023-10-09 12:02:31 UTC,research,CC-BY-NC,https://www.inaturalist.org/observations/186831316,https://static.inaturalist.org/photos/326584571/medium.jpeg,,"",,1,0,false,,"Provincia di Varese, Italia",45.609994679,8.6950277037,2,,,,2,,,false,,,Italy,Elicoverpa,Helicoverpa armigera,Cotton Bollworm Moth,Insecta,83806
186835236,8aebf091-5d56-453b-ac45-1ea0736c9bbb,2023/10/08 22:31,2023-10-08,2023-10-08 20:31:00 UTC,Rome,1609913,giuseppe_molinari,Giuseppe Molinari,2023-10-09 11:07:54 UTC,2023-10-17 08:57:23 UTC,research,CC-BY-NC,https://www.inaturalist.org/observations/186835236,https://inaturalist-open-data.s3.amazonaws.com/photos/326595173/medium.jpg,,"",,2,0,false,,"48123 Marina Romea RA, Italia",44.5204814977,12.2725258547,2,,,,2,,,false,,,Italy,Elicoverpa,Helicoverpa armigera,Cotton Bollworm Moth,Insecta,83806
186835258,f09bf827-d532-4997-b74e-4d27d526eab7,2023/10/09 10:32,2023-10-09,2023-10-09 08:32:00 UTC,Rome,752618,mrgls,Maria Rita Gelso,2023-10-09 11:08:04 UTC,2024-04-17 02:45:30 UTC,research,CC-BY-NC,https://www.inaturalist.org/observations/186835258,https://inaturalist-open-data.s3.amazonaws.com/photos/326597150/medium.jpeg,,"","",1,0,false,,"Parco Nord Milano - Cinisello Balsamo MI, Italia",45.5409324724,9.2084268923,700,,,,700,,,false,,,Italy,Elicoverpa,Helicoverpa armigera,Cotton Bollworm Moth,Insecta,83806
186882005,4ef84139-63e2-47ba-8c0d-03c4c14cf17e,2023-10-09 20:34:53+02:00,2023-10-09,2023-10-09 18:34:53 UTC,Rome,1956724,andreaang,Andrea Angiari,2023-10-09 18:45:02 UTC,2023-10-10 18:45:07 UTC,research,CC-BY-NC,https://www.inaturalist.org/observations/186882005,https://inaturalist-open-data.s3.amazonaws.com/photos/326690250/medium.jpg,,"","",2,0,false,3,"Via Don Giuseppe Bonizzato, Mozzecane, Veneto, IT",45.3043283333,10.8196133333,16,,,,16,,,false,,,Italy,Cotton Bollworm Moth,Helicoverpa armigera,Cotton Bollworm Moth,Insecta,83806
186907504,14d8bf94-42b8-4ed1-b6dc-95f2550751b8,2023-10-09 21:20:23,2023-10-09,2023-10-09 19:20:23 UTC,Rome,370501,bferrero,"",2023-10-09 21:37:16 UTC,2023-10-10 08:57:09 UTC,research,CC-BY-NC,https://www.inaturalist.org/observations/186907504,https://inaturalist-open-data.s3.amazonaws.com/photos/326740359/medium.jpeg,,"",,2,0,false,2,"Torino, Piemonte, IT",45.0220991567,7.298990442,186,,,,27222,obscured,,true,gps,gps,Italy,Helicoverpa armigera,Helicoverpa armigera,Cotton Bollworm Moth,Insecta,83806
186963353,2b83ac60-2b38-48a5-99a4-d4b0da40707e,2023-10-09 20:26:00,2023-10-09,2023-10-09 18:26:00 UTC,Rome,485724,mariaelisa,Chiaramonte family,2023-10-10 06:25:54 UTC,2023-10-10 09:04:11 UTC,research,CC-BY-NC,https://www.inaturalist.org/observations/186963353,https://inaturalist-open-data.s3.amazonaws.com/photos/326852645/medium.jpeg,,"",,1,0,false,2,"37069 Villafranca di Verona VR, Italia",45.3483326398,10.8385585248,20,,,,20,,,false,gps,gps,Italy,Elicoverpa,Helicoverpa armigera,Cotton Bollworm Moth,Insecta,83806
187023643,b35e046b-9ef9-42ae-b824-fd7bb40a3dee,2023-10-10 20:36:24,2023-10-10,2023-10-10 18:36:24 UTC,Rome,392309,bac_77,Marco Crivellari,2023-10-10 18:41:14 UTC,2023-10-10 18:50:40 UTC,research,CC-BY-NC,https://www.inaturalist.org/observations/187023643,https://inaturalist-open-data.s3.amazonaws.com/photos/326973343/medium.jpeg,,"",,1,0,false,2,"Mesola Ferrara, Italia",44.8833885192,12.2323617933,,,,,,,,false,gps,gps,Italy,Cotton Bollworm Moth,Helicoverpa armigera,Cotton Bollworm Moth,Insecta,83806
187045650,49e14c3f-82f4-439f-acf1-ba4a540e260c,2023/10/10 3:52 PM,2023-10-10,2023-10-10 13:52:00 UTC,Rome,1956724,andreaang,Andrea Angiari,2023-10-10 21:34:50 UTC,2024-02-04 04:10:56 UTC,needs_id,CC-BY-NC,https://www.inaturalist.org/observations/187045650,https://inaturalist-open-data.s3.amazonaws.com/photos/327016097/medium.jpg,,"",,0,0,false,,"Province of Verona, Italy",45.3780392287,10.8137147321,61,,,,61,,,false,,,Italy,Helicoverpa armigera,Helicoverpa armigera,Cotton Bollworm Moth,Insecta,83806
187045663,126eaf03-2bdc-4219-bf78-0dda6b964d8e,2023/10/10 3:59 PM,2023-10-10,2023-10-10 13:59:00 UTC,Rome,1956724,andreaang,Andrea Angiari,2023-10-10 21:34:53 UTC,2023-11-01 18:29:07 UTC,research,CC-BY-NC,https://www.inaturalist.org/observations/187045663,https://inaturalist-open-data.s3.amazonaws.com/photos/327016265/medium.jpg,,"",,2,0,false,,"Province of Verona, Italy",45.3808683873,10.8145407698,61,,,,61,,,false,,,Italy,Cotton Bollworm Moth,Helicoverpa armigera,Cotton Bollworm Moth,Insecta,83806
187098746,2263a0c4-1f9b-4dfe-8695-841aa01cf0b5,2023-10-07 21:56:43,2023-10-07,2023-10-07 19:56:43 UTC,Rome,2245036,mattiseck,Mattia,2023-10-11 09:24:05 UTC,2023-10-13 09:40:11 UTC,research,CC-BY-NC,https://www.inaturalist.org/observations/187098746,https://inaturalist-open-data.s3.amazonaws.com/photos/327126827/medium.jpeg,,"",,2,0,false,2,"12030 Murello CN, Italia",44.7523561667,7.6016103472,,,,,,,,false,,,Italy,Elicoverpa,Helicoverpa armigera,Cotton Bollworm Moth,Insecta,83806
187103267,7a6b0f3c-7b10-459f-a97e-c7da33da96c0,2023/10/11 00:55,2023-10-11,2023-10-10 22:55:00 UTC,Rome,1609913,giuseppe_molinari,Giuseppe Molinari,2023-10-11 10:38:52 UTC,2023-10-14 15:53:38 UTC,research,CC-BY-NC,https://www.inaturalist.org/observations/187103267,https://inaturalist-open-data.s3.amazonaws.com/photos/327133996/medium.jpg,,"",,1,0,false,,"Provincia di Forlì-Cesena, Italia",44.0590795953,11.9439178568,2,,,,2,,,false,,,Italy,Elicoverpa,Helicoverpa armigera,Cotton Bollworm Moth,Insecta,83806
187106900,b1c04cd1-4160-41d7-8cac-a8c3b1368ff7,2023-10-11 13:37:41,2023-10-11,2023-10-11 11:37:41 UTC,Rome,5481504,simona237,simona tosco,2023-10-11 11:38:22 UTC,2023-10-13 07:20:53 UTC,research,"",https://www.inaturalist.org/observations/187106900,https://static.inaturalist.org/photos/327141928/medium.jpeg,,"",,1,0,false,2,"Vanchiglietta, Torino TO, Italia",45.069509,7.71109449,5,,,,5,,,false,,,Italy,Cotton Bollworm Moth,Helicoverpa armigera,Cotton Bollworm Moth,Insecta,83806
187170756,b3e895e8-728b-4ef0-a84f-429184894895,2023-10-11 22:20:54,2023-10-11,2023-10-11 20:20:54 UTC,Rome,370501,bferrero,"",2023-10-11 21:50:24 UTC,2023-10-12 22:04:19 UTC,research,CC-BY-NC,https://www.inaturalist.org/observations/187170756,https://inaturalist-open-data.s3.amazonaws.com/photos/327266207/medium.jpeg,,"",,2,0,false,2,"Torino, Piemonte, IT",45.18827225,7.2050677984,186,,,,27222,obscured,,true,,,Italy,Helicoverpa armigera,Helicoverpa armigera,Cotton Bollworm Moth,Insecta,83806
187221005,e7e4df8e-c9b7-426f-8f8b-8228b3da661c,2023-10-12 10:36:19,2023-10-12,2023-10-12 08:36:19 UTC,Rome,5839058,roberto_costanzo_costa,Roberto Costanzo Costa,2023-10-12 08:37:36 UTC,2023-10-12 12:45:53 UTC,research,,https://www.inaturalist.org/observations/187221005,https://static.inaturalist.org/photos/327364434/medium.jpeg,,"",,1,0,false,2,"36056 Tezze sul Brenta VI, Italia",45.6850966667,11.69126,7,,,,7,,,false,,,Italy,Elicoverpa,Helicoverpa armigera,Cotton Bollworm Moth,Insecta,83806
187223536,988bbcff-c84a-43ba-8d7e-b9a364d94704,2023-10-12 11:13:57+02:00,2023-10-12,2023-10-12 09:13:57 UTC,Rome,5698029,gigi2760,"",2023-10-12 09:15:34 UTC,2023-10-27 22:14:18 UTC,research,CC-BY-NC,https://www.inaturalist.org/observations/187223536,https://inaturalist-open-data.s3.amazonaws.com/photos/327368935/medium.jpg,,"","",3,0,false,3,"Via Tiziano Vecellio, Cambiago, Lombardia, IT",45.5825216667,9.441625,15,,,,15,,,false,,,Italy,Elicoverpa,Helicoverpa armigera,Cotton Bollworm Moth,Insecta,83806
187247138,97dd5cae-daad-446d-ace2-5a91e23617c4,2023/10/11 8:17 PM,2023-10-11,2023-10-11 18:17:00 UTC,Rome,344927,andrebatt,Andrea Battisti,2023-10-12 14:31:45 UTC,2023-10-13 06:12:38 UTC,research,CC-BY-NC,https://www.inaturalist.org/observations/187247138,https://inaturalist-open-data.s3.amazonaws.com/photos/327413566/medium.jpg,,"",,2,0,false,,"Province of Vercelli, Italy",45.7109372725,8.3097343028,244,,,,244,,,false,,,Italy,Cotton Bollworm Moth,Helicoverpa armigera,Cotton Bollworm Moth,Insecta,83806
187252384,2272032a-b472-4856-a2f4-37cc4ca10ece,2023/10/12 6:36 AM,2023-10-12,2023-10-12 04:36:00 UTC,Rome,344927,andrebatt,Andrea Battisti,2023-10-12 15:22:09 UTC,2023-10-13 06:12:44 UTC,research,CC-BY-NC,https://www.inaturalist.org/observations/187252384,https://inaturalist-open-data.s3.amazonaws.com/photos/327423737/medium.jpg,,"",,2,0,false,,"Province of Vercelli, Italy",45.7109965364,8.3101439793,122,,,,122,,,false,,,Italy,Cotton Bollworm Moth,Helicoverpa armigera,Cotton Bollworm Moth,Insecta,83806
187259774,a9ba0318-cb0e-424f-af1c-6dcdb159d578,2023/10/05 21:07,2023-10-05,2023-10-05 19:07:00 UTC,Rome,442900,alesmazzo,Alessandro Mazzoleni,2023-10-12 16:28:59 UTC,2023-10-12 20:41:46 UTC,research,CC-BY-NC,https://www.inaturalist.org/observations/187259774,https://static.inaturalist.org/photos/327432755/medium.jpeg,,"",,1,0,false,,"Provincia di Lecco, Italia",45.8248171008,9.377547235,2,,,,2,,,false,,,Italy,Elicoverpa,Helicoverpa armigera,Cotton Bollworm Moth,Insecta,83806
187286831,0b2f64ed-ea82-43e1-9199-15dfac1ca625,2023-10-12 21:53:20,2023-10-12,2023-10-12 19:53:20 UTC,Rome,392309,bac_77,Marco Crivellari,2023-10-12 20:22:06 UTC,2023-10-12 21:07:05 UTC,research,CC-BY-NC,https://www.inaturalist.org/observations/187286831,https://inaturalist-open-data.s3.amazonaws.com/photos/327489673/medium.jpeg,,"",,2,0,false,2,"Mesola Ferrara, Italia",44.8834228514,12.2322092056,,,,,,,,false,gps,gps,Italy,Cotton Bollworm Moth,Helicoverpa armigera,Cotton Bollworm Moth,Insecta,83806
187334506,6156d9c7-75cc-4437-bb6d-1ce336258f84,2023/10/12 19:17,2023-10-12,2023-10-12 17:17:00 UTC,Rome,1437774,valentinabuono,Valentina,2023-10-13 05:29:03 UTC,2023-10-27 22:14:57 UTC,research,CC-BY-NC,https://www.inaturalist.org/observations/187334506,https://inaturalist-open-data.s3.amazonaws.com/photos/327585475/medium.jpeg,,"",,3,0,false,,"Ferrara, Emilia-Romagna, IT",44.7330022377,11.7354673913,447,,,,27285,obscured,,true,,,Italy,Elicoverpa,Helicoverpa armigera,Cotton Bollworm Moth,Insecta,83806
187347561,eea0447a-9ebb-496b-840d-358cacb6f9db,2023/10/08 8:45 PM,2023-10-08,2023-10-08 18:45:00 UTC,Rome,45933,micder,Michele De Rocco,2023-10-13 09:50:13 UTC,2023-10-27 22:14:53 UTC,research,,https://www.inaturalist.org/observations/187347561,https://static.inaturalist.org/photos/327613295/medium.jpg,,"",,2,0,false,,"Provincia di Belluno, Italia",45.8830046557,11.8624481634,80,,,,80,,,false,,,Italy,Helicoverpa armigera,Helicoverpa armigera,Cotton Bollworm Moth,Insecta,83806
187347563,f5d650d9-983a-4552-8efb-8aeb65facd68,2023/10/08 8:45 PM,2023-10-08,2023-10-08 18:45:00 UTC,Rome,45933,micder,Michele De Rocco,2023-10-13 09:50:14 UTC,2023-10-27 22:14:49 UTC,research,,https://www.inaturalist.org/observations/187347563,https://static.inaturalist.org/photos/327613308/medium.jpg,,"",,2,0,false,,"Provincia di Belluno, Italia",45.8830046557,11.8624481634,80,,,,80,,,false,,,Italy,Helicoverpa armigera,Helicoverpa armigera,Cotton Bollworm Moth,Insecta,83806
187347569,5b817348-6a0b-4ca9-a42d-bebd9d579d9c,2023/10/08 11:04 PM,2023-10-08,2023-10-08 21:04:00 UTC,Rome,45933,micder,Michele De Rocco,2023-10-13 09:50:15 UTC,2023-10-27 22:14:49 UTC,research,,https://www.inaturalist.org/observations/187347569,https://static.inaturalist.org/photos/327613318/medium.jpg,,"",,2,0,false,,"Provincia di Belluno, Italia",45.8830046557,11.8624481634,80,,,,80,,,false,,,Italy,Helicoverpa armigera,Helicoverpa armigera,Cotton Bollworm Moth,Insecta,83806
187350827,3c7abf8f-4b82-4f4a-a23a-94d35788a930,2023-10-13 12:52:36,2023-10-13,2023-10-13 10:52:36 UTC,Rome,6562505,m_barb,"",2023-10-13 10:55:07 UTC,2023-10-27 22:14:48 UTC,research,CC-BY-NC,https://www.inaturalist.org/observations/187350827,https://inaturalist-open-data.s3.amazonaws.com/photos/327619880/medium.jpeg,,"",,2,0,false,2,"37047 San Bonifacio VR, Italia",45.3958333333,11.2727777778,,,,,,,,false,gps,gps,Italy,Elicoverpa,Helicoverpa armigera,Cotton Bollworm Moth,Insecta,83806
187353622,148ac2ac-7285-4ba3-9928-8128c57ec7e8,2023/10/13 11:22 AM,2023-10-13,2023-10-13 09:22:00 UTC,Rome,405817,hsini_lin,Hsini Lin,2023-10-13 11:50:46 UTC,2024-02-03 22:06:01 UTC,needs_id,CC-BY-NC,https://www.inaturalist.org/observations/187353622,https://inaturalist-open-data.s3.amazonaws.com/photos/327625669/medium.jpg,,"",on Cichorium intybus,0,0,false,,"Gratosoglio, Milan, Metropolitan City of Milan, Italy",45.4199972222,9.1755111111,4,,,,4,,,false,,,Italy,Cotton Bollworm Moth,Helicoverpa armigera,Cotton Bollworm Moth,Insecta,83806
187362675,2c703f38-8068-4a94-85d9-3e938c064a7a,2023-10-13 12:38:27+02:00,2023-10-13,2023-10-13 10:38:27 UTC,Rome,7512800,marinalopes,,2023-10-13 13:46:32 UTC,2023-10-27 22:14:47 UTC,research,CC-BY-NC,https://www.inaturalist.org/observations/187362675,https://inaturalist-open-data.s3.amazonaws.com/photos/327644056/medium.jpg,,"","",2,0,false,3,"Parco del Monte Subasio, Assisi, Úmbria, IT",43.0774611667,12.618625,24,,,,24,,,false,,,Italy,Helicoverpa armigera,Helicoverpa armigera,Cotton Bollworm Moth,Insecta,83806
187414961,437e496d-e2cc-4c26-b841-5af9700b76e7,2023-10-13 21:21:24,2023-10-13,2023-10-13 19:21:24 UTC,Rome,370501,bferrero,"",2023-10-13 21:25:01 UTC,2023-10-27 22:14:41 UTC,research,CC-BY-NC,https://www.inaturalist.org/observations/187414961,https://inaturalist-open-data.s3.amazonaws.com/photos/327745407/medium.jpeg,,"",,2,0,false,2,"Torino, Piemonte, IT",45.1329088174,7.2864394926,186,,,,27222,obscured,,true,gps,gps,Italy,Helicoverpa armigera,Helicoverpa armigera,Cotton Bollworm Moth,Insecta,83806
187415553,4d38f81e-1b81-4a7f-b4f1-5375c3a5f9cd,2023-10-13 21:45:12,2023-10-13,2023-10-13 19:45:12 UTC,Rome,370501,bferrero,"",2023-10-13 21:29:53 UTC,2023-10-27 22:14:39 UTC,research,CC-BY-NC,https://www.inaturalist.org/observations/187415553,https://inaturalist-open-data.s3.amazonaws.com/photos/327746391/medium.jpeg,,"",,2,0,false,2,"Torino, Piemonte, IT",45.0765749143,7.2721316678,186,,,,27222,obscured,,true,gps,gps,Italy,Helicoverpa armigera,Helicoverpa armigera,Cotton Bollworm Moth,Insecta,83806
187485942,63b8de91-d4de-4405-a9d8-5828d43cbbe5,2023-10-14 15:21:40,2023-10-14,2023-10-14 13:21:40 UTC,Rome,5839058,roberto_costanzo_costa,Roberto Costanzo Costa,2023-10-14 13:23:11 UTC,2023-10-27 22:15:18 UTC,research,,https://www.inaturalist.org/observations/187485942,https://static.inaturalist.org/photos/327885856/medium.jpeg,,"",,2,0,false,2,"30020 Meolo VE, Italia",45.6150634345,12.4896499515,9,,,,9,,,false,gps,gps,Italy,Elicoverpa,Helicoverpa armigera,Cotton Bollworm Moth,Insecta,83806
187521144,f48a6a6c-e636-47b5-8c94-60d286caa335,2023-10-12 11:52:12,2023-10-12,2023-10-12 09:52:12 UTC,Rome,2638829,alessio_usai,Alessio Usai,2023-10-14 18:04:39 UTC,2023-10-27 22:15:17 UTC,research,,https://www.inaturalist.org/observations/187521144,https://static.inaturalist.org/photos/327953970/medium.jpeg,,"",,2,0,false,2,"Centro storico, Castel Volturno CE, Italia",41.0333786902,13.9421824738,4,,,,4,,,false,gps,gps,Italy,Cotton Bollworm Moth,Helicoverpa armigera,Cotton Bollworm Moth,Insecta,83806
187546568,504ebfea-11b1-49f6-b4ed-a56f4464e5e6,2023/10/14 14:55,2023-10-14,2023-10-14 12:55:00 UTC,Rome,7331852,montenero2000,,2023-10-14 21:18:55 UTC,2023-10-27 22:15:14 UTC,research,CC-BY-NC,https://www.inaturalist.org/observations/187546568,https://inaturalist-open-data.s3.amazonaws.com/photos/328003531/medium.jpeg,,"","",3,0,false,,"36054 Montebello Vicentino VI, Italia",45.4583348785,11.3781770606,8,,,,8,,,false,,,Italy,Elicoverpa,Helicoverpa armigera,Cotton Bollworm Moth,Insecta,83806
187549922,6472c4d9-3be9-4bc0-8ff5-9d90f90d8d17,2023/10/14 11:21,2023-10-14,2023-10-14 09:21:00 UTC,Rome,5056866,dgborin,Davide G. Borin,2023-10-14 21:46:27 UTC,2023-10-14 21:52:21 UTC,needs_id,CC-BY-NC,https://www.inaturalist.org/observations/187549922,https://inaturalist-open-data.s3.amazonaws.com/photos/328009794/medium.jpg,,"",,0,0,false,,"Bugano, Provincia di Vicenza, Italia",45.4894401944,11.5827888515,10,,,,10,,,false,,,Italy,Helicoverpa armigera,Helicoverpa armigera,Cotton Bollworm Moth,Insecta,83806
187597997,68f9c0bf-699e-4e38-a9c3-09e55ace95d6,2023-10-14 23:07:31+02:00,2023-10-14,2023-10-14 21:07:31 UTC,Rome,925256,rcaccia,"",2023-10-15 06:01:49 UTC,2023-10-27 22:15:06 UTC,research,CC-BY-NC,https://www.inaturalist.org/observations/187597997,https://inaturalist-open-data.s3.amazonaws.com/photos/328108158/medium.jpg,,"","",2,0,false,3,"Via Prato Fiorito, Bracciano, Lazio, IT",42.1616695,12.2162883333,4,,,,4,,,false,,,Italy,Elicoverpa,Helicoverpa armigera,Cotton Bollworm Moth,Insecta,83806
187612750,0f6f378a-e093-4083-8a03-f2bd4cfc1b30,2023-10-15 12:07:33,2023-10-15,2023-10-15 10:07:33 UTC,Rome,2192898,diegodamici,Diego Damici,2023-10-15 10:10:59 UTC,2023-10-27 22:15:58 UTC,research,,https://www.inaturalist.org/observations/187612750,https://static.inaturalist.org/photos/328137687/medium.jpeg,,"",,2,0,false,2,"72020 Torre San Gennaro BR, Italia",40.5362833333,18.0757916667,4,,,,4,,,false,,,Italy,Cotton Bollworm Moth,Helicoverpa armigera,Cotton Bollworm Moth,Insecta,83806
187628714,43fa2508-9817-4767-8e3b-a1f72f0d40c4,2023-10-15 15:29:44,2023-10-15,2023-10-15 13:29:44 UTC,Rome,5473907,teresa649,Teresa Prandi,2023-10-15 13:30:49 UTC,2024-02-03 22:05:42 UTC,needs_id,CC0,https://www.inaturalist.org/observations/187628714,https://inaturalist-open-data.s3.amazonaws.com/photos/328169363/medium.jpeg,,"",,0,0,false,2,"28062 Cameri NO, Italia",45.4884861111,8.643475,,,,,,,,false,,,Italy,Elicoverpa,Helicoverpa armigera,Cotton Bollworm Moth,Insecta,83806
187640781,4442f07a-4873-45b7-8c9f-3fc6657dbff7,2023/10/13 11:42 AM,2023-10-13,2023-10-13 09:42:00 UTC,Rome,741651,pedroandrade,Pedro Andrade,2023-10-15 15:20:27 UTC,2023-10-27 22:15:38 UTC,research,CC-BY-NC,https://www.inaturalist.org/observations/187640781,https://inaturalist-open-data.s3.amazonaws.com/photos/328188049/medium.jpeg,,"","",2,0,false,,"Province of Perugia, Italy",43.0775539381,12.6187898787,4,,,,4,,,false,,,Italy,Cotton Bollworm Moth,Helicoverpa armigera,Cotton Bollworm Moth,Insecta,83806
187699487,7d9cccc9-4de0-4c7a-82a4-df7291fea449,2023/10/08 09:18,2023-10-08,2023-10-08 07:18:00 UTC,Rome,4483817,alberto_colatore,Alberto Colatore,2023-10-15 22:03:30 UTC,2024-06-13 17:51:53 UTC,needs_id,CC-BY-NC,https://www.inaturalist.org/observations/187699487,https://inaturalist-open-data.s3.amazonaws.com/photos/328309288/medium.jpeg,,"","***Helicoverpa armigera*** (Hübner, [1808])
*[Noctuidae]*

Sacconago (Lombardia), 210m",0,0,false,,"Lombardia, IT",45.445112601,8.9516031297,10,,,,27158,obscured,,true,,,Italy,Elicoverpa,Helicoverpa armigera,Cotton Bollworm Moth,Insecta,83806
187778085,933c693d-e657-4c43-aa3f-dbaf68d2d742,2023/10/16 11:13 AM,2023-10-16,2023-10-16 09:13:00 UTC,Rome,405817,hsini_lin,Hsini Lin,2023-10-16 13:50:09 UTC,2024-02-04 04:10:47 UTC,needs_id,CC-BY-NC,https://www.inaturalist.org/observations/187778085,https://inaturalist-open-data.s3.amazonaws.com/photos/328468203/medium.jpg,,"",on Cichorium intybus,0,0,false,,"Metropolitan City of Milan, Italy",45.4200777778,9.1754194444,4,,,,4,,,false,,,Italy,Cotton Bollworm Moth,Helicoverpa armigera,Cotton Bollworm Moth,Insecta,83806
187808258,50ff0954-8ba9-4f51-8838-1fb0f80f21ee,2023/09/23 2:06 PM,2023-09-23,2023-09-23 12:06:00 UTC,Rome,1591925,gabriele_lagrasta,Gabriele La Grasta,2023-10-16 18:39:13 UTC,2023-10-27 22:16:11 UTC,research,CC-BY-NC,https://www.inaturalist.org/observations/187808258,https://inaturalist-open-data.s3.amazonaws.com/photos/328527957/medium.jpeg,,"",,2,0,false,,"Province of Brescia, Italy",45.550084,10.169967,,,,,,,,false,,,Italy,Cotton Bollworm Moth,Helicoverpa armigera,Cotton Bollworm Moth,Insecta,83806
187808265,d6c73c9d-268d-4c44-9bad-b9b8856cc02c,2023/09/23 2:07 PM,2023-09-23,2023-09-23 12:07:00 UTC,Rome,1591925,gabriele_lagrasta,Gabriele La Grasta,2023-10-16 18:39:14 UTC,2023-10-27 22:16:10 UTC,research,CC-BY-NC,https://www.inaturalist.org/observations/187808265,https://inaturalist-open-data.s3.amazonaws.com/photos/328527973/medium.jpeg,,"",,2,0,false,,"Province of Brescia, Italy",45.550326,10.170171,,,,,,,,false,,,Italy,Cotton Bollworm Moth,Helicoverpa armigera,Cotton Bollworm Moth,Insecta,83806
187818851,ca50cc56-b412-4dc0-8ae5-fc0dfd384344,2023-10-16 21:25:20,2023-10-16,2023-10-16 19:25:20 UTC,Rome,392309,bac_77,Marco Crivellari,2023-10-16 20:13:09 UTC,2023-10-27 22:16:08 UTC,research,CC-BY-NC,https://www.inaturalist.org/observations/187818851,https://inaturalist-open-data.s3.amazonaws.com/photos/328549144/medium.jpeg,,"",,2,0,false,2,"Mesola Ferrara, Italia",44.8834037781,12.2322912214,,,,,,,,false,gps,gps,Italy,Cotton Bollworm Moth,Helicoverpa armigera,Cotton Bollworm Moth,Insecta,83806
187880739,7f586eea-682f-4369-a86e-c11fdaffe924,2023-10-09 20:44:50,2023-10-09,2023-10-09 18:44:50 UTC,Rome,59227,lisa_bennett,Lisa Bennett,2023-10-17 08:59:56 UTC,2023-10-27 22:16:03 UTC,research,CC-BY,https://www.inaturalist.org/observations/187880739,https://inaturalist-open-data.s3.amazonaws.com/photos/328670738/medium.jpeg,,"",,2,0,false,2,"98071 Capo d'Orlando, Metropolitan City of Messina, Italy",38.1565801071,14.7389219329,117,,,,117,,,false,gps,gps,Italy,Cotton Bollworm Moth,Helicoverpa armigera,Cotton Bollworm Moth,Insecta,83806
187921697,bccdd594-b767-4bab-925d-06a0256e0568,2023/10/17,2023-10-17,,Rome,2283062,roberto421,Roberto Ghiglia,2023-10-17 17:27:24 UTC,2023-10-27 22:16:49 UTC,research,CC-BY-NC,https://www.inaturalist.org/observations/187921697,https://inaturalist-open-data.s3.amazonaws.com/photos/328747088/medium.jpg,,"",,3,0,false,,"12051 Alba CN, Italia",44.690389966,8.0363857569,8,,,,8,,,false,,,Italy,Elicoverpa,Helicoverpa armigera,Cotton Bollworm Moth,Insecta,83806
188021172,a94c7d8d-6939-43a2-a03d-f594d667e0f9,2023/10/10 ,2023-10-10,,Rome,5246039,einheit21,Jörg und Ines,2023-10-18 14:17:29 UTC,2023-10-27 22:16:30 UTC,research,,https://www.inaturalist.org/observations/188021172,https://static.inaturalist.org/photos/328954166/medium.jpeg,,"",,2,0,false,,"Via della Bastianella, 55041 Pedona LU, Italien",43.919472,10.2934114,184,,,,184,,,false,,,Italy,Baumwoll-Sonneneule,Helicoverpa armigera,Cotton Bollworm Moth,Insecta,83806
188021270,8aece3b1-0e0a-42c4-98e6-88dffdd51858,2023/10/10 ,2023-10-10,,Rome,5246039,einheit21,Jörg und Ines,2023-10-18 14:18:31 UTC,2023-10-18 14:51:33 UTC,research,,https://www.inaturalist.org/observations/188021270,https://static.inaturalist.org/photos/328954390/medium.jpeg,,"",,1,0,false,,"Via della Bastianella, 55041 Pedona LU, Italien",43.919472,10.2934114,184,,,,184,,,false,,,Italy,Baumwoll-Sonneneule,Helicoverpa armigera,Cotton Bollworm Moth,Insecta,83806
188023985,c3b8bdff-c947-42e6-8cdf-e22a64accb87,2023/10/10 ,2023-10-10,,Rome,5246039,einheit21,Jörg und Ines,2023-10-18 14:46:07 UTC,2023-10-27 22:17:27 UTC,research,,https://www.inaturalist.org/observations/188023985,https://static.inaturalist.org/photos/328959294/medium.jpeg,,"",,2,0,false,,"Via della Bastianella, 55041 Pedona LU, Italien",43.919472,10.2934114,184,,,,184,,,false,,,Italy,Baumwoll-Sonneneule,Helicoverpa armigera,Cotton Bollworm Moth,Insecta,83806
188024026,c3aba8f3-f896-4823-ae74-4e602a4c8a9f,2023/10/10 ,2023-10-10,,Rome,5246039,einheit21,Jörg und Ines,2023-10-18 14:46:50 UTC,2023-10-27 22:17:28 UTC,research,,https://www.inaturalist.org/observations/188024026,https://static.inaturalist.org/photos/328959417/medium.jpeg,,"",,2,0,false,,"Via della Bastianella, 55041 Pedona LU, Italien",43.919472,10.2934114,184,,,,184,,,false,,,Italy,Baumwoll-Sonneneule,Helicoverpa armigera,Cotton Bollworm Moth,Insecta,83806
188026274,2c281893-852c-4fd9-a829-757d5a6c9106,2023/10/10 ,2023-10-10,,Rome,5246039,einheit21,Jörg und Ines,2023-10-18 15:07:39 UTC,2023-10-27 22:17:28 UTC,research,,https://www.inaturalist.org/observations/188026274,https://static.inaturalist.org/photos/328963919/medium.jpeg,,"",,3,0,false,,"Via della Bastianella, 55041 Pedona LU, Italien",43.919472,10.2934114,184,,,,184,,,false,,,Italy,Baumwoll-Sonneneule,Helicoverpa armigera,Cotton Bollworm Moth,Insecta,83806
188026611,84171283-895b-4111-b0c5-4776406c1e2a,2023/10/10 ,2023-10-10,,Rome,5246039,einheit21,Jörg und Ines,2023-10-18 15:10:49 UTC,2023-10-18 15:19:39 UTC,research,,https://www.inaturalist.org/observations/188026611,https://static.inaturalist.org/photos/328964559/medium.jpeg,,"",,1,0,false,,"Via della Bastianella, 55041 Pedona LU, Italien",43.919472,10.2934114,184,,,,184,,,false,,,Italy,Baumwoll-Sonneneule,Helicoverpa armigera,Cotton Bollworm Moth,Insecta,83806
188027201,67078405-ccb7-4f87-a855-8f765d449b55,2023/10/10 ,2023-10-10,,Rome,5246039,einheit21,Jörg und Ines,2023-10-18 15:16:02 UTC,2023-10-27 22:17:24 UTC,research,,https://www.inaturalist.org/observations/188027201,https://static.inaturalist.org/photos/328965710/medium.jpeg,,"",,3,0,false,,"Via della Bastianella, 55041 Pedona LU, Italien",43.919472,10.2934114,184,,,,184,,,false,,,Italy,Baumwoll-Sonneneule,Helicoverpa armigera,Cotton Bollworm Moth,Insecta,83806
188034218,4922d3f1-555a-4050-bc45-29be378cf446,2023/10/11 ,2023-10-11,,Rome,5246039,einheit21,Jörg und Ines,2023-10-18 16:16:16 UTC,2023-10-27 22:17:22 UTC,research,,https://www.inaturalist.org/observations/188034218,https://static.inaturalist.org/photos/328978462/medium.jpeg,,"",,3,0,false,,"Via della Bastianella, 55041 Pedona LU, Italien",43.919472,10.2934114,184,,,,184,,,false,,,Italy,Baumwoll-Sonneneule,Helicoverpa armigera,Cotton Bollworm Moth,Insecta,83806
188035655,3eae0a6c-ceba-43b7-82e8-133b5f4408a5,2023/10/11 ,2023-10-11,,Rome,5246039,einheit21,Jörg und Ines,2023-10-18 16:29:35 UTC,2023-10-27 22:17:22 UTC,research,,https://www.inaturalist.org/observations/188035655,https://static.inaturalist.org/photos/328981614/medium.jpeg,,"",,3,0,false,,"Via della Bastianella, 55041 Pedona LU, Italien",43.919472,10.2934114,184,,,,184,,,false,,,Italy,Baumwoll-Sonneneule,Helicoverpa armigera,Cotton Bollworm Moth,Insecta,83806
188035949,018ea4de-7822-428e-9e93-c364a38ac309,2023/10/11 ,2023-10-11,,Rome,5246039,einheit21,Jörg und Ines,2023-10-18 16:31:51 UTC,2023-10-27 22:17:18 UTC,research,,https://www.inaturalist.org/observations/188035949,https://static.inaturalist.org/photos/328982109/medium.jpeg,,"",,3,0,false,,"Via della Bastianella, 55041 Pedona LU, Italien",43.919472,10.2934114,184,,,,184,,,false,,,Italy,Baumwoll-Sonneneule,Helicoverpa armigera,Cotton Bollworm Moth,Insecta,83806
188036055,fd6f394f-eda3-402e-9d6d-15a77b64ab33,2023/10/11 ,2023-10-11,,Rome,5246039,einheit21,Jörg und Ines,2023-10-18 16:32:35 UTC,2023-10-27 22:17:18 UTC,research,,https://www.inaturalist.org/observations/188036055,https://static.inaturalist.org/photos/328982285/medium.jpeg,,"",,3,0,false,,"Via della Bastianella, 55041 Pedona LU, Italien",43.919472,10.2934114,184,,,,184,,,false,,,Italy,Baumwoll-Sonneneule,Helicoverpa armigera,Cotton Bollworm Moth,Insecta,83806
188037287,b6fe2cf2-0522-4c41-be7e-d4baf52b553c,2023/10/11 ,2023-10-11,,Rome,5246039,einheit21,Jörg und Ines,2023-10-18 16:43:31 UTC,2023-10-27 22:17:19 UTC,research,,https://www.inaturalist.org/observations/188037287,https://static.inaturalist.org/photos/328984868/medium.jpeg,,"",,3,0,false,,"Via della Bastianella, 55041 Pedona LU, Italien",43.919472,10.2934114,184,,,,184,,,false,,,Italy,Baumwoll-Sonneneule,Helicoverpa armigera,Cotton Bollworm Moth,Insecta,83806
188037586,5aa20639-9b1e-4d60-8048-d406d2afe1eb,2023/10/11 ,2023-10-11,,Rome,5246039,einheit21,Jörg und Ines,2023-10-18 16:45:57 UTC,2023-10-27 22:17:20 UTC,research,,https://www.inaturalist.org/observations/188037586,https://static.inaturalist.org/photos/328985423/medium.jpeg,,"",,4,0,false,,"Via della Bastianella, 55041 Pedona LU, Italien",43.919472,10.2934114,184,,,,184,,,false,,,Italy,Baumwoll-Sonneneule,Helicoverpa armigera,Cotton Bollworm Moth,Insecta,83806
188038780,c307fbc8-18e5-41bc-aa1d-5cdd1308d09c,2023/10/11 ,2023-10-11,,Rome,5246039,einheit21,Jörg und Ines,2023-10-18 16:57:38 UTC,2023-10-27 22:17:20 UTC,research,,https://www.inaturalist.org/observations/188038780,https://static.inaturalist.org/photos/328987928/medium.jpeg,,"",,4,0,false,,"Via della Bastianella, 55041 Pedona LU, Italien",43.919472,10.2934114,184,,,,184,,,false,,,Italy,Baumwoll-Sonneneule,Helicoverpa armigera,Cotton Bollworm Moth,Insecta,83806
188042410,1ccf9c33-46ba-4ab2-abbe-46304af20d91,2023/10/12 ,2023-10-12,,Rome,5246039,einheit21,Jörg und Ines,2023-10-18 17:30:00 UTC,2023-10-27 22:17:15 UTC,research,,https://www.inaturalist.org/observations/188042410,https://static.inaturalist.org/photos/328994307/medium.jpeg,,"",,3,0,false,,"Via della Bastianella, 55041 Pedona LU, Italien",43.919472,10.2934114,184,,,,184,,,false,,,Italy,Baumwoll-Sonneneule,Helicoverpa armigera,Cotton Bollworm Moth,Insecta,83806
188042484,d38b4dcc-659a-489f-aea8-9a086a1a9c49,2023/10/12 ,2023-10-12,,Rome,5246039,einheit21,Jörg und Ines,2023-10-18 17:30:40 UTC,2023-10-27 22:17:12 UTC,research,,https://www.inaturalist.org/observations/188042484,https://static.inaturalist.org/photos/328994483/medium.jpeg,,"",,2,0,false,,"Via della Bastianella, 55041 Pedona LU, Italien",43.919472,10.2934114,184,,,,184,,,false,,,Italy,Baumwoll-Sonneneule,Helicoverpa armigera,Cotton Bollworm Moth,Insecta,83806
188042580,689f26c4-a84d-4764-9592-d9811ea38a69,2023/10/12 ,2023-10-12,,Rome,5246039,einheit21,Jörg und Ines,2023-10-18 17:31:26 UTC,2023-10-27 22:17:11 UTC,research,,https://www.inaturalist.org/observations/188042580,https://static.inaturalist.org/photos/328994662/medium.jpeg,,"",,2,0,false,,"Via della Bastianella, 55041 Pedona LU, Italien",43.919472,10.2934114,184,,,,184,,,false,,,Italy,Baumwoll-Sonneneule,Helicoverpa armigera,Cotton Bollworm Moth,Insecta,83806
188042667,cbb9ee33-f8bd-4c68-8b02-020953ee6284,2023/10/12 ,2023-10-12,,Rome,5246039,einheit21,Jörg und Ines,2023-10-18 17:32:18 UTC,2023-10-27 22:17:11 UTC,research,,https://www.inaturalist.org/observations/188042667,https://static.inaturalist.org/photos/328994817/medium.jpeg,,"",,2,0,false,,"Via della Bastianella, 55041 Pedona LU, Italien",43.919472,10.2934114,184,,,,184,,,false,,,Italy,Baumwoll-Sonneneule,Helicoverpa armigera,Cotton Bollworm Moth,Insecta,83806
188042806,9b562d89-6c5d-4773-ad24-12c56fa4647e,2023/10/12 ,2023-10-12,,Rome,5246039,einheit21,Jörg und Ines,2023-10-18 17:33:53 UTC,2023-10-27 22:17:10 UTC,research,,https://www.inaturalist.org/observations/188042806,https://static.inaturalist.org/photos/328995156/medium.jpeg,,"",,2,0,false,,"Via della Bastianella, 55041 Pedona LU, Italien",43.919472,10.2934114,184,,,,184,,,false,,,Italy,Baumwoll-Sonneneule,Helicoverpa armigera,Cotton Bollworm Moth,Insecta,83806
188045867,0516d20c-631e-4b0b-b267-9159868aa117,2023/10/12 ,2023-10-12,,Rome,5246039,einheit21,Jörg und Ines,2023-10-18 18:01:30 UTC,2023-10-27 22:17:05 UTC,research,,https://www.inaturalist.org/observations/188045867,https://static.inaturalist.org/photos/329000888/medium.jpeg,,"",,2,0,false,,"Via della Bastianella, 55041 Pedona LU, Italien",43.919472,10.2934114,184,,,,184,,,false,,,Italy,Baumwoll-Sonneneule,Helicoverpa armigera,Cotton Bollworm Moth,Insecta,83806
188047416,0b73d252-d1a6-45fe-be39-1e12a7ad856b,2023/10/12 ,2023-10-12,,Rome,5246039,einheit21,Jörg und Ines,2023-10-18 18:13:45 UTC,2023-10-27 22:17:06 UTC,research,,https://www.inaturalist.org/observations/188047416,https://static.inaturalist.org/photos/329003915/medium.jpeg,,"",,2,0,false,,"Via della Bastianella, 55041 Pedona LU, Italien",43.919472,10.2934114,184,,,,184,,,false,,,Italy,Baumwoll-Sonneneule,Helicoverpa armigera,Cotton Bollworm Moth,Insecta,83806
188049239,a271fcf5-0a5b-4c94-835b-ad544dc6bde3,2023-10-18 13:55:53,2023-10-18,2023-10-18 11:55:53 UTC,Rome,7055078,erby,Erby,2023-10-18 18:29:06 UTC,2023-10-27 22:17:07 UTC,research,,https://www.inaturalist.org/observations/188049239,https://static.inaturalist.org/photos/329007072/medium.jpeg,,"",,2,0,false,2,"28887 Omegna VB, Italia",45.8693799722,8.3976039722,,,,,,,,false,gps,gps,Italy,Cotton Bollworm Moth,Helicoverpa armigera,Cotton Bollworm Moth,Insecta,83806
188070331,a2281348-1ca6-4448-ad7a-222cf4d11e62,2023-10-18 15:07:13,2023-10-18,2023-10-18 13:07:13 UTC,Rome,90411,savo,"",2023-10-18 21:26:27 UTC,2025-07-01 09:05:40 UTC,needs_id,,https://www.inaturalist.org/observations/188070331,https://inaturalist-open-data.s3.amazonaws.com/photos/329048178/medium.jpeg,,"",,1,0,false,2,"Alessandria, Piemonte, IT",44.9655619545,8.6048466502,4,,,,27253,obscured,,true,gps,gps,Italy,Cotton Bollworm Moth,Helicoverpa armigera,Cotton Bollworm Moth,Insecta,83806
188113163,1ecf40ce-b3bb-44dc-a530-57034e441a51,2023-10-19 07:53:50,2023-10-19,2023-10-19 05:53:50 UTC,Rome,2514105,diegoreggianti,"",2023-10-19 06:17:46 UTC,2023-10-27 22:19:13 UTC,research,CC-BY-NC,https://www.inaturalist.org/observations/188113163,https://inaturalist-open-data.s3.amazonaws.com/photos/329140347/medium.jpeg,,"",,1,0,false,2,cambusa,41.9190342641,12.4867058918,8,,,,8,,,false,gps,gps,Italy,Helicoverpa armigera,Helicoverpa armigera,Cotton Bollworm Moth,Insecta,83806
188134950,1db0705b-3411-4d5b-accd-d6ab3e380f84,2023/10/12 ,2023-10-12,,Rome,5246039,einheit21,Jörg und Ines,2023-10-19 13:02:56 UTC,2023-10-27 22:17:02 UTC,research,,https://www.inaturalist.org/observations/188134950,https://static.inaturalist.org/photos/329186816/medium.jpeg,,"",,3,0,false,,"Via della Bastianella, 55041 Pedona LU, Italien",43.919472,10.2934114,184,,,,184,,,false,,,Italy,Baumwoll-Sonneneule,Helicoverpa armigera,Cotton Bollworm Moth,Insecta,83806
188140199,590edbcd-5b5c-4e1f-83ac-cef44b3291b9,2023/10/12 ,2023-10-12,,Rome,5246039,einheit21,Jörg und Ines,2023-10-19 14:07:52 UTC,2023-10-27 22:17:01 UTC,research,,https://www.inaturalist.org/observations/188140199,https://static.inaturalist.org/photos/329196660/medium.jpeg,,"",,3,0,false,,"Via della Bastianella, 55041 Pedona LU, Italien",43.919472,10.2934114,184,,,,184,,,false,,,Italy,Baumwoll-Sonneneule,Helicoverpa armigera,Cotton Bollworm Moth,Insecta,83806
188141529,a2bf1900-7439-4b5b-b346-6919fab6e56f,2023/10/18,2023-10-18,,Rome,2283062,roberto421,Roberto Ghiglia,2023-10-19 14:24:46 UTC,2023-10-24 09:07:06 UTC,needs_id,CC-BY-NC,https://www.inaturalist.org/observations/188141529,https://inaturalist-open-data.s3.amazonaws.com/photos/329199384/medium.jpg,,"",,0,0,false,,"12051 Alba CN, Italia",44.6911095237,8.0365564103,8,,,,8,,,false,,,Italy,Elicoverpa,Helicoverpa armigera,Cotton Bollworm Moth,Insecta,83806
188141914,8836c00a-dd09-47bd-a19e-c40f97ae2443,2023/10/12 ,2023-10-12,,Rome,5246039,einheit21,Jörg und Ines,2023-10-19 14:27:41 UTC,2023-10-27 22:17:55 UTC,research,,https://www.inaturalist.org/observations/188141914,https://static.inaturalist.org/photos/329200131/medium.jpeg,,"",,2,0,false,,"Via della Bastianella, 55041 Pedona LU, Italien",43.919472,10.2934114,184,,,,184,,,false,,,Italy,Baumwoll-Sonneneule,Helicoverpa armigera,Cotton Bollworm Moth,Insecta,83806
188142963,f059e68c-3fb2-40a9-a198-f64ea361c1c8,2023/10/12 ,2023-10-12,,Rome,5246039,einheit21,Jörg und Ines,2023-10-19 14:37:33 UTC,2023-10-27 22:17:55 UTC,research,,https://www.inaturalist.org/observations/188142963,https://static.inaturalist.org/photos/329202032/medium.jpeg,,"",,3,0,false,,"Via della Bastianella, 55041 Pedona LU, Italien",43.919472,10.2934114,184,,,,184,,,false,,,Italy,Baumwoll-Sonneneule,Helicoverpa armigera,Cotton Bollworm Moth,Insecta,83806
188147234,8c03b0a5-06a8-4dd5-9335-25cb0a068b7d,2023/10/13 ,2023-10-13,,Rome,5246039,einheit21,Jörg und Ines,2023-10-19 15:17:45 UTC,2023-10-27 22:17:56 UTC,research,,https://www.inaturalist.org/observations/188147234,https://static.inaturalist.org/photos/329210846/medium.jpeg,,"",,2,0,false,,"Via della Bastianella, 55041 Pedona LU, Italien",43.919472,10.2934114,184,,,,184,,,false,,,Italy,Baumwoll-Sonneneule,Helicoverpa armigera,Cotton Bollworm Moth,Insecta,83806
188147764,dcb372a9-dcd8-46fb-b6d7-7e0c7b3e297e,2023/10/13 ,2023-10-13,,Rome,5246039,einheit21,Jörg und Ines,2023-10-19 15:22:40 UTC,2023-10-27 22:17:57 UTC,research,,https://www.inaturalist.org/observations/188147764,https://static.inaturalist.org/photos/329212063/medium.jpeg,,"",,2,0,false,,"Via della Bastianella, 55041 Pedona LU, Italien",43.919472,10.2934114,184,,,,184,,,false,,,Italy,Baumwoll-Sonneneule,Helicoverpa armigera,Cotton Bollworm Moth,Insecta,83806
188149926,940d5320-186e-4989-b6ca-b192fd692f95,2023/10/13 ,2023-10-13,,Rome,5246039,einheit21,Jörg und Ines,2023-10-19 15:40:46 UTC,2023-10-27 22:17:57 UTC,research,,https://www.inaturalist.org/observations/188149926,https://static.inaturalist.org/photos/329215552/medium.jpeg,,"",,2,0,false,,"Via della Bastianella, 55041 Pedona LU, Italien",43.919472,10.2934114,184,,,,184,,,false,,,Italy,Baumwoll-Sonneneule,Helicoverpa armigera,Cotton Bollworm Moth,Insecta,83806
188149985,bd0cd765-b584-4b84-b3f1-05649a77c964,2023/10/13 ,2023-10-13,,Rome,5246039,einheit21,Jörg und Ines,2023-10-19 15:41:32 UTC,2023-10-27 22:17:53 UTC,research,,https://www.inaturalist.org/observations/188149985,https://static.inaturalist.org/photos/329215686/medium.jpeg,,"",,2,0,false,,"Via della Bastianella, 55041 Pedona LU, Italien",43.919472,10.2934114,184,,,,184,,,false,,,Italy,Baumwoll-Sonneneule,Helicoverpa armigera,Cotton Bollworm Moth,Insecta,83806
188150046,8c6b8b30-f092-4ac3-a3b2-53526463bc53,2023/10/13 ,2023-10-13,,Rome,5246039,einheit21,Jörg und Ines,2023-10-19 15:42:23 UTC,2023-10-27 22:17:53 UTC,research,,https://www.inaturalist.org/observations/188150046,https://static.inaturalist.org/photos/329215815/medium.jpeg,,"",,2,0,false,,"Via della Bastianella, 55041 Pedona LU, Italien",43.919472,10.2934114,184,,,,184,,,false,,,Italy,Baumwoll-Sonneneule,Helicoverpa armigera,Cotton Bollworm Moth,Insecta,83806
188150206,cdff7b3e-f94f-4706-925d-7c4b981c5355,2023/10/13 ,2023-10-13,,Rome,5246039,einheit21,Jörg und Ines,2023-10-19 15:44:14 UTC,2023-10-27 22:17:52 UTC,research,,https://www.inaturalist.org/observations/188150206,https://static.inaturalist.org/photos/329216254/medium.jpeg,,"",,2,0,false,,"Via della Bastianella, 55041 Pedona LU, Italien",43.919472,10.2934114,184,,,,184,,,false,,,Italy,Baumwoll-Sonneneule,Helicoverpa armigera,Cotton Bollworm Moth,Insecta,83806
188150272,70b969f0-4dde-4d05-97ab-a3a9f480c076,2023/10/13 ,2023-10-13,,Rome,5246039,einheit21,Jörg und Ines,2023-10-19 15:45:03 UTC,2023-10-27 22:17:52 UTC,research,,https://www.inaturalist.org/observations/188150272,https://static.inaturalist.org/photos/329216441/medium.jpeg,,"",,3,0,false,,"Via della Bastianella, 55041 Pedona LU, Italien",43.919472,10.2934114,184,,,,184,,,false,,,Italy,Baumwoll-Sonneneule,Helicoverpa armigera,Cotton Bollworm Moth,Insecta,83806
188151270,2d226711-2f20-41d3-95dd-3a7dc925ef90,2023/10/13 ,2023-10-13,,Rome,5246039,einheit21,Jörg und Ines,2023-10-19 15:54:49 UTC,2023-10-27 22:17:47 UTC,research,,https://www.inaturalist.org/observations/188151270,https://static.inaturalist.org/photos/329218661/medium.jpeg,,"",,3,0,false,,"Via della Bastianella, 55041 Pedona LU, Italien",43.919472,10.2934114,184,,,,184,,,false,,,Italy,Baumwoll-Sonneneule,Helicoverpa armigera,Cotton Bollworm Moth,Insecta,83806
188153052,c8e34454-e82a-4258-98eb-8db547e5e38b,2023/10/13 ,2023-10-13,,Rome,5246039,einheit21,Jörg und Ines,2023-10-19 16:13:31 UTC,2023-10-27 22:17:47 UTC,research,,https://www.inaturalist.org/observations/188153052,https://static.inaturalist.org/photos/329222229/medium.jpeg,,"",,2,0,false,,"Via della Bastianella, 55041 Pedona LU, Italien",43.919472,10.2934114,184,,,,184,,,false,,,Italy,Baumwoll-Sonneneule,Helicoverpa armigera,Cotton Bollworm Moth,Insecta,83806
188160134,c3eca671-3ecf-4051-80c2-2c9695df5ea1,2023/10/18 16:57,2023-10-18,2023-10-18 14:57:00 UTC,Rome,350029,andreagrossi,Andrea Grossi,2023-10-19 17:19:57 UTC,2024-02-04 04:10:40 UTC,needs_id,CC-BY-NC,https://www.inaturalist.org/observations/188160134,https://inaturalist-open-data.s3.amazonaws.com/photos/329235754/medium.jpg,,"",,0,0,false,,"Provincia di Ferrara, Italia",44.9340216,11.4693666,,,,,,,,false,,,Italy,Elicoverpa,Helicoverpa armigera,Cotton Bollworm Moth,Insecta,83806
188164550,6a193fce-4c63-40fc-ac8d-7759fe000d5c,2023/10/14 ,2023-10-14,,Rome,5246039,einheit21,Jörg und Ines,2023-10-19 18:00:55 UTC,2023-10-27 22:17:48 UTC,research,,https://www.inaturalist.org/observations/188164550,https://static.inaturalist.org/photos/329244553/medium.jpeg,,"",,3,0,false,,"Via della Bastianella, 55041 Pedona LU, Italien",43.919472,10.2934114,184,,,,184,,,false,,,Italy,Baumwoll-Sonneneule,Helicoverpa armigera,Cotton Bollworm Moth,Insecta,83806
188169619,c215fc0b-5035-48ba-a7fe-b71b134b2702,2023/10/14 ,2023-10-14,,Rome,5246039,einheit21,Jörg und Ines,2023-10-19 18:39:57 UTC,2023-10-27 22:17:49 UTC,research,,https://www.inaturalist.org/observations/188169619,https://static.inaturalist.org/photos/329255065/medium.jpeg,,"",,4,0,false,,"Via della Bastianella, 55041 Pedona LU, Italien",43.919472,10.2934114,184,,,,184,,,false,,,Italy,Baumwoll-Sonneneule,Helicoverpa armigera,Cotton Bollworm Moth,Insecta,83806
188171170,db2ad0da-a08b-4b7b-a200-f260054ba2dd,2023/10/14 ,2023-10-14,,Rome,5246039,einheit21,Jörg und Ines,2023-10-19 18:52:29 UTC,2023-10-27 22:17:49 UTC,research,,https://www.inaturalist.org/observations/188171170,https://static.inaturalist.org/photos/329258569/medium.jpeg,,"",,3,0,false,,"Via della Bastianella, 55041 Pedona LU, Italien",43.919472,10.2934114,184,,,,184,,,false,,,Italy,Baumwoll-Sonneneule,Helicoverpa armigera,Cotton Bollworm Moth,Insecta,83806
188172836,5ea91ffd-0983-4b3a-a8bc-1f10fcd85090,2023/10/09 17:13,2023-10-09,2023-10-09 15:13:00 UTC,Rome,2645953,jacko8,Jacko8 NoSparrow,2023-10-19 19:04:45 UTC,2023-10-27 22:17:45 UTC,research,CC-BY-NC,https://www.inaturalist.org/observations/188172836,https://inaturalist-open-data.s3.amazonaws.com/photos/329261607/medium.jpg,,"",,4,0,false,,"26045 Solarolo Monasterolo CR, Italia",45.0580217,10.2347828,686,,,,686,,,false,,,Italy,Elicoverpa,Helicoverpa armigera,Cotton Bollworm Moth,Insecta,83806
188178002,3698212a-9ec9-4162-99fa-60d5fe84d13b,2023/10/14 ,2023-10-14,,Rome,5246039,einheit21,Jörg und Ines,2023-10-19 19:49:44 UTC,2023-10-27 22:17:44 UTC,research,,https://www.inaturalist.org/observations/188178002,https://static.inaturalist.org/photos/329272246/medium.jpeg,,"",,3,0,false,,"Via della Bastianella, 55041 Pedona LU, Italien",43.919472,10.2934114,184,,,,184,,,false,,,Italy,Baumwoll-Sonneneule,Helicoverpa armigera,Cotton Bollworm Moth,Insecta,83806
188178202,2258b810-8563-4145-b777-07e0183536a2,2023/10/14 ,2023-10-14,,Rome,5246039,einheit21,Jörg und Ines,2023-10-19 19:50:29 UTC,2023-10-27 22:17:43 UTC,research,,https://www.inaturalist.org/observations/188178202,https://static.inaturalist.org/photos/329272495/medium.jpeg,,"",,3,0,false,,"Via della Bastianella, 55041 Pedona LU, Italien",43.919472,10.2934114,184,,,,184,,,false,,,Italy,Baumwoll-Sonneneule,Helicoverpa armigera,Cotton Bollworm Moth,Insecta,83806
188178302,5868ee29-ae60-45b5-89d5-d062833d78b1,2023/10/14 ,2023-10-14,,Rome,5246039,einheit21,Jörg und Ines,2023-10-19 19:51:12 UTC,2023-10-27 22:17:42 UTC,research,,https://www.inaturalist.org/observations/188178302,https://static.inaturalist.org/photos/329272719/medium.jpeg,,"",,3,0,false,,"Via della Bastianella, 55041 Pedona LU, Italien",43.919472,10.2934114,184,,,,184,,,false,,,Italy,Baumwoll-Sonneneule,Helicoverpa armigera,Cotton Bollworm Moth,Insecta,83806
188178465,ff3459f7-eb90-481a-88c6-d8c5ee3ee1ad,2023/10/14 ,2023-10-14,,Rome,5246039,einheit21,Jörg und Ines,2023-10-19 19:52:48 UTC,2023-10-27 22:17:38 UTC,research,,https://www.inaturalist.org/observations/188178465,https://static.inaturalist.org/photos/329273158/medium.jpeg,,"",,3,0,false,,"Via della Bastianella, 55041 Pedona LU, Italien",43.919472,10.2934114,184,,,,184,,,false,,,Italy,Baumwoll-Sonneneule,Helicoverpa armigera,Cotton Bollworm Moth,Insecta,83806
188179464,363e7912-2c29-456d-9437-5efddf706750,2023/10/14 ,2023-10-14,,Rome,5246039,einheit21,Jörg und Ines,2023-10-19 20:00:35 UTC,2023-10-27 22:17:39 UTC,research,,https://www.inaturalist.org/observations/188179464,https://static.inaturalist.org/photos/329274877/medium.jpeg,,"",,3,0,false,,"Via della Bastianella, 55041 Pedona LU, Italien",43.919472,10.2934114,184,,,,184,,,false,,,Italy,Baumwoll-Sonneneule,Helicoverpa armigera,Cotton Bollworm Moth,Insecta,83806
188183334,1f63d43d-ef30-493c-810a-1f2b8c5eab01,2023/10/15 ,2023-10-15,,Rome,5246039,einheit21,Jörg und Ines,2023-10-19 20:34:14 UTC,2023-10-27 22:17:40 UTC,research,,https://www.inaturalist.org/observations/188183334,https://static.inaturalist.org/photos/329282986/medium.jpeg,,"",,3,0,false,,"Via della Bastianella, 55041 Pedona LU, Italien",43.919472,10.2934114,184,,,,184,,,false,,,Italy,Baumwoll-Sonneneule,Helicoverpa armigera,Cotton Bollworm Moth,Insecta,83806
188183490,3233bd7f-8bcb-4e86-968b-310316693e72,2023/10/15 ,2023-10-15,,Rome,5246039,einheit21,Jörg und Ines,2023-10-19 20:35:34 UTC,2023-10-27 22:17:40 UTC,research,,https://www.inaturalist.org/observations/188183490,https://static.inaturalist.org/photos/329283322/medium.jpeg,,"",,3,0,false,,"Via della Bastianella, 55041 Pedona LU, Italien",43.919472,10.2934114,184,,,,184,,,false,,,Italy,Baumwoll-Sonneneule,Helicoverpa armigera,Cotton Bollworm Moth,Insecta,83806
188183897,17c2a47c-7139-433d-a3c2-658e5b9f0983,2023/10/15 ,2023-10-15,,Rome,5246039,einheit21,Jörg und Ines,2023-10-19 20:38:59 UTC,2023-10-27 22:17:41 UTC,research,,https://www.inaturalist.org/observations/188183897,https://static.inaturalist.org/photos/329284301/medium.jpeg,,"",,3,0,false,,"Via della Bastianella, 55041 Pedona LU, Italien",43.919472,10.2934114,184,,,,184,,,false,,,Italy,Baumwoll-Sonneneule,Helicoverpa armigera,Cotton Bollworm Moth,Insecta,83806
188183979,d991eb08-1b7e-4bc7-9ede-3cbbd156645d,2023/10/15 ,2023-10-15,,Rome,5246039,einheit21,Jörg und Ines,2023-10-19 20:39:51 UTC,2023-10-27 22:17:36 UTC,research,,https://www.inaturalist.org/observations/188183979,https://static.inaturalist.org/photos/329284563/medium.jpeg,,"",,3,0,false,,"Via della Bastianella, 55041 Pedona LU, Italien",43.919472,10.2934114,184,,,,184,,,false,,,Italy,Baumwoll-Sonneneule,Helicoverpa armigera,Cotton Bollworm Moth,Insecta,83806
188184183,0129ae02-e6bd-4cf1-8268-08b4598a3445,2023/10/15 ,2023-10-15,,Rome,5246039,einheit21,Jörg und Ines,2023-10-19 20:41:25 UTC,2023-10-27 22:17:34 UTC,research,,https://www.inaturalist.org/observations/188184183,https://static.inaturalist.org/photos/329285013/medium.jpeg,,"",,3,0,false,,"Via della Bastianella, 55041 Pedona LU, Italien",43.919472,10.2934114,184,,,,184,,,false,,,Italy,Baumwoll-Sonneneule,Helicoverpa armigera,Cotton Bollworm Moth,Insecta,83806
188184985,0f488579-a66e-47ca-9d4a-cebfb71ac970,2023/10/15 ,2023-10-15,,Rome,5246039,einheit21,Jörg und Ines,2023-10-19 20:47:06 UTC,2023-10-27 22:17:34 UTC,research,,https://www.inaturalist.org/observations/188184985,https://static.inaturalist.org/photos/329286479/medium.jpeg,,"",,3,0,false,,"Via della Bastianella, 55041 Pedona LU, Italien",43.919472,10.2934114,184,,,,184,,,false,,,Italy,Baumwoll-Sonneneule,Helicoverpa armigera,Cotton Bollworm Moth,Insecta,83806
188233871,c466e0f5-d52b-4f72-9383-22e9075a0e7c,2023/10/06 7:07 PM,2023-10-06,2023-10-06 17:07:00 UTC,Rome,5969383,alexei_kouprianov,Alexei Kouprianov,2023-10-20 07:29:11 UTC,2023-10-27 22:18:25 UTC,research,CC-BY-NC,https://www.inaturalist.org/observations/188233871,https://inaturalist-open-data.s3.amazonaws.com/photos/329389329/medium.jpeg,,"","",2,0,false,,"Primavalle, Rome, Metropolitan City of Rome Capital, Italy",41.9326175439,12.4180145192,1,,,,1,,,false,,,Italy,Cotton Bollworm Moth,Helicoverpa armigera,Cotton Bollworm Moth,Insecta,83806
188233872,cd295e65-f362-4a0d-8892-eb5f75035239,2023/10/06 7:08 PM,2023-10-06,2023-10-06 17:08:00 UTC,Rome,5969383,alexei_kouprianov,Alexei Kouprianov,2023-10-20 07:29:11 UTC,2023-10-27 22:18:28 UTC,research,CC-BY-NC,https://www.inaturalist.org/observations/188233872,https://inaturalist-open-data.s3.amazonaws.com/photos/329389331/medium.jpeg,,"","",2,0,false,,"Primavalle, Rome, Metropolitan City of Rome Capital, Italy",41.9328783333,12.4177083333,,,,,,,,false,,,Italy,Cotton Bollworm Moth,Helicoverpa armigera,Cotton Bollworm Moth,Insecta,83806
188240644,3a03b92e-7c3a-42d7-982c-cd4dfbaab9fd,2023/10/19 18:28,2023-10-19,2023-10-19 16:28:00 UTC,Rome,476945,philodendronjoe,Alessandro,2023-10-20 09:52:36 UTC,2023-10-27 22:18:21 UTC,research,CC-BY-NC,https://www.inaturalist.org/observations/188240644,https://inaturalist-open-data.s3.amazonaws.com/photos/329405319/medium.jpeg,,"","",3,0,false,,"70044 Polignano a Mare BA, Italia",40.9948963817,17.2225374946,8,,,,8,,,false,,,Italy,Elicoverpa,Helicoverpa armigera,Cotton Bollworm Moth,Insecta,83806
188288922,ffab2da0-f66c-4188-91d1-20c091944268,2023/10/15 ,2023-10-15,,Rome,5246039,einheit21,Jörg und Ines,2023-10-20 19:04:54 UTC,2023-10-27 22:18:12 UTC,research,,https://www.inaturalist.org/observations/188288922,https://static.inaturalist.org/photos/329504365/medium.jpeg,,"",,3,0,false,,"Via della Bastianella, 55041 Pedona LU, Italien",43.919472,10.2934114,184,,,,184,,,false,,,Italy,Baumwoll-Sonneneule,Helicoverpa armigera,Cotton Bollworm Moth,Insecta,83806
188289241,14121415-f53d-4ebb-8a71-71bc67ca2517,2023/10/15 ,2023-10-15,,Rome,5246039,einheit21,Jörg und Ines,2023-10-20 19:08:16 UTC,2023-10-27 22:18:11 UTC,research,,https://www.inaturalist.org/observations/188289241,https://static.inaturalist.org/photos/329504941/medium.jpeg,,"",,3,0,false,,"Via della Bastianella, 55041 Pedona LU, Italien",43.919472,10.2934114,184,,,,184,,,false,,,Italy,Baumwoll-Sonneneule,Helicoverpa armigera,Cotton Bollworm Moth,Insecta,83806
188289378,aff7c22a-b19e-4bf9-be78-ed23a83b0668,2023/10/15 ,2023-10-15,,Rome,5246039,einheit21,Jörg und Ines,2023-10-20 19:09:58 UTC,2023-10-27 22:18:11 UTC,research,,https://www.inaturalist.org/observations/188289378,https://static.inaturalist.org/photos/329505355/medium.jpeg,,"",,3,0,false,,"Via della Bastianella, 55041 Pedona LU, Italien",43.919472,10.2934114,184,,,,184,,,false,,,Italy,Baumwoll-Sonneneule,Helicoverpa armigera,Cotton Bollworm Moth,Insecta,83806
188289472,94fcdf2a-229d-4f4d-a727-82a8ed3e5cda,2023/10/15 ,2023-10-15,,Rome,5246039,einheit21,Jörg und Ines,2023-10-20 19:10:46 UTC,2023-10-27 22:18:10 UTC,research,,https://www.inaturalist.org/observations/188289472,https://static.inaturalist.org/photos/329505550/medium.jpeg,,"",,3,0,false,,"Via della Bastianella, 55041 Pedona LU, Italien",43.919472,10.2934114,184,,,,184,,,false,,,Italy,Baumwoll-Sonneneule,Helicoverpa armigera,Cotton Bollworm Moth,Insecta,83806
188290072,8c4b60b1-c17b-41d1-a995-53d49e88891a,2023/10/15 ,2023-10-15,,Rome,5246039,einheit21,Jörg und Ines,2023-10-20 19:15:01 UTC,2023-10-27 22:18:06 UTC,research,,https://www.inaturalist.org/observations/188290072,https://static.inaturalist.org/photos/329506260/medium.jpeg,,"",,3,0,false,,"Via della Bastianella, 55041 Pedona LU, Italien",43.919472,10.2934114,184,,,,184,,,false,,,Italy,Baumwoll-Sonneneule,Helicoverpa armigera,Cotton Bollworm Moth,Insecta,83806
188294774,b2dee003-a34d-4367-9a07-ed22b1bbf59c,2023/10/15 ,2023-10-15,,Rome,5246039,einheit21,Jörg und Ines,2023-10-20 19:53:36 UTC,2023-10-27 22:18:07 UTC,research,,https://www.inaturalist.org/observations/188294774,https://static.inaturalist.org/photos/329515316/medium.jpeg,,"",,3,0,false,,"Via della Bastianella, 55041 Pedona LU, Italien",43.919472,10.2934114,184,,,,184,,,false,,,Italy,Baumwoll-Sonneneule,Helicoverpa armigera,Cotton Bollworm Moth,Insecta,83806
188297104,be11e88e-e03b-4979-a2ba-19453500635d,2023/10/15 ,2023-10-15,,Rome,5246039,einheit21,Jörg und Ines,2023-10-20 20:17:28 UTC,2023-10-27 22:18:08 UTC,research,,https://www.inaturalist.org/observations/188297104,https://static.inaturalist.org/photos/329521222/medium.jpeg,,"",,3,0,false,,"Via della Bastianella, 55041 Pedona LU, Italien",43.919472,10.2934114,184,,,,184,,,false,,,Italy,Baumwoll-Sonneneule,Helicoverpa armigera,Cotton Bollworm Moth,Insecta,83806
188297155,57e4c633-6295-4822-a541-64010f36901e,2023/10/15 ,2023-10-15,,Rome,5246039,einheit21,Jörg und Ines,2023-10-20 20:18:15 UTC,2023-10-27 22:18:08 UTC,research,,https://www.inaturalist.org/observations/188297155,https://static.inaturalist.org/photos/329521420/medium.jpeg,,"",,3,0,false,,"Via della Bastianella, 55041 Pedona LU, Italien",43.919472,10.2934114,184,,,,184,,,false,,,Italy,Baumwoll-Sonneneule,Helicoverpa armigera,Cotton Bollworm Moth,Insecta,83806
188394588,31452479-77dc-4cbf-bb53-6c940d5418fa,2023/10/21 16:22,2023-10-21,2023-10-21 14:22:00 UTC,Rome,160927,fausto,Fausto,2023-10-21 16:25:00 UTC,2023-10-22 11:13:05 UTC,needs_id,CC-BY-NC,https://www.inaturalist.org/observations/188394588,https://inaturalist-open-data.s3.amazonaws.com/photos/329722684/medium.jpeg,,"",Le Motte,0,0,false,,"Lombardia, IT",45.0374404587,10.2378900616,,,,,27222,obscured,,true,,,Italy,Elicoverpa,Helicoverpa armigera,Cotton Bollworm Moth,Insecta,83806
188411346,09ce4d25-3a29-4fe5-bb60-26a8b8375df7,2023-10-21 20:36:31,2023-10-21,2023-10-21 18:36:31 UTC,Rome,2544590,marcocruscanti,Marco Cruscanti,2023-10-21 18:39:37 UTC,2023-10-27 22:01:02 UTC,research,CC-BY-NC-ND,https://www.inaturalist.org/observations/188411346,https://static.inaturalist.org/photos/329755767/medium.jpeg,,"",,3,0,false,2,"58043 Castiglione della Pescaia GR, Italia",42.7650817953,10.8715218678,150,,,,150,,,false,gps,gps,Italy,Cotton Bollworm Moth,Helicoverpa armigera,Cotton Bollworm Moth,Insecta,83806
188414126,19b8e3a0-c3d7-4308-8bf0-63289a1d719e,2023/10/21 14:57,2023-10-21,2023-10-21 12:57:00 UTC,Rome,1437774,valentinabuono,Valentina,2023-10-21 19:04:41 UTC,2024-03-16 10:46:50 UTC,needs_id,CC-BY-NC,https://www.inaturalist.org/observations/188414126,https://inaturalist-open-data.s3.amazonaws.com/photos/329759903/medium.jpeg,,"",,1,0,false,,"Ferrara, Emilia-Romagna, IT",44.7089407506,11.6078701681,95,,,,27285,obscured,,true,,,Italy,Farfalle e Falene,Helicoverpa armigera,Cotton Bollworm Moth,Insecta,83806
188416397,3bd5c5d1-9a83-45c5-a957-312119b0b274,2023-10-21 21:20:44+02:00,2023-10-21,2023-10-21 19:20:44 UTC,Rome,6504424,umbertopessolano,,2023-10-21 19:21:12 UTC,2024-02-20 12:15:58 UTC,research,CC-BY-NC,https://www.inaturalist.org/observations/188416397,https://inaturalist-open-data.s3.amazonaws.com/photos/329765272/medium.jpg,,"","",2,0,false,3,"Riserva Naturale Nazzano Tevere-Farfa, Nazzano, Lazio, IT",42.2334902035,12.5988620427,3,,,,3,,,false,,,Italy,Elicoverpa,Helicoverpa armigera,Cotton Bollworm Moth,Insecta,83806
188418739,74c1be7d-15af-4f4e-814d-6c34631a7194,2023-10-21 21:38:40+02:00,2023-10-21,2023-10-21 19:38:40 UTC,Rome,6504424,umbertopessolano,,2023-10-21 19:39:12 UTC,2023-10-27 22:19:11 UTC,research,CC-BY-NC,https://www.inaturalist.org/observations/188418739,https://inaturalist-open-data.s3.amazonaws.com/photos/329769502/medium.jpg,,"","",2,0,false,3,"Riserva Naturale Nazzano Tevere-Farfa, Nazzano, Lazio, IT",42.2334894492,12.598859109,4,,,,4,,,false,,,Italy,Elicoverpa,Helicoverpa armigera,Cotton Bollworm Moth,Insecta,83806
188419047,f28856bf-9543-4016-aa63-1b4e4f1c5685,2023-10-21 21:39:33+02:00,2023-10-21,2023-10-21 19:39:33 UTC,Rome,6504424,umbertopessolano,,2023-10-21 19:41:47 UTC,2023-10-27 22:19:08 UTC,research,CC-BY-NC,https://www.inaturalist.org/observations/188419047,https://inaturalist-open-data.s3.amazonaws.com/photos/329771408/medium.jpg,,"","",2,0,false,3,"Riserva Naturale Nazzano Tevere-Farfa, Nazzano, Lazio, IT",42.2335081408,12.5989000965,4,,,,4,,,false,,,Italy,Elicoverpa,Helicoverpa armigera,Cotton Bollworm Moth,Insecta,83806
188420013,33f066a1-5863-487e-aa24-9666a092b69c,2023-10-21 21:50:25,2023-10-21,2023-10-21 19:50:25 UTC,Rome,392309,bac_77,Marco Crivellari,2023-10-21 19:51:10 UTC,2023-10-27 21:29:32 UTC,research,CC-BY-NC,https://www.inaturalist.org/observations/188420013,https://inaturalist-open-data.s3.amazonaws.com/photos/329772224/medium.jpeg,,"",,3,0,false,2,"Ferrara, Emilia-Romagna, IT",44.8804702758,12.2210302353,,,,,,,,false,gps,gps,Italy,Cotton Bollworm Moth,Helicoverpa armigera,Cotton Bollworm Moth,Insecta,83806
188504046,0e4490e2-82b5-48af-8afb-0a5dea11178e,2023-10-22 12:51:36,2023-10-22,2023-10-22 10:51:36 UTC,Rome,135012,pierabionda,"",2023-10-22 11:40:09 UTC,2023-10-27 21:34:02 UTC,research,CC-BY-NC,https://www.inaturalist.org/observations/188504046,https://inaturalist-open-data.s3.amazonaws.com/photos/329946883/medium.jpeg,,"",,2,0,false,2,"15040 Frassineto po AL, Italia",45.1429057924,8.5412511975,86,,,,86,,,false,,,Italy,Elicoverpa,Helicoverpa armigera,Cotton Bollworm Moth,Insecta,83806
188514127,aef3faa0-af3b-4181-85a6-e3e2a50fb6e4,2023-10-22 15:09:43,2023-10-22,2023-10-22 13:09:43 UTC,Rome,5473907,teresa649,Teresa Prandi,2023-10-22 13:31:29 UTC,2023-10-27 21:36:25 UTC,research,CC0,https://www.inaturalist.org/observations/188514127,https://inaturalist-open-data.s3.amazonaws.com/photos/329967381/medium.jpeg,,"",,3,0,false,2,"28062 Cameri NO, Italia",45.5490750707,8.7058778107,3,,,,3,,,false,,,Italy,Cotton Bollworm Moth,Helicoverpa armigera,Cotton Bollworm Moth,Insecta,83806
188572649,f7c1a641-4e71-4d9b-904e-f86610213eac,2023-10-22 13:20:24,2023-10-22,2023-10-22 11:20:24 UTC,Rome,1605672,daveoshaw,"",2023-10-22 20:41:55 UTC,2024-04-28 10:21:22 UTC,research,CC-BY-NC,https://www.inaturalist.org/observations/188572649,https://inaturalist-open-data.s3.amazonaws.com/photos/330084308/medium.jpeg,,"",,2,0,false,2,"10071 Borgaro torinese TO, Italia",45.1338018514,7.6502287388,387,,,,387,,,false,gps,gps,Italy,Cotton Bollworm Moth,Helicoverpa armigera,Cotton Bollworm Moth,Insecta,83806
188643143,27d6748b-74be-407e-b517-8c834b9ef7a8,2023-10-10,2023-10-10,,Rome,5307211,sebastianofavarin,Sebastiano Favarin,2023-10-23 09:34:43 UTC,2023-10-27 21:44:30 UTC,research,,https://www.inaturalist.org/observations/188643143,https://static.inaturalist.org/photos/330233932/medium.jpeg,,"",,2,0,false,2,"Cartigliano Via Diaz, 36050 Cartigliano VI, Italy",45.7152630275,11.6946760565,1959,,,,1959,,,false,gps,gps,Italy,Helicoverpa armigera,Helicoverpa armigera,Cotton Bollworm Moth,Insecta,83806
188691575,91623961-ea8c-487c-bc71-268d19ee0925,2023/10/23 12:53,2023-10-23,2023-10-23 10:53:00 UTC,Rome,6858810,astroale,"",2023-10-23 18:41:50 UTC,2023-10-27 21:46:45 UTC,research,CC-BY-NC,https://www.inaturalist.org/observations/188691575,https://inaturalist-open-data.s3.amazonaws.com/photos/330329105/medium.jpg,,"",,2,0,false,,"Cornigliano, 16152 Genova GE, Italia",44.4251893865,8.8621977889,5,,,,5,,,false,,,Italy,Elicoverpa,Helicoverpa armigera,Cotton Bollworm Moth,Insecta,83806
188692763,7f16d0a4-cf66-45b3-83e1-1ff5594de580,2023-10-23 15:34:09,2023-10-23,2023-10-23 13:34:09 UTC,Rome,2852396,zenzi1,Zenzi Martin,2023-10-23 18:53:13 UTC,2023-10-27 16:45:44 UTC,needs_id,CC-BY-NC,https://www.inaturalist.org/observations/188692763,https://inaturalist-open-data.s3.amazonaws.com/photos/330332259/medium.jpeg,,"",,0,0,false,2,"39052 Kaltern an der Weinstraße., Autonome Provinz Bozen - Südtirol, Italien",46.3883441997,11.2495907,,,,,,,,false,gps,gps,Italy,Baumwoll-Sonneneule,Helicoverpa armigera,Cotton Bollworm Moth,Insecta,83806
188696855,59076c69-0004-4be3-be67-0ad94755563a,2023-10-23 11:00:48+02:00,2023-10-23,2023-10-23 09:00:48 UTC,Rome,3387974,olga_zero,,2023-10-23 19:24:07 UTC,2023-10-30 14:30:26 UTC,research,CC-BY-NC,https://www.inaturalist.org/observations/188696855,https://inaturalist-open-data.s3.amazonaws.com/photos/330339199/medium.jpg,,"","",1,0,false,3,"Via Benvenuto Cellini, Bonate Sotto, Lombardia, IT",45.65307,9.561745,4,,,,4,,,false,,,Italy,Elicoverpa,Helicoverpa armigera,Cotton Bollworm Moth,Insecta,83806
188702779,7749155f-621e-4b1a-bb4f-a1ec06737d9c,2023/10/22 14:01,2023-10-22,2023-10-22 12:01:00 UTC,Rome,7410503,andrea_bortolussi,Andrea Bortolussi,2023-10-23 20:18:06 UTC,2023-10-27 21:47:17 UTC,research,CC-BY-NC,https://www.inaturalist.org/observations/188702779,https://inaturalist-open-data.s3.amazonaws.com/photos/330350623/medium.jpeg,,"",,3,0,false,,"Ente di decentramento regionale di Udine, Italia",46.2910979059,13.1056881483,436,,,,436,,,false,,,Italy,Elicoverpa,Helicoverpa armigera,Cotton Bollworm Moth,Insecta,83806
188799613,d3e7851e-a00d-4058-a9ea-4fd7a07adbeb,2023/10/01 3:29 PM,2023-10-01,2023-10-01 13:29:00 UTC,Rome,1591925,gabriele_lagrasta,Gabriele La Grasta,2023-10-24 17:14:37 UTC,2023-10-27 21:51:44 UTC,research,CC-BY-NC,https://www.inaturalist.org/observations/188799613,https://inaturalist-open-data.s3.amazonaws.com/photos/330550826/medium.jpeg,,"",,2,0,false,,"Province of Brescia, Italy",45.638656,10.027322,,,,,,,,false,,,Italy,Cotton Bollworm Moth,Helicoverpa armigera,Cotton Bollworm Moth,Insecta,83806
188885286,e22280f1-4b26-479e-a9cc-a3327e2c8df3,2023-10-16 16:34:34,2023-10-16,2023-10-16 14:34:34 UTC,Rome,5426635,robiberi,Robi Beri,2023-10-25 11:54:14 UTC,2024-02-03 22:01:51 UTC,needs_id,,https://www.inaturalist.org/observations/188885286,https://static.inaturalist.org/photos/330731228/medium.jpeg,,"",,0,0,false,2,"Caserta, Campania, IT",41.0569343645,14.3389988691,11481,,,,11481,,,false,gps,gps,Italy,Elicoverpa,Helicoverpa armigera,Cotton Bollworm Moth,Insecta,83806
188887500,42a076fd-e48a-46c4-980c-d38dd152d44b,2023/10/25 12:46 PM,2023-10-25,2023-10-25 10:46:00 UTC,Rome,2638829,alessio_usai,Alessio Usai,2023-10-25 12:22:06 UTC,2023-10-27 21:56:26 UTC,research,,https://www.inaturalist.org/observations/188887500,https://static.inaturalist.org/photos/330734862/medium.jpg,,"","",2,0,false,,"Scatozza, Castel Volturno CE, Italy",41.0284793805,13.9447428707,20,,,,20,,,false,,,Italy,Cotton Bollworm Moth,Helicoverpa armigera,Cotton Bollworm Moth,Insecta,83806
188907758,f223b51b-1c45-46c2-9512-5b2274942859,2023/10/13 16:28,2023-10-13,2023-10-13 14:28:00 UTC,Rome,2841468,clarabricco,"",2023-10-25 16:18:35 UTC,2023-10-27 21:57:20 UTC,research,CC-BY-NC,https://www.inaturalist.org/observations/188907758,https://inaturalist-open-data.s3.amazonaws.com/photos/330773431/medium.jpg,,"",,2,0,false,,"Provincia di Alessandria, Italia",45.0863691843,8.127822993,488,,,,488,,,false,,,Italy,Elicoverpa,Helicoverpa armigera,Cotton Bollworm Moth,Insecta,83806
188908120,a3f42608-21e3-419f-bd07-80f108e873ba,2023/10/01 3:31 PM,2023-10-01,2023-10-01 13:31:00 UTC,Rome,1591925,gabriele_lagrasta,Gabriele La Grasta,2023-10-25 16:22:30 UTC,2023-10-27 21:59:24 UTC,research,CC-BY-NC,https://www.inaturalist.org/observations/188908120,https://inaturalist-open-data.s3.amazonaws.com/photos/330772411/medium.jpeg,,"",,2,0,false,,"Province of Brescia, Italy",45.638598,10.027544,,,,,,,,false,,,Italy,Cotton Bollworm Moth,Helicoverpa armigera,Cotton Bollworm Moth,Insecta,83806
188918592,21463215-3b17-412a-8376-08cb2520e68c,2023-10-25 16:29:15,2023-10-25,2023-10-25 14:29:15 UTC,Rome,5646179,giusi_co,"",2023-10-25 17:55:27 UTC,2023-10-27 22:01:58 UTC,research,CC-BY-NC,https://www.inaturalist.org/observations/188918592,https://inaturalist-open-data.s3.amazonaws.com/photos/330793518/medium.jpeg,,"",,2,0,false,2,"29121 Piacenza PC, Italia",45.0354530551,9.6718613058,184,,,,184,,,false,gps,gps,Italy,Elicoverpa,Helicoverpa armigera,Cotton Bollworm Moth,Insecta,83806
188929378,11625186-2fd4-49ca-b2d8-381c20fbf971,2023-10-05 16:13:01,2023-10-05,2023-10-05 14:13:01 UTC,Rome,4855506,mcsr,Cesare Sandri,2023-10-25 19:31:04 UTC,2023-10-27 22:18:03 UTC,research,CC-BY-NC,https://www.inaturalist.org/observations/188929378,https://inaturalist-open-data.s3.amazonaws.com/photos/330814161/medium.jpeg,,"",,3,0,false,2,"19025 Fezzano SP, Italia",44.0800148125,9.8260819539,176,,,,176,,,false,gps,gps,Italy,Elicoverpa,Helicoverpa armigera,Cotton Bollworm Moth,Insecta,83806
189002191,56c1875b-466b-44c7-98bf-36ed2a942163,2023-10-26 15:00:57+02:00,2023-10-26,2023-10-26 13:00:57 UTC,Rome,5880935,salicorne56,Kristen,2023-10-26 13:11:42 UTC,2023-10-27 19:20:28 UTC,research,CC-BY-NC,https://www.inaturalist.org/observations/189002191,https://inaturalist-open-data.s3.amazonaws.com/photos/330969806/medium.jpg,,"","",3,0,false,3,"Via Ricasoli, Florence, Toscane, IT",43.777145,11.258795,4,,,,4,,,false,,,Italy,Noctuelle de la tomate,Helicoverpa armigera,Cotton Bollworm Moth,Insecta,83806
189020265,3b563f83-3c31-4ea6-abb8-c9e9a2345f39,2023/10/07 3:58 PM,2023-10-07,2023-10-07 13:58:00 UTC,Rome,1591925,gabriele_lagrasta,Gabriele La Grasta,2023-10-26 16:11:46 UTC,2023-10-27 19:20:49 UTC,research,CC-BY-NC,https://www.inaturalist.org/observations/189020265,https://inaturalist-open-data.s3.amazonaws.com/photos/331000232/medium.jpeg,,"",,2,0,false,,"Province of Asti, Italy",44.9944762768,8.3005478084,72,,,,72,,,false,,,Italy,Cotton Bollworm Moth,Helicoverpa armigera,Cotton Bollworm Moth,Insecta,83806
189104689,9654b884-85fb-4a94-acf8-4362e5e28fae,2023-10-27 13:22:27+02:00,2023-10-27,2023-10-27 11:22:27 UTC,Rome,5484270,danielegiugia,Daniele Giugia,2023-10-27 11:23:08 UTC,2024-02-03 22:01:21 UTC,needs_id,CC-BY,https://www.inaturalist.org/observations/189104689,https://inaturalist-open-data.s3.amazonaws.com/photos/331175722/medium.jpg,,"","",0,0,false,3,"Sessarego, Bogliasco, Liguria, IT",44.3900416667,9.0725971667,9,,,,9,,,false,,,Italy,"",Helicoverpa armigera,Cotton Bollworm Moth,Insecta,83806
189120261,55617ad4-865a-4bef-a69c-d209ad10cdff,2023/10/27 12:41,2023-10-27,2023-10-27 10:41:00 UTC,Rome,3495159,giorgio_aimassi,,2023-10-27 14:49:31 UTC,2024-07-07 06:09:31 UTC,research,CC-BY-NC,https://www.inaturalist.org/observations/189120261,https://inaturalist-open-data.s3.amazonaws.com/photos/331203601/medium.jpeg,,"",,4,0,false,,"Guardabosone VC, Italy",45.6979163733,8.2508501328,294,,,,294,,,false,,,Italy,Elicoverpa,Helicoverpa armigera,Cotton Bollworm Moth,Insecta,83806
189160358,60e0a522-49af-4776-af6c-6948a8fba6ce,2023/10/27 16:24,2023-10-27,2023-10-27 14:24:00 UTC,Rome,350029,andreagrossi,Andrea Grossi,2023-10-27 21:40:12 UTC,2024-02-03 22:01:15 UTC,needs_id,CC-BY-NC,https://www.inaturalist.org/observations/189160358,https://inaturalist-open-data.s3.amazonaws.com/photos/331284748/medium.jpg,,"",,0,0,false,,"Provincia di Ferrara, Italia",44.7857611839,11.3764488675,15,,,,15,,,false,,,Italy,Elicoverpa,Helicoverpa armigera,Cotton Bollworm Moth,Insecta,83806
189213016,57de32b2-7e1b-4cc6-b01a-59a1578a928d,2023-10-28 13:52:50,2023-10-28,2023-10-28 11:52:50 UTC,Rome,5839058,roberto_costanzo_costa,Roberto Costanzo Costa,2023-10-28 11:54:11 UTC,2023-10-28 13:19:41 UTC,needs_id,,https://www.inaturalist.org/observations/189213016,https://static.inaturalist.org/photos/331396762/medium.jpeg,,"",,0,0,false,2,"31030 Borso del Grappa TV, Italia",45.8084733333,11.762985,8,,,,8,,,false,,,Italy,Elicoverpa,Helicoverpa armigera,Cotton Bollworm Moth,Insecta,83806
189230480,8697dbb4-2707-448d-bb85-7d3beff258da,2023-10-07 23:01:14+02:00,2023-10-07,2023-10-07 21:01:14 UTC,Rome,3875795,fabiologist,,2023-10-28 14:50:40 UTC,2023-10-28 16:54:07 UTC,research,CC-BY-NC,https://www.inaturalist.org/observations/189230480,https://inaturalist-open-data.s3.amazonaws.com/photos/331430347/medium.jpg,,"","",2,0,false,3,"Santuario Pelagos, Capoliveri, Toskana, IT",42.7668684832,10.3231481564,182,,,,182,,,false,,,Italy,Baumwoll-Sonneneule,Helicoverpa armigera,Cotton Bollworm Moth,Insecta,83806
189282873,872e8cb5-8707-4054-b261-17daaca1ba41,2023-10-28 14:40:53,2023-10-28,2023-10-28 12:40:53 UTC,Rome,2132531,bracchettogiallo,"",2023-10-28 22:35:02 UTC,2024-02-04 04:10:11 UTC,needs_id,CC-BY-NC,https://www.inaturalist.org/observations/189282873,https://inaturalist-open-data.s3.amazonaws.com/photos/331533209/medium.jpeg,,"",,0,0,false,2,"21040 Uboldo VA, Italia",45.6275399306,9.0083029111,,,,,,,,false,gps,gps,Italy,Elicoverpa,Helicoverpa armigera,Cotton Bollworm Moth,Insecta,83806
189283410,0bf34504-834d-4752-b58e-d739a4bbdc50,2023-10-28 14:25:11,2023-10-28,2023-10-28 12:25:11 UTC,Rome,2132531,bracchettogiallo,"",2023-10-28 22:40:59 UTC,2024-02-04 04:04:52 UTC,needs_id,CC-BY-NC,https://www.inaturalist.org/observations/189283410,https://inaturalist-open-data.s3.amazonaws.com/photos/331534438/medium.jpeg,,"",,0,0,false,2,"Fusetti VA, Italia",45.6272190997,9.0172235,,,,,,,,false,gps,gps,Italy,Elicoverpa,Helicoverpa armigera,Cotton Bollworm Moth,Insecta,83806
189337643,2f6db606-00a1-4f5f-a7f4-02b4a7503c4f,2023-10-29 12:19:00+01:00,2023-10-29,2023-10-29 11:19:00 UTC,Rome,2702736,superzim,Simona,2023-10-29 11:54:52 UTC,2024-02-04 04:05:00 UTC,needs_id,,https://www.inaturalist.org/observations/189337643,https://static.inaturalist.org/photos/331652843/medium.jpg,,"","",0,0,false,3,"Via Pianaccio, Stazzema, Toscana, IT",43.9915666667,10.2516633333,5,,,,5,,,false,,,Italy,"",Helicoverpa armigera,Cotton Bollworm Moth,Insecta,83806
189444993,bbc100c7-ea45-4eaa-a730-a4cb30b164fc,2023-10-20,2023-10-20,,Rome,980110,mcrecchilungo,Martina Chiara Recchilungo,2023-10-30 06:08:37 UTC,2023-10-30 08:45:27 UTC,research,CC-BY-NC,https://www.inaturalist.org/observations/189444993,https://inaturalist-open-data.s3.amazonaws.com/photos/331867686/medium.jpeg,,"",,2,0,false,2,"00037 Segni RM, Italia",41.8761380134,12.4965774268,74346,,,,74346,,,false,gps,gps,Italy,Elicoverpa,Helicoverpa armigera,Cotton Bollworm Moth,Insecta,83806
189500324,34c856a7-ba93-4afd-a423-0c8dc95f293c,2023-10-30 17:53:44,2023-10-30,2023-10-30 16:53:44 UTC,Rome,135012,pierabionda,"",2023-10-30 19:49:20 UTC,2023-10-30 21:43:14 UTC,research,CC-BY-NC,https://www.inaturalist.org/observations/189500324,https://inaturalist-open-data.s3.amazonaws.com/photos/331984880/medium.jpeg,,"",,2,0,false,2,"15048 Valenza AL, Italia",45.0537446252,8.6464953795,120,,,,120,,,false,gps,gps,Italy,Elicoverpa,Helicoverpa armigera,Cotton Bollworm Moth,Insecta,83806
189545909,a2f70f39-5693-40aa-a61a-dfd1db422572,2023-10-05 16:50:14,2023-10-05,2023-10-05 14:50:14 UTC,Rome,1839847,andredepo,Andrea,2023-10-31 07:37:32 UTC,2023-10-31 13:34:05 UTC,research,CC-BY-NC,https://www.inaturalist.org/observations/189545909,https://inaturalist-open-data.s3.amazonaws.com/photos/332078939/medium.jpeg,,"",,2,0,false,2,"Precotto, Milano MI, Italia",45.5112021459,9.2168208584,83,,,,83,,,false,gps,gps,Italy,Helicoverpa armigera,Helicoverpa armigera,Cotton Bollworm Moth,Insecta,83806
189545953,90fe98a4-dc43-4052-8865-205aa007926c,2023-10-03 15:05:10,2023-10-03,2023-10-03 13:05:10 UTC,Rome,1839847,andredepo,Andrea,2023-10-31 07:38:51 UTC,2023-10-31 10:05:11 UTC,research,CC-BY-NC,https://www.inaturalist.org/observations/189545953,https://inaturalist-open-data.s3.amazonaws.com/photos/332079042/medium.jpeg,,"",,1,0,false,2,"20058 Zibido San Giacomo MI, Italia",45.3578616708,9.1396000609,82,,,,82,,,false,gps,gps,Italy,Helicoverpa armigera,Helicoverpa armigera,Cotton Bollworm Moth,Insecta,83806
189569250,76ca8535-7261-48a9-ba76-6fdb11a140cd,2023-10-31 15:00:11,2023-10-31,2023-10-31 14:00:11 UTC,Rome,393102,lucaboscain,Luca Boscain,2023-10-31 14:25:42 UTC,2024-02-04 04:05:10 UTC,needs_id,CC-BY-NC,https://www.inaturalist.org/observations/189569250,https://inaturalist-open-data.s3.amazonaws.com/photos/332123654/medium.jpeg,,"",,0,0,false,2,"31056 Roncade, Province of Treviso, Italy",45.6526732997,12.3577711,,,,,,,,false,gps,gps,Italy,Cotton Bollworm Moth,Helicoverpa armigera,Cotton Bollworm Moth,Insecta,83806
189660135,d1ea0bb6-6343-4210-b742-8d468830fe5c,2023/11/01 15:00,2023-11-01,2023-11-01 14:00:00 UTC,Rome,1622306,bonushenricus,bonushenricus,2023-11-01 13:15:18 UTC,2024-02-04 04:05:13 UTC,needs_id,CC-BY-NC,https://www.inaturalist.org/observations/189660135,https://inaturalist-open-data.s3.amazonaws.com/photos/332305943/medium.jpeg,,"",on Cannabis sativa female flower (legal agricultural cultivation),0,0,false,,"Provincia di Forlì-Cesena, Italia",44.2938414952,12.0879069057,8,,,,8,,,false,,,Italy,Elicoverpa,Helicoverpa armigera,Cotton Bollworm Moth,Insecta,83806
190062979,725a3521-8639-44ac-bf4a-f68dedea000c,2023-11-05 13:44:51,2023-11-05,2023-11-05 12:44:51 UTC,Rome,3291250,samaiwendil,Sam Aiwendil White,2023-11-05 12:49:30 UTC,2024-02-04 04:05:16 UTC,needs_id,,https://www.inaturalist.org/observations/190062979,https://static.inaturalist.org/photos/333102407/medium.jpeg,,"",,0,0,false,2,"Staglieno, Genova GE, Italia",44.4299183183,8.9556038752,20,,,,20,,,false,gps,gps,Italy,Elicoverpa,Helicoverpa armigera,Cotton Bollworm Moth,Insecta,83806
190279051,fdc51d3c-c11e-40cb-8043-5e83c770d572,2023-11-07 06:16:48,2023-11-07,2023-11-07 05:16:48 UTC,Rome,7126554,lamone,,2023-11-07 05:19:40 UTC,2023-11-07 05:21:44 UTC,needs_id,CC-BY-NC,https://www.inaturalist.org/observations/190279051,https://inaturalist-open-data.s3.amazonaws.com/photos/333518454/medium.jpeg,,"",,0,0,false,2,"01021 Acquapendente VT, Italia",42.7358297,11.8623131,,,,,,,,false,gps,gps,Italy,Elicoverpa,Helicoverpa armigera,Cotton Bollworm Moth,Insecta,83806
190583851,546b252b-6f90-4215-b08e-d8ad03f78777,2023/11/10 14:07,2023-11-10,2023-11-10 13:07:00 UTC,Rome,3495159,giorgio_aimassi,,2023-11-10 15:37:31 UTC,2024-07-07 06:09:35 UTC,research,CC-BY-NC,https://www.inaturalist.org/observations/190583851,https://inaturalist-open-data.s3.amazonaws.com/photos/334138067/medium.jpg,,"","",1,0,false,,"13010 Postua VC, Italia",45.7103970922,8.2297597672,527,,,,527,,,false,,,Italy,Elicoverpa,Helicoverpa armigera,Cotton Bollworm Moth,Insecta,83806
190629370,8250e759-6692-4bdc-9d6d-bcd9d40958bc,2023-10-13 00:41:00,2023-10-13,2023-10-12 22:41:00 UTC,Rome,2267411,elanzucchetti,Elan Zucchetti,2023-11-11 00:46:47 UTC,2023-11-11 10:01:38 UTC,research,CC-BY-NC,https://www.inaturalist.org/observations/190629370,https://inaturalist-open-data.s3.amazonaws.com/photos/334225379/medium.jpeg,,"",,1,0,false,2,"17014 San Giuseppe di Cairo, Province of Savona, Italy",44.3683378926,8.2909497991,461,,,,461,,,false,gps,gps,Italy,Cotton Bollworm Moth,Helicoverpa armigera,Cotton Bollworm Moth,Insecta,83806
190766436,f4792522-0a89-447d-a3bc-b7fbe0f4ebc4,2023-11-11 13:50:00,2023-11-11,2023-11-11 12:50:00 UTC,Rome,2109267,nicolarroux,Nicola Larroux,2023-11-12 07:09:28 UTC,2024-02-04 04:05:43 UTC,needs_id,CC-BY-NC,https://www.inaturalist.org/observations/190766436,https://inaturalist-open-data.s3.amazonaws.com/photos/334497467/medium.jpeg,,"",,0,0,false,2,"22070 Locate varesino CO, Italia",45.6886343545,8.9192649722,42,,,,42,,,false,gps,gps,Italy,Elicoverpa,Helicoverpa armigera,Cotton Bollworm Moth,Insecta,83806
190799945,4c5c1be9-62a4-4c57-b968-4906accb0c90,2023-11-12 16:12:17,2023-11-12,2023-11-12 15:12:17 UTC,Rome,1591925,gabriele_lagrasta,Gabriele La Grasta,2023-11-12 15:31:08 UTC,2024-12-16 20:36:04 UTC,needs_id,CC-BY-NC,https://www.inaturalist.org/observations/190799945,https://inaturalist-open-data.s3.amazonaws.com/photos/334623498/medium.jpeg,,"",,0,0,false,2,"Montinelle, 25080 Solarolo BS, Italia",45.55268388,10.56110599,,,,,,,,false,gps,gps,Italy,Cotton Bollworm Moth,Helicoverpa armigera,Cotton Bollworm Moth,Insecta,83806
191121272,78575794-3348-4ad8-b85c-4912369ac3ba,2023-09-25 13:48:24,2023-09-25,2023-09-25 11:48:24 UTC,Rome,7609142,fedecastelli,"",2023-11-15 21:17:09 UTC,2023-11-15 22:14:07 UTC,research,CC-BY-NC,https://www.inaturalist.org/observations/191121272,https://inaturalist-open-data.s3.amazonaws.com/photos/335204890/medium.jpeg,,"",,2,0,false,2,"20157 Milano MI, Italia",45.5206259617,9.0991362557,185,,,,185,,,false,gps,gps,Italy,Elicoverpa,Helicoverpa armigera,Cotton Bollworm Moth,Insecta,83806
191180790,e920fea3-14df-4759-8895-10f33b9def92,2023-11-16 15:05:55+01:00,2023-11-16,2023-11-16 14:05:55 UTC,Rome,5837709,giuli93318,Giulia Borrelli,2023-11-16 14:51:30 UTC,2023-11-25 15:51:17 UTC,needs_id,,https://www.inaturalist.org/observations/191180790,https://static.inaturalist.org/photos/335325633/medium.jpg,,"","",1,0,false,3,"Via Cerro Verde, Castell'Alfero, Piemonte, IT",44.96003,8.1835216667,4,,,,4,,,false,,,Italy,Elicoverpa,Helicoverpa armigera,Cotton Bollworm Moth,Insecta,83806
191246248,61296cf7-7b9a-4740-a00a-ce0958d3a8a3,2023-10-11 15:25:41+02:00,2023-10-11,2023-10-11 13:25:41 UTC,Rome,7595691,annamalga,,2023-11-17 05:59:00 UTC,2024-02-03 21:58:58 UTC,needs_id,CC-BY-NC,https://www.inaturalist.org/observations/191246248,https://inaturalist-open-data.s3.amazonaws.com/photos/335455615/medium.jpg,,"","",1,0,false,3,"Via Giovanni Gabrieli, Mogliano Veneto, Veneto, IT",45.5510883333,12.2492083333,5,,,,5,,,false,,,Italy,Elicoverpa,Helicoverpa armigera,Cotton Bollworm Moth,Insecta,83806
191454133,56756b86-2297-49d3-9ffa-3594a5c97c1a,2023-11-17 14:55:52,2023-11-17,2023-11-17 13:55:52 UTC,Rome,1733950,giacomosgorlon,Giacomo Sgorlon,2023-11-19 09:27:11 UTC,2023-12-05 12:38:39 UTC,research,CC-BY-NC,https://www.inaturalist.org/observations/191454133,https://inaturalist-open-data.s3.amazonaws.com/photos/335872409/medium.jpeg,,"",,2,0,false,2,"31046 Faé TV, Italia",45.7640394592,12.4662178382,171,,,,171,,,false,gps,gps,Italy,Elicoverpa,Helicoverpa armigera,Cotton Bollworm Moth,Insecta,83806
191563059,7e913cb2-23d1-489c-bc31-a0c50da281cc,2023-11-20 09:32:39,2023-11-20,2023-11-20 08:32:39 UTC,Rome,233701,enrico_castello,Enrico Castello,2023-11-20 08:34:18 UTC,2023-11-24 12:02:36 UTC,research,CC-BY-NC-SA,https://www.inaturalist.org/observations/191563059,https://inaturalist-open-data.s3.amazonaws.com/photos/336090774/medium.jpeg,,"",,1,0,false,2,"10020 Lauriano TO, Italia",45.1700583257,8.0034699664,4,,,,4,,,false,gps,gps,Italy,Elicoverpa,Helicoverpa armigera,Cotton Bollworm Moth,Insecta,83806
191656478,93dfaa79-7bca-4782-a473-3b6b5c823d0c,2023-10-28 08:57:22,2023-10-28,2023-10-28 06:57:22 UTC,Rome,5554327,federico_biguzzi,Federico Biguzzi,2023-11-21 08:41:51 UTC,2023-11-21 12:36:23 UTC,needs_id,CC-BY-NC,https://www.inaturalist.org/observations/191656478,https://inaturalist-open-data.s3.amazonaws.com/photos/336275056/medium.jpeg,,"",,0,0,false,2,"20152 Milano MI, Italia",45.450772196,9.1134810448,190,,,,190,,,false,gps,gps,Italy,Elicoverpa,Helicoverpa armigera,Cotton Bollworm Moth,Insecta,83806
193318897,e2ef4833-3705-4e01-9fcb-6fd35e91a09d,2023/09/30 19:29,2023-09-30,2023-09-30 17:29:00 UTC,Rome,7651390,pier_francesco_murgia1,Pier Francesco Murgia,2023-12-07 19:11:09 UTC,2024-03-30 13:50:04 UTC,research,CC-BY-NC,https://www.inaturalist.org/observations/193318897,https://inaturalist-open-data.s3.amazonaws.com/photos/339585113/medium.jpeg,,"","",2,0,false,,"Città Metropolitana di Cagliari, Italia",39.2425344079,9.3051450457,15,,,,15,,,false,,,Italy,Elicoverpa,Helicoverpa armigera,Cotton Bollworm Moth,Insecta,83806
194296651,deeacb02-0a70-4390-8125-f18f3855343f,2023/09/28 14:50,2023-09-28,2023-09-28 12:50:00 UTC,Rome,3262150,verena_trockner,Verena Trockner,2023-12-18 18:51:09 UTC,2023-12-18 18:55:21 UTC,research,CC-BY-NC,https://www.inaturalist.org/observations/194296651,https://inaturalist-open-data.s3.amazonaws.com/photos/341492766/medium.jpeg,,"",,1,0,false,,"Sarntal Waldrast, Südtirol",46.6440083333,11.3794166667,4,,,,4,,,false,,,Italy,Baumwoll-Sonneneule,Helicoverpa armigera,Cotton Bollworm Moth,Insecta,83806
196213917,f44ca099-f94a-4a03-b998-908896060e7b,2023/09/25,2023-09-25,,Rome,6554156,alerosa,,2024-01-09 16:50:37 UTC,2024-01-09 20:15:37 UTC,research,CC-BY-NC,https://www.inaturalist.org/observations/196213917,https://inaturalist-open-data.s3.amazonaws.com/photos/345384814/medium.jpg,,"",,2,0,false,,"Padova PD, Italia",45.410323191,11.8951849915,4,,,,4,,,false,,,Italy,Elicoverpa,Helicoverpa armigera,Cotton Bollworm Moth,Insecta,83806
196935673,a1ddb340-9130-4136-ac9c-c26fec34e6de,2023/09/23 4:40 PM,2023-09-23,2023-09-23 14:40:00 UTC,Rome,447090,apeterlongo,Andrea Peterlongo,2024-01-17 19:58:04 UTC,2024-01-17 22:26:20 UTC,research,CC-BY-NC,https://www.inaturalist.org/observations/196935673,https://inaturalist-open-data.s3.amazonaws.com/photos/346724104/medium.jpg,,"",,3,0,false,,"Autonomous Province of Trento, Italy",45.9616699997,10.904391,,,,,,,,false,,,Italy,Cotton Bollworm Moth,Helicoverpa armigera,Cotton Bollworm Moth,Insecta,83806
197255873,753c1d2a-99b3-45a3-9353-d6490b330e3a,2023-10-03 22:22:52,2023-10-03,2023-10-03 20:22:52 UTC,Rome,83668,rudyvalfiorito,Rudy Valfiorito,2024-01-21 21:07:23 UTC,2024-03-04 21:54:09 UTC,research,,https://www.inaturalist.org/observations/197255873,https://static.inaturalist.org/photos/347372393/medium.jpeg,,"",,2,0,false,2,"18036 Soldano IM, Italia",43.8305015521,7.6544092968,27,,,,27,,,false,gps,gps,Italy,Helicoverpa armigera,Helicoverpa armigera,Cotton Bollworm Moth,Insecta,83806
197490690,46b45326-5361-4903-bc54-d5a4c4b4a57e,2023/10/09 12:03,2023-10-09,2023-10-09 10:03:00 UTC,Rome,5311875,agravia,Agravia,2024-01-24 21:59:59 UTC,2024-01-25 19:42:20 UTC,research,CC-BY-NC,https://www.inaturalist.org/observations/197490690,https://inaturalist-open-data.s3.amazonaws.com/photos/347847651/medium.jpg,,"",,1,0,false,,"36061 Bassano del Grappa VI, Italia",45.7757833333,11.7287472222,4,,,,4,,,false,,,Italy,Elicoverpa,Helicoverpa armigera,Cotton Bollworm Moth,Insecta,83806
198770237,b79507fe-2f8e-4fb4-8709-b6a23f621a3c,2024-02-08 19:41:07,2024-02-08,2024-02-08 18:41:07 UTC,Rome,83668,rudyvalfiorito,Rudy Valfiorito,2024-02-09 01:23:11 UTC,2024-03-04 21:54:18 UTC,research,,https://www.inaturalist.org/observations/198770237,https://static.inaturalist.org/photos/350407099/medium.jpeg,,"",,2,0,false,2,"18036 Soldano IM, Italia",43.8304869722,7.654401,,,,,,,,false,gps,gps,Italy,Helicoverpa armigera,Helicoverpa armigera,Cotton Bollworm Moth,Insecta,83806
199036971,5d8f4acd-584a-46bf-92e8-0fa22135db41,2023/10/11 16:00,2023-10-11,2023-10-11 14:00:00 UTC,Rome,2937027,tiziana_gd,Tiziana Dinolfo,2024-02-11 20:44:29 UTC,2024-02-11 22:01:04 UTC,research,CC-BY-NC,https://www.inaturalist.org/observations/199036971,https://inaturalist-open-data.s3.amazonaws.com/photos/350927399/medium.jpeg,,"",,1,0,false,,"46019 Viadana MN, Italia",44.9286236,10.5229153,3773,,,,3773,,,false,,,Italy,Elicoverpa,Helicoverpa armigera,Cotton Bollworm Moth,Insecta,83806
211062967,ddbbb9e4-80de-4a5b-89c9-a429de9fadae,2024-04-26,2024-04-26,,Rome,2739066,margheritalombardo,Margherita Lombardo,2024-04-28 19:55:08 UTC,2024-04-28 20:23:14 UTC,research,,https://www.inaturalist.org/observations/211062967,https://static.inaturalist.org/photos/373210521/medium.jpeg,,"",,1,0,false,2,"88060 Davoli CZ, Italia",38.6620944215,16.5252583846,8,,,,8,,,false,gps,gps,Italy,Cotton Bollworm Moth,Helicoverpa armigera,Cotton Bollworm Moth,Insecta,83806
213082693,ea0c6530-0437-4263-a0e2-05dbe8d4b3c2,2024/04/25,2024-04-25,,Rome,5246039,einheit21,Jörg und Ines,2024-05-03 06:31:54 UTC,2024-05-03 11:48:16 UTC,research,,https://www.inaturalist.org/observations/213082693,https://static.inaturalist.org/photos/376566816/medium.jpeg,,"",,3,0,false,,"55041 Pedona LU, Italien",43.920744,10.294019,502,,,,502,,,false,,,Italy,Baumwoll-Sonneneule,Helicoverpa armigera,Cotton Bollworm Moth,Insecta,83806
213083559,242f81a4-ccd0-480a-89a7-15996be0cde5,2024/04/25 ,2024-04-25,,Rome,5246039,einheit21,Jörg und Ines,2024-05-03 06:41:10 UTC,2024-05-03 11:47:38 UTC,research,,https://www.inaturalist.org/observations/213083559,https://static.inaturalist.org/photos/376568374/medium.jpeg,,"",,2,0,false,,"55041 Pedona LU, Italien",43.920744,10.294019,502,,,,502,,,false,,,Italy,Baumwoll-Sonneneule,Helicoverpa armigera,Cotton Bollworm Moth,Insecta,83806
213172659,723145e5-91e3-488e-9ff5-e3f3952820db,2024/04/27 ,2024-04-27,,Rome,5246039,einheit21,Jörg und Ines,2024-05-03 16:03:30 UTC,2024-05-03 16:20:33 UTC,research,,https://www.inaturalist.org/observations/213172659,https://static.inaturalist.org/photos/376726398/medium.jpeg,,"",,3,0,false,,"55041 Pedona LU, Italien",43.920744,10.294019,502,,,,502,,,false,,,Italy,Baumwoll-Sonneneule,Helicoverpa armigera,Cotton Bollworm Moth,Insecta,83806
213174150,70fd4d2a-2db9-4952-9e46-5389cd0babf4,2024/04/27 ,2024-04-27,,Rome,5246039,einheit21,Jörg und Ines,2024-05-03 16:09:32 UTC,2024-05-03 16:19:31 UTC,research,,https://www.inaturalist.org/observations/213174150,https://static.inaturalist.org/photos/376728925/medium.jpeg,,"",,2,0,false,,"55041 Pedona LU, Italien",43.920744,10.294019,502,,,,502,,,false,,,Italy,Baumwoll-Sonneneule,Helicoverpa armigera,Cotton Bollworm Moth,Insecta,83806
213175973,a11ad19e-b8ff-430b-8b02-a491581ab6d0,2024/04/27 ,2024-04-27,,Rome,5246039,einheit21,Jörg und Ines,2024-05-03 16:15:14 UTC,2024-05-03 16:51:47 UTC,research,,https://www.inaturalist.org/observations/213175973,https://static.inaturalist.org/photos/376731028/medium.jpeg,,"",,2,0,false,,"55041 Pedona LU, Italien",43.920744,10.294019,502,,,,502,,,false,,,Italy,Baumwoll-Sonneneule,Helicoverpa armigera,Cotton Bollworm Moth,Insecta,83806
213176684,8264b23c-582d-462c-86ac-33c4bbcc0c1d,2024/04/27 ,2024-04-27,,Rome,5246039,einheit21,Jörg und Ines,2024-05-03 16:17:20 UTC,2024-05-03 16:52:09 UTC,research,,https://www.inaturalist.org/observations/213176684,https://static.inaturalist.org/photos/376731954/medium.jpeg,,"",,2,0,false,,"55041 Pedona LU, Italien",43.920744,10.294019,502,,,,502,,,false,,,Italy,Baumwoll-Sonneneule,Helicoverpa armigera,Cotton Bollworm Moth,Insecta,83806
213177030,58c87ea0-6c74-4413-9626-a26f40c556bb,2024/04/27 ,2024-04-27,,Rome,5246039,einheit21,Jörg und Ines,2024-05-03 16:18:52 UTC,2024-05-03 16:51:45 UTC,research,,https://www.inaturalist.org/observations/213177030,https://static.inaturalist.org/photos/376732613/medium.jpeg,,"",,3,0,false,,"55041 Pedona LU, Italien",43.920744,10.294019,502,,,,502,,,false,,,Italy,Baumwoll-Sonneneule,Helicoverpa armigera,Cotton Bollworm Moth,Insecta,83806
213178491,67cab5e9-9f66-49e1-a194-50e94baa187d,2024/04/27 ,2024-04-27,,Rome,5246039,einheit21,Jörg und Ines,2024-05-03 16:24:46 UTC,2024-05-03 16:58:03 UTC,research,,https://www.inaturalist.org/observations/213178491,https://static.inaturalist.org/photos/376735287/medium.jpeg,,"",,2,0,false,,"55041 Pedona LU, Italien",43.920744,10.294019,502,,,,502,,,false,,,Italy,Baumwoll-Sonneneule,Helicoverpa armigera,Cotton Bollworm Moth,Insecta,83806
213180711,9ea87d13-3a71-4e1e-b2be-0393f215cf66,2024/04/27 ,2024-04-27,,Rome,5246039,einheit21,Jörg und Ines,2024-05-03 16:34:08 UTC,2024-05-03 16:56:20 UTC,research,,https://www.inaturalist.org/observations/213180711,https://static.inaturalist.org/photos/376739595/medium.jpeg,,"",,2,0,false,,"55041 Pedona LU, Italien",43.920744,10.294019,502,,,,502,,,false,,,Italy,Baumwoll-Sonneneule,Helicoverpa armigera,Cotton Bollworm Moth,Insecta,83806
213180899,ce2c495f-7957-4bcf-956f-e8cf5283bb62,2024/04/27 ,2024-04-27,,Rome,5246039,einheit21,Jörg und Ines,2024-05-03 16:34:52 UTC,2024-05-03 16:56:29 UTC,research,,https://www.inaturalist.org/observations/213180899,https://static.inaturalist.org/photos/376739947/medium.jpeg,,"",,2,0,false,,"55041 Pedona LU, Italien",43.920744,10.294019,502,,,,502,,,false,,,Italy,Baumwoll-Sonneneule,Helicoverpa armigera,Cotton Bollworm Moth,Insecta,83806
213182081,b7246e52-fd0e-4b88-b568-0e4e9b929e23,2024/04/27 ,2024-04-27,,Rome,5246039,einheit21,Jörg und Ines,2024-05-03 16:40:41 UTC,2024-05-03 16:55:27 UTC,research,,https://www.inaturalist.org/observations/213182081,https://static.inaturalist.org/photos/376742442/medium.jpeg,,"",,2,0,false,,"55041 Pedona LU, Italien",43.920744,10.294019,502,,,,502,,,false,,,Italy,Baumwoll-Sonneneule,Helicoverpa armigera,Cotton Bollworm Moth,Insecta,83806
213631644,da654c8b-95f1-4bbf-b592-02a1fe89a41c,2024-05-05 09:54:19+02:00,2024-05-05,2024-05-05 07:54:19 UTC,Rome,1956724,andreaang,Andrea Angiari,2024-05-05 07:56:51 UTC,2024-05-05 14:42:49 UTC,research,CC-BY-NC,https://www.inaturalist.org/observations/213631644,https://inaturalist-open-data.s3.amazonaws.com/photos/377558942/medium.jpg,,"","",2,0,false,3,"Via Don Giuseppe Bonizzato, Mozzecane, Veneto, IT",45.3044133333,10.81962,3,,,,3,,,false,,,Italy,Cotton Bollworm Moth,Helicoverpa armigera,Cotton Bollworm Moth,Insecta,83806
213683456,763e4972-20b9-4426-990f-2fc39dc61d5c,2024/04/28 ,2024-04-28,,Rome,5246039,einheit21,Jörg und Ines,2024-05-05 13:43:13 UTC,2024-05-05 15:45:27 UTC,research,,https://www.inaturalist.org/observations/213683456,https://static.inaturalist.org/photos/377651702/medium.jpeg,,"",,3,0,false,,"55041 Pedona LU, Italien",43.920744,10.294019,502,,,,502,,,false,,,Italy,Baumwoll-Sonneneule,Helicoverpa armigera,Cotton Bollworm Moth,Insecta,83806
213683745,7f5abed0-2b9b-47b0-89ba-7d82d50742ef,2024/04/28 ,2024-04-28,,Rome,5246039,einheit21,Jörg und Ines,2024-05-05 13:44:42 UTC,2024-05-05 15:45:28 UTC,research,,https://www.inaturalist.org/observations/213683745,https://static.inaturalist.org/photos/377652239/medium.jpeg,,"",,3,0,false,,"55041 Pedona LU, Italien",43.920744,10.294019,502,,,,502,,,false,,,Italy,Baumwoll-Sonneneule,Helicoverpa armigera,Cotton Bollworm Moth,Insecta,83806
213684548,7d41785d-7229-492b-92c5-a3073b951db4,2024/04/28 ,2024-04-28,,Rome,5246039,einheit21,Jörg und Ines,2024-05-05 13:48:05 UTC,2024-05-05 14:17:28 UTC,research,,https://www.inaturalist.org/observations/213684548,https://static.inaturalist.org/photos/377653385/medium.jpeg,,"",,2,0,false,,"55041 Pedona LU, Italien",43.920744,10.294019,502,,,,502,,,false,,,Italy,Baumwoll-Sonneneule,Helicoverpa armigera,Cotton Bollworm Moth,Insecta,83806
213687391,9dcf8a1a-d168-455d-b83c-0237fe078fee,2024/04/28 ,2024-04-28,,Rome,5246039,einheit21,Jörg und Ines,2024-05-05 13:58:58 UTC,2024-05-05 16:11:42 UTC,research,,https://www.inaturalist.org/observations/213687391,https://static.inaturalist.org/photos/377658187/medium.jpeg,,"",,2,0,false,,"55041 Pedona LU, Italien",43.920744,10.294019,502,,,,502,,,false,,,Italy,Baumwoll-Sonneneule,Helicoverpa armigera,Cotton Bollworm Moth,Insecta,83806
213688068,8eed1822-d2d3-405d-a20e-740e3d5772fc,2024/04/28 ,2024-04-28,,Rome,5246039,einheit21,Jörg und Ines,2024-05-05 14:02:06 UTC,2024-05-05 14:15:29 UTC,research,,https://www.inaturalist.org/observations/213688068,https://static.inaturalist.org/photos/377659596/medium.jpeg,,"",,2,0,false,,"55041 Pedona LU, Italien",43.920744,10.294019,502,,,,502,,,false,,,Italy,Baumwoll-Sonneneule,Helicoverpa armigera,Cotton Bollworm Moth,Insecta,83806
213688316,22e84dcf-ad3b-4e51-8617-d0f4721941b8,2024/04/28 ,2024-04-28,,Rome,5246039,einheit21,Jörg und Ines,2024-05-05 14:03:24 UTC,2024-05-05 16:11:44 UTC,research,,https://www.inaturalist.org/observations/213688316,https://static.inaturalist.org/photos/377660110/medium.jpeg,,"",,2,0,false,,"55041 Pedona LU, Italien",43.920744,10.294019,502,,,,502,,,false,,,Italy,Baumwoll-Sonneneule,Helicoverpa armigera,Cotton Bollworm Moth,Insecta,83806
213695284,18e45f8e-f427-4ec4-a3d8-986ebace5a89,2024/04/28 ,2024-04-28,,Rome,5246039,einheit21,Jörg und Ines,2024-05-05 14:33:11 UTC,2024-05-05 16:05:15 UTC,research,,https://www.inaturalist.org/observations/213695284,https://static.inaturalist.org/photos/377673352/medium.jpeg,,"",,3,0,false,,"55041 Pedona LU, Italien",43.920744,10.294019,502,,,,502,,,false,,,Italy,Baumwoll-Sonneneule,Helicoverpa armigera,Cotton Bollworm Moth,Insecta,83806
213696764,1166aef8-a1bf-4bb1-8f04-bc40de6e03d9,2024/04/28 ,2024-04-28,,Rome,5246039,einheit21,Jörg und Ines,2024-05-05 14:38:58 UTC,2024-05-05 16:12:08 UTC,research,,https://www.inaturalist.org/observations/213696764,https://static.inaturalist.org/photos/377675927/medium.jpeg,,"",,3,0,false,,"55041 Pedona LU, Italien",43.920744,10.294019,502,,,,502,,,false,,,Italy,Baumwoll-Sonneneule,Helicoverpa armigera,Cotton Bollworm Moth,Insecta,83806
213696974,27a36c0e-194c-4d9b-a107-a4123ad6a47a,2024/04/28 ,2024-04-28,,Rome,5246039,einheit21,Jörg und Ines,2024-05-05 14:39:40 UTC,2024-05-05 16:12:03 UTC,research,,https://www.inaturalist.org/observations/213696974,https://static.inaturalist.org/photos/377676239/medium.jpeg,,"",,3,0,false,,"55041 Pedona LU, Italien",43.920744,10.294019,502,,,,502,,,false,,,Italy,Baumwoll-Sonneneule,Helicoverpa armigera,Cotton Bollworm Moth,Insecta,83806
213701761,8c880f40-d7d3-4a4e-9ce9-9220723be2ee,2024/04/28 ,2024-04-28,,Rome,5246039,einheit21,Jörg und Ines,2024-05-05 14:54:42 UTC,2024-05-05 16:00:38 UTC,research,,https://www.inaturalist.org/observations/213701761,https://static.inaturalist.org/photos/377682959/medium.jpeg,,"",,3,0,false,,"55041 Pedona LU, Italien",43.920744,10.294019,502,,,,502,,,false,,,Italy,Baumwoll-Sonneneule,Helicoverpa armigera,Cotton Bollworm Moth,Insecta,83806
213703149,461300eb-32bf-4e05-ad95-7f0d6a4b1512,2024/04/28 ,2024-04-28,,Rome,5246039,einheit21,Jörg und Ines,2024-05-05 15:01:00 UTC,2024-05-05 16:00:02 UTC,research,,https://www.inaturalist.org/observations/213703149,https://static.inaturalist.org/photos/377686040/medium.jpeg,,"",,3,0,false,,"55041 Pedona LU, Italien",43.920744,10.294019,502,,,,502,,,false,,,Italy,Baumwoll-Sonneneule,Helicoverpa armigera,Cotton Bollworm Moth,Insecta,83806
213704869,f09028a7-82a7-4a9e-aa71-1721d86f0f81,2024/04/28 ,2024-04-28,,Rome,5246039,einheit21,Jörg und Ines,2024-05-05 15:07:36 UTC,2024-05-05 16:12:20 UTC,research,,https://www.inaturalist.org/observations/213704869,https://static.inaturalist.org/photos/377689204/medium.jpeg,,"",,3,0,false,,"55041 Pedona LU, Italien",43.920744,10.294019,502,,,,502,,,false,,,Italy,Baumwoll-Sonneneule,Helicoverpa armigera,Cotton Bollworm Moth,Insecta,83806
213707355,1039cade-7c66-453a-a839-b382bfa04403,2024/04/28 ,2024-04-28,,Rome,5246039,einheit21,Jörg und Ines,2024-05-05 15:17:32 UTC,2024-05-05 15:54:59 UTC,research,,https://www.inaturalist.org/observations/213707355,https://static.inaturalist.org/photos/377693833/medium.jpeg,,"",,3,0,false,,"55041 Pedona LU, Italien",43.920744,10.294019,502,,,,502,,,false,,,Italy,Baumwoll-Sonneneule,Helicoverpa armigera,Cotton Bollworm Moth,Insecta,83806
213721768,7787ccd6-3fd7-4800-ac78-9e9a68d52ce9,2024/04/29 ,2024-04-29,,Rome,5246039,einheit21,Jörg und Ines,2024-05-05 16:09:38 UTC,2024-05-05 16:13:30 UTC,research,,https://www.inaturalist.org/observations/213721768,https://static.inaturalist.org/photos/377718670/medium.jpeg,,"",,2,0,false,,"55041 Pedona LU, Italien",43.920744,10.294019,502,,,,502,,,false,,,Italy,Baumwoll-Sonneneule,Helicoverpa armigera,Cotton Bollworm Moth,Insecta,83806
213726090,7962e9f6-8722-445b-abee-d265600f8f65,2024/04/29 ,2024-04-29,,Rome,5246039,einheit21,Jörg und Ines,2024-05-05 16:23:53 UTC,2024-05-05 17:00:25 UTC,research,,https://www.inaturalist.org/observations/213726090,https://static.inaturalist.org/photos/377725508/medium.jpeg,,"",,2,0,false,,"55041 Pedona LU, Italien",43.920744,10.294019,502,,,,502,,,false,,,Italy,Baumwoll-Sonneneule,Helicoverpa armigera,Cotton Bollworm Moth,Insecta,83806
213728148,52526bb0-2e26-412f-8c62-402eb0aad2a1,2024/04/29 ,2024-04-29,,Rome,5246039,einheit21,Jörg und Ines,2024-05-05 16:30:38 UTC,2024-05-05 17:00:10 UTC,research,,https://www.inaturalist.org/observations/213728148,https://static.inaturalist.org/photos/377728543/medium.jpeg,,"",,2,0,false,,"55041 Pedona LU, Italien",43.920744,10.294019,502,,,,502,,,false,,,Italy,Baumwoll-Sonneneule,Helicoverpa armigera,Cotton Bollworm Moth,Insecta,83806
213967484,c801400a-76c3-411f-b970-c0647fce23e6,2024/04/29 ,2024-04-29,,Rome,5246039,einheit21,Jörg und Ines,2024-05-06 12:56:06 UTC,2024-05-06 15:29:05 UTC,research,,https://www.inaturalist.org/observations/213967484,https://static.inaturalist.org/photos/378158403/medium.jpeg,,"",,2,0,false,,"55041 Pedona LU, Italien",43.920744,10.294019,502,,,,502,,,false,,,Italy,Baumwoll-Sonneneule,Helicoverpa armigera,Cotton Bollworm Moth,Insecta,83806
213968128,ef04452c-4e92-4b88-819a-e637cb0651d4,2024/04/29 ,2024-04-29,,Rome,5246039,einheit21,Jörg und Ines,2024-05-06 12:59:53 UTC,2024-05-06 15:42:41 UTC,research,,https://www.inaturalist.org/observations/213968128,https://static.inaturalist.org/photos/378159384/medium.jpeg,,"",,2,0,false,,"55041 Pedona LU, Italien",43.920744,10.294019,502,,,,502,,,false,,,Italy,Baumwoll-Sonneneule,Helicoverpa armigera,Cotton Bollworm Moth,Insecta,83806
219178299,bb02adc2-57d4-4f8e-9016-d875ebfd6fbe,2024-05-28 22:55:28,2024-05-28,2024-05-28 20:55:28 UTC,Rome,370501,bferrero,"",2024-05-29 19:49:04 UTC,2024-05-30 17:14:59 UTC,research,CC-BY-NC,https://www.inaturalist.org/observations/219178299,https://inaturalist-open-data.s3.amazonaws.com/photos/387920590/medium.jpeg,,"",,2,0,false,2,"Torino, Piemonte, IT",45.1314334806,7.3904715228,186,,,,27222,obscured,,true,gps,gps,Italy,Helicoverpa armigera,Helicoverpa armigera,Cotton Bollworm Moth,Insecta,83806
219179752,3fb40989-78ed-439a-a21e-dc7e288ca445,2024-05-28 23:37:14,2024-05-28,2024-05-28 21:37:14 UTC,Rome,370501,bferrero,"",2024-05-29 19:56:43 UTC,2024-05-30 17:14:57 UTC,research,CC-BY-NC,https://www.inaturalist.org/observations/219179752,https://inaturalist-open-data.s3.amazonaws.com/photos/387923711/medium.jpeg,,"",,2,0,false,2,"Torino, Piemonte, IT",45.1638153888,7.2838456971,186,,,,27222,obscured,,true,gps,gps,Italy,Helicoverpa armigera,Helicoverpa armigera,Cotton Bollworm Moth,Insecta,83806
219564495,bf1232ac-45d8-4259-a335-39af98ef648d,2024-05-28 17:54:49,2024-05-28,2024-05-28 15:54:49 UTC,Rome,4288312,fab_fig,fab_fig,2024-05-31 17:07:15 UTC,2024-06-09 22:33:38 UTC,needs_id,"",https://www.inaturalist.org/observations/219564495,https://static.inaturalist.org/photos/388642570/medium.jpeg,,"",,0,0,false,2,"Piano - Via Bagnulo , 227, 80063 Piano di Sorrento NA, Italia",40.639307753,14.4083986804,187,,,,187,,,false,gps,gps,Italy,Elicoverpa,Helicoverpa armigera,Cotton Bollworm Moth,Insecta,83806
221903228,fee8328c-3906-47aa-af37-6f80524037c7,2024-06-10 23:00:17,2024-06-10,2024-06-10 21:00:17 UTC,Rome,392309,bac_77,Marco Crivellari,2024-06-10 21:19:58 UTC,2024-11-22 11:02:38 UTC,research,CC-BY-NC,https://www.inaturalist.org/observations/221903228,https://inaturalist-open-data.s3.amazonaws.com/photos/393014490/medium.jpeg,,"",,1,0,false,2,"44026 Mesola FE, Italia",44.8833555556,12.2321527778,,,,,,,,false,gps,gps,Italy,Cotton Bollworm Moth,Helicoverpa armigera,Cotton Bollworm Moth,Insecta,83806
224360140,dbe814b3-0b8d-4f89-ae76-302e8ce17827,2024-06-22 12:37:13,2024-06-22,2024-06-22 10:37:13 UTC,Rome,4404134,tiz_bat,Tiziano,2024-06-22 10:38:07 UTC,2024-07-14 19:54:31 UTC,needs_id,CC-BY-NC,https://www.inaturalist.org/observations/224360140,https://inaturalist-open-data.s3.amazonaws.com/photos/397639712/medium.jpeg,,"",,0,0,false,2,"20068 San Bovio MI, Italia",45.4605092194,9.3165355,,,,,,,,false,gps,gps,Italy,Elicoverpa,Helicoverpa armigera,Cotton Bollworm Moth,Insecta,83806
225268576,3046435e-1c7c-42af-a763-2101e6ff3c46,2024-06-25 20:55:19,2024-06-25,2024-06-25 18:55:19 UTC,Rome,5518820,luciogiuniobruto,Francisilmuloparlante,2024-06-26 09:10:01 UTC,2024-11-22 11:03:33 UTC,research,CC-BY-NC,https://www.inaturalist.org/observations/225268576,https://inaturalist-open-data.s3.amazonaws.com/photos/399375241/medium.jpeg,,"",,1,0,false,2,"Scuola Elementare Perticale, 57025 Piombino LI, Italy",42.9350736,10.5205429833,,,,,,,,false,gps,gps,Italy,Cotton Bollworm Moth,Helicoverpa armigera,Cotton Bollworm Moth,Insecta,83806
226543803,75f005d0-2e82-4d00-ad55-c3b7424d3233,2024-07-01 23:27:47,2024-07-01,2024-07-01 21:27:47 UTC,Rome,1743965,cattanea,Nella,2024-07-01 21:32:17 UTC,2025-03-16 02:57:00 UTC,research,CC-BY-NC,https://www.inaturalist.org/observations/226543803,https://inaturalist-open-data.s3.amazonaws.com/photos/401789495/medium.jpeg,,"",,1,0,false,2,"28016 Orta San Giulio, Province of Novara, Italy",45.7777722222,8.4288361111,,,,,,,,false,gps,gps,Italy,Cotton Bollworm Moth,Helicoverpa armigera,Cotton Bollworm Moth,Insecta,83806
227467205,dee1d7bb-275b-48f8-b52b-88a273281d04,2024/07/06 09:45,2024-07-06,2024-07-06 07:45:00 UTC,Rome,3166385,plissnrutscha2,,2024-07-06 07:46:25 UTC,2024-07-06 19:32:39 UTC,needs_id,CC-BY-NC,https://www.inaturalist.org/observations/227467205,https://inaturalist-open-data.s3.amazonaws.com/photos/403536800/medium.jpg,,"",,0,0,false,,"39031 St. Georgen, Autonome Provinz Bozen - Südtirol, Italien",46.818357355,11.9320907314,,,,,,,,false,,,Italy,Baumwoll-Sonneneule,Helicoverpa armigera,Cotton Bollworm Moth,Insecta,83806
227504098,f4bdc3a6-0965-4f45-b227-34cc2d37a5a5,2024-07-05 23:31:26,2024-07-05,2024-07-05 21:31:26 UTC,Rome,370501,bferrero,"",2024-07-06 12:56:49 UTC,2024-11-22 10:59:27 UTC,research,CC-BY-NC,https://www.inaturalist.org/observations/227504098,https://inaturalist-open-data.s3.amazonaws.com/photos/403605539/medium.jpeg,,"",,1,0,false,2,"Torino, Piemonte, IT",45.116128543,7.3632128918,186,,,,27222,obscured,,true,gps,gps,Italy,Helicoverpa armigera,Helicoverpa armigera,Cotton Bollworm Moth,Insecta,83806
227721475,5a7cd579-1cac-44c6-b189-b93b65f5e05f,2024-07-06 23:46:35,2024-07-06,2024-07-06 21:46:35 UTC,Rome,370501,bferrero,"",2024-07-07 09:10:07 UTC,2024-11-22 10:59:10 UTC,research,CC-BY-NC,https://www.inaturalist.org/observations/227721475,https://inaturalist-open-data.s3.amazonaws.com/photos/404017359/medium.jpeg,,"",,1,0,false,2,"Torino, Piemonte, IT",45.1419997889,7.2703684342,186,,,,27222,obscured,,true,gps,gps,Italy,Helicoverpa armigera,Helicoverpa armigera,Cotton Bollworm Moth,Insecta,83806
227872408,7ba19c1f-f44b-4c44-84d3-77279a3400de,2024/07/05 09:17,2024-07-05,2024-07-05 07:17:00 UTC,Rome,350029,andreagrossi,Andrea Grossi,2024-07-07 21:12:33 UTC,2024-07-21 23:13:19 UTC,needs_id,CC-BY-NC,https://www.inaturalist.org/observations/227872408,https://inaturalist-open-data.s3.amazonaws.com/photos/404296674/medium.jpg,,"","",0,0,false,,"Provincia di Ferrara, Italia",44.7998975678,11.4410282335,8,,,,8,,,false,,,Italy,Elicoverpa,Helicoverpa armigera,Cotton Bollworm Moth,Insecta,83806
228524797,c06314aa-de1d-4a0a-abea-4030e4957907,2024/07/08 14:53,2024-07-08,2024-07-08 12:53:00 UTC,Rome,6003179,lauraluongo47,,2024-07-10 21:47:57 UTC,2024-07-12 10:34:07 UTC,research,CC-BY-NC,https://www.inaturalist.org/observations/228524797,https://inaturalist-open-data.s3.amazonaws.com/photos/405532674/medium.jpeg,,"",,3,0,false,,"Città Metropolitana di Torino, Italia",45.3673531506,7.253046956,8,,,,8,,,false,,,Italy,Elicoverpa,Helicoverpa armigera,Cotton Bollworm Moth,Insecta,83806
228527316,595f349d-75ea-4b7c-adca-94aa50c4c1ac,2024-07-09 23:17:50,2024-07-09,2024-07-09 21:17:50 UTC,Rome,370501,bferrero,"",2024-07-10 22:07:22 UTC,2024-07-12 10:42:53 UTC,research,CC-BY-NC,https://www.inaturalist.org/observations/228527316,https://inaturalist-open-data.s3.amazonaws.com/photos/405538719/medium.jpeg,,"",,2,0,false,2,"Torino, Piemonte, IT",45.071872227,7.3917639068,186,,,,27222,obscured,,true,gps,gps,Italy,Helicoverpa armigera,Helicoverpa armigera,Cotton Bollworm Moth,Insecta,83806
228538487,ad51e742-fcd3-4783-8ef5-72cb5fb9b717,2024-07-11 00:09:26,2024-07-11,2024-07-10 22:09:26 UTC,Rome,4849680,david4283,David Bonaventuri,2024-07-10 23:22:36 UTC,2024-07-12 10:30:40 UTC,research,,https://www.inaturalist.org/observations/228538487,https://static.inaturalist.org/photos/405559263/medium.jpeg,,"",,2,0,false,2,"55022 Montefegatesi LU, Italia",44.0615277778,10.592475,,,,,,,,false,gps,gps,Italy,Cotton Bollworm Moth,Helicoverpa armigera,Cotton Bollworm Moth,Insecta,83806
231055444,3a33bd37-951d-41fe-8afb-b4bf0e726ee3,2024-07-22 21:30:28+02:00,2024-07-22,2024-07-22 19:30:28 UTC,Rome,6354222,meldora69,,2024-07-22 19:39:57 UTC,2024-08-01 19:57:33 UTC,research,CC-BY-NC,https://www.inaturalist.org/observations/231055444,https://inaturalist-open-data.s3.amazonaws.com/photos/410323088/medium.jpeg,,"","",2,0,false,3,"Sicilia, Santa Teresa di Riva, Sicilia, IT",37.9364283333,15.36002,35,,,,35,,,false,,,Italy,Elicoverpa,Helicoverpa armigera,Cotton Bollworm Moth,Insecta,83806
231215518,39f042e9-8ab6-4596-9146-32c463d7e5d9,2024-07-23 17:03:38,2024-07-23,2024-07-23 15:03:38 UTC,Rome,415404,fabribor,Fabrizio Borghesi,2024-07-23 15:14:22 UTC,2024-07-23 15:35:45 UTC,research,CC-BY-NC,https://www.inaturalist.org/observations/231215518,https://inaturalist-open-data.s3.amazonaws.com/photos/410628496/medium.jpeg,,"",,2,0,false,2,"48123 Savarna RA, Italia",44.5105231077,12.1026004851,7,,,,7,,,false,gps,gps,Italy,Cotton Bollworm Moth,Helicoverpa armigera,Cotton Bollworm Moth,Insecta,83806
231692156,f407b2c2-2a87-4797-98db-b2c971d0620c,2024-07-25 22:11:26,2024-07-25,2024-07-25 20:11:26 UTC,Rome,392309,bac_77,Marco Crivellari,2024-07-25 20:22:58 UTC,2024-07-26 10:53:27 UTC,research,CC-BY-NC,https://www.inaturalist.org/observations/231692156,https://inaturalist-open-data.s3.amazonaws.com/photos/411538168/medium.jpeg,,"",,2,0,false,2,"44026 Mesola FE, Italia",44.8831861111,12.2324083333,,,,,,,,false,gps,gps,Italy,Cotton Bollworm Moth,Helicoverpa armigera,Cotton Bollworm Moth,Insecta,83806
232356224,853501fb-d3cf-48fe-9a4f-0cdad61eea40,2024/07/26 21:54,2024-07-26,2024-07-26 19:54:00 UTC,Rome,1176208,marco_vicariotto,Marco Vicariotto,2024-07-28 21:05:40 UTC,2024-08-05 06:30:14 UTC,needs_id,CC-BY-NC-ND,https://www.inaturalist.org/observations/232356224,https://inaturalist-open-data.s3.amazonaws.com/photos/412789468/medium.jpg,,"",,0,0,false,,"Provincia di Vicenza, Italia",45.4688623692,11.54591394,122,,,,122,,,false,,,Italy,Helicoverpa armigera,Helicoverpa armigera,Cotton Bollworm Moth,Insecta,83806
232741858,158cc86c-3bf7-4a30-a9d0-70fb1e1dc117,2024-07-30 10:52:50,2024-07-30,2024-07-30 08:52:50 UTC,Rome,7630745,dorianokebab,,2024-07-30 18:27:19 UTC,2024-07-31 15:40:09 UTC,research,CC-BY-NC,https://www.inaturalist.org/observations/232741858,https://inaturalist-open-data.s3.amazonaws.com/photos/413527598/medium.jpeg,,"",,2,0,false,2,"Verona, Veneto, IT",45.4440374468,10.7006105036,4,,,,4,,,false,gps,gps,Italy,Elicoverpa,Helicoverpa armigera,Cotton Bollworm Moth,Insecta,83806
232982206,9014c51e-3048-4362-955d-7b4a43941e27,2024-07-30 22:36:48,2024-07-30,2024-07-30 20:36:48 UTC,Rome,2514105,diegoreggianti,"",2024-07-31 22:06:28 UTC,2024-08-01 11:24:20 UTC,research,CC-BY-NC,https://www.inaturalist.org/observations/232982206,https://inaturalist-open-data.s3.amazonaws.com/photos/413992653/medium.jpeg,,"",,2,0,false,2,"98048 Spadafora ME, Italia",38.2260243444,15.3910970315,17,,,,17,,,false,gps,gps,Italy,Helicoverpa armigera,Helicoverpa armigera,Cotton Bollworm Moth,Insecta,83806
233589196,76c7934a-39a5-4e1e-8aee-37f629236462,2024-08-04 00:23:21,2024-08-04,2024-08-03 22:23:21 UTC,Rome,1743965,cattanea,Nella,2024-08-03 22:33:02 UTC,2025-03-16 02:57:00 UTC,research,CC-BY-NC,https://www.inaturalist.org/observations/233589196,https://inaturalist-open-data.s3.amazonaws.com/photos/415143297/medium.jpeg,,"",,2,0,false,2,"28016 Orta San Giulio, Province of Novara, Italy",45.7778388889,8.4287833333,,,,,,,,false,gps,gps,Italy,Cotton Bollworm Moth,Helicoverpa armigera,Cotton Bollworm Moth,Insecta,83806
234203561,c99d9a2b-5769-4f05-9f20-7fb4d9f6709a,Tue Aug 06 2024 21:40:41 GMT +0200 (GMT+2),2024-08-06,2024-08-06 19:40:41 UTC,Rome,8339679,a_mica,,2024-08-06 19:40:43 UTC,2024-11-22 10:58:26 UTC,research,CC-BY-NC,https://www.inaturalist.org/observations/234203561,https://inaturalist-open-data.s3.amazonaws.com/photos/416314089/medium.jpeg,,"",,1,0,false,333,Varese,45.8127937317,8.8098783493,100,,,,100,,,false,,,Italy,Elicoverpa,Helicoverpa armigera,Cotton Bollworm Moth,Insecta,83806
234492269,0cfa991d-c823-473d-9a0b-1afc9b812db2,2024-08-08 12:43:12,2024-08-08,2024-08-08 10:43:12 UTC,Rome,3552858,daniloselvaggi,Danilo Selvaggi,2024-08-08 10:44:24 UTC,2024-08-08 10:52:08 UTC,needs_id,,https://www.inaturalist.org/observations/234492269,https://static.inaturalist.org/photos/416879447/medium.jpeg,,"",,0,0,false,2,"38076 Lasino TN, Italia",46.0228311997,10.9822980997,,,,,,,,false,,,Italy,Elicoverpa,Helicoverpa armigera,Cotton Bollworm Moth,Insecta,83806
234695729,a8b0f48b-c637-48ee-b071-2eeb6e6ec5e6,2024/08/09 14:15,2024-08-09,2024-08-09 12:15:00 UTC,Rome,7043716,luciano-gollini,Luciano Gollini,2024-08-09 14:34:36 UTC,2024-08-09 15:41:18 UTC,research,CC-BY-NC,https://www.inaturalist.org/observations/234695729,https://inaturalist-open-data.s3.amazonaws.com/photos/417274409/medium.jpeg,,"","",2,0,false,,"Città metropolitana di Milano, Italia",45.4998163889,8.8167680556,,,,,,,,false,,,Italy,Elicoverpa,Helicoverpa armigera,Cotton Bollworm Moth,Insecta,83806
235117132,98a43ed8-a9e8-4559-a804-da88e25fcff6,2024/08/10 21:18,2024-08-10,2024-08-10 19:18:00 UTC,Rome,1622306,bonushenricus,bonushenricus,2024-08-11 15:03:06 UTC,2024-11-22 10:30:33 UTC,research,CC-BY-NC,https://www.inaturalist.org/observations/235117132,https://inaturalist-open-data.s3.amazonaws.com/photos/418090246/medium.jpeg,,"",,1,0,false,,"Provincia di Forlì-Cesena, Italia",44.2917784063,12.0871738784,15,,,,15,,,false,,,Italy,Elicoverpa,Helicoverpa armigera,Cotton Bollworm Moth,Insecta,83806
235143768,87de8485-962e-4cc1-bab4-834fd6d72f46,2024-08-11 16:23:42,2024-08-11,2024-08-11 14:23:42 UTC,Rome,2638829,alessio_usai,Alessio Usai,2024-08-11 16:57:37 UTC,2024-08-11 18:33:56 UTC,research,,https://www.inaturalist.org/observations/235143768,https://static.inaturalist.org/photos/418139374/medium.jpeg,,"",,1,0,false,2,"Lago di Castel San Vincenzo, Castel San Vincenzo IS, Italia",41.6473868952,14.0555051342,4,,,,4,,,false,gps,gps,Italy,Cotton Bollworm Moth,Helicoverpa armigera,Cotton Bollworm Moth,Insecta,83806
235984639,d9b8a9a1-109e-4caa-b9eb-51f5e0caee8a,2024-08-15 23:47:06,2024-08-15,2024-08-15 21:47:06 UTC,Rome,1743965,cattanea,Nella,2024-08-15 21:51:13 UTC,2025-03-16 02:57:00 UTC,research,CC-BY-NC,https://www.inaturalist.org/observations/235984639,https://inaturalist-open-data.s3.amazonaws.com/photos/419764852/medium.jpeg,,"",,1,0,false,2,"28016 Orta San Giulio, Province of Novara, Italy",45.7778388889,8.4287805556,,,,,,,,false,gps,gps,Italy,Cotton Bollworm Moth,Helicoverpa armigera,Cotton Bollworm Moth,Insecta,83806
235985039,384321c5-fd72-46f4-a9dc-cb4d735fdee0,2024-08-15 23:42:22,2024-08-15,2024-08-15 21:42:22 UTC,Rome,1743965,cattanea,Nella,2024-08-15 21:53:20 UTC,2025-03-16 02:57:00 UTC,research,CC-BY-NC,https://www.inaturalist.org/observations/235985039,https://inaturalist-open-data.s3.amazonaws.com/photos/419765560/medium.jpeg,,"",,1,0,false,2,"28016 Orta San Giulio, Province of Novara, Italy",45.7778388889,8.4287833333,,,,,,,,false,gps,gps,Italy,Cotton Bollworm Moth,Helicoverpa armigera,Cotton Bollworm Moth,Insecta,83806
236080356,b3a1afe2-c1db-4f69-b781-0e96d5789540,2024-08-16 15:28:11+02:00,2024-08-16,2024-08-16 13:28:11 UTC,Rome,5712350,andreaarighi,,2024-08-16 13:30:30 UTC,2025-06-02 08:23:03 UTC,needs_id,CC-BY-NC,https://www.inaturalist.org/observations/236080356,https://inaturalist-open-data.s3.amazonaws.com/photos/514011515/medium.jpg,,"","",0,0,false,3,"Via Dosde, Valdidentro, Lombardia, IT",46.4649151643,10.2536639385,2453,,,,2453,,,false,,,Italy,"",Helicoverpa armigera,Cotton Bollworm Moth,Insecta,83806
236142476,2e52ca5a-9f29-473a-b436-e1eb06711626,2024-08-16 21:26:42,2024-08-16,2024-08-16 19:26:42 UTC,Rome,392309,bac_77,Marco Crivellari,2024-08-16 19:28:09 UTC,2024-11-22 11:05:43 UTC,research,CC-BY-NC,https://www.inaturalist.org/observations/236142476,https://inaturalist-open-data.s3.amazonaws.com/photos/420071520/medium.jpeg,,"",,1,0,false,2,"35020 Brugine PD, Italia",45.2886611111,12.0140916667,,,,,,,,false,gps,gps,Italy,Cotton Bollworm Moth,Helicoverpa armigera,Cotton Bollworm Moth,Insecta,83806
236238175,94764aa6-4f96-4d9a-a3b6-1bc785d7fa6b,2024/08/15 21:32,2024-08-15,2024-08-15 19:32:00 UTC,Rome,4734067,robertobozzo,Roberto Bozzo,2024-08-17 09:07:59 UTC,2024-08-17 16:05:26 UTC,research,CC-BY-NC,https://www.inaturalist.org/observations/236238175,https://inaturalist-open-data.s3.amazonaws.com/photos/420260778/medium.jpeg,,"","",1,0,false,,"37067 Santa Lucia VR, Italia",45.3839627988,10.7669654345,2,,,,2,,,false,,,Italy,Elicoverpa,Helicoverpa armigera,Cotton Bollworm Moth,Insecta,83806
236267667,86d6d904-a0b3-4638-bc4c-a6260754d071,2024/08/15 21:57,2024-08-15,2024-08-15 19:57:00 UTC,Rome,4734067,robertobozzo,Roberto Bozzo,2024-08-17 13:03:40 UTC,2024-08-25 14:58:20 UTC,research,CC-BY-NC,https://www.inaturalist.org/observations/236267667,https://inaturalist-open-data.s3.amazonaws.com/photos/420314404/medium.jpeg,,"","",2,1,false,,"37067 Santa Lucia VR, Italia",45.3839101572,10.766977408,2,,,,2,,,false,,,Italy,Elicoverpa,Helicoverpa armigera,Cotton Bollworm Moth,Insecta,83806
236863310,accf9ebc-43f4-499b-ae3c-d2ca29448a6f,2024-08-20 08:02:22+02:00,2024-08-20,2024-08-20 06:02:22 UTC,Rome,1956724,andreaang,Andrea Angiari,2024-08-20 06:34:17 UTC,2024-08-20 14:54:47 UTC,research,CC-BY-NC,https://www.inaturalist.org/observations/236863310,https://inaturalist-open-data.s3.amazonaws.com/photos/421462513/medium.jpeg,,"","",1,0,false,3,"Via Don Giuseppe Bonizzato, Mozzecane, Veneto, IT",45.3044166667,10.819645,3,,,,3,,,false,,,Italy,Cotton Bollworm Moth,Helicoverpa armigera,Cotton Bollworm Moth,Insecta,83806
237256327,5b958387-0e59-4ba2-8d8c-73b51d69ee7b,2024/08/18,2024-08-18,,Rome,6554156,alerosa,,2024-08-22 10:52:58 UTC,2024-11-22 11:05:41 UTC,research,CC-BY-NC,https://www.inaturalist.org/observations/237256327,https://inaturalist-open-data.s3.amazonaws.com/photos/422210812/medium.jpg,,"",,1,0,false,,"Provincia di Pordenone, Italia",46.2064974429,12.617192584,8,,,,8,,,false,,,Italy,Elicoverpa,Helicoverpa armigera,Cotton Bollworm Moth,Insecta,83806
237281022,3dda0be0-d80a-4abb-8d69-8f8c7d3315ea,2024/08/22 08:21,2024-08-22,2024-08-22 06:21:00 UTC,Rome,2326970,minivet,Franco Colnago,2024-08-22 14:06:39 UTC,2024-11-22 10:58:09 UTC,research,CC-BY-NC,https://www.inaturalist.org/observations/237281022,https://inaturalist-open-data.s3.amazonaws.com/photos/422261806/medium.jpg,,"",,1,0,false,,"Provincia di Monza e della Brianza, Italia",45.6038823806,9.4379551011,61,,,,61,,,false,,,Italy,Helicoverpa armigera,Helicoverpa armigera,Cotton Bollworm Moth,Insecta,83806
237597048,859d8045-adf4-433f-9ffa-1d977743c4c8,2024-08-23 23:07:10,2024-08-23,2024-08-23 21:07:10 UTC,Rome,370501,bferrero,"",2024-08-24 08:09:47 UTC,2024-08-24 18:12:28 UTC,research,CC-BY-NC,https://www.inaturalist.org/observations/237597048,https://inaturalist-open-data.s3.amazonaws.com/photos/422878607/medium.jpeg,,"",,3,0,false,2,"Torino, Piemonte, IT",45.1339913185,7.3704942464,186,,,,27222,obscured,,true,gps,gps,Italy,Helicoverpa armigera,Helicoverpa armigera,Cotton Bollworm Moth,Insecta,83806
237715866,80e3bfad-1a73-4145-ab2a-d07413b72ac2,2024-08-24 22:17:36,2024-08-24,2024-08-24 20:17:36 UTC,Rome,1743965,cattanea,Nella,2024-08-24 20:22:09 UTC,2025-03-16 02:57:00 UTC,research,CC-BY-NC,https://www.inaturalist.org/observations/237715866,https://inaturalist-open-data.s3.amazonaws.com/photos/423097622/medium.jpeg,,"",,2,0,false,2,"28016 Orta San Giulio, Province of Novara, Italy",45.77785,8.4288,,,,,,,,false,gps,gps,Italy,Cotton Bollworm Moth,Helicoverpa armigera,Cotton Bollworm Moth,Insecta,83806
238036874,a4df52d1-51d6-4d37-9c48-d8d0affb4202,2024-08-26 11:33:56,2024-08-26,2024-08-26 09:33:56 UTC,Rome,122684,agaggino,"",2024-08-26 09:39:09 UTC,2024-08-27 10:59:03 UTC,needs_id,CC-BY-NC,https://www.inaturalist.org/observations/238036874,https://inaturalist-open-data.s3.amazonaws.com/photos/423723166/medium.jpeg,,"",,0,0,false,2,"Cuneo, Piemonte, IT",44.7102317778,7.4322700278,,,,,,,,false,gps,gps,Italy,lepidottero,Helicoverpa armigera,Cotton Bollworm Moth,Insecta,83806
238083721,8374bc49-69e6-4710-97a3-f6cb04180e14,2024-08-26 10:39:29,2024-08-26,2024-08-26 08:39:29 UTC,Rome,8335705,adirene,Irene Adinolfi,2024-08-26 15:36:44 UTC,2024-11-04 08:43:04 UTC,research,,https://www.inaturalist.org/observations/238083721,https://static.inaturalist.org/photos/423811917/medium.jpeg,,"",,1,0,false,2,"10093 Collegno TO, Italia",45.0908645731,7.5900523737,21,,,,21,,,false,gps,gps,Italy,Elicoverpa,Helicoverpa armigera,Cotton Bollworm Moth,Insecta,83806
238209297,8862b5c1-8bf1-4606-a806-6719ee82f163,2024-08-27,2024-08-27,,Rome,8275412,vermocane,"",2024-08-27 07:56:33 UTC,2024-11-22 10:57:58 UTC,research,CC-BY-NC,https://www.inaturalist.org/observations/238209297,https://inaturalist-open-data.s3.amazonaws.com/photos/424161696/medium.jpeg,,"",,2,0,false,2,"57036 Porto Azzurro LI, Italia",42.7720777089,10.4075922444,172,,,,172,,,false,gps,gps,Italy,Elicoverpa,Helicoverpa armigera,Cotton Bollworm Moth,Insecta,83806
238215247,771b926c-1d9e-4059-94e6-d499ee672385,2024-08-27 09:58:40,2024-08-27,2024-08-27 07:58:40 UTC,Rome,5585470,pistorioalessandro,Alessandro Pistorio,2024-08-27 09:29:07 UTC,2024-08-27 09:29:18 UTC,needs_id,,https://www.inaturalist.org/observations/238215247,https://static.inaturalist.org/photos/424071057/medium.jpeg,,"",,0,0,false,2,"37051 Bovolone VR, Italia",45.2282839,11.1347910997,,,,,,,,false,gps,gps,Italy,Elicoverpa,Helicoverpa armigera,Cotton Bollworm Moth,Insecta,83806
238246999,3d185d3a-b50c-484b-92b6-1b250fb88743,2024-08-26 02:05:30,2024-08-26,2024-08-26 00:05:30 UTC,Rome,5554327,federico_biguzzi,Federico Biguzzi,2024-08-27 14:30:45 UTC,2024-08-27 15:14:44 UTC,research,CC-BY-NC,https://www.inaturalist.org/observations/238246999,https://inaturalist-open-data.s3.amazonaws.com/photos/424136077/medium.jpeg,,"",,1,0,false,2,Borgata Sala,45.122482217,7.3609484732,184,,,,184,,,false,gps,gps,Italy,Elicoverpa,Helicoverpa armigera,Cotton Bollworm Moth,Insecta,83806
238308856,59bd2dc1-8611-4086-8e28-73bce42c9786,2024-08-27 21:44:56+02:00,2024-08-27,2024-08-27 19:44:56 UTC,Rome,8383844,madsprixe,,2024-08-27 20:47:10 UTC,2025-09-13 20:47:37 UTC,research,CC-BY-NC,https://www.inaturalist.org/observations/238308856,https://inaturalist-open-data.s3.amazonaws.com/photos/424248634/medium.jpeg,,"","",2,0,false,3,"Barga, Tuscany, IT",44.09015,10.5093333333,24,,,,24,,,false,,,Italy,Cotton Bollworm Moth,Helicoverpa armigera,Cotton Bollworm Moth,Insecta,83806
238311724,390ae9a6-ba13-44fc-b69a-c56fe2a73eca,2024-08-27 23:03:39,2024-08-27,2024-08-27 21:03:39 UTC,Rome,415404,fabribor,Fabrizio Borghesi,2024-08-27 21:06:04 UTC,2024-08-28 09:59:10 UTC,research,CC-BY-NC,https://www.inaturalist.org/observations/238311724,https://inaturalist-open-data.s3.amazonaws.com/photos/424254696/medium.jpeg,,"",,1,0,false,2,"48123 Savarna RA, Italia",44.51049013,12.10172456,7,,,,7,,,false,,,Italy,Cotton Bollworm Moth,Helicoverpa armigera,Cotton Bollworm Moth,Insecta,83806
238668006,2e73140f-106f-4f15-9419-34fb7420354f,2024-08-29 22:40:16,2024-08-29,2024-08-29 20:40:16 UTC,Rome,982367,alessandropiazza,Alessandro Piazza,2024-08-29 21:29:01 UTC,2024-11-22 10:29:13 UTC,research,,https://www.inaturalist.org/observations/238668006,https://static.inaturalist.org/photos/424941166/medium.jpeg,,"",,1,0,false,2,"16014 Ceranesi GE, Italia",44.5231429657,8.828234151,1448,,,,1448,,,false,gps,gps,Italy,Cotton Bollworm Moth,Helicoverpa armigera,Cotton Bollworm Moth,Insecta,83806
238747273,fc19c858-8834-40eb-b287-750c854a2441,2024-08-30 09:27:47,2024-08-30,2024-08-30 07:27:47 UTC,Rome,7179999,giadasgara,Giada Sgaravatto,2024-08-30 10:44:23 UTC,2024-09-03 09:53:01 UTC,needs_id,CC-BY-NC,https://www.inaturalist.org/observations/238747273,https://inaturalist-open-data.s3.amazonaws.com/photos/425099703/medium.jpeg,,"",In serra,0,0,false,2,"35020 Brugine PD, Italia",45.2886546925,12.0140020922,19,,,,19,,,false,gps,gps,Italy,Elicoverpa,Helicoverpa armigera,Cotton Bollworm Moth,Insecta,83806
238811589,d30e3ded-4448-4b61-add6-4a18056c976e,2024-08-29 17:07:48,2024-08-29,2024-08-29 15:07:48 UTC,Rome,744814,mirko_tomasi,Mirko Tomasi,2024-08-30 17:44:57 UTC,2025-04-07 12:37:07 UTC,research,CC-BY-NC,https://www.inaturalist.org/observations/238811589,https://inaturalist-open-data.s3.amazonaws.com/photos/425221825/medium.jpeg,,"",,1,0,false,2,"Veddasca, 21010 Maccagno con Pino e Veddasca VA, Italia",46.0914916944,8.80056475,,,,,,,,false,gps,gps,Italy,Elicoverpa,Helicoverpa armigera,Cotton Bollworm Moth,Insecta,83806
238852239,a2e5672e-a2f9-49a3-a9af-f191de6788f3,2024-08-29 21:36:18,2024-08-29,2024-08-29 19:36:18 UTC,Rome,370501,bferrero,"",2024-08-30 21:49:07 UTC,2024-11-22 10:57:50 UTC,research,CC-BY-NC,https://www.inaturalist.org/observations/238852239,https://inaturalist-open-data.s3.amazonaws.com/photos/425298617/medium.jpeg,,"",,1,0,false,2,"Torino, Piemonte, IT",45.1002366596,7.2875282765,186,,,,27222,obscured,,true,gps,gps,Italy,Helicoverpa armigera,Helicoverpa armigera,Cotton Bollworm Moth,Insecta,83806
239118600,f24ab7b3-a94b-49e2-98aa-fc9ce658201c,2024-09-01 03:06:44,2024-09-01,2024-09-01 01:06:44 UTC,Rome,3148889,olgazakharova1,Olga Zakharova,2024-09-01 05:46:47 UTC,2025-04-07 13:44:26 UTC,research,CC-BY,https://www.inaturalist.org/observations/239118600,https://inaturalist-open-data.s3.amazonaws.com/photos/425816400/medium.jpeg,,"",,1,0,false,2,"Edera/, 16144 Genova GE, Italia",44.4190972222,8.971175,,,,,,,,false,gps,gps,Italy,Совка хлопковая,Helicoverpa armigera,Cotton Bollworm Moth,Insecta,83806
239136171,867552b3-bc36-4e2a-b071-f563f54a3f33,2024-09-01 10:06:53,2024-09-01,2024-09-01 08:06:53 UTC,Rome,1522604,lvdr,"",2024-09-01 09:06:30 UTC,2024-09-01 09:06:44 UTC,needs_id,CC-BY-NC,https://www.inaturalist.org/observations/239136171,https://inaturalist-open-data.s3.amazonaws.com/photos/425851766/medium.jpeg,,"",,0,0,false,2,"Peseggia VE, Italia",45.5599836795,12.1927284077,4,,,,4,,,false,gps,gps,Italy,Helicoverpa armigera,Helicoverpa armigera,Cotton Bollworm Moth,Insecta,83806
239247657,602bd42a-541a-47f5-90c0-515389b96f29,2024-09-01 21:27:29+02:00,2024-09-01,2024-09-01 19:27:29 UTC,Rome,925256,rcaccia,"",2024-09-01 19:31:17 UTC,2025-04-07 14:22:14 UTC,research,CC-BY-NC,https://www.inaturalist.org/observations/239247657,https://inaturalist-open-data.s3.amazonaws.com/photos/426067138/medium.jpeg,,"","",1,0,false,3,"Via Prato Fiorito, Bracciano, Lazio, IT",42.1616528333,12.21632,4,,,,4,,,false,,,Italy,Elicoverpa,Helicoverpa armigera,Cotton Bollworm Moth,Insecta,83806
239422922,67405ad1-3ea9-46f1-a026-28aac6418fb5,2024-09-02 16:09:14,2024-09-02,2024-09-02 14:09:14 UTC,Rome,4047114,jacopodurandi,,2024-09-02 16:41:37 UTC,2024-09-02 20:17:27 UTC,research,CC-BY-NC,https://www.inaturalist.org/observations/239422922,https://inaturalist-open-data.s3.amazonaws.com/photos/426415868/medium.jpeg,,"",,1,0,false,2,"14100 Asti AT, Italia",44.8678832694,8.1040720833,,,,,,,,false,,,Italy,Elicoverpa,Helicoverpa armigera,Cotton Bollworm Moth,Insecta,83806
239466917,e8f08b6f-d9c0-4b72-a880-1b4792998246,2024-09-02 21:56:12,2024-09-02,2024-09-02 19:56:12 UTC,Rome,7780152,pietro_melandri_birding,Pietro Melandri,2024-09-02 19:57:35 UTC,2025-04-07 15:19:39 UTC,research,CC0,https://www.inaturalist.org/observations/239466917,https://static.inaturalist.org/photos/427728971/medium.jpeg,,"","",1,0,false,2,"44121 Ferrara FE, Italia",44.8299351321,11.6254663467,18,,,,18,,,false,gps,gps,Italy,Elicoverpa,Helicoverpa armigera,Cotton Bollworm Moth,Insecta,83806
239676289,095712d8-f14f-45b0-8d8a-aa4834313cf4,2024-09-03 21:07:49,2024-09-03,2024-09-03 19:07:49 UTC,Rome,1919147,nikytomasello,Niky Tomasello,2024-09-03 20:22:49 UTC,2024-11-22 10:56:44 UTC,research,,https://www.inaturalist.org/observations/239676289,https://static.inaturalist.org/photos/426902925/medium.jpeg,,"",,1,0,false,2,"57038 Rio LI, Italia",42.8483705092,10.4094262049,8,,,,8,,,false,gps,gps,Italy,Elicoverpa,Helicoverpa armigera,Cotton Bollworm Moth,Insecta,83806
239845808,7af5c0d2-b7b1-44cc-b317-8c26903d4294,2024-09-03 12:38:59,2024-09-03,2024-09-03 10:38:59 UTC,Rome,1605672,daveoshaw,"",2024-09-04 19:31:36 UTC,2025-04-07 17:26:02 UTC,research,CC-BY-NC,https://www.inaturalist.org/observations/239845808,https://inaturalist-open-data.s3.amazonaws.com/photos/427226456/medium.jpeg,,"",,1,0,false,2,"12014 Demonte CN, Italia",44.3195952502,7.2791474685,152,,,,152,,,false,gps,gps,Italy,Cotton Bollworm Moth,Helicoverpa armigera,Cotton Bollworm Moth,Insecta,83806
239885405,82850bcd-c7f6-46c1-bc96-965e3ba119b4,2024-09-05 01:51:44,2024-09-05,2024-09-04 23:51:44 UTC,Rome,5554327,federico_biguzzi,Federico Biguzzi,2024-09-05 00:10:59 UTC,2025-04-07 17:49:30 UTC,research,CC-BY-NC,https://www.inaturalist.org/observations/239885405,https://inaturalist-open-data.s3.amazonaws.com/photos/427304053/medium.jpeg,,"",,1,0,false,2,"47042 Cesenatico FC, Italia",44.1770504763,12.3359526694,20,,,,20,,,false,gps,gps,Italy,Elicoverpa,Helicoverpa armigera,Cotton Bollworm Moth,Insecta,83806
240093809,ca597109-13e7-4a7d-879f-e020feeb184e,2024-09-05 23:55:05+02:00,2024-09-05,2024-09-05 21:55:05 UTC,Rome,1956724,andreaang,Andrea Angiari,2024-09-06 06:39:32 UTC,2025-04-07 19:10:58 UTC,research,CC-BY-NC,https://www.inaturalist.org/observations/240093809,https://inaturalist-open-data.s3.amazonaws.com/photos/427705628/medium.jpeg,,"","",1,0,false,3,"Via Don Giuseppe Bonizzato, Mozzecane, Veneto, IT",45.3044366667,10.8196166667,4,,,,4,,,false,,,Italy,Cotton Bollworm Moth,Helicoverpa armigera,Cotton Bollworm Moth,Insecta,83806
240163078,7332748d-dc79-4818-bc20-c99def3c3ece,2024/09/06 15:21,2024-09-06,2024-09-06 13:21:00 UTC,Rome,7043716,luciano-gollini,Luciano Gollini,2024-09-06 16:31:22 UTC,2024-11-22 10:55:12 UTC,research,CC-BY-NC,https://www.inaturalist.org/observations/240163078,https://inaturalist-open-data.s3.amazonaws.com/photos/427832654/medium.jpeg,,"","",1,0,false,,"Città metropolitana di Milano, Italia",45.5008463889,8.818695,,,,,,,,false,,,Italy,Elicoverpa,Helicoverpa armigera,Cotton Bollworm Moth,Insecta,83806
240377743,97b7cc9c-5707-4d0e-b850-ee4fa7a43fd2,2024/09/07 4:05 PM,2024-09-07,2024-09-07 14:05:00 UTC,Rome,486572,pasqualebuonpane,Pasquale Buonpane,2024-09-07 18:47:17 UTC,2025-04-07 21:08:52 UTC,research,CC-BY-NC,https://www.inaturalist.org/observations/240377743,https://inaturalist-open-data.s3.amazonaws.com/photos/428247230/medium.jpeg,,"","",1,0,false,,"Province of Caserta, Italy",41.2785576134,14.3635490922,23,,,,23,,,false,,,Italy,Cotton Bollworm Moth,Helicoverpa armigera,Cotton Bollworm Moth,Insecta,83806
240493669,e25d0c5e-c43f-4c78-ad41-c00ef53833b2,2024-09-08 09:33:10,2024-09-08,2024-09-08 07:33:10 UTC,Rome,6401640,jeroen1981,Jeroen Van akkeren,2024-09-08 07:33:57 UTC,2025-04-07 21:46:53 UTC,research,,https://www.inaturalist.org/observations/240493669,https://static.inaturalist.org/photos/428473720/medium.jpeg,,"",,1,0,false,2,"46040 Ceresara MN, Italia",45.2640748137,10.5662402853,48,,,,48,,,false,,,Italy,Cotton Bollworm Moth,Helicoverpa armigera,Cotton Bollworm Moth,Insecta,83806
240507188,1da79b7a-b406-4fe9-903b-8edb9bb10212,2024-09-07 22:48:31,2024-09-07,2024-09-07 20:48:31 UTC,Rome,370501,bferrero,"",2024-09-08 09:51:58 UTC,2024-11-22 11:09:16 UTC,research,CC-BY-NC,https://www.inaturalist.org/observations/240507188,https://inaturalist-open-data.s3.amazonaws.com/photos/428501028/medium.jpeg,,"",,1,0,false,2,"Torino, Piemonte, IT",45.0754444548,7.3301107664,186,,,,27222,obscured,,true,gps,gps,Italy,Helicoverpa armigera,Helicoverpa armigera,Cotton Bollworm Moth,Insecta,83806
240897731,cec20055-3514-4583-99e4-bd52cce2eeda,2024-09-09 18:42:01,2024-09-09,2024-09-09 16:42:01 UTC,Rome,4276142,vieluigi,"",2024-09-10 08:09:58 UTC,2025-04-07 23:28:20 UTC,research,CC-BY-NC,https://www.inaturalist.org/observations/240897731,https://inaturalist-open-data.s3.amazonaws.com/photos/429259070/medium.jpeg,,"",,1,0,false,2,"Arcipelago di La Maddalena, IT-OT, Sardegna, IT",41.2151127939,9.4033440202,377,,,,377,,,false,gps,gps,Italy,Baumwoll-Sonneneule,Helicoverpa armigera,Cotton Bollworm Moth,Insecta,83806
240914260,cbed676a-d9d8-4790-b62f-c757bdd977f0,2024-09-10 12:25:45,2024-09-10,2024-09-10 10:25:45 UTC,Rome,6608051,marcogasponi,Marco Gasponi,2024-09-10 11:45:51 UTC,2024-11-22 10:53:36 UTC,research,CC-BY-NC,https://www.inaturalist.org/observations/240914260,https://inaturalist-open-data.s3.amazonaws.com/photos/429290630/medium.jpeg,,"",,1,0,false,2,"00060 Canale Monterano RM, Italia",42.1338494871,12.0770967007,4,,,,4,,,false,gps,gps,Italy,Elicoverpa,Helicoverpa armigera,Cotton Bollworm Moth,Insecta,83806
240915740,8c080f95-a5d7-4f5e-bdc2-02f5b3ce6015,2024-09-10 12:07:01,2024-09-10,2024-09-10 10:07:01 UTC,Rome,5537735,bitsandbugs,"",2024-09-10 12:04:12 UTC,2024-11-22 10:24:39 UTC,research,CC0,https://www.inaturalist.org/observations/240915740,https://inaturalist-open-data.s3.amazonaws.com/photos/429293861/medium.jpeg,,"",,1,0,false,2,"07040 Stintino, Province of Sassari, Italy",40.8869495,8.2550795,,,,,,,,false,gps,gps,Italy,Scarce Bordered Straw Moth,Helicoverpa armigera,Cotton Bollworm Moth,Insecta,83806
240917619,5c627fdf-12b7-46c2-bf1d-499cb17759c7,2024-09-10 12:26:37+02:00,2024-09-10,2024-09-10 10:26:37 UTC,Rome,925256,rcaccia,"",2024-09-10 12:19:05 UTC,2024-11-22 11:10:24 UTC,research,CC-BY-NC,https://www.inaturalist.org/observations/240917619,https://inaturalist-open-data.s3.amazonaws.com/photos/429297117/medium.jpeg,,"","",1,0,false,3,"Riserva Naturale Monterano, Canale Monterano, Lazio, IT",42.133775,12.0771055,4,,,,4,,,false,,,Italy,Elicoverpa,Helicoverpa armigera,Cotton Bollworm Moth,Insecta,83806
240987670,c5754d21-da03-4c73-b0ad-bb3d22471209,2024-08-27 19:59:25+02:00,2024-08-27,2024-08-27 17:59:25 UTC,Rome,7211660,tommaso_bianchi,Tommaso Bianchi,2024-09-10 19:35:34 UTC,2024-09-10 19:35:40 UTC,needs_id,,https://www.inaturalist.org/observations/240987670,https://static.inaturalist.org/photos/429426407/medium.jpeg,,"","",0,0,false,3,"Via Teresa Casati Confalonieri, Varese, Lombardia, IT",45.8229633333,8.8051116667,7,,,,7,,,false,,,Italy,"",Helicoverpa armigera,Cotton Bollworm Moth,Insecta,83806
241058499,f0f945d5-47ca-48b7-b3d0-b6295b634010,2024-09-10 21:48:52,2024-09-10,2024-09-10 19:48:52 UTC,Rome,2514105,diegoreggianti,"",2024-09-11 04:46:04 UTC,2024-11-22 10:53:18 UTC,research,CC-BY-NC,https://www.inaturalist.org/observations/241058499,https://inaturalist-open-data.s3.amazonaws.com/photos/429567492/medium.jpeg,,"",,2,0,false,2,"Crocco- Olivi, 00148 Roma RM, Italia",41.8255500489,12.3981212452,149,,,,149,,,false,gps,gps,Italy,Helicoverpa armigera,Helicoverpa armigera,Cotton Bollworm Moth,Insecta,83806
241071994,a78de056-5e45-4751-b568-b79e4ef32131,2024-09-11 09:56:53,2024-09-11,2024-09-11 07:56:53 UTC,Rome,8275412,vermocane,"",2024-09-11 08:20:22 UTC,2024-11-22 10:53:15 UTC,research,CC-BY-NC,https://www.inaturalist.org/observations/241071994,https://inaturalist-open-data.s3.amazonaws.com/photos/429595677/medium.jpeg,,"",,1,0,false,2,"40050 Mascarino Venezzano BO, Italia",44.6857643611,11.3378597778,,,,,,,,false,gps,gps,Italy,Elicoverpa,Helicoverpa armigera,Cotton Bollworm Moth,Insecta,83806
241079338,800427e2-399b-449e-af14-48f626e43e7a,2024-09-09 13:59:58,2024-09-09,2024-09-09 11:59:58 UTC,Rome,485724,mariaelisa,Chiaramonte family,2024-09-11 10:10:24 UTC,2024-11-22 10:53:07 UTC,research,CC-BY-NC,https://www.inaturalist.org/observations/241079338,https://inaturalist-open-data.s3.amazonaws.com/photos/429611827/medium.jpeg,,"",,1,0,false,2,"37069 Villafranca di Verona VR, Italia",45.3481830997,10.8385007,,,,,,,,false,gps,gps,Italy,Elicoverpa,Helicoverpa armigera,Cotton Bollworm Moth,Insecta,83806
241089687,6a2274f0-abc3-4815-a36b-37b1321546a9,2024/09/10 05:59,2024-09-10,2024-09-10 03:59:00 UTC,Rome,1996045,micdallo,"",2024-09-11 12:09:34 UTC,2025-04-08 00:09:36 UTC,research,CC-BY-NC,https://www.inaturalist.org/observations/241089687,https://inaturalist-open-data.s3.amazonaws.com/photos/429631754/medium.jpg,,"",,1,0,false,,"Verona VR, Italia",45.4281399722,10.9683919722,,,,,,,,false,,,Italy,Elicoverpa,Helicoverpa armigera,Cotton Bollworm Moth,Insecta,83806
241143085,924fdb4d-de20-4370-bea7-180789278288,2024-09-11 19:59:45,2024-09-11,2024-09-11 17:59:45 UTC,Rome,121746,mauriziobusato,Maurizio Busato,2024-09-11 18:00:31 UTC,2025-04-08 00:21:52 UTC,research,CC-BY-NC-SA,https://www.inaturalist.org/observations/241143085,https://inaturalist-open-data.s3.amazonaws.com/photos/429729895/medium.jpeg,,"",,1,0,false,2,"8Q2J+Q3 Sentiero Monte Ceva, 35041 Battaglia Terme PD, Italia",45.3006327599,11.7775301635,453,,,,453,,,false,gps,gps,Italy,Elicoverpa,Helicoverpa armigera,Cotton Bollworm Moth,Insecta,83806
241149860,769ed670-0362-44b7-bc00-a52bd5010028,2024/09/11 10:15,2024-09-11,2024-09-11 08:15:00 UTC,Rome,419068,theworldofpaolo,Paolo Zucca,2024-09-11 18:36:40 UTC,2024-11-22 11:10:37 UTC,research,CC-BY,https://www.inaturalist.org/observations/241149860,https://inaturalist-open-data.s3.amazonaws.com/photos/429735268/medium.png,,"",,1,0,false,,"31036 Istrana TV, Italia",45.6785491,12.0997274,1751,,,,1751,,,false,,,Italy,Elicoverpa,Helicoverpa armigera,Cotton Bollworm Moth,Insecta,83806
241163203,0a9df0ee-1d3a-4fc8-b06e-6ab81704d455,2024/09/11 17:00,2024-09-11,2024-09-11 15:00:00 UTC,Rome,744814,mirko_tomasi,Mirko Tomasi,2024-09-11 19:52:09 UTC,2024-09-11 19:52:09 UTC,needs_id,CC-BY-NC,https://www.inaturalist.org/observations/241163203,https://inaturalist-open-data.s3.amazonaws.com/photos/429755509/medium.jpeg,,"","",0,0,false,,"Provincia di Varese, Italia",45.570983789,8.7341175025,1145,,,,1145,,,false,,,Italy,Elicoverpa,Helicoverpa armigera,Cotton Bollworm Moth,Insecta,83806
241163239,1840c05c-0d50-4b82-8d49-904425f96a58,2024/09/11 15:50,2024-09-11,2024-09-11 13:50:00 UTC,Rome,744814,mirko_tomasi,Mirko Tomasi,2024-09-11 19:52:15 UTC,2024-11-22 11:10:34 UTC,research,CC-BY-NC,https://www.inaturalist.org/observations/241163239,https://inaturalist-open-data.s3.amazonaws.com/photos/429755647/medium.jpeg,,"","",2,0,false,,"Provincia di Varese, Italia",45.570983789,8.7341175025,1145,,,,1145,,,false,,,Italy,Elicoverpa,Helicoverpa armigera,Cotton Bollworm Moth,Insecta,83806
241164059,7b855f16-a5fb-4c75-9cba-30017c8ede99,2024/09/07 22:27,2024-09-07,2024-09-07 20:27:00 UTC,Rome,6900886,brunodovere,,2024-09-11 19:56:55 UTC,2024-12-19 11:24:54 UTC,research,CC-BY-NC,https://www.inaturalist.org/observations/241164059,https://inaturalist-open-data.s3.amazonaws.com/photos/429767715/medium.jpg,,"",,1,0,false,,"84070 San Giovanni A Piro SA, Italia",40.0511864238,15.4502101318,122,,,,122,,,false,,,Italy,Elicoverpa,Helicoverpa armigera,Cotton Bollworm Moth,Insecta,83806
241359449,0ff4076c-76e0-4b16-b5d2-db96096d4e45,2024-09-12 23:07:16,2024-09-12,2024-09-12 21:07:16 UTC,Rome,6460305,francesco_001,Francesco R,2024-09-12 21:50:39 UTC,2025-08-15 10:10:19 UTC,research,,https://www.inaturalist.org/observations/241359449,https://static.inaturalist.org/photos/430145585/medium.jpeg,,"",,1,0,false,2,"40056 Crespellano, Metropolitan City of Bologna, Italy",44.5145091246,11.1297294125,4,,,,4,,,false,gps,gps,Italy,Cotton Bollworm Moth,Helicoverpa armigera,Cotton Bollworm Moth,Insecta,83806
241416837,75f978f7-411d-49eb-b888-913beeb8f991,2024-09-13 08:30:53,2024-09-13,2024-09-13 06:30:53 UTC,Rome,1996045,micdallo,"",2024-09-13 06:31:45 UTC,2024-11-22 11:11:18 UTC,research,CC-BY-NC,https://www.inaturalist.org/observations/241416837,https://inaturalist-open-data.s3.amazonaws.com/photos/430259434/medium.jpeg,,"",,1,0,false,2,"Via Albere III B, 37138 Verona VR, Italia",45.4280329722,10.9663289722,,,,,,,,false,gps,gps,Italy,Elicoverpa,Helicoverpa armigera,Cotton Bollworm Moth,Insecta,83806
241456554,754b4a00-2d93-4708-b071-388af21323c5,2024-09-13 08:11:07,2024-09-13,2024-09-13 06:11:07 UTC,Rome,1522604,lvdr,"",2024-09-13 13:58:16 UTC,2024-11-22 10:40:39 UTC,research,CC-BY-NC,https://www.inaturalist.org/observations/241456554,https://inaturalist-open-data.s3.amazonaws.com/photos/430338398/medium.jpeg,,"",,1,0,false,2,"35122 Padua, Province of Padua, Italia",45.4086882408,11.8778290227,39,,,,39,,,false,gps,gps,Italy,Helicoverpa armigera,Helicoverpa armigera,Cotton Bollworm Moth,Insecta,83806
241678260,350e89e8-8702-4a21-a95f-0ee4adcc8bea,2024/08/29 12:37,2024-08-29,2024-08-29 10:37:00 UTC,Rome,4946255,brodo,,2024-09-14 16:52:19 UTC,2024-11-22 10:42:23 UTC,needs_id,CC-BY-NC,https://www.inaturalist.org/observations/241678260,https://inaturalist-open-data.s3.amazonaws.com/photos/430752642/medium.jpg,,"",,1,0,false,,"Demonte, Italia",44.3222090904,7.2631028337,244,,,,244,,,false,,,Italy,Elicoverpa,Helicoverpa armigera,Cotton Bollworm Moth,Insecta,83806
241710664,ac73a46f-753c-4243-a4b6-ced553c7eebf,2024/09/14 18:27,2024-09-14,2024-09-14 16:27:00 UTC,Rome,7780152,pietro_melandri_birding,Pietro Melandri,2024-09-14 19:32:14 UTC,2025-04-08 02:37:56 UTC,research,CC0,https://www.inaturalist.org/observations/241710664,https://static.inaturalist.org/photos/430810473/medium.jpeg,,"","",1,0,false,,"Provincia di Ferrara, Italia",44.9348431799,11.4837299584,1819,,,,1819,,,false,,,Italy,Elicoverpa,Helicoverpa armigera,Cotton Bollworm Moth,Insecta,83806
241907687,e3a17c94-9280-4bd6-a603-3a354253ab46,2024/09/10 16:53,2024-09-10,2024-09-10 14:53:00 UTC,Rome,2577108,elaurens,"",2024-09-15 16:57:04 UTC,2025-04-08 03:22:20 UTC,research,,https://www.inaturalist.org/observations/241907687,https://static.inaturalist.org/photos/431187733/medium.jpeg,,"","",1,0,false,,"41013 Castelfranco Emilia MO, Italia",44.5944120445,11.059576066,366,,,,366,,,false,,,Italy,Elicoverpa,Helicoverpa armigera,Cotton Bollworm Moth,Insecta,83806
241910864,2e11253c-14ab-4d57-bd53-0b4aeca6082f,2024/09/15 17:08,2024-09-15,2024-09-15 15:08:00 UTC,Rome,419068,theworldofpaolo,Paolo Zucca,2024-09-15 17:12:49 UTC,2025-04-08 03:22:35 UTC,research,CC-BY,https://www.inaturalist.org/observations/241910864,https://inaturalist-open-data.s3.amazonaws.com/photos/431201531/medium.png,,"",,1,0,false,,"Provincia di Cremona, Italia",45.3296314985,9.8701374105,1236,,,,1236,,,false,,,Italy,Elicoverpa,Helicoverpa armigera,Cotton Bollworm Moth,Insecta,83806
241923213,bb604cc0-9bb5-4192-bfd5-44e8af609f04,2024-09-15 20:07:52,2024-09-15,2024-09-15 18:07:52 UTC,Rome,2211183,elisadv,Elisa De Vito,2024-09-15 18:09:59 UTC,2024-11-22 10:41:45 UTC,research,CC-BY-NC,https://www.inaturalist.org/observations/241923213,https://inaturalist-open-data.s3.amazonaws.com/photos/431226604/medium.jpeg,,"",,1,0,false,2,Casa La Plantaz 7,45.7472838448,7.3863047361,25,,,,25,,,false,gps,gps,Italy,Elicoverpa,Helicoverpa armigera,Cotton Bollworm Moth,Insecta,83806
241930021,883b1197-e2a3-4ae7-aa10-25d7ac2ab6e4,2024/09/10 16:56,2024-09-10,2024-09-10 14:56:00 UTC,Rome,7410503,andrea_bortolussi,Andrea Bortolussi,2024-09-15 18:41:00 UTC,2024-11-22 10:41:43 UTC,needs_id,CC-BY-NC,https://www.inaturalist.org/observations/241930021,https://inaturalist-open-data.s3.amazonaws.com/photos/431238773/medium.jpeg,,"",,1,0,false,,"Ente di decentramento regionale di Udine, Italia",46.2009155333,13.0743844833,,,,,,,,false,,,Italy,Elicoverpa,Helicoverpa armigera,Cotton Bollworm Moth,Insecta,83806
241947507,c1b5777f-f7a2-4adb-8111-bde9714b0f84,Sun Sep 15 2024 22:01:17 GMT +0200 (GMT+2),2024-09-15,2024-09-15 20:01:17 UTC,Rome,1833973,boristal,,2024-09-15 20:01:27 UTC,2025-04-08 03:32:15 UTC,research,,https://www.inaturalist.org/observations/241947507,https://inaturalist-open-data.s3.amazonaws.com/photos/431275689/medium.jpeg,,"",,1,0,false,333,Montelparo,43.0346603394,13.5388936996,2836,,,,2836,,,false,,,Italy,Katoendaguil,Helicoverpa armigera,Cotton Bollworm Moth,Insecta,83806
242044175,89fa9d33-345a-4040-9bff-82c4fe7ba01a,2024-09-13 12:09:33,2024-09-13,2024-09-13 10:09:33 UTC,Rome,7812758,nastiasplants,Nastia,2024-09-16 06:44:55 UTC,2024-11-22 10:23:09 UTC,needs_id,,https://www.inaturalist.org/observations/242044175,https://static.inaturalist.org/photos/431467700/medium.jpeg,,"",,1,0,false,2,"47838 Riccione, Province of Rimini, Italy",44.0010493889,12.6654110389,,,,,,,,false,gps,gps,Italy,Cotton Bollworm Moth,Helicoverpa armigera,Cotton Bollworm Moth,Insecta,83806
242116910,6cb69796-54d5-4611-b65b-b6accc0025e4,2024/09/15 15:59,2024-09-15,2024-09-15 13:59:00 UTC,Rome,7191562,mauro_fioretto,,2024-09-16 16:11:25 UTC,2024-11-22 10:51:23 UTC,research,CC-BY-NC,https://www.inaturalist.org/observations/242116910,https://inaturalist-open-data.s3.amazonaws.com/photos/431600744/medium.jpg,,"",,2,0,false,,"Provincia di Vicenza, Italia",45.6268075307,11.5230488588,2,,,,2,,,false,,,Italy,Elicoverpa,Helicoverpa armigera,Cotton Bollworm Moth,Insecta,83806
242156690,91befc1f-a483-4a28-b246-191b45eb0ba9,2024-09-16 22:00:00,2024-09-16,2024-09-16 20:00:00 UTC,Rome,490394,marianna_anzelmo,"",2024-09-16 20:00:38 UTC,2025-04-08 04:16:05 UTC,research,,https://www.inaturalist.org/observations/242156690,https://static.inaturalist.org/photos/431679436/medium.jpeg,,"",,1,0,false,2,"41124 Modena MO, Italia",44.6380165274,10.9148257971,76,,,,76,,,false,gps,gps,Italy,Cotton Bollworm Moth,Helicoverpa armigera,Cotton Bollworm Moth,Insecta,83806
242157852,20f9a73a-3a9a-4a2b-b84c-e8eca9ceda17,2024-09-07 11:41:50+02:00,2024-09-07,2024-09-07 09:41:50 UTC,Rome,7595691,annamalga,,2024-09-16 20:08:12 UTC,2025-04-08 04:16:17 UTC,research,CC-BY-NC,https://www.inaturalist.org/observations/242157852,https://inaturalist-open-data.s3.amazonaws.com/photos/431681883/medium.jpeg,,"","",1,0,false,3,"Strada Palangon, Caorle, Veneto, IT",45.62583,12.8880216667,4,,,,4,,,false,,,Italy,Elicoverpa,Helicoverpa armigera,Cotton Bollworm Moth,Insecta,83806
242220612,4153ada4-59f7-40b0-a08d-fc5c79a9dbae,2024-09-16 23:11:16,2024-09-16,2024-09-16 21:11:16 UTC,Rome,2514105,diegoreggianti,"",2024-09-17 03:29:05 UTC,2024-11-22 11:12:13 UTC,research,CC-BY-NC,https://www.inaturalist.org/observations/242220612,https://inaturalist-open-data.s3.amazonaws.com/photos/431809819/medium.jpeg,,"",,1,0,false,2,"Crocco- Olivi, 00148 Roma RM, Italia",41.8255500489,12.3981212452,149,,,,149,,,false,gps,gps,Italy,Helicoverpa armigera,Helicoverpa armigera,Cotton Bollworm Moth,Insecta,83806
242296033,f617e138-fbd8-4739-87c0-d3ed7126a920,2024-09-17 09:18:01Z,2024-09-17,2024-09-17 09:18:01 UTC,Rome,7613117,jacopobianchi,"",2024-09-17 14:48:56 UTC,2024-09-17 14:49:11 UTC,needs_id,CC-BY-NC,https://www.inaturalist.org/observations/242296033,https://inaturalist-open-data.s3.amazonaws.com/photos/431951114/medium.jpeg,,"","",0,0,false,3,"Parco Agricolo Sud Milano, Milano, Lombardia, IT",45.4224510783,9.1860099495,125,,,,125,,,false,,,Italy,"",Helicoverpa armigera,Cotton Bollworm Moth,Insecta,83806
242349227,8a851987-f80d-4e26-8b1d-9a50f20681dd,2024-09-17 08:44:15+02:00,2024-09-17,2024-09-17 06:44:15 UTC,Rome,3949919,mani_raab,Manuel Raab,2024-09-17 19:32:54 UTC,2025-04-08 04:56:44 UTC,research,CC-BY-NC,https://www.inaturalist.org/observations/242349227,https://inaturalist-open-data.s3.amazonaws.com/photos/432048510/medium.jpeg,,"","",1,0,false,3,"Sanremo-Portosole, Sanremo, IT",43.8185116667,7.7888216667,4,,,,4,,,false,,,Italy,Baumwoll-Sonneneule,Helicoverpa armigera,Cotton Bollworm Moth,Insecta,83806
242488925,74837d06-128d-430e-b77d-f82ad08267af,2024/09/15 08:35,2024-09-15,2024-09-15 06:35:00 UTC,Rome,1996045,micdallo,"",2024-09-18 13:59:06 UTC,2024-11-22 10:50:49 UTC,research,CC-BY-NC,https://www.inaturalist.org/observations/242488925,https://inaturalist-open-data.s3.amazonaws.com/photos/432291402/medium.jpg,,"",,1,0,false,,"Verona VR, Italia",45.46056,10.973516,,,,,,,,false,,,Italy,Elicoverpa,Helicoverpa armigera,Cotton Bollworm Moth,Insecta,83806
242515288,5a8b7797-fd3d-42db-bbab-8ada67eed4e5,2024-09-17 11:06:26,2024-09-17,2024-09-17 09:06:26 UTC,Rome,7179999,giadasgara,Giada Sgaravatto,2024-09-18 16:35:34 UTC,2024-09-18 16:35:41 UTC,needs_id,CC-BY-NC,https://www.inaturalist.org/observations/242515288,https://inaturalist-open-data.s3.amazonaws.com/photos/432339283/medium.jpeg,,"",,0,0,false,2,"35020 Brugine PD, Italia",45.2912533079,12.0074906945,183,,,,183,,,false,gps,gps,Italy,Elicoverpa,Helicoverpa armigera,Cotton Bollworm Moth,Insecta,83806
242519086,c2d1773f-4f66-40c2-8bea-de236ac241d5,2024-09-18 18:30:14,2024-09-18,2024-09-18 16:30:14 UTC,Rome,4500656,egidio_fabris,Egidio Fabris,2024-09-18 16:56:20 UTC,2024-09-19 10:27:44 UTC,research,CC-BY-NC,https://www.inaturalist.org/observations/242519086,https://inaturalist-open-data.s3.amazonaws.com/photos/432345595/medium.jpeg,,"",,1,0,false,2,"36015 Schio VI, Italia",45.7065632672,11.3460307941,4,,,,4,,,false,gps,gps,Italy,Cotton Bollworm Moth,Helicoverpa armigera,Cotton Bollworm Moth,Insecta,83806
242563494,17a701bd-1f5a-4e5a-b951-a8b4bd05d1db,2024-09-18 17:23:17,2024-09-18,2024-09-18 15:23:17 UTC,Rome,5923470,ernst_,Ernst Schuppisser,2024-09-18 21:11:17 UTC,2024-11-22 11:12:42 UTC,research,,https://www.inaturalist.org/observations/242563494,https://static.inaturalist.org/photos/432429427/medium.jpeg,,"",,1,0,false,2,"Bar Ciro, 58043 Castiglione della Pescaia GR, Italien",42.7636740995,10.8753044531,2582,,,,2582,,,false,gps,gps,Italy,Cotton Bollworm Moth,Helicoverpa armigera,Cotton Bollworm Moth,Insecta,83806
242717673,595eb8b6-9725-4a94-b1cd-aa330cc25d24,2024-09-19 19:58:45,2024-09-19,2024-09-19 17:58:45 UTC,Rome,4834645,fernando_rodriguez_villegas,Fernando Rodriguez-Villegas,2024-09-19 18:00:59 UTC,2024-11-22 10:22:20 UTC,research,,https://www.inaturalist.org/observations/242717673,https://static.inaturalist.org/photos/432719078/medium.jpeg,,"",,1,0,false,2,"34122 Trieste, Province of Trieste, Italy",45.6510685,13.7746344,14,,,,14,,,false,,,Italy,Cotton Bollworm Moth,Helicoverpa armigera,Cotton Bollworm Moth,Insecta,83806
242739453,cf0e0dc8-3d8a-4e0a-ae67-1dbd80b1faa1,2024-09-19 21:02:04+02:00,2024-09-19,2024-09-19 19:02:04 UTC,Rome,8054608,m_gamba,Martina Gamba,2024-09-19 20:03:04 UTC,2025-04-04 23:27:19 UTC,research,CC-BY-NC,https://www.inaturalist.org/observations/242739453,https://inaturalist-open-data.s3.amazonaws.com/photos/432760426/medium.jpeg,,"","",1,0,false,3,"Toscana, IT",43.1389938273,10.5707429062,47,,,,27537,obscured,,true,,,Italy,Elicoverpa,Helicoverpa armigera,Cotton Bollworm Moth,Insecta,83806
242829744,1b60fb7e-d577-45a2-a5e2-323ccb132537,2024-09-20 10:30:27,2024-09-20,2024-09-20 08:30:27 UTC,Rome,7179999,giadasgara,Giada Sgaravatto,2024-09-20 08:31:36 UTC,2024-09-20 08:31:45 UTC,needs_id,CC-BY-NC,https://www.inaturalist.org/observations/242829744,https://inaturalist-open-data.s3.amazonaws.com/photos/432938286/medium.jpeg,,"",Su basilico in tunnel,0,0,false,2,"Padua, Veneto, IT",45.2883440395,12.01349549,5,,,,5,,,false,gps,gps,Italy,Elicoverpa,Helicoverpa armigera,Cotton Bollworm Moth,Insecta,83806
243069199,6b160fa6-3645-4f12-9e88-4989312ca469,2024/09/21 14:22,2024-09-21,2024-09-21 12:22:00 UTC,Rome,3495159,giorgio_aimassi,,2024-09-21 12:38:53 UTC,2024-12-01 16:30:34 UTC,needs_id,CC-BY-NC,https://www.inaturalist.org/observations/243069199,https://inaturalist-open-data.s3.amazonaws.com/photos/433384598/medium.jpg,,"",,0,0,false,,"Crevacuore BI, Italy",45.6848803272,8.2437250402,561,,,,561,,,false,,,Italy,Elicoverpa,Helicoverpa armigera,Cotton Bollworm Moth,Insecta,83806
243316256,6f06c954-85d7-4a08-b7af-f949a63524c2,2024/09/21 14:40,2024-09-21,2024-09-21 12:40:00 UTC,Rome,6917853,vincenzo1960,Vincenzo Severgnini,2024-09-22 12:12:30 UTC,2025-04-05 01:23:36 UTC,research,CC-BY-NC,https://www.inaturalist.org/observations/243316256,https://inaturalist-open-data.s3.amazonaws.com/photos/433858659/medium.jpg,,"",,1,0,false,,"Provincia di Cremona, Italia",45.3541533771,9.6923514425,4,,,,4,,,false,,,Italy,Elicoverpa,Helicoverpa armigera,Cotton Bollworm Moth,Insecta,83806
243358347,dc1a673e-f0c5-4cb5-b196-b7c59b4e0145,2024-09-22 17:29:33+02:00,2024-09-22,2024-09-22 15:29:33 UTC,Rome,8597317,rancama,,2024-09-22 15:29:51 UTC,2025-04-05 01:32:25 UTC,research,CC-BY-NC,https://www.inaturalist.org/observations/243358347,https://inaturalist-open-data.s3.amazonaws.com/photos/433934227/medium.jpeg,,"","",1,0,false,3,"Via Torino, Nole, Piemonte, IT",45.2421010472,7.5797653478,13,,,,13,,,false,,,Italy,Elicoverpa,Helicoverpa armigera,Cotton Bollworm Moth,Insecta,83806
243383254,ad7048ef-9d16-4ea9-91f4-582ec142d5ec,2024/09/22 15:55,2024-09-22,2024-09-22 13:55:00 UTC,Rome,419068,theworldofpaolo,Paolo Zucca,2024-09-22 17:13:28 UTC,2025-04-05 01:37:52 UTC,research,CC-BY,https://www.inaturalist.org/observations/243383254,https://inaturalist-open-data.s3.amazonaws.com/photos/433975498/medium.png,,"",,1,0,false,,"Cremona, Lombardia, IT",45.3384803145,9.8650379958,1648,,,,27190,obscured,,true,,,Italy,Elicoverpa,Helicoverpa armigera,Cotton Bollworm Moth,Insecta,83806
243383273,14bbfdbc-11d6-43fb-9675-b36390a818b1,2024/09/22 15:55,2024-09-22,2024-09-22 13:55:00 UTC,Rome,419068,theworldofpaolo,Paolo Zucca,2024-09-22 17:13:32 UTC,2025-04-05 01:37:52 UTC,research,CC-BY,https://www.inaturalist.org/observations/243383273,https://inaturalist-open-data.s3.amazonaws.com/photos/433975896/medium.png,,"",,1,0,false,,"Cremona, Lombardia, IT",45.2032718805,9.8262543759,1648,,,,27190,obscured,,true,,,Italy,Elicoverpa,Helicoverpa armigera,Cotton Bollworm Moth,Insecta,83806
243537921,52ccfb19-3886-4ee2-bce4-36a0a8e61d88,2024/09/22 ,2024-09-22,,Rome,6393155,brunoparisotto,,2024-09-23 07:27:53 UTC,2025-04-05 02:10:58 UTC,research,CC-BY-NC,https://www.inaturalist.org/observations/243537921,https://inaturalist-open-data.s3.amazonaws.com/photos/434278566/medium.jpeg,,"",Helicoverpa armigera-Arthropoda-Hexapoda-Insecta-Pterygota-Lepidoptera (Falene)-Noctuoidea-Noctuidae_Heliothinae-Helicoverpa-adulto,1,0,false,,"58100 Grosseto GR, Italia",42.7755283376,11.0938239713,557,,,,557,,,false,,,Italy,Elicoverpa,Helicoverpa armigera,Cotton Bollworm Moth,Insecta,83806
243542812,a809dc4b-4586-4eee-9b66-2285114c0d6d,2024-09-20 08:25:31,2024-09-20,2024-09-20 06:25:31 UTC,Rome,5902525,minov20,Mika,2024-09-23 08:17:15 UTC,2024-11-22 10:44:07 UTC,needs_id,CC-BY-NC,https://www.inaturalist.org/observations/243542812,https://inaturalist-open-data.s3.amazonaws.com/photos/434288158/medium.jpeg,,"",,1,0,false,2,Italy,42.9108514784,10.6649384648,51983,,,,51983,,,false,gps,gps,Italy,Cotton Bollworm Moth,Helicoverpa armigera,Cotton Bollworm Moth,Insecta,83806
243546358,bcda81d3-1ef0-4165-b876-bd441cd15f66,2024-09-22 22:24:35,2024-09-22,2024-09-22 20:24:35 UTC,Rome,370501,bferrero,"",2024-09-23 08:52:31 UTC,2024-11-22 11:13:24 UTC,research,CC-BY-NC,https://www.inaturalist.org/observations/243546358,https://inaturalist-open-data.s3.amazonaws.com/photos/434295581/medium.jpeg,,"",,1,0,false,2,"Torino, Piemonte, IT",45.1770588354,7.3177551046,186,,,,27222,obscured,,true,gps,gps,Italy,Helicoverpa armigera,Helicoverpa armigera,Cotton Bollworm Moth,Insecta,83806
243612883,afecac80-ffe8-4875-bf80-d09943f09db1,2024/09/20 18:03,2024-09-20,2024-09-20 16:03:00 UTC,Rome,180866,giunchi,Giunchi,2024-09-23 15:59:54 UTC,2025-04-05 02:27:00 UTC,research,CC-BY-NC,https://www.inaturalist.org/observations/243612883,https://inaturalist-open-data.s3.amazonaws.com/photos/434414395/medium.jpeg,,"","",1,0,false,,"Ferrara, Emilia-Romagna, Italy",44.9124930556,11.6731913889,,,,,,,,false,,,Italy,Elicoverpa,Helicoverpa armigera,Cotton Bollworm Moth,Insecta,83806
243777741,2a82d67f-db01-432c-97db-7a0bd3c5b6cf,2024/09/22 07:56,2024-09-22,2024-09-22 05:56:00 UTC,Rome,1996045,micdallo,"",2024-09-24 12:24:17 UTC,2025-04-05 02:55:58 UTC,research,CC-BY-NC,https://www.inaturalist.org/observations/243777741,https://inaturalist-open-data.s3.amazonaws.com/photos/434745117/medium.jpg,,"",,1,0,false,,"Veronetta, Verona VR, Italia",45.4505669722,11.0074,,,,,,,,false,,,Italy,Elicoverpa,Helicoverpa armigera,Cotton Bollworm Moth,Insecta,83806
243857433,59ba1c00-bbf5-4bb8-9a9c-e4afc8e65498,Tue Sep 24 2024 22:33:22 GMT +0200 (GMT+2),2024-09-24,2024-09-24 20:33:22 UTC,Rome,3468001,weaponic,Bryan Manchi,2024-09-24 20:33:51 UTC,2025-04-05 03:13:52 UTC,research,CC-BY-NC,https://www.inaturalist.org/observations/243857433,https://inaturalist-open-data.s3.amazonaws.com/photos/434893210/medium.jpeg,,"",,1,0,false,333,Travo,44.8662910461,9.544549942,47,,,,47,,,false,,,Italy,Cotton Bollworm Moth,Helicoverpa armigera,Cotton Bollworm Moth,Insecta,83806
243952917,ab3e7d2e-74ee-43e0-a751-c9185c63ba4c,Wed Sep 25 2024 13:32:26 GMT +0200 (GMT+2),2024-09-25,2024-09-25 11:32:26 UTC,Rome,6805179,maddalena39,Maddalena Cambiuzzi,2024-09-25 11:32:36 UTC,2024-12-10 14:30:58 UTC,research,,https://www.inaturalist.org/observations/243952917,https://static.inaturalist.org/photos/435115612/medium.jpeg,,"",,3,0,false,333,Massa Lombarda,44.4479179382,11.7970790863,62,,,,62,,,false,,,Italy,Elicoverpa,Helicoverpa armigera,Cotton Bollworm Moth,Insecta,83806
244089831,7c17f16e-830a-48e6-a412-a792608f9f21,2024/09/25 10:28,2024-09-25,2024-09-25 08:28:00 UTC,Rome,1622306,bonushenricus,bonushenricus,2024-09-26 06:41:58 UTC,2025-04-05 03:59:20 UTC,research,CC-BY-NC,https://www.inaturalist.org/observations/244089831,https://inaturalist-open-data.s3.amazonaws.com/photos/435356912/medium.jpeg,,"",,1,0,false,,"Provincia di Forlì-Cesena, Italia",44.2921579735,12.0871335643,122,,,,122,,,false,,,Italy,Elicoverpa,Helicoverpa armigera,Cotton Bollworm Moth,Insecta,83806
244089832,4d138438-ec36-4e03-9904-ceec35a3530f,2024/09/26 06:41,2024-09-26,2024-09-26 04:41:00 UTC,Rome,1622306,bonushenricus,bonushenricus,2024-09-26 06:41:58 UTC,2025-04-05 03:59:20 UTC,research,CC-BY-NC,https://www.inaturalist.org/observations/244089832,https://inaturalist-open-data.s3.amazonaws.com/photos/435357059/medium.jpeg,,"","",1,0,false,,"Provincia di Forlì-Cesena, Italia",44.2921579735,12.0871335643,122,,,,122,,,false,,,Italy,Elicoverpa,Helicoverpa armigera,Cotton Bollworm Moth,Insecta,83806
244131838,8a4c5f59-1560-4b23-9c5f-dedeb1b168ab,2024/09/25 20:53,2024-09-25,2024-09-25 18:53:00 UTC,Rome,1375725,babunco,Camillo De Berardinis,2024-09-26 13:59:08 UTC,2024-11-22 10:48:38 UTC,research,CC-BY-NC,https://www.inaturalist.org/observations/244131838,https://inaturalist-open-data.s3.amazonaws.com/photos/435440782/medium.jpeg,,Tornimparte (AQ),,1,0,false,,Tornimparte (AQ),42.2749801745,13.3318126207,150,,,,150,,,false,,,Italy,Elicoverpa,Helicoverpa armigera,Cotton Bollworm Moth,Insecta,83806
244146965,59ac91c8-1499-4452-ad38-e134e041978f,2024-09-26 17:11:54,2024-09-26,2024-09-26 15:11:54 UTC,Rome,456269,mariasachica,"",2024-09-26 15:40:03 UTC,2025-06-11 18:34:11 UTC,needs_id,CC-BY-NC,https://www.inaturalist.org/observations/244146965,https://inaturalist-open-data.s3.amazonaws.com/photos/435468334/medium.jpeg,,"",,1,0,false,2,"91011 Alcamo, Trapani, Italia",38.0278780824,12.9305147566,10,,,,10,,,false,,,Italy,Mariposas y polillas,Helicoverpa armigera,Cotton Bollworm Moth,Insecta,83806
244171949,16839da1-2512-44b8-8425-1632ad610770,2024-09-26 16:13:34,2024-09-26,2024-09-26 14:13:34 UTC,Rome,1742371,samy22,Samantha Rizzi,2024-09-26 18:17:20 UTC,2024-11-22 11:14:29 UTC,research,,https://www.inaturalist.org/observations/244171949,https://static.inaturalist.org/photos/435516712/medium.jpeg,,"",,1,0,false,2,"Gariga A.r.p., 29027 Casoni PC, Italia",44.9902659722,9.687115,,,,,,,,false,gps,gps,Italy,Elicoverpa,Helicoverpa armigera,Cotton Bollworm Moth,Insecta,83806
244263017,ad4e2bd8-627f-4277-9f25-61fa275d6850,2024-09-27 08:04:23+02:00,2024-09-27,2024-09-27 06:04:23 UTC,Rome,1956724,andreaang,Andrea Angiari,2024-09-27 06:50:03 UTC,2024-11-22 11:14:23 UTC,research,CC-BY-NC,https://www.inaturalist.org/observations/244263017,https://inaturalist-open-data.s3.amazonaws.com/photos/435698111/medium.jpeg,,"","",1,0,false,3,"Via Don Giuseppe Bonizzato, Mozzecane, Veneto, IT",45.3044166667,10.8196283333,4,,,,4,,,false,,,Italy,Cotton Bollworm Moth,Helicoverpa armigera,Cotton Bollworm Moth,Insecta,83806
244274446,7a5a89fe-77ef-4571-9136-4d3875290e67,2024-09-27 11:18:56,2024-09-27,2024-09-27 09:18:56 UTC,Rome,6985939,giorad,giovanni radaelli,2024-09-27 09:23:09 UTC,2025-04-05 04:35:41 UTC,research,,https://www.inaturalist.org/observations/244274446,https://static.inaturalist.org/photos/435721780/medium.jpeg,,"",,1,0,false,2,"23900 Lecco LC, Italia",45.8636626944,9.3962526111,,,,,,,,false,gps,gps,Italy,Elicoverpa,Helicoverpa armigera,Cotton Bollworm Moth,Insecta,83806
244276378,18602c33-d59a-4376-a340-11cf27baff53,2024-09-26 22:56:45,2024-09-26,2024-09-26 20:56:45 UTC,Rome,6038412,cramerpillar,Schelly Cramer,2024-09-27 09:48:24 UTC,2024-11-22 11:14:22 UTC,research,CC-BY-NC,https://www.inaturalist.org/observations/244276378,https://inaturalist-open-data.s3.amazonaws.com/photos/435726148/medium.jpeg,,"",,2,0,false,2,"Salerno, Campania, IT",40.615014513,14.558506161,20,,,,20,,,false,,,Italy,Cotton Bollworm Moth,Helicoverpa armigera,Cotton Bollworm Moth,Insecta,83806
244303695,2f3ae033-63fb-4765-979f-ae8cda89b44c,2024-09-27 16:09:00,2024-09-27,2024-09-27 14:09:00 UTC,Rome,8536619,fattoria_attanasio,Fattoria Attanasio,2024-09-27 14:10:34 UTC,2024-10-19 19:07:00 UTC,needs_id,,https://www.inaturalist.org/observations/244303695,https://static.inaturalist.org/photos/435775958/medium.jpeg,,"",Su foglie di Dittrichia viscosa ,0,0,false,2,"84030 Torraca SA, Italia",40.0890957062,15.6218625605,21,,,,21,,,false,,,Italy,Elicoverpa,Helicoverpa armigera,Cotton Bollworm Moth,Insecta,83806
244361984,74bb4110-e7dc-4993-9103-8cefd3f816ca,2024/09/25 20:52,2024-09-25,2024-09-25 18:52:00 UTC,Rome,1482324,ranierop,Raniero Panfili,2024-09-27 19:10:08 UTC,2024-09-30 12:02:19 UTC,research,,https://www.inaturalist.org/observations/244361984,https://static.inaturalist.org/photos/435865993/medium.jpeg,,"",,2,0,false,,"Tornimparte, AQ, Italia",42.2754872791,13.3321348782,15,,,,15,,,false,,,Italy,Elicoverpa,Helicoverpa armigera,Cotton Bollworm Moth,Insecta,83806
244369906,88bb195d-920f-4f31-a141-7cfd9a38c6df,2024-09-26 22:00:36,2024-09-26,2024-09-26 20:00:36 UTC,Rome,5319585,alessandro_girodo,Alessandro Girodo,2024-09-27 20:01:16 UTC,2024-09-30 11:26:46 UTC,research,CC-BY-NC-SA,https://www.inaturalist.org/observations/244369906,https://static.inaturalist.org/photos/435881621/medium.jpeg,,"",,1,0,false,2,"10056 Savoulx TO, Italia",45.0431363927,6.791232191,871,,,,871,,,false,gps,gps,Italy,Helicoverpa armigera,Helicoverpa armigera,Cotton Bollworm Moth,Insecta,83806
244558412,c9384d25-9203-457a-a729-e46eb1227538,2024-09-28 21:57:37,2024-09-28,2024-09-28 19:57:37 UTC,Rome,2586941,bagliore,Daniel Bajorek,2024-09-28 19:58:09 UTC,2024-09-30 11:35:34 UTC,research,,https://www.inaturalist.org/observations/244558412,https://static.inaturalist.org/photos/436247847/medium.jpeg,,"",,2,0,false,2,"28922 Verbania, Verbano Cusio Ossola, Włochy",45.9240169722,8.5478109722,,,,,,,,false,gps,gps,Italy,Cotton Bollworm Moth,Helicoverpa armigera,Cotton Bollworm Moth,Insecta,83806
244561376,29cd81fc-04e8-4ab1-848e-79589a9dfb56,2024-09-18 20:19:45,2024-09-18,2024-09-18 18:19:45 UTC,Rome,3015489,allamashanova,Alla Mashanova,2024-09-28 20:16:08 UTC,2024-11-22 10:20:16 UTC,research,,https://www.inaturalist.org/observations/244561376,https://static.inaturalist.org/photos/436253768/medium.jpeg,,"",,1,0,false,2,"09010 Santa Margherita di Pula, Metropolitan City of Cagliari, Italy",38.9307222222,8.9229888889,,,,,,,,false,gps,gps,Italy,Cotton Bollworm Moth,Helicoverpa armigera,Cotton Bollworm Moth,Insecta,83806
244566964,cd1fc185-5f1c-4bf9-8164-c63097e8c954,2024-09-28 22:14:00+02:00,2024-09-28,2024-09-28 20:14:00 UTC,Rome,6591809,guido_di_martino,Guido Di Martino,2024-09-28 20:48:17 UTC,2024-09-30 11:51:06 UTC,research,,https://www.inaturalist.org/observations/244566964,https://static.inaturalist.org/photos/436265101/medium.jpeg,,"","",2,0,false,3,"Parco Regionale dei Colli Euganei, Torreglia, Veneto, IT",45.32093,11.7222616667,4,,,,4,,,false,,,Italy,Elicoverpa,Helicoverpa armigera,Cotton Bollworm Moth,Insecta,83806
244674911,1639f785-2737-4193-b44e-a048e83f8a20,2024-09-29 13:43:25,2024-09-29,2024-09-29 11:43:25 UTC,Rome,5839058,roberto_costanzo_costa,Roberto Costanzo Costa,2024-09-29 11:43:34 UTC,2024-09-30 12:14:14 UTC,research,,https://www.inaturalist.org/observations/244674911,https://static.inaturalist.org/photos/436531350/medium.jpeg,,"",,2,0,false,2,"32030 Seren del Grappa BL, Italia",45.9917833333,11.83658,9,,,,9,,,false,,,Italy,Elicoverpa,Helicoverpa armigera,Cotton Bollworm Moth,Insecta,83806
244702315,dc036a2f-540e-4fdb-896a-4efbb7b43838,2024/09/29 11:30,2024-09-29,2024-09-29 09:30:00 UTC,Rome,419068,theworldofpaolo,Paolo Zucca,2024-09-29 14:40:05 UTC,2024-09-30 11:47:17 UTC,research,CC-BY,https://www.inaturalist.org/observations/244702315,https://inaturalist-open-data.s3.amazonaws.com/photos/436534227/medium.png,,"",@ cg,2,0,false,,"25024 Leno BS, Italia",45.3663123,10.2187585,2355,,,,2355,,,false,,,Italy,Elicoverpa,Helicoverpa armigera,Cotton Bollworm Moth,Insecta,83806
244708305,5b6a2439-ae7a-49cb-9d81-5d9afdaa66a7,2024-09-29 16:54:44,2024-09-29,2024-09-29 14:54:44 UTC,Rome,6985939,giorad,giovanni radaelli,2024-09-29 15:10:37 UTC,2024-11-22 10:48:21 UTC,research,,https://www.inaturalist.org/observations/244708305,https://static.inaturalist.org/photos/436548093/medium.jpeg,,"",,1,0,false,2,"23900 Lecco LC, Italia",45.8641471667,9.3919973333,,,,,,,,false,,,Italy,Elicoverpa,Helicoverpa armigera,Cotton Bollworm Moth,Insecta,83806
244721578,20b0bf05-770c-415f-a45c-84c66d3ba594,2024/09/29 15:07,2024-09-29,2024-09-29 13:07:00 UTC,Rome,7780152,pietro_melandri_birding,Pietro Melandri,2024-09-29 16:06:02 UTC,2024-09-30 11:46:47 UTC,research,CC0,https://www.inaturalist.org/observations/244721578,https://static.inaturalist.org/photos/436568174/medium.jpeg,,"","",2,0,false,,"Città Metropolitana di Bologna, Italia",44.7777857867,11.382071877,956,,,,956,,,false,,,Italy,Elicoverpa,Helicoverpa armigera,Cotton Bollworm Moth,Insecta,83806
244722760,7ab8d2f2-671a-4603-92c9-ebc3a33a6e9c,2024-09-29 12:25:40,2024-09-29,2024-09-29 10:25:40 UTC,Rome,149386,lucio_bonato,Lucio Bonato,2024-09-29 16:10:30 UTC,2024-09-30 11:46:48 UTC,research,,https://www.inaturalist.org/observations/244722760,https://inaturalist-open-data.s3.amazonaws.com/photos/436572218/medium.jpeg,,"",,2,0,false,2,"V62C+VH Cassetta di Collalto, 31058 Susegana TV, Italy",45.8526428137,12.2213238571,9,,,,9,,,false,,,Italy,Helicoverpa armigera,Helicoverpa armigera,Cotton Bollworm Moth,Insecta,83806
244755154,1df23412-f8e2-49b3-baf3-0d10b1d4e116,2024-09-29 20:24:43,2024-09-29,2024-09-29 18:24:43 UTC,Rome,465430,lucianobani,,2024-09-29 18:51:13 UTC,2024-09-30 12:17:23 UTC,research,,https://www.inaturalist.org/observations/244755154,https://static.inaturalist.org/photos/436635072/medium.jpeg,,"",,2,0,false,2,"24050 Cividate Al Piano BG, Italia",45.5585592126,9.8286300525,5,,,,5,,,false,gps,gps,Italy,Elicoverpa,Helicoverpa armigera,Cotton Bollworm Moth,Insecta,83806
244869094,b9e041c8-b84d-43cb-99f8-5a568b67c967,2024/09/29 15:08,2024-09-29,2024-09-29 13:08:00 UTC,Rome,2396921,antonioceruti963,"",2024-09-30 08:58:52 UTC,2025-04-05 06:39:34 UTC,research,CC-BY-NC,https://www.inaturalist.org/observations/244869094,https://inaturalist-open-data.s3.amazonaws.com/photos/436863702/medium.jpeg,,"",,1,0,false,,"Provincia di Bergamo, Italia",45.5804359807,9.6328165104,9,,,,9,,,false,,,Italy,Helicoverpa armigera,Helicoverpa armigera,Cotton Bollworm Moth,Insecta,83806
244929911,022cd2d6-c5df-4260-8367-7fc01637b056,2024-09-30 18:49:16,2024-09-30,2024-09-30 16:49:16 UTC,Rome,6533608,firfalo,Gabriele Santagati,2024-09-30 17:14:53 UTC,2024-10-01 06:37:53 UTC,research,CC-BY-NC,https://www.inaturalist.org/observations/244929911,https://inaturalist-open-data.s3.amazonaws.com/photos/436981710/medium.jpeg,,"",,1,0,false,2,Italia,39.9572583333,9.6920944444,,,,,,,,false,gps,gps,Italy,Elicoverpa,Helicoverpa armigera,Cotton Bollworm Moth,Insecta,83806
244935902,1861c4ee-9c7c-45f9-93ac-267246554794,2024/09/30 19:47,2024-09-30,2024-09-30 17:47:00 UTC,Rome,419068,theworldofpaolo,Paolo Zucca,2024-09-30 17:47:45 UTC,2024-10-01 07:46:22 UTC,research,CC-BY,https://www.inaturalist.org/observations/244935902,https://inaturalist-open-data.s3.amazonaws.com/photos/436992121/medium.png,,"",@ home,1,0,false,,"25024 Leno BS, Italia",45.3663123,10.2187585,2355,,,,2355,,,false,,,Italy,Elicoverpa,Helicoverpa armigera,Cotton Bollworm Moth,Insecta,83806
245042357,9efe8dfc-557c-4905-850e-01e14ac5a231,2024/09/30 17:10,2024-09-30,2024-09-30 15:10:00 UTC,Rome,6917853,vincenzo1960,Vincenzo Severgnini,2024-10-01 09:13:10 UTC,2024-10-01 16:29:25 UTC,research,CC-BY-NC,https://www.inaturalist.org/observations/245042357,https://inaturalist-open-data.s3.amazonaws.com/photos/437200402/medium.jpg,,"",,1,0,false,,"Provincia di Cremona, Italia",45.3542717751,9.6921682048,61,,,,61,,,false,,,Italy,Elicoverpa,Helicoverpa armigera,Cotton Bollworm Moth,Insecta,83806
245126728,00b83e3a-7031-42e1-8044-91fd4716095f,2024-10-01 14:15:07,2024-10-01,2024-10-01 12:15:07 UTC,Rome,4218599,winu,"",2024-10-01 20:05:57 UTC,2024-10-02 14:28:10 UTC,research,CC-BY-NC,https://www.inaturalist.org/observations/245126728,https://inaturalist-open-data.s3.amazonaws.com/photos/437359110/medium.jpeg,,"",,1,0,false,2,"37016 Garda, Verona, Italien",45.5888457648,10.7225751132,,,,,,,,false,gps,gps,Italy,Baumwoll-Sonneneule,Helicoverpa armigera,Cotton Bollworm Moth,Insecta,83806
245270791,83b71d65-f2ac-429e-a7bb-144c8b2dd24c,2024-10-02 19:58:04+02:00,2024-10-02,2024-10-02 17:58:04 UTC,Rome,3387974,olga_zero,,2024-10-02 18:07:51 UTC,2024-10-03 15:46:50 UTC,research,CC-BY-NC,https://www.inaturalist.org/observations/245270791,https://inaturalist-open-data.s3.amazonaws.com/photos/437642226/medium.jpeg,,"","",1,0,false,3,"Via Castagna, Villa di Serio, Lombardia, IT",45.7204133333,9.7353616667,6,,,,6,,,false,,,Italy,Helicoverpa armigera,Helicoverpa armigera,Cotton Bollworm Moth,Insecta,83806
245277198,67a9a8d6-0535-4bda-bed1-d46a8d93f62f,2024/09/30 12:35,2024-09-30,2024-09-30 10:35:00 UTC,Rome,1945930,phylos,Luigi Andena,2024-10-02 18:51:52 UTC,2024-10-03 10:57:20 UTC,research,CC-BY-NC,https://www.inaturalist.org/observations/245277198,https://inaturalist-open-data.s3.amazonaws.com/photos/437655314/medium.jpg,,"","",2,0,false,,"Provincia di Pavia, Italia",44.900194575,9.2607645841,4,,,,4,,,false,,,Italy,Elicoverpa,Helicoverpa armigera,Cotton Bollworm Moth,Insecta,83806
245290163,1b2ac0ca-f72d-42f9-9558-c52122241512,2024-10-02 22:08:10+02:00,2024-10-02,2024-10-02 20:08:10 UTC,Rome,973504,m1r1am,Miriam,2024-10-02 20:11:14 UTC,2024-10-03 10:53:16 UTC,research,CC-BY-NC,https://www.inaturalist.org/observations/245290163,https://inaturalist-open-data.s3.amazonaws.com/photos/437679725/medium.jpeg,,"","",2,0,false,3,"Via Dosso Morone, Crema, Lombardia, IT",45.3592012879,9.7027473336,35,,,,35,,,false,,,Italy,Elicoverpa,Helicoverpa armigera,Cotton Bollworm Moth,Insecta,83806
245292924,240864ea-01c4-48dd-89dc-2d6b20d722b3,2024-10-02 22:20:46,2024-10-02,2024-10-02 20:20:46 UTC,Rome,3309935,ossossino,Daniel Sebastian Ossino,2024-10-02 20:30:20 UTC,2024-10-03 10:57:59 UTC,research,CC-BY-NC,https://www.inaturalist.org/observations/245292924,https://inaturalist-open-data.s3.amazonaws.com/photos/437684640/medium.jpeg,,"",,2,0,false,2,"Monastero Vasco, 12080 Gandolfi CN, Italia",44.3590861111,7.8318972222,,,,,,,,false,gps,gps,Italy,Elicoverpa,Helicoverpa armigera,Cotton Bollworm Moth,Insecta,83806
245387519,f4324509-2e2f-4b63-bd09-1724b41d84c7,2024-10-01 20:35:00+02:00,2024-10-01,2024-10-01 18:35:00 UTC,Rome,4106769,e_filippin,Emanuele Filippin,2024-10-03 12:21:37 UTC,2024-10-03 14:49:44 UTC,research,,https://www.inaturalist.org/observations/245387519,https://static.inaturalist.org/photos/437875991/medium.jpeg,,"","",1,0,false,3,"Via Giuseppe Mazzini, Uboldo, Lombardia, IT",45.6146866667,8.9937666667,4,,,,4,,,false,,,Italy,Elicoverpa,Helicoverpa armigera,Cotton Bollworm Moth,Insecta,83806
245393488,66cd0e3c-8657-401b-a9c7-7dfbe0c90920,2024/08/15 09:50,2024-08-15,2024-08-15 07:50:00 UTC,Rome,5685205,falena0,,2024-10-03 13:11:29 UTC,2024-10-18 10:48:53 UTC,research,CC-BY-NC,https://www.inaturalist.org/observations/245393488,https://inaturalist-open-data.s3.amazonaws.com/photos/437887151/medium.jpg,,"",,2,0,false,,"Pisa PI, Italia",43.7228385,10.4017581,3963,,,,3963,,,false,,,Italy,Elicoverpa,Helicoverpa armigera,Cotton Bollworm Moth,Insecta,83806
245447015,577d1ca4-85bb-4a12-a6be-0b40c4dfcb14,2024/10/03 20:07,2024-10-03,2024-10-03 18:07:00 UTC,Rome,3495159,giorgio_aimassi,,2024-10-03 18:56:16 UTC,2024-10-04 09:40:50 UTC,research,CC-BY-NC,https://www.inaturalist.org/observations/245447015,https://inaturalist-open-data.s3.amazonaws.com/photos/437987773/medium.jpg,,"",,2,0,false,,"Crevacuore BI, Italy",45.6848803272,8.2437250402,561,,,,561,,,false,,,Italy,Elicoverpa,Helicoverpa armigera,Cotton Bollworm Moth,Insecta,83806
245695233,1c2047da-a5f4-4f1f-b9da-6624c36cea08,2024-10-05 08:12:06+02:00,2024-10-05,2024-10-05 06:12:06 UTC,Rome,3387974,olga_zero,,2024-10-05 06:16:32 UTC,2024-10-05 11:23:58 UTC,research,CC-BY-NC,https://www.inaturalist.org/observations/245695233,https://inaturalist-open-data.s3.amazonaws.com/photos/438484373/medium.jpeg,,"","",1,0,false,3,"Via Francesco Martinengo Colleoni, Scanzorosciate, Lombardia, IT",45.7117166667,9.7347216667,3,,,,3,,,false,,,Italy,Helicoverpa armigera,Helicoverpa armigera,Cotton Bollworm Moth,Insecta,83806
245696393,7c09d5b1-3bfd-4823-897b-74aa27ea48d4,2024-10-05 08:02:06+02:00,2024-10-05,2024-10-05 06:02:06 UTC,Rome,1956724,andreaang,Andrea Angiari,2024-10-05 06:33:15 UTC,2024-10-05 10:14:11 UTC,research,CC-BY-NC,https://www.inaturalist.org/observations/245696393,https://inaturalist-open-data.s3.amazonaws.com/photos/438486626/medium.jpeg,,"","",1,0,false,3,"Via Don Giuseppe Bonizzato, Mozzecane, Veneto, IT",45.30443,10.8196116667,4,,,,4,,,false,,,Italy,Cotton Bollworm Moth,Helicoverpa armigera,Cotton Bollworm Moth,Insecta,83806
245787533,7908ccc9-e47e-48c3-979a-d7129d9b0def,2024-10-04 22:18:59,2024-10-04,2024-10-04 20:18:59 UTC,Rome,986015,tarantinofrancesco,Francesco Tarantino,2024-10-05 18:07:32 UTC,2024-12-14 22:10:32 UTC,research,CC-BY-NC,https://www.inaturalist.org/observations/245787533,https://inaturalist-open-data.s3.amazonaws.com/photos/438902263/medium.jpeg,,"",,1,0,false,2,Copertino,40.2727097592,18.0486448109,3063,,,,3063,,,false,gps,gps,Italy,Helicoverpa armigera,Helicoverpa armigera,Cotton Bollworm Moth,Insecta,83806
245917501,77436f11-265c-47bd-833b-064b2b3aaede,2024-10-06 12:15:03+02:00,2024-10-06,2024-10-06 10:15:03 UTC,Rome,808863,fabrizio_bandera,,2024-10-06 10:15:49 UTC,2024-10-06 10:15:57 UTC,needs_id,,https://www.inaturalist.org/observations/245917501,https://static.inaturalist.org/photos/438917360/medium.jpeg,,"","",0,0,false,3,"Lonate Pozzolo, Lombardia, IT",45.5642783333,8.7396916667,10,,,,10,,,false,,,Italy,"",Helicoverpa armigera,Cotton Bollworm Moth,Insecta,83806
245969878,ad060db1-6601-4c27-98fa-2d0d2ac01248,2024/10/06 11:48,2024-10-06,2024-10-06 09:48:00 UTC,Rome,419068,theworldofpaolo,Paolo Zucca,2024-10-06 15:53:26 UTC,2024-10-06 15:54:14 UTC,research,CC-BY,https://www.inaturalist.org/observations/245969878,https://inaturalist-open-data.s3.amazonaws.com/photos/439017306/medium.png,,"",> ce,1,0,false,,"25024 Leno BS, Italia",45.3663123,10.2187585,2355,,,,2355,,,false,,,Italy,Elicoverpa,Helicoverpa armigera,Cotton Bollworm Moth,Insecta,83806
246018894,ff6ec7e0-2c15-43fa-908b-3be0a9ae3cc8,2024-10-06 14:28:14,2024-10-06,2024-10-06 12:28:14 UTC,Rome,2514105,diegoreggianti,"",2024-10-06 20:02:32 UTC,2024-10-07 14:44:15 UTC,research,CC-BY-NC,https://www.inaturalist.org/observations/246018894,https://inaturalist-open-data.s3.amazonaws.com/photos/439113207/medium.jpeg,,"",,2,0,false,2,"Quartiere III Pinciano, Roma RM, Italia",41.9190360105,12.4867068976,8,,,,8,,,false,gps,gps,Italy,Helicoverpa armigera,Helicoverpa armigera,Cotton Bollworm Moth,Insecta,83806
246036996,82b6830b-aa41-437e-8d95-1ee528a26cfc,2024-10-06 19:14:03,2024-10-06,2024-10-06 17:14:03 UTC,Rome,1605672,daveoshaw,"",2024-10-06 21:34:33 UTC,2024-10-10 12:12:38 UTC,needs_id,CC-BY-NC,https://www.inaturalist.org/observations/246036996,https://inaturalist-open-data.s3.amazonaws.com/photos/439148671/medium.jpeg,,"",Found inside bean POD about 2.5 cm long,0,0,false,2,"10098 Rivoli TO, Italia",45.0706726467,7.5495821983,50,,,,50,,,false,,,Italy,Elicoverpa,Helicoverpa armigera,Cotton Bollworm Moth,Insecta,83806
246136904,dc985a3e-e484-4336-bd41-0de7bfea4e15,2024/10/06 6:48 PM,2024-10-06,2024-10-06 16:48:00 UTC,Rome,6391018,geologyistheway,Samuele Papeschi,2024-10-07 11:18:00 UTC,2024-10-07 11:26:07 UTC,needs_id,CC-BY,https://www.inaturalist.org/observations/246136904,https://inaturalist-open-data.s3.amazonaws.com/photos/439344373/medium.jpeg,,"","",0,0,false,,"Province of Pisa, Italy",43.6711873764,10.6540111961,2,,,,2,,,false,,,Italy,Helicoverpa armigera,Helicoverpa armigera,Cotton Bollworm Moth,Insecta,83806
246301479,c323494b-4646-494b-9a19-e2df143f47a3,2024/10/07 14:08,2024-10-07,2024-10-07 12:08:00 UTC,Rome,7709769,gianni85127,Gianni Grosso,2024-10-08 10:59:33 UTC,2024-10-09 11:06:36 UTC,research,,https://www.inaturalist.org/observations/246301479,https://static.inaturalist.org/photos/439676562/medium.jpeg,,"",,2,0,false,,"Provincia di Belluno, Italia",46.0097078542,11.9215579398,61,,,,61,,,false,,,Italy,Elicoverpa,Helicoverpa armigera,Cotton Bollworm Moth,Insecta,83806
246307154,22d51d06-3a9b-4dd2-a01f-425c6a89d74e,2024/09/30 14:54,2024-09-30,2024-09-30 12:54:00 UTC,Rome,7410503,andrea_bortolussi,Andrea Bortolussi,2024-10-08 12:02:51 UTC,2024-10-08 15:13:26 UTC,research,CC-BY-NC,https://www.inaturalist.org/observations/246307154,https://inaturalist-open-data.s3.amazonaws.com/photos/439688861/medium.jpeg,,"",,2,0,false,,"Provincia di Pordenone, Italia",46.1359542667,12.9205688833,,,,,,,,false,,,Italy,Elicoverpa,Helicoverpa armigera,Cotton Bollworm Moth,Insecta,83806
246326531,ca3a13ec-018f-49c2-842b-58ea00dd4a13,2024/10/07 13:50,2024-10-07,2024-10-07 11:50:00 UTC,Rome,7709769,gianni85127,Gianni Grosso,2024-10-08 14:51:50 UTC,2024-10-08 15:08:01 UTC,research,,https://www.inaturalist.org/observations/246326531,https://static.inaturalist.org/photos/439726955/medium.jpeg,,"",,1,0,false,,"Provincia di Belluno, Italia",46.0096786734,11.917511722,31,,,,31,,,false,,,Italy,Elicoverpa,Helicoverpa armigera,Cotton Bollworm Moth,Insecta,83806
246339386,f0cc329d-eee1-4e60-9576-b91a1bb5e0c2,2024-09-30 15:19:54,2024-09-30,2024-09-30 13:19:54 UTC,Rome,7717276,agostino19631,Agostino Codazzi,2024-10-08 16:30:19 UTC,2024-10-09 07:55:21 UTC,research,,https://www.inaturalist.org/observations/246339386,https://static.inaturalist.org/photos/439752868/medium.jpeg,,"",,1,0,false,2,"26013 Crema CR, Italia",45.3618251093,9.6537433192,100,,,,100,,,false,gps,gps,Italy,Elicoverpa,Helicoverpa armigera,Cotton Bollworm Moth,Insecta,83806
246346105,e9e45cab-6659-465f-8364-7cc1edce6c63,2024/10/07 23:25,2024-10-07,2024-10-07 21:25:00 UTC,Rome,7651390,pier_francesco_murgia1,Pier Francesco Murgia,2024-10-08 17:31:05 UTC,2024-10-09 07:27:32 UTC,research,CC-BY-NC,https://www.inaturalist.org/observations/246346105,https://inaturalist-open-data.s3.amazonaws.com/photos/439764554/medium.jpeg,,"",,4,0,false,,"Città Metropolitana di Cagliari, Italia",39.2425205195,9.3051409904,2,,,,2,,,false,,,Italy,Elicoverpa,Helicoverpa armigera,Cotton Bollworm Moth,Insecta,83806
246473634,5229985d-84c0-4fa6-bead-803270adade5,2024-10-09 16:12:57+02:00,2024-10-09,2024-10-09 14:12:57 UTC,Rome,144545,luca_mazzini,Luca Mazzini,2024-10-09 14:14:38 UTC,2024-10-09 14:14:57 UTC,needs_id,CC-BY-NC,https://www.inaturalist.org/observations/246473634,https://inaturalist-open-data.s3.amazonaws.com/photos/440021177/medium.jpeg,,"","",0,0,false,3,"Strada Castenedolo, Ghedi, Lombardia, IT",45.418645,10.2767133333,4,,,,4,,,false,,,Italy,"",Helicoverpa armigera,Cotton Bollworm Moth,Insecta,83806
246483696,afede96a-4aba-4bda-adfa-ca3759d71ec0,2024-10-09 17:12:10+02:00,2024-10-09,2024-10-09 15:12:10 UTC,Rome,6975162,riversdrawer,Irmak Canatan,2024-10-09 15:28:04 UTC,2024-10-10 07:33:27 UTC,research,,https://www.inaturalist.org/observations/246483696,https://static.inaturalist.org/photos/440041365/medium.jpeg,,"","",2,0,false,3,"Via della Gora, Rovereto, Trentino-Alto Adige, IT",45.8880083333,11.0346945,5,,,,5,,,false,,,Italy,Helicoverpa armigera,Helicoverpa armigera,Cotton Bollworm Moth,Insecta,83806
246515707,b7eba271-bc20-437d-af17-35735476d6ee,2024-10-09 20:36:15,2024-10-09,2024-10-09 18:36:15 UTC,Rome,392309,bac_77,Marco Crivellari,2024-10-09 19:09:40 UTC,2024-10-10 07:52:58 UTC,research,CC-BY-NC,https://www.inaturalist.org/observations/246515707,https://inaturalist-open-data.s3.amazonaws.com/photos/440100766/medium.jpeg,,"",,2,0,false,2,"44026 Mesola FE, Italia",44.88385,12.232275,,,,,,,,false,gps,gps,Italy,Cotton Bollworm Moth,Helicoverpa armigera,Cotton Bollworm Moth,Insecta,83806
246520397,fb066a71-3cb3-40a7-8f0c-f48e271ea39f,2024-10-09 20:32:18,2024-10-09,2024-10-09 18:32:18 UTC,Rome,392309,bac_77,Marco Crivellari,2024-10-09 19:41:42 UTC,2024-10-10 09:41:23 UTC,research,CC-BY-NC,https://www.inaturalist.org/observations/246520397,https://inaturalist-open-data.s3.amazonaws.com/photos/440109510/medium.jpeg,,"",,2,0,false,2,"44026 Mesola FE, Italia",44.88385,12.232275,,,,,,,,false,gps,gps,Italy,Cotton Bollworm Moth,Helicoverpa armigera,Cotton Bollworm Moth,Insecta,83806
246545760,5ef458ec-c271-42ea-ab7b-f35dc729bb9a,2024/10/09 19:05,2024-10-09,2024-10-09 17:05:00 UTC,Rome,7651390,pier_francesco_murgia1,Pier Francesco Murgia,2024-10-09 23:00:32 UTC,2024-10-10 11:13:39 UTC,research,CC-BY-NC,https://www.inaturalist.org/observations/246545760,https://inaturalist-open-data.s3.amazonaws.com/photos/440156261/medium.jpeg,,"",,2,0,false,,"Città Metropolitana di Cagliari, Italia",39.2425205195,9.3051409904,2,,,,2,,,false,,,Italy,Elicoverpa,Helicoverpa armigera,Cotton Bollworm Moth,Insecta,83806
246581920,bc6f58f8-6b71-4c26-9280-f76178f3625a,2024/10/09 03:54,2024-10-09,2024-10-09 01:54:00 UTC,Rome,2697617,rinoiubatti,Rino,2024-10-10 04:56:08 UTC,2024-10-10 07:21:28 UTC,research,CC-BY-NC,https://www.inaturalist.org/observations/246581920,https://inaturalist-open-data.s3.amazonaws.com/photos/440234855/medium.jpg,,"","",1,0,false,,"Provincia di Chieti, Italia",42.207284486,14.5420286369,31,,,,31,,,false,,,Italy,Elicoverpa,Helicoverpa armigera,Cotton Bollworm Moth,Insecta,83806
246604227,89d9dd3e-c1d4-49bb-bc43-224ef3331eac,2024-10-10 12:43:01,2024-10-10,2024-10-10 10:43:01 UTC,Rome,5484270,danielegiugia,Daniele Giugia,2024-10-10 10:43:18 UTC,2024-10-11 17:08:15 UTC,research,CC-BY,https://www.inaturalist.org/observations/246604227,https://inaturalist-open-data.s3.amazonaws.com/photos/440279266/medium.jpeg,,"",,2,0,false,843,"Sessarego, Bogliasco, Liguria, IT",44.3900752905,9.0727370676,5,,,,5,,,false,,,Italy,Elicoverpa,Helicoverpa armigera,Cotton Bollworm Moth,Insecta,83806
246631338,a46ddfac-dfef-4aae-91a1-7d53b81c3b47,2024-10-10 16:15:05,2024-10-10,2024-10-10 14:15:05 UTC,Rome,7966477,elisss,Elisa Centomo,2024-10-10 14:56:21 UTC,2024-10-10 15:06:58 UTC,research,,https://www.inaturalist.org/observations/246631338,https://static.inaturalist.org/photos/440330962/medium.jpeg,,"",,2,0,false,2,"37050 Ca' degli Oppi VR, Italia",45.29485065,11.135702692,1181,,,,1181,,,false,,,Italy,Elicoverpa,Helicoverpa armigera,Cotton Bollworm Moth,Insecta,83806
246658552,98b79566-e3ff-44e0-a99e-14630c65d0fe,2024-10-10 15:09:09+02:00,2024-10-10,2024-10-10 13:09:09 UTC,Rome,4676585,steve_88,Steve Mansfield,2024-10-10 18:14:16 UTC,2024-10-10 18:19:22 UTC,needs_id,,https://www.inaturalist.org/observations/246658552,https://static.inaturalist.org/photos/440381811/medium.jpeg,,"","",0,0,false,3,"Sardinia, Tempio Pausania, Sardinia, IT",41.1435555,9.3030083333,4,,,,4,,,false,,,Italy,"",Helicoverpa armigera,Cotton Bollworm Moth,Insecta,83806
246673121,a16a4bfd-a751-45e4-9e2e-d8c041b58392,2024-10-10 21:20:00,2024-10-10,2024-10-10 19:20:00 UTC,Rome,490394,marianna_anzelmo,"",2024-10-10 19:57:54 UTC,2024-10-12 19:28:07 UTC,needs_id,,https://www.inaturalist.org/observations/246673121,https://static.inaturalist.org/photos/440411144/medium.jpeg,,"",,0,0,false,2,"41124 Modena MO, Italia",44.639070516,10.9139346331,185,,,,185,,,false,,,Italy,Cotton Bollworm Moth,Helicoverpa armigera,Cotton Bollworm Moth,Insecta,83806
246701111,c5760cb2-52d9-4134-9fcc-23663c743e25,2024-10-10 20:22:58,2024-10-10,2024-10-10 18:22:58 UTC,Rome,135012,pierabionda,"",2024-10-10 23:55:54 UTC,2024-10-11 07:40:51 UTC,research,CC-BY-NC,https://www.inaturalist.org/observations/246701111,https://inaturalist-open-data.s3.amazonaws.com/photos/440466359/medium.jpeg,,"",,1,0,false,2,"15048 Valenza AL, Italia",45.0538156812,8.646457158,184,,,,184,,,false,gps,gps,Italy,Elicoverpa,Helicoverpa armigera,Cotton Bollworm Moth,Insecta,83806
246819575,1749f1ed-cdf1-4f78-9b06-b4f80624cec0,2024/09/14 14:01,2024-09-14,2024-09-14 12:01:00 UTC,Rome,2781239,dpeskildsen,Daniel Eskildsen,2024-10-11 19:53:43 UTC,2024-10-14 12:49:01 UTC,research,,https://www.inaturalist.org/observations/246819575,https://static.inaturalist.org/photos/440694736/medium.jpg,,"",,2,0,false,,"Alessandria, Italien",44.8160986585,8.9306568614,15,,,,15,,,false,,,Italy,Kriger træk-ugle,Helicoverpa armigera,Cotton Bollworm Moth,Insecta,83806
246841850,212cc39f-c73f-4767-b790-2d6681230222,2024-10-11 23:36:55,2024-10-11,2024-10-11 21:36:55 UTC,Rome,2750003,dariop9167,Dario Pozzan,2024-10-11 22:32:30 UTC,2025-04-05 15:10:11 UTC,research,,https://www.inaturalist.org/observations/246841850,https://static.inaturalist.org/photos/440744481/medium.jpeg,,"",,1,0,false,2,"10149 Torino TO, Italia",45.0934869094,7.6624897867,143,,,,143,,,false,gps,gps,Italy,Elicoverpa,Helicoverpa armigera,Cotton Bollworm Moth,Insecta,83806
246898723,5ae7702b-ae90-433f-9db7-8b744d4494b4,2024-10-12 11:25:00+02:00,2024-10-12,2024-10-12 09:25:00 UTC,Rome,1059214,trineiversen,,2024-10-12 09:25:59 UTC,2024-10-14 12:44:10 UTC,research,CC-BY-NC,https://www.inaturalist.org/observations/246898723,https://inaturalist-open-data.s3.amazonaws.com/photos/440861055/medium.jpeg,,"","",2,0,false,3,"Pompei Scavi-Villa dei Misteri, Pompei, Campanien, IT",40.7490283333,14.4805383333,3,,,,3,,,false,,,Italy,Kriger træk-ugle,Helicoverpa armigera,Cotton Bollworm Moth,Insecta,83806
246919311,03ec6fbb-c0e5-4e78-ac1a-66595a2034f9,2024-10-12 10:54:38,2024-10-12,2024-10-12 08:54:38 UTC,Rome,8488751,emiliashl,Emilia,2024-10-12 12:59:10 UTC,2024-10-12 13:01:20 UTC,needs_id,,https://www.inaturalist.org/observations/246919311,https://static.inaturalist.org/photos/440901038/medium.jpeg,,"",,0,0,false,2,"Lucca, Toscana, IT",44.011355,10.226425,2,,,,2,,,false,,,Italy,Baumwoll-Sonneneule,Helicoverpa armigera,Cotton Bollworm Moth,Insecta,83806
246936408,75bbe070-8029-4149-9d35-ba62baf44d86,2024-10-12 16:49:28,2024-10-12,2024-10-12 14:49:28 UTC,Rome,7845652,scienzenaturali,Andrea Bonifazi,2024-10-12 14:54:38 UTC,2025-08-11 13:04:56 UTC,research,CC-BY-NC,https://www.inaturalist.org/observations/246936408,https://inaturalist-open-data.s3.amazonaws.com/photos/440931725/medium.jpeg,,"",,1,0,false,2,"09127 Cagliari CA, Italia",39.230506341,9.1145246755,10,,,,10,,,false,,,Italy,Elicoverpa,Helicoverpa armigera,Cotton Bollworm Moth,Insecta,83806
247017852,9a60edee-36fb-4802-b8a0-8d66789dbdc7,2024-10-11 13:24:22,2024-10-11,2024-10-11 11:24:22 UTC,Rome,502375,denisetr,denise,2024-10-12 22:57:56 UTC,2024-10-14 12:31:40 UTC,research,CC-BY-NC,https://www.inaturalist.org/observations/247017852,https://inaturalist-open-data.s3.amazonaws.com/photos/441091764/medium.jpeg,,"",,2,0,false,2,"16167 Genova GE, Italia",44.391956957,9.0448459983,25,,,,25,,,false,gps,gps,Italy,Elicoverpa,Helicoverpa armigera,Cotton Bollworm Moth,Insecta,83806
247032143,7ce1092e-a4c7-48d6-9e8a-fb34fce5029b,2024-10-07 10:35:00,2024-10-07,2024-10-07 08:35:00 UTC,Rome,2267411,elanzucchetti,Elan Zucchetti,2024-10-13 00:45:25 UTC,2024-10-14 12:30:55 UTC,research,CC-BY-NC,https://www.inaturalist.org/observations/247032143,https://inaturalist-open-data.s3.amazonaws.com/photos/441120273/medium.jpeg,,"",,2,0,false,2,"17014 San Giuseppe di Cairo, Province of Savona, Italy",44.3683283056,8.2909497991,462,,,,462,,,false,gps,gps,Italy,Cotton Bollworm Moth,Helicoverpa armigera,Cotton Bollworm Moth,Insecta,83806
247032557,c07fe921-e0e9-427a-ae9e-063b03b4697d,2024-10-07 22:36:00,2024-10-07,2024-10-07 20:36:00 UTC,Rome,2267411,elanzucchetti,Elan Zucchetti,2024-10-13 00:49:36 UTC,2024-10-14 13:33:05 UTC,research,CC-BY-NC,https://www.inaturalist.org/observations/247032557,https://inaturalist-open-data.s3.amazonaws.com/photos/441121394/medium.jpeg,,"",,2,0,false,2,"17014 San Giuseppe di Cairo, Province of Savona, Italy",44.3683283056,8.2909497991,462,,,,462,,,false,gps,gps,Italy,Cotton Bollworm Moth,Helicoverpa armigera,Cotton Bollworm Moth,Insecta,83806
247073385,bd74655a-5e6f-4f08-8ab7-2b7b688933fb,2024-10-12 11:04:41,2024-10-12,2024-10-12 09:04:41 UTC,Rome,393102,lucaboscain,Luca Boscain,2024-10-13 07:03:05 UTC,2025-04-05 16:54:21 UTC,research,CC-BY-NC,https://www.inaturalist.org/observations/247073385,https://inaturalist-open-data.s3.amazonaws.com/photos/441204096/medium.jpeg,,"","",1,0,false,2,"31047 Ponte di Piave, Province of Treviso, Italy",45.732048,12.515505,12,,,,12,,,false,gps,gps,Italy,Cotton Bollworm Moth,Helicoverpa armigera,Cotton Bollworm Moth,Insecta,83806
247073454,759a7063-b083-4330-adf1-faa40331cc65,2024-10-12 11:26:58,2024-10-12,2024-10-12 09:26:58 UTC,Rome,393102,lucaboscain,Luca Boscain,2024-10-13 07:03:29 UTC,2024-10-14 12:28:55 UTC,research,CC-BY-NC,https://www.inaturalist.org/observations/247073454,https://inaturalist-open-data.s3.amazonaws.com/photos/441204147/medium.jpeg,,"","",2,0,false,2,"31040 Campo di Pietra, Province of Treviso, Italy",45.732138,12.515088,3,,,,3,,,false,gps,gps,Italy,Cotton Bollworm Moth,Helicoverpa armigera,Cotton Bollworm Moth,Insecta,83806
247075467,af931af3-cb89-4ef2-8403-0c71b83d807a,2024-10-13 07:57:54+02:00,2024-10-13,2024-10-13 05:57:54 UTC,Rome,6011141,dario_vettore,Dario vettore,2024-10-13 07:29:45 UTC,2024-11-22 10:18:35 UTC,research,,https://www.inaturalist.org/observations/247075467,https://static.inaturalist.org/photos/441207754/medium.jpeg,,"","",1,0,false,3,"Via Monte della Madonna, Padova, Veneto, IT",45.3949085529,11.8361766409,18,,,,18,,,false,,,Italy,Elicoverpa,Helicoverpa armigera,Cotton Bollworm Moth,Insecta,83806
247093506,f8db05d1-0f60-43f7-a5d9-6ed2f5bf0550,2024-10-13 12:46:29,2024-10-13,2024-10-13 10:46:29 UTC,Rome,5473962,giorgio1961,Giorgio,2024-10-13 10:47:56 UTC,2024-10-14 13:39:54 UTC,research,CC-BY-NC,https://www.inaturalist.org/observations/247093506,https://inaturalist-open-data.s3.amazonaws.com/photos/441242816/medium.jpeg,,"",,2,0,false,2,"63900 Fermo FM, Italia",43.1610195,13.71782166,3,,,,3,,,false,,,Italy,Elicoverpa,Helicoverpa armigera,Cotton Bollworm Moth,Insecta,83806
247094461,b56fdeb8-face-41d7-9a73-3578e0c518ce,2024-10-13 12:24:10,2024-10-13,2024-10-13 10:24:10 UTC,Rome,4404134,tiz_bat,Tiziano,2024-10-13 10:58:07 UTC,2024-10-17 08:34:56 UTC,research,CC-BY-NC,https://www.inaturalist.org/observations/247094461,https://inaturalist-open-data.s3.amazonaws.com/photos/441244789/medium.jpeg,,"",,2,0,false,2,"20060 Pozzuolo Martesana MI, Italia",45.4986237997,9.4510980997,,,,,,,,false,gps,gps,Italy,Elicoverpa,Helicoverpa armigera,Cotton Bollworm Moth,Insecta,83806
247096726,ec45538d-9b29-4cec-a656-68d82a2bcba7,2024/10/13 10:11,2024-10-13,2024-10-13 08:11:00 UTC,Rome,419068,theworldofpaolo,Paolo Zucca,2024-10-13 11:21:43 UTC,2024-10-14 12:24:13 UTC,research,CC-BY,https://www.inaturalist.org/observations/247096726,https://inaturalist-open-data.s3.amazonaws.com/photos/441247351/medium.png,,"",,2,0,false,,"Lombardia, IT",45.1572208129,10.4619978317,1735,,,,27222,obscured,,true,,,Italy,Elicoverpa,Helicoverpa armigera,Cotton Bollworm Moth,Insecta,83806
247121687,ed4a4fd9-6202-4bed-9cd7-0df75347a728,2024-10-13 15:09:51,2024-10-13,2024-10-13 13:09:51 UTC,Rome,5473907,teresa649,Teresa Prandi,2024-10-13 14:35:56 UTC,2024-10-13 16:30:31 UTC,needs_id,CC0,https://www.inaturalist.org/observations/247121687,https://inaturalist-open-data.s3.amazonaws.com/photos/441328799/medium.jpeg,,"",,0,0,false,2,"28062 Cameri NO, Italia",45.5384250149,8.6983166635,3,,,,3,,,false,,,Italy,Elicoverpa,Helicoverpa armigera,Cotton Bollworm Moth,Insecta,83806
247163563,1d0cccd6-6cea-4222-bb2c-20114452b572,2024/10/13 13:41,2024-10-13,2024-10-13 11:41:00 UTC,Rome,7709769,gianni85127,Gianni Grosso,2024-10-13 18:16:52 UTC,2025-04-05 17:34:37 UTC,research,,https://www.inaturalist.org/observations/247163563,https://static.inaturalist.org/photos/441377026/medium.jpeg,,"",,1,0,false,,"Provincia di Belluno, Italia",46.0097636872,11.918563658,15,,,,15,,,false,,,Italy,Elicoverpa,Helicoverpa armigera,Cotton Bollworm Moth,Insecta,83806
247175049,d3586cab-66b9-4953-942a-bbc4ce8ed7be,2024-10-13 18:36:54,2024-10-13,2024-10-13 16:36:54 UTC,Rome,7907554,debonweb,Debora,2024-10-13 19:14:18 UTC,2024-10-13 19:14:43 UTC,needs_id,,https://www.inaturalist.org/observations/247175049,https://static.inaturalist.org/photos/441401281/medium.jpeg,,"",,0,0,false,2,"26013 Crema CR, Italia",45.3567371854,9.6674168855,183,,,,183,,,false,gps,gps,Italy,Elicoverpa,Helicoverpa armigera,Cotton Bollworm Moth,Insecta,83806
247306529,8d0cfbd6-660b-4003-8e9b-20dce56f9fd3,2024-10-14 15:25:52,2024-10-14,2024-10-14 13:25:52 UTC,Rome,392309,bac_77,Marco Crivellari,2024-10-14 13:41:37 UTC,2024-10-14 15:25:04 UTC,research,CC-BY-NC,https://www.inaturalist.org/observations/247306529,https://inaturalist-open-data.s3.amazonaws.com/photos/441668203/medium.jpeg,,"",,1,0,false,2,"44026 Mesola FE, Italia",44.8835083333,12.2320861111,,,,,,,,false,gps,gps,Italy,Cotton Bollworm Moth,Helicoverpa armigera,Cotton Bollworm Moth,Insecta,83806
247315500,a6c066f4-2ff7-4bbd-aa26-57cc54831f51,2024/10/13 3:08 PM,2024-10-13,2024-10-13 13:08:00 UTC,Rome,428858,claudioflamigni,Claudio Flamigni,2024-10-14 14:45:43 UTC,2024-10-15 10:51:10 UTC,research,CC-BY-NC,https://www.inaturalist.org/observations/247315500,https://inaturalist-open-data.s3.amazonaws.com/photos/441669118/medium.jpeg,,"","Via della Collina, 260 m circa.",2,0,false,,"Metropolitan City of Bologna, Italy",44.4101068112,11.3591790954,20,,,,20,,,false,,,Italy,Cotton Bollworm Moth,Helicoverpa armigera,Cotton Bollworm Moth,Insecta,83806
247330091,630a3ddd-ba44-4cbb-bb81-83bca59ac171,2024/10/14 14:16,2024-10-14,2024-10-14 12:16:00 UTC,Rome,1395828,elkvorr,Elio Giacone,2024-10-14 16:26:06 UTC,2024-11-05 09:14:44 UTC,research,CC-BY-NC,https://www.inaturalist.org/observations/247330091,https://inaturalist-open-data.s3.amazonaws.com/photos/441713848/medium.jpeg,,1000grn1,Elicoverpa,3,0,false,,Torre Pellice - TO - Italia,44.819588,7.2089893,2150,,,,2150,,,false,,,Italy,Elicoverpa,Helicoverpa armigera,Cotton Bollworm Moth,Insecta,83806
247385344,86e62370-a606-483c-afb1-9b6190348712,2024-09-27 22:12:37,2024-09-27,2024-09-27 20:12:37 UTC,Rome,392309,bac_77,Marco Crivellari,2024-10-14 22:27:15 UTC,2024-10-15 09:11:28 UTC,research,CC-BY-NC,https://www.inaturalist.org/observations/247385344,https://inaturalist-open-data.s3.amazonaws.com/photos/441824004/medium.jpeg,,"",,2,0,false,2,"35038 Torreglia PD, Italia",45.3209694444,11.7152277778,,,,,,,,false,gps,gps,Italy,Cotton Bollworm Moth,Helicoverpa armigera,Cotton Bollworm Moth,Insecta,83806
247385434,f4f3b7c5-4342-45dc-b45b-267d78558b82,2024-09-27 22:24:56,2024-09-27,2024-09-27 20:24:56 UTC,Rome,392309,bac_77,Marco Crivellari,2024-10-14 22:28:17 UTC,2024-10-15 11:03:30 UTC,research,CC-BY-NC,https://www.inaturalist.org/observations/247385434,https://inaturalist-open-data.s3.amazonaws.com/photos/441824291/medium.jpeg,,"",,1,0,false,2,"35038 Torreglia PD, Italia",45.3210222222,11.7152111111,,,,,,,,false,gps,gps,Italy,Cotton Bollworm Moth,Helicoverpa armigera,Cotton Bollworm Moth,Insecta,83806
247439074,21bb6e92-42d0-4784-9855-cfe6130e8f38,2024-10-15 09:52:24,2024-10-15,2024-10-15 07:52:24 UTC,Rome,3036102,gloriafeltrin,Gloria Feltrin,2024-10-15 07:54:49 UTC,2024-10-15 09:07:20 UTC,research,CC-BY-NC,https://www.inaturalist.org/observations/247439074,https://inaturalist-open-data.s3.amazonaws.com/photos/441934492/medium.jpeg,,"",,1,0,false,2,"31100 Treviso TV, Italia",45.6743361413,12.2519224137,4,,,,4,,,false,gps,gps,Italy,Elicoverpa,Helicoverpa armigera,Cotton Bollworm Moth,Insecta,83806
247508289,8b3fcd3f-680d-4e4d-a415-466fd419b751,2024-10-15 16:51:37,2024-10-15,2024-10-15 14:51:37 UTC,Rome,5554327,federico_biguzzi,Federico Biguzzi,2024-10-15 18:29:50 UTC,2024-10-16 14:48:15 UTC,research,CC-BY-NC,https://www.inaturalist.org/observations/247508289,https://inaturalist-open-data.s3.amazonaws.com/photos/442306546/medium.jpeg,,"",,1,0,false,2,"Recco, 16036 Recco GE, Italia",44.3611313739,9.1466267779,22,,,,22,,,false,gps,gps,Italy,Elicoverpa,Helicoverpa armigera,Cotton Bollworm Moth,Insecta,83806
247591091,648e3025-9243-43a9-9cfa-34846da3a3b3,2024-10-09 15:16:35,2024-10-09,2024-10-09 13:16:35 UTC,Rome,2752989,gourojohn,Giannis Gkourogiannis,2024-10-16 07:42:12 UTC,2024-10-16 08:45:33 UTC,research,,https://www.inaturalist.org/observations/247591091,https://static.inaturalist.org/photos/442233592/medium.jpeg,,"",,1,0,false,2,"35020 Legnaro, Province of Padua, Italy",45.3446092,11.9563716,,,,,,,,false,gps,gps,Italy,Cotton Bollworm Moth,Helicoverpa armigera,Cotton Bollworm Moth,Insecta,83806
247598090,c1b113ac-f0f0-462f-a710-faab587e6f8a,2024-10-15 21:58:08,2024-10-15,2024-10-15 19:58:08 UTC,Rome,370501,bferrero,"",2024-10-16 09:34:12 UTC,2024-11-22 10:47:47 UTC,research,CC-BY-NC,https://www.inaturalist.org/observations/247598090,https://inaturalist-open-data.s3.amazonaws.com/photos/442249604/medium.jpeg,,"",,2,0,false,2,"Torino, Piemonte, IT",45.0435728165,7.3476310039,186,,,,27222,obscured,,true,gps,gps,Italy,Helicoverpa armigera,Helicoverpa armigera,Cotton Bollworm Moth,Insecta,83806
247603022,8df28ebb-74b9-4076-825c-b5ac6fe71bc2,2024-10-15 15:55:04+02:00,2024-10-15,2024-10-15 13:55:04 UTC,Rome,137919,sofia-b,"",2024-10-16 10:41:39 UTC,2024-11-22 10:17:36 UTC,research,CC-BY-NC,https://www.inaturalist.org/observations/247603022,https://inaturalist-open-data.s3.amazonaws.com/photos/442258952/medium.jpeg,,"","",1,0,false,3,"Strada Loghino, Canneto sull'Oglio, Lombardia, IT",45.1432833333,10.390325,4,,,,4,,,false,,,Italy,Elicoverpa,Helicoverpa armigera,Cotton Bollworm Moth,Insecta,83806
247612105,78dd4abb-69b1-4618-9c4d-4c82f9cbc80f,2024-10-16 14:29:19,2024-10-16,2024-10-16 12:29:19 UTC,Rome,7780152,pietro_melandri_birding,Pietro Melandri,2024-10-16 12:31:33 UTC,2024-10-16 14:24:35 UTC,research,CC0,https://www.inaturalist.org/observations/247612105,https://static.inaturalist.org/photos/442276965/medium.jpeg,,"",,1,0,false,2,"Alfonso d'Este Medaglie D'oro, 44121 Ferrara FE, Italia",44.8315332204,11.6329466924,5,,,,5,,,false,gps,gps,Italy,Elicoverpa,Helicoverpa armigera,Cotton Bollworm Moth,Insecta,83806
247618331,907c8abd-95b8-42ad-9c02-36b38f9ccb2b,2024-10-16 15:28:16,2024-10-16,2024-10-16 13:28:16 UTC,Rome,2385055,andrea_giaccardi,Andrea Giaccardi,2024-10-16 13:30:25 UTC,2024-10-16 13:30:43 UTC,needs_id,,https://www.inaturalist.org/observations/247618331,https://static.inaturalist.org/photos/442288818/medium.jpeg,,"",,0,0,false,2,"LORETO - S.P. Trinità Salmour, 12045 Fossano CN, Italia",44.5470698972,7.776365,,,,,,,,false,gps,gps,Italy,Elicoverpa,Helicoverpa armigera,Cotton Bollworm Moth,Insecta,83806
247905196,8912093c-d80c-47e5-9674-66df32a612f0,2024-10-18 12:21:31,2024-10-18,2024-10-18 10:21:31 UTC,Rome,167604,frondo,Jacopo Grossule,2024-10-18 13:29:38 UTC,2024-10-20 15:06:18 UTC,research,CC-BY-NC,https://www.inaturalist.org/observations/247905196,https://inaturalist-open-data.s3.amazonaws.com/photos/442854795/medium.jpeg,,"",,1,0,false,2,"35043 Monselice PD, Italia",45.2425322968,11.7536370456,145,,,,145,,,false,gps,gps,Italy,Cotton Bollworm Moth,Helicoverpa armigera,Cotton Bollworm Moth,Insecta,83806
248042803,25b5ec18-6cd0-4662-a7b3-399fa9dc045c,2024-10-19 12:06:55,2024-10-19,2024-10-19 10:06:55 UTC,Rome,1824031,adtll,"",2024-10-19 10:29:23 UTC,2024-11-22 10:17:26 UTC,research,CC-BY-NC,https://www.inaturalist.org/observations/248042803,https://inaturalist-open-data.s3.amazonaws.com/photos/443122588/medium.jpeg,,"",,1,0,false,2,"24055 Cologno al Serio BG, Italia",45.58622,9.71175,4,,,,4,,,false,,,Italy,Elicoverpa,Helicoverpa armigera,Cotton Bollworm Moth,Insecta,83806
248115899,667f80eb-393c-485c-abd1-3b9e06bfe98b,2024/10/06 1:01 PM,2024-10-06,2024-10-06 11:01:00 UTC,Rome,7033558,joshuahuster,Joshua Huster,2024-10-19 18:24:48 UTC,2025-04-06 10:17:49 UTC,research,,https://www.inaturalist.org/observations/248115899,https://static.inaturalist.org/photos/443258639/medium.jpg,,"",,1,0,false,,"Verbania, Province of Verbano-Cusio-Ossola, Italy",45.926483668,8.5620009321,31,,,,31,,,false,,,Italy,Baumwoll-Sonneneule,Helicoverpa armigera,Cotton Bollworm Moth,Insecta,83806
248269878,dbd871ad-dc2d-4b57-88e0-817800e628ae,2024-10-20 16:17:00,2024-10-20,2024-10-20 14:17:00 UTC,Rome,8217761,jean_nonamoiragnimalirispetto,,2024-10-20 14:19:34 UTC,2025-04-06 14:30:46 UTC,research,CC-BY-NC,https://www.inaturalist.org/observations/248269878,https://inaturalist-open-data.s3.amazonaws.com/photos/443569774/medium.jpeg,,"",,1,0,false,2,"43036 Fidenza PR, Italia",44.8674120753,10.058959052,18,,,,18,,,false,gps,gps,Italy,Elicoverpa,Helicoverpa armigera,Cotton Bollworm Moth,Insecta,83806
248328864,d12f6e92-e727-418e-95fe-2d454d36d4de,2024-10-20 16:35:00,2024-10-20,2024-10-20 14:35:00 UTC,Rome,5600285,ireuz,"",2024-10-20 19:34:47 UTC,2025-08-13 10:28:42 UTC,needs_id,,https://www.inaturalist.org/observations/248328864,https://static.inaturalist.org/photos/443682799/medium.jpeg,,"",,1,0,false,2,"37133 Verona VR, Italia",45.3900365586,11.0593190789,413,,,,413,,,false,gps,gps,Italy,Elicoverpa,Helicoverpa armigera,Cotton Bollworm Moth,Insecta,83806
248424939,d961f342-8575-40c7-ba73-669908f6699b,2024-10-21 12:02:26,2024-10-21,2024-10-21 10:02:26 UTC,Rome,8329924,ccostoya,Cristóbal Costoya,2024-10-21 10:07:51 UTC,2024-11-22 10:47:40 UTC,research,CC-BY-NC,https://www.inaturalist.org/observations/248424939,https://inaturalist-open-data.s3.amazonaws.com/photos/443879881/medium.jpeg,,"",,1,0,false,2,"20123 Milan, Metropolitan City of Milan, Italy",45.4646299997,9.1813859997,,,,,,,,false,gps,gps,Italy,Cotton Bollworm Moth,Helicoverpa armigera,Cotton Bollworm Moth,Insecta,83806
248467439,8286e599-0105-4c85-9905-c4f4307c6867,2024/10/21 15:22,2024-10-21,2024-10-21 13:22:00 UTC,Rome,7043716,luciano-gollini,Luciano Gollini,2024-10-21 16:18:21 UTC,2025-04-06 22:17:53 UTC,research,CC-BY-NC,https://www.inaturalist.org/observations/248467439,https://inaturalist-open-data.s3.amazonaws.com/photos/443964863/medium.jpeg,,"","",1,0,false,,"Città metropolitana di Milano, Italia",45.5011813889,8.8197430556,,,,,,,,false,,,Italy,Elicoverpa,Helicoverpa armigera,Cotton Bollworm Moth,Insecta,83806
248476000,22f1c6f4-783d-488a-8666-53aa79c420bf,2024-10-21 19:14:25+02:00,2024-10-21,2024-10-21 17:14:25 UTC,Rome,360173,federico19,Federico Pino,2024-10-21 17:14:37 UTC,2024-10-22 12:26:07 UTC,research,,https://www.inaturalist.org/observations/248476000,https://static.inaturalist.org/photos/443981840/medium.jpeg,,"","",1,0,false,3,"Ferrere, Piemonte, IT",44.8702057129,7.9861091621,6,,,,6,,,false,,,Italy,Elicoverpa,Helicoverpa armigera,Cotton Bollworm Moth,Insecta,83806
248570868,eae1934f-6706-45a7-909b-de791ab1501f,2024-10-22 10:22:45,2024-10-22,2024-10-22 08:22:45 UTC,Rome,7845652,scienzenaturali,Andrea Bonifazi,2024-10-22 08:23:21 UTC,2025-04-07 01:18:36 UTC,research,CC-BY-NC,https://www.inaturalist.org/observations/248570868,https://inaturalist-open-data.s3.amazonaws.com/photos/444211115/medium.jpeg,,"",,1,0,false,2,"Via Aurelia Sud km 67, 580, 00053 Civitavecchia RM, Italia",42.0634158142,11.8135767058,8,,,,8,,,false,,,Italy,Elicoverpa,Helicoverpa armigera,Cotton Bollworm Moth,Insecta,83806
248616026,96f5f41c-35a6-4b20-a07d-fc605206c3f5,2024-10-22 18:09:46,2024-10-22,2024-10-22 16:09:46 UTC,Rome,3233666,pevel65,"",2024-10-22 16:10:06 UTC,2025-04-07 02:23:54 UTC,research,CC-BY-NC,https://www.inaturalist.org/observations/248616026,https://inaturalist-open-data.s3.amazonaws.com/photos/444260679/medium.jpeg,,"",L. 15/16 mm,1,0,false,2,"41015 Nonantola MO, Italia",44.6787092906,11.0287073627,1920,,,,1920,,,false,,,Italy,Elicoverpa,Helicoverpa armigera,Cotton Bollworm Moth,Insecta,83806
248634095,59898740-ff76-469c-928d-16ef502e54dd,2024-10-14 17:26:42,2024-10-14,2024-10-14 15:26:42 UTC,Rome,1124713,ugoraimondi,Ugo Raimondi,2024-10-22 18:32:56 UTC,2024-10-28 17:08:05 UTC,research,,https://www.inaturalist.org/observations/248634095,https://static.inaturalist.org/photos/444296351/medium.jpeg,,"",,2,0,false,2,"81057 Teano CE, Italia",41.2466365524,14.0688363835,74,,,,74,,,false,,,Italy,Elicoverpa,Helicoverpa armigera,Cotton Bollworm Moth,Insecta,83806
248662143,1bd6d4bf-2799-4b20-8a26-eb5d58ca00d1,2024-10-22 22:27:15,2024-10-22,2024-10-22 20:27:15 UTC,Rome,2514105,diegoreggianti,"",2024-10-22 22:23:04 UTC,2024-10-23 08:03:32 UTC,research,CC-BY-NC,https://www.inaturalist.org/observations/248662143,https://inaturalist-open-data.s3.amazonaws.com/photos/444353773/medium.jpeg,,"",,1,0,false,2,"Crocco- Olivi, 00148 Roma RM, Italia",41.8255500489,12.3981212452,149,,,,149,,,false,gps,gps,Italy,Helicoverpa armigera,Helicoverpa armigera,Cotton Bollworm Moth,Insecta,83806
248853458,96f196fa-114f-4506-96a6-b9625ff8ebf4,2024-10-24 09:13:25,2024-10-24,2024-10-24 07:13:25 UTC,Rome,5878658,sguanci72,,2024-10-24 07:25:48 UTC,2025-04-07 07:54:21 UTC,research,CC-BY-NC,https://www.inaturalist.org/observations/248853458,https://inaturalist-open-data.s3.amazonaws.com/photos/444739268/medium.jpeg,,"",,1,0,false,2,"Goito Scuola, 61122 Pesaro PU, Italia",43.8941710313,12.8982050344,195,,,,195,,,false,,,Italy,Elicoverpa,Helicoverpa armigera,Cotton Bollworm Moth,Insecta,83806
248873511,edbd9296-9188-4552-8197-fc6be2062210,2024-10-24 13:50:18,2024-10-24,2024-10-24 11:50:18 UTC,Rome,8397125,giuli_p,"",2024-10-24 12:31:17 UTC,2025-04-07 08:20:26 UTC,research,CC-BY-NC,https://www.inaturalist.org/observations/248873511,https://inaturalist-open-data.s3.amazonaws.com/photos/444778213/medium.jpeg,,"",,1,0,false,2,"37129 Verona VR, Italia",45.441367505,11.0106339678,292,,,,292,,,false,gps,gps,Italy,Elicoverpa,Helicoverpa armigera,Cotton Bollworm Moth,Insecta,83806
248897444,31a9a4c6-c029-4f6d-9fbe-651f9d3389ee,2024-10-24 18:04:06,2024-10-24,2024-10-24 16:04:06 UTC,Rome,485724,mariaelisa,Chiaramonte family,2024-10-24 16:04:35 UTC,2025-04-07 08:49:23 UTC,research,CC-BY-NC,https://www.inaturalist.org/observations/248897444,https://inaturalist-open-data.s3.amazonaws.com/photos/444821895/medium.jpeg,,"",,1,0,false,2,"37067 Valeggio sul Mincio VR, Italia",45.3588219406,10.7397079747,24,,,,24,,,false,,,Italy,Elicoverpa,Helicoverpa armigera,Cotton Bollworm Moth,Insecta,83806
248935451,dccef4b5-01f4-411d-a97e-aa56a4e40df0,2024-10-24 19:36:05+02:00,2024-10-24,2024-10-24 17:36:05 UTC,Rome,8054608,m_gamba,Martina Gamba,2024-10-24 21:07:30 UTC,2024-11-09 20:12:47 UTC,research,CC-BY-NC,https://www.inaturalist.org/observations/248935451,https://inaturalist-open-data.s3.amazonaws.com/photos/444897039/medium.jpeg,,"","",2,0,false,3,"Torino, Piemonte, IT",45.3852747733,7.4324281503,54,,,,27190,obscured,,true,,,Italy,Elicoverpa,Helicoverpa armigera,Cotton Bollworm Moth,Insecta,83806
248985704,c46e0c6e-0bfe-4487-adab-c4ac66a83ef9,2024-10-25 07:55:10,2024-10-25,2024-10-25 05:55:10 UTC,Rome,2514105,diegoreggianti,"",2024-10-25 06:14:29 UTC,2024-11-29 12:53:16 UTC,research,CC-BY-NC,https://www.inaturalist.org/observations/248985704,https://inaturalist-open-data.s3.amazonaws.com/photos/444997263/medium.jpeg,,"",,2,0,false,2,cambusa,41.9190360105,12.4867068976,8,,,,8,,,false,gps,gps,Italy,Helicoverpa armigera,Helicoverpa armigera,Cotton Bollworm Moth,Insecta,83806
249010454,76d79b12-8251-44b5-aeb5-8b2927ec7fbe,2024/10/24 02:22,2024-10-24,2024-10-24 00:22:00 UTC,Rome,2697617,rinoiubatti,Rino,2024-10-25 12:22:35 UTC,2025-04-07 11:24:12 UTC,research,CC-BY-NC,https://www.inaturalist.org/observations/249010454,https://inaturalist-open-data.s3.amazonaws.com/photos/445047514/medium.jpg,,"","",1,0,false,,"Provincia di Chieti, Italia",42.2072368037,14.542157383,31,,,,31,,,false,,,Italy,Elicoverpa,Helicoverpa armigera,Cotton Bollworm Moth,Insecta,83806
249086228,3e56d498-7fd7-4516-ad8e-90b8792b1b3e,2024-10-26 00:12:07,2024-10-26,2024-10-25 22:12:07 UTC,Rome,392309,bac_77,Marco Crivellari,2024-10-25 23:08:28 UTC,2024-10-27 14:20:08 UTC,research,CC-BY-NC,https://www.inaturalist.org/observations/249086228,https://inaturalist-open-data.s3.amazonaws.com/photos/445196339/medium.jpeg,,"",,1,0,false,2,"31033 Treville TV, Italia",45.6569305556,11.9106611111,,,,,,,,false,gps,gps,Italy,Cotton Bollworm Moth,Helicoverpa armigera,Cotton Bollworm Moth,Insecta,83806
249151909,8935671b-665a-4fe3-81d2-cf860fc70229,2024-10-26 14:15:22,2024-10-26,2024-10-26 12:15:22 UTC,Rome,7179999,giadasgara,Giada Sgaravatto,2024-10-26 12:16:04 UTC,2024-10-27 12:28:39 UTC,research,CC-BY-NC,https://www.inaturalist.org/observations/249151909,https://inaturalist-open-data.s3.amazonaws.com/photos/445326747/medium.jpeg,,"",,1,0,false,2,"Tram Guizza r, 35125 Padova PD, Italia",45.3741797,11.8704999,8,,,,8,,,false,,,Italy,Elicoverpa,Helicoverpa armigera,Cotton Bollworm Moth,Insecta,83806
249168689,d8dcf0c1-ea88-445c-95b8-6f08239df3ab,2024-10-26 16:31:25,2024-10-26,2024-10-26 14:31:25 UTC,Rome,7868016,dariomagno,Dariomagno,2024-10-26 14:40:56 UTC,2024-10-26 14:41:23 UTC,needs_id,CC-BY-NC,https://www.inaturalist.org/observations/249168689,https://inaturalist-open-data.s3.amazonaws.com/photos/445358053/medium.jpeg,,"",,0,0,false,2,"50125 Firenze FI, Italia",43.7606360389,11.2496146,,,,,,,,false,gps,gps,Italy,Elicoverpa,Helicoverpa armigera,Cotton Bollworm Moth,Insecta,83806
249300901,8c39c29b-9e3b-4860-8fc2-38806b3ab039,2024-10-27 09:07:44+01:00,2024-10-27,2024-10-27 08:07:44 UTC,Rome,1956724,andreaang,Andrea Angiari,2024-10-27 10:41:28 UTC,2024-10-28 18:09:23 UTC,research,CC-BY-NC,https://www.inaturalist.org/observations/249300901,https://inaturalist-open-data.s3.amazonaws.com/photos/445623998/medium.jpeg,,"","",1,0,false,3,"Via Don Giuseppe Bonizzato, Mozzecane, Veneto, IT",45.3043966667,10.81962,3,,,,3,,,false,,,Italy,Cotton Bollworm Moth,Helicoverpa armigera,Cotton Bollworm Moth,Insecta,83806
249378857,6ab3c798-bbbe-4e09-9df7-a6422af754c4,2024-10-27 20:25:55,2024-10-27,2024-10-27 19:25:55 UTC,Rome,7651390,pier_francesco_murgia1,Pier Francesco Murgia,2024-10-27 19:29:03 UTC,2024-10-28 14:50:00 UTC,research,CC-BY-NC,https://www.inaturalist.org/observations/249378857,https://inaturalist-open-data.s3.amazonaws.com/photos/445774672/medium.jpeg,,"",,2,0,false,2,"09094 Marrubiu OR, Italia",39.7514696,8.6384419,56,,,,56,,,false,,,Italy,Elicoverpa,Helicoverpa armigera,Cotton Bollworm Moth,Insecta,83806
249396650,788ac137-fd47-4391-be77-9a1337b4bf19,2024-10-27 21:43:18,2024-10-27,2024-10-27 20:43:18 UTC,Rome,1839847,andredepo,Andrea,2024-10-27 21:15:08 UTC,2025-04-08 01:02:35 UTC,research,CC-BY-NC,https://www.inaturalist.org/observations/249396650,https://inaturalist-open-data.s3.amazonaws.com/photos/445809107/medium.jpeg,,"",,1,0,false,2,"Precotto, Milano MI, Italia",45.5112122488,9.2166679725,31,,,,31,,,false,,,Italy,Helicoverpa armigera,Helicoverpa armigera,Cotton Bollworm Moth,Insecta,83806
249487070,939635f0-53c6-4789-80bd-ac18fa9c1745,2024-10-28 13:30:19,2024-10-28,2024-10-28 12:30:19 UTC,Rome,5352033,profmaffeis,,2024-10-28 12:30:50 UTC,2024-10-28 12:30:56 UTC,needs_id,CC-BY-NC,https://www.inaturalist.org/observations/249487070,https://inaturalist-open-data.s3.amazonaws.com/photos/445991552/medium.jpeg,,"",,0,0,false,2,"De Angeli, 20149 Milano MI, Italia",45.46816514,9.1496457,6,,,,6,,,false,,,Italy,Elicoverpa,Helicoverpa armigera,Cotton Bollworm Moth,Insecta,83806
249521616,de22129e-beaa-4491-bddb-884dd72fd546,2024-10-28 16:06:12,2024-10-28,2024-10-28 15:06:12 UTC,Rome,7179999,giadasgara,Giada Sgaravatto,2024-10-28 17:29:20 UTC,2024-10-28 17:43:24 UTC,needs_id,CC-BY-NC,https://www.inaturalist.org/observations/249521616,https://inaturalist-open-data.s3.amazonaws.com/photos/446058120/medium.jpeg,,"",Su lattuga brasiliana in campo,0,0,false,2,"35020 Zona Ospitale PD, Italia",45.2893410952,12.0145009831,18,,,,18,,,false,gps,gps,Italy,Elicoverpa,Helicoverpa armigera,Cotton Bollworm Moth,Insecta,83806
249760325,7c029019-ecd5-4ed6-a4ae-5b48746171a8,2024/10/29 19:56,2024-10-29,2024-10-29 18:56:00 UTC,Rome,7651390,pier_francesco_murgia1,Pier Francesco Murgia,2024-10-30 14:30:37 UTC,2024-10-30 17:32:23 UTC,research,CC-BY-NC,https://www.inaturalist.org/observations/249760325,https://inaturalist-open-data.s3.amazonaws.com/photos/446534808/medium.jpeg,,"",,2,0,false,,"Città Metropolitana di Cagliari, Italia",39.2425205195,9.3051409904,2,,,,2,,,false,,,Italy,Elicoverpa,Helicoverpa armigera,Cotton Bollworm Moth,Insecta,83806
249879320,000add73-ca0c-4ef6-8225-b957272ccefd,2024/10/07 12:32,2024-10-07,2024-10-07 10:32:00 UTC,Rome,7410503,andrea_bortolussi,Andrea Bortolussi,2024-10-31 13:12:07 UTC,2024-11-22 10:16:18 UTC,research,CC-BY-NC,https://www.inaturalist.org/observations/249879320,https://inaturalist-open-data.s3.amazonaws.com/photos/446774186/medium.jpeg,,"",,1,0,false,,"Ente di decentramento regionale di Udine, Italia",46.21302175,13.0533924833,,,,,,,,false,,,Italy,Elicoverpa,Helicoverpa armigera,Cotton Bollworm Moth,Insecta,83806
250048392,21655eaf-8174-431b-b5ad-9061420fb312,2024-11-01 21:23:48,2024-11-01,2024-11-01 20:23:48 UTC,Rome,7845652,scienzenaturali,Andrea Bonifazi,2024-11-01 20:24:19 UTC,2024-11-22 11:15:14 UTC,research,CC-BY-NC,https://www.inaturalist.org/observations/250048392,https://inaturalist-open-data.s3.amazonaws.com/photos/447108251/medium.jpeg,,"",,1,0,false,2,"Quartiere XVII Trieste, Roma RM, Italia",41.9357927889,12.5136438198,16,,,,16,,,false,,,Italy,Elicoverpa,Helicoverpa armigera,Cotton Bollworm Moth,Insecta,83806
250822614,71febcfd-3cbc-4e58-8bb1-9392b1bd19b8,2024/10/29 14:12,2024-10-29,2024-10-29 13:12:00 UTC,Rome,7410503,andrea_bortolussi,Andrea Bortolussi,2024-11-07 19:37:45 UTC,2024-11-08 21:35:58 UTC,research,CC-BY-NC,https://www.inaturalist.org/observations/250822614,https://inaturalist-open-data.s3.amazonaws.com/photos/448671959/medium.jpeg,,"",,1,0,false,,"Ente di decentramento regionale di Udine, Italia",46.2135250667,13.0321828333,,,,,,,,false,,,Italy,Elicoverpa,Helicoverpa armigera,Cotton Bollworm Moth,Insecta,83806
251021332,e03b9a52-0de7-460c-9bca-283b4b9869fa,2024-11-09 13:36:49,2024-11-09,2024-11-09 12:36:49 UTC,Rome,7868016,dariomagno,Dariomagno,2024-11-09 12:43:58 UTC,2024-11-09 12:45:09 UTC,needs_id,CC-BY-NC,https://www.inaturalist.org/observations/251021332,https://inaturalist-open-data.s3.amazonaws.com/photos/449067856/medium.jpeg,,"",,0,0,false,2,"Santo Spirito, Firenze FI, Italia",43.7631507997,11.2445208,,,,,,,,false,gps,gps,Italy,Elicoverpa,Helicoverpa armigera,Cotton Bollworm Moth,Insecta,83806
252269227,465ada79-4397-4c5a-a298-44a3959c68be,2024-11-19 13:00:52,2024-11-19,2024-11-19 12:00:52 UTC,Rome,6608051,marcogasponi,Marco Gasponi,2024-11-19 13:18:24 UTC,2025-04-12 08:48:25 UTC,research,CC-BY-NC,https://www.inaturalist.org/observations/252269227,https://inaturalist-open-data.s3.amazonaws.com/photos/451561991/medium.jpeg,,"",,1,0,false,2,"00060 Canale Monterano RM, Italia",42.1328519599,12.078837119,4,,,,4,,,false,gps,gps,Italy,Elicoverpa,Helicoverpa armigera,Cotton Bollworm Moth,Insecta,83806
252513227,c473bb3b-3454-48d2-8774-60a34187e162,2024-11-21 15:20:47,2024-11-21,2024-11-21 14:20:47 UTC,Rome,48466,lancillotto,Leonardo Ancillotto,2024-11-21 17:32:49 UTC,2024-11-21 17:33:23 UTC,needs_id,CC-BY,https://www.inaturalist.org/observations/252513227,https://inaturalist-open-data.s3.amazonaws.com/photos/452045126/medium.jpeg,,"",,0,0,false,2,"Alghero Lungomare Valencia-fr.hotel Las Tronas, 07041 Alghero SS, Italia",40.5506235,8.3201114997,,,,,,,,false,gps,gps,Italy,Elicoverpa,Helicoverpa armigera,Cotton Bollworm Moth,Insecta,83806
254614911,1cf1810f-2f5d-4f89-8d01-f0572289c999,2024-10-02 13:48:51+02:00,2024-10-02,2024-10-02 11:48:51 UTC,Rome,2769177,rikef,RikeF,2024-12-09 11:27:17 UTC,2024-12-09 15:20:10 UTC,research,CC-BY-NC,https://www.inaturalist.org/observations/254614911,https://inaturalist-open-data.s3.amazonaws.com/photos/456101089/medium.jpg,,"","",1,0,false,3,"Piazza del Duomo, Florence, Tuscany, IT",43.7727583333,11.2573366667,40,,,,40,,,false,,,Italy,Cotton Bollworm Moth,Helicoverpa armigera,Cotton Bollworm Moth,Insecta,83806
256659902,79fe6641-3a0a-4726-a3f0-a583ea7b5604,2024-10-10 16:46:18,2024-10-10,2024-10-10 14:46:18 UTC,Rome,5205488,fziskaboh,Francesca Bo.,2024-12-29 19:01:08 UTC,2025-06-12 06:41:53 UTC,research,CC-BY-NC-ND,https://www.inaturalist.org/observations/256659902,https://inaturalist-open-data.s3.amazonaws.com/photos/460231664/medium.jpeg,,"",,2,0,false,2,"Veneto, IT",45.2514861645,11.3344417275,469,,,,27190,obscured,,true,gps,gps,Italy,Elicoverpa,Helicoverpa armigera,Cotton Bollworm Moth,Insecta,83806
259060354,05282d34-ffaf-4e7c-93a7-2e991e56d664,2025-01-20 16:19:09,2025-01-20,2025-01-20 15:19:09 UTC,Rome,4334627,cuppo,cuppo,2025-01-20 15:19:48 UTC,2025-06-11 17:07:56 UTC,research,,https://www.inaturalist.org/observations/259060354,https://static.inaturalist.org/photos/464952164/medium.jpeg,,"",,2,0,false,2,,37.5203392555,15.0887384367,429423,,,,429423,obscured,,true,gps,gps,Italy,Cotton Bollworm Moth,Helicoverpa armigera,Cotton Bollworm Moth,Insecta,83806
259065196,144ba6e8-7bcc-4b5e-9a76-a09fdf36841c,2025-01-20 11:05:00,2025-01-20,2025-01-20 10:05:00 UTC,Rome,1522604,lvdr,"",2025-01-20 16:25:14 UTC,2025-01-25 10:16:55 UTC,needs_id,CC-BY-NC,https://www.inaturalist.org/observations/259065196,https://inaturalist-open-data.s3.amazonaws.com/photos/464962222/medium.jpeg,,"",,0,0,false,2,"37135 Verona VR, Italia",45.4264786749,10.9923838824,62,,,,62,,,false,gps,gps,Italy,Helicoverpa armigera,Helicoverpa armigera,Cotton Bollworm Moth,Insecta,83806
259188453,9b8550c6-cb02-4506-8bb0-45b5f591c4d6,2024-05-13 22:09:00,2024-05-13,2024-05-13 20:09:00 UTC,Rome,6254207,mikee95,"",2025-01-21 21:28:29 UTC,2025-04-12 22:35:33 UTC,research,,https://www.inaturalist.org/observations/259188453,https://static.inaturalist.org/photos/465211940/medium.jpeg,,"",,1,0,false,2,"Via Aquilea Civ.2085, 55100 Aquilea LU, Italia",43.9176228502,10.5125507712,14,,,,14,,,false,gps,gps,Italy,Elicoverpa,Helicoverpa armigera,Cotton Bollworm Moth,Insecta,83806
261104460,e3c3ad2a-775f-44fa-84ef-905c13cfea98,2024-10-21 14:12:28,2024-10-21,2024-10-21 12:12:28 UTC,Rome,8780661,gianluca26181,Gianluca Bassi,2025-02-09 10:23:17 UTC,2025-02-09 12:54:17 UTC,research,CC-BY-NC,https://www.inaturalist.org/observations/261104460,https://static.inaturalist.org/photos/469024587/medium.jpeg,,"",,1,0,false,2,"46045 Marmirolo MN, Italia",45.1994510751,10.7525897026,185,,,,185,,,false,,,Italy,Elicoverpa,Helicoverpa armigera,Cotton Bollworm Moth,Insecta,83806
262701190,922c8c0f-f705-471e-a5f0-725f51386725,2024/07/16 07:59,2024-07-16,2024-07-16 05:59:00 UTC,Rome,606714,jurrienvandeijk,Jurriën,2025-02-22 15:42:20 UTC,2025-04-16 21:17:54 UTC,research,,https://www.inaturalist.org/observations/262701190,https://static.inaturalist.org/photos/471789510/medium.jpg,,"",,1,0,false,,"11010 Saint-Pierre AO, Italië",45.706329,7.216963,,,,,,,,false,,,Italy,Katoendaguil,Helicoverpa armigera,Cotton Bollworm Moth,Insecta,83806
263677495,c4cea89f-f1d6-46b4-8e28-7bf0f3b04949,2024/09/16 16:49,2024-09-16,2024-09-16 14:49:00 UTC,Rome,1191285,antoniog,"",2025-03-02 21:26:04 UTC,2025-03-02 21:26:04 UTC,needs_id,CC-BY-NC,https://www.inaturalist.org/observations/263677495,https://inaturalist-open-data.s3.amazonaws.com/photos/473724255/medium.jpeg,,"",Nottua gialla del pomodoro (Helicoverpa armigera),0,0,false,,"28062 Cameri NO, Italia",45.5030772868,8.6594264015,4,,,,4,,,false,,,Italy,Elicoverpa,Helicoverpa armigera,Cotton Bollworm Moth,Insecta,83806
263889059,f7d05581-d56f-4681-b455-b4539d151530,2024-10-01 17:50:39,2024-10-01,2024-10-01 15:50:39 UTC,Rome,2628275,pinocammino,"",2025-03-04 17:43:00 UTC,2025-08-10 20:00:56 UTC,needs_id,CC-BY-NC,https://www.inaturalist.org/observations/263889059,https://inaturalist-open-data.s3.amazonaws.com/photos/474153230/medium.jpeg,,"",,1,0,false,2,Marina di San Nicola,41.9332974291,12.1348215267,251,,,,251,,,false,gps,gps,Italy,Cotton Bollworm Moth,Helicoverpa armigera,Cotton Bollworm Moth,Insecta,83806
267461252,3931b138-2c61-4a8c-aa80-1294c9998b3f,2025-03-28 22:06:15,2025-03-28,2025-03-28 21:06:15 UTC,Rome,2514105,diegoreggianti,"",2025-03-29 05:26:15 UTC,2025-03-29 15:29:08 UTC,research,CC-BY-NC,https://www.inaturalist.org/observations/267461252,https://inaturalist-open-data.s3.amazonaws.com/photos/480657005/medium.jpeg,,"",,2,0,false,2,"Aquilonia 83041, 83041 Aquilonia AV, Italia",40.9419366155,15.5411900952,,,,,,,,false,gps,gps,Italy,Helicoverpa armigera,Helicoverpa armigera,Cotton Bollworm Moth,Insecta,83806
267659951,8fbf3aa6-c15b-406e-b728-e5ada3f3a309,2025/03/28 22:06,2025-03-28,2025-03-28 21:06:00 UTC,Rome,2514105,diegoreggianti,"",2025-03-30 07:18:37 UTC,2025-03-30 13:48:57 UTC,research,CC-BY-NC,https://www.inaturalist.org/observations/267659951,https://inaturalist-open-data.s3.amazonaws.com/photos/481036555/medium.jpeg,,"",,2,0,false,,"Provincia di Avellino, Italia",40.9419366667,15.54119,,,,,,,,false,,,Italy,Helicoverpa armigera,Helicoverpa armigera,Cotton Bollworm Moth,Insecta,83806
267968423,5590a469-df29-44a2-aa68-48bad796e362,2025/03/28 23:07,2025-03-28,2025-03-28 22:07:00 UTC,Rome,1375725,babunco,Camillo De Berardinis,2025-03-31 21:35:51 UTC,2025-04-01 10:10:19 UTC,research,CC-BY-NC,https://www.inaturalist.org/observations/267968423,https://inaturalist-open-data.s3.amazonaws.com/photos/481619800/medium.jpeg,,Stazione di Aquilonia (AV),,1,0,false,,Aquilonia (AV),40.9422019,15.5411796,200,,,,200,,,false,,,Italy,Elicoverpa,Helicoverpa armigera,Cotton Bollworm Moth,Insecta,83806
271055424,5f0654c8-8dd6-4fdb-b2f6-80eda370ebe9,2025-04-17 20:07:38,2025-04-17,2025-04-17 18:07:38 UTC,Rome,392309,bac_77,Marco Crivellari,2025-04-17 18:10:20 UTC,2025-09-06 13:37:12 UTC,research,CC-BY-NC,https://www.inaturalist.org/observations/271055424,https://inaturalist-open-data.s3.amazonaws.com/photos/487532476/medium.jpeg,,"",,1,0,false,2,"04031 Ventotene LT, Italia",40.7951583333,13.4264305556,,,,,,,,false,gps,gps,Italy,Cotton Bollworm Moth,Helicoverpa armigera,Cotton Bollworm Moth,Insecta,83806
271077072,c589e9c5-5543-4a4a-99c4-c8af259b76e8,2025-04-17 21:46:26,2025-04-17,2025-04-17 19:46:26 UTC,Rome,2931047,markothtinen,Marko Tähtinen,2025-04-17 20:09:54 UTC,2025-09-06 13:37:10 UTC,research,CC-BY-SA,https://www.inaturalist.org/observations/271077072,https://inaturalist-open-data.s3.amazonaws.com/photos/487571835/medium.jpeg,,"",,2,0,false,2,"98070 Castell'Umberto, Metropolitan City of Messina, Italia",38.0797122997,14.7911844997,,,,,,,,false,gps,gps,Italy,hukkavaellusyökkönen,Helicoverpa armigera,Cotton Bollworm Moth,Insecta,83806
271789190,4a2ee08b-c389-4a3d-91fa-17fec4b8b2f8,2025-04-18 20:49:08,2025-04-18,2025-04-18 18:49:08 UTC,Rome,7792450,amaurydeneux,Amaury Deneux,2025-04-20 19:56:22 UTC,2025-09-06 13:37:09 UTC,research,,https://www.inaturalist.org/observations/271789190,https://static.inaturalist.org/photos/488917121/medium.jpeg,,"",,2,0,false,2,"70043 Monopoli, Bari, Italie",40.9716916667,17.2590638889,,,,,,,,false,gps,gps,Italy,Noctuelle de la tomate,Helicoverpa armigera,Cotton Bollworm Moth,Insecta,83806
272281305,6388b926-9805-4ce0-b91c-9d0648f12570,2025-04-22 22:08:58,2025-04-22,2025-04-22 20:08:58 UTC,Rome,392309,bac_77,Marco Crivellari,2025-04-22 20:13:48 UTC,2025-04-23 11:50:24 UTC,research,CC-BY-NC,https://www.inaturalist.org/observations/272281305,https://inaturalist-open-data.s3.amazonaws.com/photos/489844787/medium.jpeg,,"",,1,0,false,2,"44026 Mesola FE, Italia",44.8833527778,12.2323888889,,,,,,,,false,gps,gps,Italy,Cotton Bollworm Moth,Helicoverpa armigera,Cotton Bollworm Moth,Insecta,83806
272284747,8a3d41e1-ca76-4c96-aa7a-e2804c307a18,2025-04-22 22:02:06,2025-04-22,2025-04-22 20:02:06 UTC,Rome,392309,bac_77,Marco Crivellari,2025-04-22 20:30:39 UTC,2025-04-23 11:49:41 UTC,research,CC-BY-NC,https://www.inaturalist.org/observations/272284747,https://inaturalist-open-data.s3.amazonaws.com/photos/489850564/medium.jpeg,,"",,1,0,false,2,"44026 Mesola FE, Italia",44.8833777778,12.232275,,,,,,,,false,gps,gps,Italy,Cotton Bollworm Moth,Helicoverpa armigera,Cotton Bollworm Moth,Insecta,83806
273620702,7f13ca04-fa82-4cd8-aa18-7099904395cb,2025-04-25 07:15:43,2025-04-25,2025-04-25 05:15:43 UTC,Rome,2514105,diegoreggianti,"",2025-04-26 05:57:42 UTC,2025-04-27 18:09:01 UTC,research,CC-BY-NC,https://www.inaturalist.org/observations/273620702,https://inaturalist-open-data.s3.amazonaws.com/photos/492089811/medium.jpeg,,"",,2,0,false,2,"00042 Anzio RM, Italia",41.4907599112,12.5988125056,85,,,,85,,,false,,,Italy,Helicoverpa armigera,Helicoverpa armigera,Cotton Bollworm Moth,Insecta,83806
276991824,4acd2823-0c4f-4dfe-9c99-03dd4717d355,2025-04-29 09:45:45,2025-04-29,2025-04-29 07:45:45 UTC,Rome,8869093,teresa_pagano___francesco,Teresa Pagano - Francesco,2025-04-30 12:43:50 UTC,2025-04-30 12:43:59 UTC,needs_id,,https://www.inaturalist.org/observations/276991824,https://static.inaturalist.org/photos/497382861/medium.jpeg,,"",,0,0,false,2,"95041 Caltagirone CT, Italia",37.0932477006,14.4344851747,2779,,,,2779,,,false,gps,gps,Italy,Elicoverpa,Helicoverpa armigera,Cotton Bollworm Moth,Insecta,83806
277782216,072560a7-455b-4dfe-9da1-aeb8ae74fcfd,2025-05-02 10:10:06,2025-05-02,2025-05-02 08:10:06 UTC,Rome,1591925,gabriele_lagrasta,Gabriele La Grasta,2025-05-02 17:46:37 UTC,2025-09-06 13:37:02 UTC,research,CC-BY-NC,https://www.inaturalist.org/observations/277782216,https://inaturalist-open-data.s3.amazonaws.com/photos/498776026/medium.jpeg,,"",,1,0,false,2,"87036 Rende CS, Italia",39.3675659722,16.228401,,,,,,,,false,gps,gps,Italy,Cotton Bollworm Moth,Helicoverpa armigera,Cotton Bollworm Moth,Insecta,83806
279082250,2382dd4e-61e9-4b44-b3a7-dc6a7265894d,2025/05/05 22:09,2025-05-05,2025-05-05 20:09:00 UTC,Rome,2514105,diegoreggianti,"",2025-05-06 22:25:53 UTC,2025-09-06 13:23:26 UTC,research,CC-BY-NC,https://www.inaturalist.org/observations/279082250,https://inaturalist-open-data.s3.amazonaws.com/photos/501133479/medium.jpeg,,"",,3,0,false,,"Crocco- Olivi, 00148 Roma RM, Italia ",41.8255500489,12.3981212452,149,,,,149,,,false,,,Italy,Helicoverpa armigera,Helicoverpa armigera,Cotton Bollworm Moth,Insecta,83806
279302855,ff2dec9e-9253-44c5-a2b1-2fcd01a83ccf,2025-05-07 14:15:32,2025-05-07,2025-05-07 12:15:32 UTC,Rome,1853666,errrosie,Erin,2025-05-07 19:55:45 UTC,2025-05-07 19:55:46 UTC,needs_id,CC-BY-NC,https://www.inaturalist.org/observations/279302855,https://inaturalist-open-data.s3.amazonaws.com/photos/501537767/medium.jpg,,"",,0,0,false,843,"Localita'⁠Prevo, Vernazza, Liguria, IT",44.1292695,9.69855,40,,,,40,,,false,,,Italy,,Helicoverpa armigera,Cotton Bollworm Moth,Insecta,83806
279645356,c725c17a-0337-41ec-9dc0-f636dc25e772,2025-05-09 09:21:01+02:00,2025-05-09,2025-05-09 07:21:01 UTC,Rome,1399411,sonia_gaetani,Sonia Gaetani,2025-05-09 07:22:43 UTC,2025-05-27 18:34:22 UTC,needs_id,,https://www.inaturalist.org/observations/279645356,https://static.inaturalist.org/photos/502186922/medium.jpg,,"","",0,0,false,3,"Strada per Montecchio, Verona, Veneto, IT",45.4875525663,10.9933702501,68,,,,68,,,false,,,Italy,"",Helicoverpa armigera,Cotton Bollworm Moth,Insecta,83806
280320368,b46730a9-9bd8-4920-b476-aac3c42c9466,2025-05-11 11:57:31,2025-05-11,2025-05-11 09:57:31 UTC,Rome,7868016,dariomagno,Dariomagno,2025-05-11 19:20:28 UTC,2025-05-11 19:21:08 UTC,needs_id,CC-BY-NC,https://www.inaturalist.org/observations/280320368,https://inaturalist-open-data.s3.amazonaws.com/photos/503448991/medium.jpeg,,"",,0,0,false,2,"57021 Campiglia Marittima LI, Italia",43.0860097997,10.6034299,,,,,,,,false,gps,gps,Italy,Elicoverpa,Helicoverpa armigera,Cotton Bollworm Moth,Insecta,83806
282560235,31fca5b2-59d8-431a-a948-68dd6c7e4636,2025-05-01 09:44:50,2025-05-01,2025-05-01 07:44:50 UTC,Rome,7021232,nicolashelitas,Nicolas HELITAS,2025-05-20 04:46:59 UTC,2025-09-06 13:36:47 UTC,research,CC-BY-NC,https://www.inaturalist.org/observations/282560235,https://inaturalist-open-data.s3.amazonaws.com/photos/507663019/medium.jpg,,"",,1,0,false,2,"70024 Gravina in Puglia, Bari, Italie",40.7338749997,16.4034250997,,,,,,,,false,gps,gps,Italy,Noctuelle de la tomate,Helicoverpa armigera,Cotton Bollworm Moth,Insecta,83806
282715957,fcc562cb-b833-4d86-9293-52590fc1069c,2025/05/17 22:07,2025-05-17,2025-05-17 20:07:00 UTC,Rome,1482324,ranierop,Raniero Panfili,2025-05-20 19:55:59 UTC,2025-09-06 13:24:00 UTC,research,,https://www.inaturalist.org/observations/282715957,https://static.inaturalist.org/photos/507947412/medium.jpg,,"",,2,0,false,,"La Collina degli Asinelli, Monte Compatri, RM",41.8014554732,12.7312025375,8,,,,8,,,false,,,Italy,Elicoverpa,Helicoverpa armigera,Cotton Bollworm Moth,Insecta,83806
283469287,09a2ed40-7b17-4e6f-aa86-4c0f6890cc32,2025-05-23 09:21:35,2025-05-23,2025-05-23 07:21:35 UTC,Rome,4047744,alltagstourist,"",2025-05-23 21:00:11 UTC,2025-05-23 22:06:42 UTC,needs_id,CC-BY-NC,https://www.inaturalist.org/observations/283469287,https://inaturalist-open-data.s3.amazonaws.com/photos/509368573/medium.jpg,,"",,0,0,false,2,"Lecce, Apulia, IT",39.8821517805,18.1287263175,,,,,28030,obscured,,true,gps,gps,Italy,Baumwoll-Sonneneule,Helicoverpa armigera,Cotton Bollworm Moth,Insecta,83806
284246868,26158729-0594-455e-a840-005374842c7b,2025-05-26 12:32:58+02:00,2025-05-26,2025-05-26 10:32:58 UTC,Rome,5638842,zmrl,,2025-05-26 13:24:39 UTC,2025-09-06 13:23:51 UTC,research,CC-BY-NC,https://www.inaturalist.org/observations/284246868,https://inaturalist-open-data.s3.amazonaws.com/photos/510821985/medium.jpg,,"","",2,0,false,3,"Chiesa del Varò, Taormina, Sicily, IT",37.85167,15.285895,21,,,,21,,,false,,,Italy,Cotton Bollworm Moth,Helicoverpa armigera,Cotton Bollworm Moth,Insecta,83806
284657749,1309f9b0-8f28-41d9-8273-a396b7c6c15e,2025-05-19 17:08:48,2025-05-19,2025-05-19 15:08:48 UTC,Rome,2128623,musasrc,Musa,2025-05-27 21:20:22 UTC,2025-05-27 21:20:28 UTC,needs_id,,https://www.inaturalist.org/observations/284657749,https://static.inaturalist.org/photos/511597993/medium.jpg,,"",,0,0,false,2,"56123 Pisa, Province of Pisa, Italy",43.7228332857,10.4017581046,3975,,,,3975,,,false,gps,gps,Italy,Cotton Bollworm Moth,Helicoverpa armigera,Cotton Bollworm Moth,Insecta,83806
286227271,c343b0ff-f727-4cab-9fa0-9d06bb7029a3,2025/06/01 22:36,2025-06-01,2025-06-01 20:36:00 UTC,Rome,1106349,amzamz,Andreas Manz,2025-06-02 09:48:45 UTC,2025-08-29 16:32:39 UTC,research,CC-BY-NC,https://www.inaturalist.org/observations/286227271,https://inaturalist-open-data.s3.amazonaws.com/photos/514544298/medium.jpg,,"Mischlicht, 160W, LepiLED, 8W, LepiLED mini, 4W, with Bernice Mitchener and Beverly Manz","",3,0,false,,"Pollina, Palermo, Italien",37.9875101342,14.1149058074,123,,,,123,,,false,,"",Italy,Baumwoll-Sonneneule,Helicoverpa armigera,Cotton Bollworm Moth,Insecta,83806
286227321,5205341d-b023-461d-a4fe-b47b870360e7,2025/06/01 21:57,2025-06-01,2025-06-01 19:57:00 UTC,Rome,1106349,amzamz,Andreas Manz,2025-06-02 09:48:54 UTC,2025-08-29 16:32:45 UTC,research,CC-BY-NC,https://www.inaturalist.org/observations/286227321,https://inaturalist-open-data.s3.amazonaws.com/photos/514544831/medium.jpg,,"Mischlicht, 160W, LepiLED, 8W, LepiLED mini, 4W, with Bernice Mitchener and Beverly Manz","",3,0,false,,"Pollina, Palermo, Italien",37.9875101342,14.1149058074,123,,,,123,,,false,,"",Italy,Baumwoll-Sonneneule,Helicoverpa armigera,Cotton Bollworm Moth,Insecta,83806
286235618,093b15e0-e512-495f-994b-a111dac55e56,2025/06/01,2025-06-01,,Rome,1106349,amzamz,Andreas Manz,2025-06-02 10:46:52 UTC,2025-08-29 16:32:35 UTC,research,CC-BY-NC,https://www.inaturalist.org/observations/286235618,https://inaturalist-open-data.s3.amazonaws.com/photos/514549087/medium.jpg,,"LepiLED, 8W, LepiLED mini, 4W, Mischlicht, 160W, with Bernice Mitchener and Beverly Manz","",3,0,false,,"Pollina, Palermo, Italien",37.9875101342,14.1149058074,123,,,,123,,,false,,"",Italy,Baumwoll-Sonneneule,Helicoverpa armigera,Cotton Bollworm Moth,Insecta,83806
286235621,478fd1c8-5fcc-4f60-944e-adb51134a73e,2025/06/01,2025-06-01,,Rome,1106349,amzamz,Andreas Manz,2025-06-02 10:46:53 UTC,2025-08-29 16:32:35 UTC,research,CC-BY-NC,https://www.inaturalist.org/observations/286235621,https://inaturalist-open-data.s3.amazonaws.com/photos/514549167/medium.jpg,,"LepiLED, 8W, LepiLED mini, 4W, Mischlicht, 160W, with Bernice Mitchener and Beverly Manz","",3,0,false,,"Pollina, Palermo, Italien",37.9875101342,14.1149058074,123,,,,123,,,false,,"",Italy,Baumwoll-Sonneneule,Helicoverpa armigera,Cotton Bollworm Moth,Insecta,83806
286235701,ecc1873c-af31-4653-b9be-70bae61da340,2025/06/01,2025-06-01,,Rome,1106349,amzamz,Andreas Manz,2025-06-02 10:47:09 UTC,2025-08-29 16:32:44 UTC,research,CC-BY-NC,https://www.inaturalist.org/observations/286235701,https://inaturalist-open-data.s3.amazonaws.com/photos/514550687/medium.jpg,,"LepiLED, 8W, LepiLED mini, 4W, Mischlicht, 160W, with Bernice Mitchener and Beverly Manz","",3,0,false,,"Pollina, Palermo, Italien",37.9875101342,14.1149058074,123,,,,123,,,false,,"",Italy,Baumwoll-Sonneneule,Helicoverpa armigera,Cotton Bollworm Moth,Insecta,83806
286235818,01a2b1f6-f628-4e8a-8169-e34fbb7ead74,2025/06/01,2025-06-01,,Rome,1106349,amzamz,Andreas Manz,2025-06-02 10:47:31 UTC,2025-08-29 16:32:56 UTC,research,CC-BY-NC,https://www.inaturalist.org/observations/286235818,https://inaturalist-open-data.s3.amazonaws.com/photos/514552347/medium.jpg,,"LepiLED, 8W, LepiLED mini, 4W, Mischlicht, 160W, with Bernice Mitchener and Beverly Manz","",3,0,false,,"Pollina, Palermo, Italien",37.9875101342,14.1149058074,123,,,,123,,,false,,"",Italy,Baumwoll-Sonneneule,Helicoverpa armigera,Cotton Bollworm Moth,Insecta,83806
286235859,43fa22a7-ab8e-46af-b9c6-89dca3a0f62b,2025/06/01,2025-06-01,,Rome,1106349,amzamz,Andreas Manz,2025-06-02 10:47:40 UTC,2025-08-29 16:33:00 UTC,research,CC-BY-NC,https://www.inaturalist.org/observations/286235859,https://inaturalist-open-data.s3.amazonaws.com/photos/514552869/medium.jpg,,"LepiLED, 8W, LepiLED mini, 4W, Mischlicht, 160W, with Bernice Mitchener and Beverly Manz","",3,0,false,,"Pollina, Palermo, Italien",37.9875101342,14.1149058074,123,,,,123,,,false,,"",Italy,Baumwoll-Sonneneule,Helicoverpa armigera,Cotton Bollworm Moth,Insecta,83806
286235938,65d53ab1-4b28-41c7-9085-96a126b2d630,2025/06/01,2025-06-01,,Rome,1106349,amzamz,Andreas Manz,2025-06-02 10:47:56 UTC,2025-08-29 16:33:09 UTC,research,CC-BY-NC,https://www.inaturalist.org/observations/286235938,https://inaturalist-open-data.s3.amazonaws.com/photos/514553661/medium.jpg,,"LepiLED, 8W, LepiLED mini, 4W, Mischlicht, 160W, with Bernice Mitchener and Beverly Manz","",3,0,false,,"Pollina, Palermo, Italien",37.9875101342,14.1149058074,123,,,,123,,,false,,"",Italy,Baumwoll-Sonneneule,Helicoverpa armigera,Cotton Bollworm Moth,Insecta,83806
286311588,f29c2b37-f417-4f6e-92d0-bf3f83f1eaf6,2025-06-02 18:37:58,2025-06-02,2025-06-02 16:37:58 UTC,Rome,1392705,andrea788,Andrea Stangoni,2025-06-02 16:40:14 UTC,2025-09-08 05:42:55 UTC,research,,https://www.inaturalist.org/observations/286311588,https://static.inaturalist.org/photos/514704149/medium.jpg,,"",,2,0,false,843,"Badesi, Sardinia, IT",40.9856902314,8.8650120822,8,,,,8,,,false,,,Italy,Cotton Bollworm Moth,Helicoverpa armigera,Cotton Bollworm Moth,Insecta,83806
286512837,ebe39651-9d81-4f74-be0b-ef38474a9139,2025/06/02 22:19,2025-06-02,2025-06-02 20:19:00 UTC,Rome,1106349,amzamz,Andreas Manz,2025-06-03 11:33:50 UTC,2025-08-29 16:36:37 UTC,research,CC-BY-NC,https://www.inaturalist.org/observations/286512837,https://inaturalist-open-data.s3.amazonaws.com/photos/515062470/medium.jpg,,"LepiLED, 8W, LepiLED mini, 4W, Mischlicht, 160W, with Bernice Mitchener and Beverly Manz","",3,0,false,,"Pollina, Palermo, Italien",37.9875101342,14.1149058074,123,,,,123,,,false,,"",Italy,Baumwoll-Sonneneule,Helicoverpa armigera,Cotton Bollworm Moth,Insecta,83806
286796246,79866872-f8f5-4f89-bd9d-8f5949fdaa15,2025/06/03 22:26,2025-06-03,2025-06-03 20:26:00 UTC,Rome,1106349,amzamz,Andreas Manz,2025-06-04 14:14:44 UTC,2025-08-29 16:40:09 UTC,research,CC-BY-NC,https://www.inaturalist.org/observations/286796246,https://inaturalist-open-data.s3.amazonaws.com/photos/515598332/medium.jpg,,"LepiLED, 8W, LepiLED mini, 4W, Mischlicht, 160W, with Bernice Mitchener and Beverly Manz","",2,0,false,,"Pollina, Palermo, Italien",37.9875101342,14.1149058074,123,,,,123,,,false,,"",Italy,Baumwoll-Sonneneule,Helicoverpa armigera,Cotton Bollworm Moth,Insecta,83806
287232460,96f0c9e5-885c-44f1-8a6a-8a18496e8c26,2025/06/04,2025-06-04,,Rome,1106349,amzamz,Andreas Manz,2025-06-06 05:59:05 UTC,2025-08-29 16:42:55 UTC,research,CC-BY-NC,https://www.inaturalist.org/observations/287232460,https://inaturalist-open-data.s3.amazonaws.com/photos/516441468/medium.jpg,,"Mischlicht, 160W, LepiLED, 8W, LepiLED mini, 4W, with Bernice Mitchener and Beverly Manz","",3,0,false,,"Pollina, Palermo, Italien",37.9875101342,14.1149058074,123,,,,123,,,false,,"",Italy,Baumwoll-Sonneneule,Helicoverpa armigera,Cotton Bollworm Moth,Insecta,83806
287241039,6dd2b8eb-8b0f-4e14-b8ba-c83d583ddffe,2025-06-06 07:16:39,2025-06-06,2025-06-06 05:16:39 UTC,Rome,2224621,jiriklimes,Jiri Klimes,2025-06-06 07:08:06 UTC,2025-07-05 16:38:31 UTC,research,CC-BY,https://www.inaturalist.org/observations/287241039,https://inaturalist-open-data.s3.amazonaws.com/photos/516467647/medium.jpg,,"",,2,0,false,2,"Trapani, Sicily, IT",38.0453950465,12.5919082595,2,,,,2,,,false,,,Italy,černopáska bavlníková,Helicoverpa armigera,Cotton Bollworm Moth,Insecta,83806
287282066,a5ecdb13-5b84-49be-a8f5-d7e33fbad35b,2025/06/05,2025-06-05,,Rome,1106349,amzamz,Andreas Manz,2025-06-06 12:27:52 UTC,2025-08-29 16:45:31 UTC,research,CC-BY-NC,https://www.inaturalist.org/observations/287282066,https://inaturalist-open-data.s3.amazonaws.com/photos/516531907/medium.jpg,,"LepiLED, 8W, LepiLED mini, 4W, Mischlicht, 160W, with Bernice Mitchener and Beverly Manz","",2,0,false,,"San Vito Lo Capo, Trapani, Italien",38.1548733454,12.7657660157,123,,,,123,,,false,,"",Italy,Baumwoll-Sonneneule,Helicoverpa armigera,Cotton Bollworm Moth,Insecta,83806
287282278,57359f76-4172-44b2-8ffb-1b0de6ec5daf,2025/06/05 23:57,2025-06-05,2025-06-05 21:57:00 UTC,Rome,1106349,amzamz,Andreas Manz,2025-06-06 12:28:25 UTC,2025-08-29 16:45:45 UTC,research,CC-BY-NC,https://www.inaturalist.org/observations/287282278,https://inaturalist-open-data.s3.amazonaws.com/photos/516533096/medium.jpg,,"LepiLED, 8W, LepiLED mini, 4W, Mischlicht, 160W, with Bernice Mitchener and Beverly Manz","",2,0,false,,"San Vito Lo Capo, Trapani, Italien",38.1548733454,12.7657660157,123,,,,123,,,false,,"",Italy,Baumwoll-Sonneneule,Helicoverpa armigera,Cotton Bollworm Moth,Insecta,83806
287282385,09ab77a6-a115-4097-814f-7cf86f11ba11,2025/06/05 21:34,2025-06-05,2025-06-05 19:34:00 UTC,Rome,1106349,amzamz,Andreas Manz,2025-06-06 12:28:40 UTC,2025-08-29 16:45:54 UTC,research,CC-BY-NC,https://www.inaturalist.org/observations/287282385,https://inaturalist-open-data.s3.amazonaws.com/photos/516533584/medium.jpg,,"LepiLED, 8W, LepiLED mini, 4W, Mischlicht, 160W, with Bernice Mitchener and Beverly Manz","",2,0,false,,"San Vito Lo Capo, Trapani, Italien",38.1548733454,12.7657660157,123,,,,123,,,false,,"",Italy,Baumwoll-Sonneneule,Helicoverpa armigera,Cotton Bollworm Moth,Insecta,83806
287490414,8757ec35-0c9f-4793-bd33-50282182e58c,2025-06-07 07:05:06,2025-06-07,2025-06-07 05:05:06 UTC,Rome,2224621,jiriklimes,Jiri Klimes,2025-06-07 05:19:13 UTC,2025-07-05 16:36:37 UTC,research,CC-BY,https://www.inaturalist.org/observations/287490414,https://inaturalist-open-data.s3.amazonaws.com/photos/516932931/medium.jpg,,"",,2,0,false,2,"91016 Erice, Provincie Trapani, Itálie",38.0383203292,12.5905234739,16,,,,16,,,false,gps,gps,Italy,černopáska bavlníková,Helicoverpa armigera,Cotton Bollworm Moth,Insecta,83806
287587954,55607ddb-e9a6-4f12-b70d-50acea864887,2025/06/06,2025-06-06,,Rome,1106349,amzamz,Andreas Manz,2025-06-07 14:47:34 UTC,2025-08-29 16:48:19 UTC,research,CC-BY-NC,https://www.inaturalist.org/observations/287587954,https://inaturalist-open-data.s3.amazonaws.com/photos/517068688/medium.jpg,,"Mischlicht, 160W, LepiLED, 8W, LepiLED mini, 4W, with Bernice Mitchener and Beverly Manz","",2,0,false,,"San Vito Lo Capo, Trapani, Italien",38.1548733454,12.7657660157,123,,,,123,,,false,,"",Italy,Baumwoll-Sonneneule,Helicoverpa armigera,Cotton Bollworm Moth,Insecta,83806
287588338,e64b629a-4cb5-4f3e-878e-c1f0fb96ca0e,2025/06/06,2025-06-06,,Rome,1106349,amzamz,Andreas Manz,2025-06-07 14:48:32 UTC,2025-08-29 16:48:37 UTC,research,CC-BY-NC,https://www.inaturalist.org/observations/287588338,https://inaturalist-open-data.s3.amazonaws.com/photos/517073520/medium.jpg,,"Mischlicht, 160W, LepiLED, 8W, LepiLED mini, 4W, with Bernice Mitchener and Beverly Manz","",2,0,false,,"San Vito Lo Capo, Trapani, Italien",38.1548733454,12.7657660157,123,,,,123,,,false,,"",Italy,Baumwoll-Sonneneule,Helicoverpa armigera,Cotton Bollworm Moth,Insecta,83806
287754951,f84880e2-8f5f-4267-bc90-40691110f7a0,2025/06/07,2025-06-07,,Rome,1106349,amzamz,Andreas Manz,2025-06-08 01:38:43 UTC,2025-08-29 16:51:45 UTC,research,CC-BY-NC,https://www.inaturalist.org/observations/287754951,https://inaturalist-open-data.s3.amazonaws.com/photos/517419832/medium.jpg,,"Mischlicht, 160W, LepiLED, 8W, LepiLED mini, 4W, with Bernice Mitchener and Beverly Manz","",2,0,false,,"San Vito Lo Capo, Trapani, Italien",38.1548733454,12.7657660157,123,,,,123,,,false,,"",Italy,Baumwoll-Sonneneule,Helicoverpa armigera,Cotton Bollworm Moth,Insecta,83806
287866314,50ab40a5-c952-4973-8efb-2a16f0d6f5c9,2025-06-07 19:48:49+02:00,2025-06-07,2025-06-07 17:48:49 UTC,Rome,929961,goblinatu,,2025-06-08 12:47:13 UTC,2025-09-06 13:24:16 UTC,research,,https://www.inaturalist.org/observations/287866314,https://static.inaturalist.org/photos/517631550/medium.jpg,,"","",3,0,false,3,"Via Lungomare della Salute, Fiumicino, Lazio, IT",41.7685907077,12.2223509156,5,,,,5,,,false,,,Italy,Elicoverpa,Helicoverpa armigera,Cotton Bollworm Moth,Insecta,83806
287872482,dd17a390-7a36-4d6b-965c-04345b5ea3df,2025/06/08 11:06,2025-06-08,2025-06-08 09:06:00 UTC,Rome,419068,theworldofpaolo,Paolo Zucca,2025-06-08 13:12:55 UTC,2025-06-08 13:12:55 UTC,needs_id,CC-BY,https://www.inaturalist.org/observations/287872482,https://inaturalist-open-data.s3.amazonaws.com/photos/517640571/medium.jpg,,"",,0,0,false,,"Provincia di Piacenza, Italia",45.0014033556,9.5938130568,1253,,,,1253,,,false,,,Italy,Elicoverpa,Helicoverpa armigera,Cotton Bollworm Moth,Insecta,83806
288202581,0d52deee-3367-4eb0-ba28-f5e998505f81,2025/06/08,2025-06-08,,Rome,1106349,amzamz,Andreas Manz,2025-06-09 14:24:38 UTC,2025-07-05 15:32:57 UTC,research,CC-BY-NC,https://www.inaturalist.org/observations/288202581,https://inaturalist-open-data.s3.amazonaws.com/photos/518222690/medium.jpg,,"LepiLED mini, 2x4W, Mischlicht, 160W",,2,0,false,,"Pietraperzia, Enna, Italien",37.417368927,14.1926701886,123,,,,123,,,false,,,Italy,Baumwoll-Sonneneule,Helicoverpa armigera,Cotton Bollworm Moth,Insecta,83806
288382945,e3a11387-6701-493d-9887-736c7f0e68f4,2025/06/09,2025-06-09,,Rome,1106349,amzamz,Andreas Manz,2025-06-10 04:00:52 UTC,2025-07-05 15:51:58 UTC,research,CC-BY-NC,https://www.inaturalist.org/observations/288382945,https://inaturalist-open-data.s3.amazonaws.com/photos/518605510/medium.jpg,,"LepiLED mini, LepiLED mini trap, 2x4W, Mischlicht, 160W",,2,0,false,,"Pietraperzia, Enna, Italien",37.417368927,14.1926701886,123,,,,123,,,false,,,Italy,Baumwoll-Sonneneule,Helicoverpa armigera,Cotton Bollworm Moth,Insecta,83806
288383111,426777f9-4e73-4fd6-94bf-bca0c6b7ed12,2025/06/09,2025-06-09,,Rome,1106349,amzamz,Andreas Manz,2025-06-10 04:01:30 UTC,2025-07-05 15:52:18 UTC,research,CC-BY-NC,https://www.inaturalist.org/observations/288383111,https://inaturalist-open-data.s3.amazonaws.com/photos/518606816/medium.jpg,,"LepiLED mini, LepiLED mini trap, 2x4W, Mischlicht, 160W",,2,0,false,,"Pietraperzia, Enna, Italien",37.417368927,14.1926701886,123,,,,123,,,false,,,Italy,Baumwoll-Sonneneule,Helicoverpa armigera,Cotton Bollworm Moth,Insecta,83806
288547331,d2852acf-32c4-434e-9fe4-7aad2bb7dd33,2025-06-05 11:51:50,2025-06-05,2025-06-05 09:51:50 UTC,Rome,1641060,russhedley,Russ Hedley,2025-06-10 19:23:06 UTC,2025-07-05 15:31:20 UTC,research,CC-BY-NC,https://www.inaturalist.org/observations/288547331,https://inaturalist-open-data.s3.amazonaws.com/photos/518918957/medium.jpg,,"",,2,0,false,2,"WG94+JC, 91100 Florio TP, Italy",37.9171572997,12.507709,,,,,,,,false,gps,gps,Italy,Scarce Bordered Straw Moth,Helicoverpa armigera,Cotton Bollworm Moth,Insecta,83806
288554431,a7c45221-f4ea-41f2-8589-29464c9a3ab5,2025-06-05 07:02:05,2025-06-05,2025-06-05 05:02:05 UTC,Rome,1641060,russhedley,Russ Hedley,2025-06-10 19:53:19 UTC,2025-07-05 15:31:00 UTC,research,CC-BY-NC,https://www.inaturalist.org/observations/288554431,https://inaturalist-open-data.s3.amazonaws.com/photos/518932634/medium.jpg,,"",,2,0,false,2,"Torre - Piano Gallo, 90151 Palermo PA, Italy",38.2108763997,13.3298126,,,,,,,,false,gps,gps,Italy,Scarce Bordered Straw Moth,Helicoverpa armigera,Cotton Bollworm Moth,Insecta,83806
288644755,3fcc459a-278e-45d9-8aa9-af43638889eb,2025/06/10,2025-06-10,,Rome,1106349,amzamz,Andreas Manz,2025-06-11 03:32:46 UTC,2025-07-05 15:52:56 UTC,research,CC-BY-NC,https://www.inaturalist.org/observations/288644755,https://inaturalist-open-data.s3.amazonaws.com/photos/519103829/medium.jpg,,"Mischlicht, 160W, 2x4W, LepiLED mini, LepiLED mini trap",,2,0,false,,"Pietraperzia, Enna, Italien",37.417368927,14.1926701886,123,,,,123,,,false,,,Italy,Baumwoll-Sonneneule,Helicoverpa armigera,Cotton Bollworm Moth,Insecta,83806
288917986,37c51e58-dadd-498b-943a-89a12414fcba,2025-06-11,2025-06-11,,Rome,1106349,amzamz,Andreas Manz,2025-06-12 03:50:59 UTC,2025-07-05 15:53:23 UTC,research,CC-BY-NC,https://www.inaturalist.org/observations/288917986,https://inaturalist-open-data.s3.amazonaws.com/photos/519612696/medium.jpg,,"LepiLED mini, 2x4W, Mischlicht, 160W, LepiLED mini trap","",2,0,false,,"Pietraperzia, Enna, Italien",37.417368927,14.1926701886,123,,,,123,,,false,,"",Italy,Baumwoll-Sonneneule,Helicoverpa armigera,Cotton Bollworm Moth,Insecta,83806
288918070,f482a423-b9ad-47fd-916d-660c9a06f7b3,2025-06-11,2025-06-11,,Rome,1106349,amzamz,Andreas Manz,2025-06-12 03:51:13 UTC,2025-07-05 15:30:01 UTC,research,CC-BY-NC,https://www.inaturalist.org/observations/288918070,https://inaturalist-open-data.s3.amazonaws.com/photos/519613437/medium.jpg,,"LepiLED mini, 2x4W, Mischlicht, 160W, LepiLED mini trap","",2,0,false,,"Pietraperzia, Enna, Italien",37.417368927,14.1926701886,123,,,,123,,,false,,"",Italy,Baumwoll-Sonneneule,Helicoverpa armigera,Cotton Bollworm Moth,Insecta,83806
288918099,b18b7f9b-7e56-4a77-a521-6d7d19213fe3,2025-06-11,2025-06-11,,Rome,1106349,amzamz,Andreas Manz,2025-06-12 03:51:17 UTC,2025-07-05 15:29:54 UTC,research,CC-BY-NC,https://www.inaturalist.org/observations/288918099,https://inaturalist-open-data.s3.amazonaws.com/photos/519613640/medium.jpg,,"LepiLED mini, 2x4W, Mischlicht, 160W, LepiLED mini trap","",2,0,false,,"Pietraperzia, Enna, Italien",37.417368927,14.1926701886,123,,,,123,,,false,,"",Italy,Baumwoll-Sonneneule,Helicoverpa armigera,Cotton Bollworm Moth,Insecta,83806
289133011,7a0497fe-dc3c-4ba5-b0d7-8620211f7b78,2025-06-12 22:20:30,2025-06-12,2025-06-12 20:20:30 UTC,Rome,2514105,diegoreggianti,"",2025-06-12 23:14:10 UTC,2025-09-06 13:24:11 UTC,research,CC-BY-NC,https://www.inaturalist.org/observations/289133011,https://inaturalist-open-data.s3.amazonaws.com/photos/520010417/medium.jpg,,"",,2,0,false,2,"00042 Anzio RM, Italia",41.4907599112,12.5988125056,85,,,,85,,,false,gps,gps,Italy,Helicoverpa armigera,Helicoverpa armigera,Cotton Bollworm Moth,Insecta,83806
289134884,0c496943-7588-4bd3-8fb3-b822aefa9fb1,2025-06-12 23:47:31,2025-06-12,2025-06-12 21:47:31 UTC,Rome,2514105,diegoreggianti,"",2025-06-12 23:23:56 UTC,2025-09-06 13:24:10 UTC,research,CC-BY-NC,https://www.inaturalist.org/observations/289134884,https://inaturalist-open-data.s3.amazonaws.com/photos/520013892/medium.jpg,,"",,2,0,false,2,"00042 Anzio RM, Italia",41.4907599112,12.5988125056,85,,,,85,,,false,gps,gps,Italy,Helicoverpa armigera,Helicoverpa armigera,Cotton Bollworm Moth,Insecta,83806
289542327,acbd51cf-d949-4855-a4d6-cca19107f95a,2025/06/14 05:20,2025-06-14,2025-06-14 03:20:00 UTC,Rome,864736,valentino_traversa,Valentino Traversa,2025-06-14 15:06:09 UTC,2025-06-14 15:06:09 UTC,needs_id,CC-BY-NC,https://www.inaturalist.org/observations/289542327,https://inaturalist-open-data.s3.amazonaws.com/photos/520714378/medium.jpg,,"",,0,0,false,,"Provincia di Taranto, Italia",40.536775132,17.2386236455,1,,,,1,,,false,,,Italy,Elicoverpa,Helicoverpa armigera,Cotton Bollworm Moth,Insecta,83806
289747505,bec33124-47fd-4ae7-91c4-1d3ecfc60134,2025/06/12 21:40,2025-06-12,2025-06-12 19:40:00 UTC,Rome,1106349,amzamz,Andreas Manz,2025-06-15 06:51:23 UTC,2025-07-05 15:29:19 UTC,research,CC-BY-NC,https://www.inaturalist.org/observations/289747505,https://inaturalist-open-data.s3.amazonaws.com/photos/521166754/medium.jpg,,"LepiLED mini trap, 4W, Mischlicht, 160W",,2,0,false,,"Azienda Agricola Volpignano, Palermo, Italien",37.9104672435,13.9586427401,123,,,,123,,,false,,,Italy,Baumwoll-Sonneneule,Helicoverpa armigera,Cotton Bollworm Moth,Insecta,83806
289747544,dafdd06a-766b-4d08-9cfb-53a73f49d2cc,2025/06/12,2025-06-12,,Rome,1106349,amzamz,Andreas Manz,2025-06-15 06:51:34 UTC,2025-07-05 15:54:30 UTC,research,CC-BY-NC,https://www.inaturalist.org/observations/289747544,https://inaturalist-open-data.s3.amazonaws.com/photos/521168280/medium.jpg,,"LepiLED mini trap, 4W, Mischlicht, 160W",,2,0,false,,"Azienda Agricola Volpignano, Palermo, Italien",37.9104672435,13.9586427401,123,,,,123,,,false,,,Italy,Baumwoll-Sonneneule,Helicoverpa armigera,Cotton Bollworm Moth,Insecta,83806
289747569,478454da-8521-44ec-a89d-eaf4016baffa,2025/06/12,2025-06-12,,Rome,1106349,amzamz,Andreas Manz,2025-06-15 06:51:40 UTC,2025-07-05 15:54:23 UTC,research,CC-BY-NC,https://www.inaturalist.org/observations/289747569,https://inaturalist-open-data.s3.amazonaws.com/photos/521169145/medium.jpg,,"LepiLED mini trap, 4W, Mischlicht, 160W",,2,0,false,,"Azienda Agricola Volpignano, Palermo, Italien",37.9104672435,13.9586427401,123,,,,123,,,false,,,Italy,Baumwoll-Sonneneule,Helicoverpa armigera,Cotton Bollworm Moth,Insecta,83806
289747605,e6f8945d-5e2f-41bc-8bf5-5b909cf254bf,2025/06/12,2025-06-12,,Rome,1106349,amzamz,Andreas Manz,2025-06-15 06:51:56 UTC,2025-07-05 15:54:18 UTC,research,CC-BY-NC,https://www.inaturalist.org/observations/289747605,https://inaturalist-open-data.s3.amazonaws.com/photos/521169741/medium.jpg,,"LepiLED mini trap, 4W, Mischlicht, 160W",,2,0,false,,"Azienda Agricola Volpignano, Palermo, Italien",37.9104672435,13.9586427401,123,,,,123,,,false,,,Italy,Baumwoll-Sonneneule,Helicoverpa armigera,Cotton Bollworm Moth,Insecta,83806
289790831,92b7d9f6-f2c6-49f5-b988-b37e29e1a43a,2025/06/13 21:35,2025-06-13,2025-06-13 19:35:00 UTC,Rome,1106349,amzamz,Andreas Manz,2025-06-15 11:30:16 UTC,2025-07-05 15:28:19 UTC,research,CC-BY-NC,https://www.inaturalist.org/observations/289790831,https://inaturalist-open-data.s3.amazonaws.com/photos/521248528/medium.jpg,,"LepiLED mini, 2x4W, LepiLED mini trap, Mischlicht, 160W",,2,0,false,,"Azienda Agricola Volpignano, Palermo, Italien",37.9104672435,13.9586427401,123,,,,123,,,false,,,Italy,Baumwoll-Sonneneule,Helicoverpa armigera,Cotton Bollworm Moth,Insecta,83806
289790839,78152746-9919-47bb-b3ea-a13913ea5109,2025/06/13 21:40,2025-06-13,2025-06-13 19:40:00 UTC,Rome,1106349,amzamz,Andreas Manz,2025-06-15 11:30:17 UTC,2025-07-05 15:28:18 UTC,research,CC-BY-NC,https://www.inaturalist.org/observations/289790839,https://inaturalist-open-data.s3.amazonaws.com/photos/521248601/medium.jpg,,"LepiLED mini, 2x4W, LepiLED mini trap, Mischlicht, 160W",,2,0,false,,"Azienda Agricola Volpignano, Palermo, Italien",37.9104672435,13.9586427401,123,,,,123,,,false,,,Italy,Baumwoll-Sonneneule,Helicoverpa armigera,Cotton Bollworm Moth,Insecta,83806
289790892,5b404364-aeab-4e82-9682-e86c4d5de85d,2025/06/13,2025-06-13,,Rome,1106349,amzamz,Andreas Manz,2025-06-15 11:30:31 UTC,2025-07-05 15:55:37 UTC,research,CC-BY-NC,https://www.inaturalist.org/observations/289790892,https://inaturalist-open-data.s3.amazonaws.com/photos/521250573/medium.jpg,,"LepiLED mini, 2x4W, LepiLED mini trap, Mischlicht, 160W",,2,0,false,,"Azienda Agricola Volpignano, Palermo, Italien",37.9104672435,13.9586427401,123,,,,123,,,false,,,Italy,Baumwoll-Sonneneule,Helicoverpa armigera,Cotton Bollworm Moth,Insecta,83806
289907334,220c2d41-c73e-4d9a-8a90-5c3db7472e28,2025/06/14,2025-06-14,,Rome,1106349,amzamz,Andreas Manz,2025-06-15 18:31:41 UTC,2025-07-05 15:25:53 UTC,research,CC-BY-NC,https://www.inaturalist.org/observations/289907334,https://inaturalist-open-data.s3.amazonaws.com/photos/521453943/medium.jpg,,"LepiLED mini, 2x4W",,2,0,false,,"Contrada di Riena, 90030 Castronovo di Sicilia PA, Italien",37.7381007,13.5478525,123,,,,123,,,false,,,Italy,Baumwoll-Sonneneule,Helicoverpa armigera,Cotton Bollworm Moth,Insecta,83806
289907424,1df236cf-2b52-4754-9ce5-b3b072196d6e,2025/06/14,2025-06-14,,Rome,1106349,amzamz,Andreas Manz,2025-06-15 18:31:57 UTC,2025-07-05 15:56:33 UTC,research,CC-BY-NC,https://www.inaturalist.org/observations/289907424,https://inaturalist-open-data.s3.amazonaws.com/photos/521455315/medium.jpg,,"LepiLED mini, 2x4W",,2,0,false,,"Contrada di Riena, 90030 Castronovo di Sicilia PA, Italien",37.7381007,13.5478525,123,,,,123,,,false,,,Italy,Baumwoll-Sonneneule,Helicoverpa armigera,Cotton Bollworm Moth,Insecta,83806
289907428,9e11e9ad-1260-48c4-911d-f0cfaa4c9d9e,2025/06/14,2025-06-14,,Rome,1106349,amzamz,Andreas Manz,2025-06-15 18:31:58 UTC,2025-07-05 15:56:34 UTC,research,CC-BY-NC,https://www.inaturalist.org/observations/289907428,https://inaturalist-open-data.s3.amazonaws.com/photos/521455448/medium.jpg,,"LepiLED mini, 2x4W",,2,0,false,,"Contrada di Riena, 90030 Castronovo di Sicilia PA, Italien",37.7381007,13.5478525,123,,,,123,,,false,,,Italy,Baumwoll-Sonneneule,Helicoverpa armigera,Cotton Bollworm Moth,Insecta,83806
289907542,38cbe551-76e2-4222-8a33-3656e06440c3,2025/06/14,2025-06-14,,Rome,1106349,amzamz,Andreas Manz,2025-06-15 18:32:18 UTC,2025-07-05 15:25:43 UTC,research,CC-BY-NC,https://www.inaturalist.org/observations/289907542,https://inaturalist-open-data.s3.amazonaws.com/photos/521457543/medium.jpg,,"LepiLED mini, 2x4W",,2,0,false,,"Contrada di Riena, 90030 Castronovo di Sicilia PA, Italien",37.7381007,13.5478525,123,,,,123,,,false,,,Italy,Baumwoll-Sonneneule,Helicoverpa armigera,Cotton Bollworm Moth,Insecta,83806
289980109,3a8755c2-59c3-499e-9a7d-568d77a0f9a9,2025/06/15 23:01,2025-06-15,2025-06-15 21:01:00 UTC,Rome,2514105,diegoreggianti,"",2025-06-15 22:37:41 UTC,2025-09-06 13:22:50 UTC,research,CC-BY-NC,https://www.inaturalist.org/observations/289980109,https://inaturalist-open-data.s3.amazonaws.com/photos/521600793/medium.jpg,,"",,3,0,false,,"Crocco- Olivi, 00148 Roma RM, Italia ",41.8255500489,12.3981212452,149,,,,149,,,false,,,Italy,Helicoverpa armigera,Helicoverpa armigera,Cotton Bollworm Moth,Insecta,83806
290122386,1e541ffa-898b-4247-addc-cd45ab77be59,2025/06/15 21:10,2025-06-15,2025-06-15 19:10:00 UTC,Rome,1106349,amzamz,Andreas Manz,2025-06-16 13:14:05 UTC,2025-07-05 15:23:25 UTC,research,CC-BY-NC,https://www.inaturalist.org/observations/290122386,https://inaturalist-open-data.s3.amazonaws.com/photos/521877843/medium.jpg,,"LepiLED mini, 2x4W",,2,0,false,,"Contrada di Riena, 90030 Castronovo di Sicilia PA, Italien",37.7381007,13.5478525,123,,,,123,,,false,,,Italy,Baumwoll-Sonneneule,Helicoverpa armigera,Cotton Bollworm Moth,Insecta,83806
290122469,a752b53f-563b-4812-b389-0a0a19e9c0ad,2025/06/15,2025-06-15,,Rome,1106349,amzamz,Andreas Manz,2025-06-16 13:14:19 UTC,2025-07-05 15:58:04 UTC,research,CC-BY-NC,https://www.inaturalist.org/observations/290122469,https://inaturalist-open-data.s3.amazonaws.com/photos/521878418/medium.jpg,,"LepiLED mini, 2x4W",,2,0,false,,"Contrada di Riena, 90030 Castronovo di Sicilia PA, Italien",37.7381007,13.5478525,123,,,,123,,,false,,,Italy,Baumwoll-Sonneneule,Helicoverpa armigera,Cotton Bollworm Moth,Insecta,83806
290175701,09a5e00a-b44e-4a7f-97da-d039ecdf3c83,2025/06/05 6:20 AM,2025-06-05,2025-06-05 04:20:00 UTC,Rome,1641060,russhedley,Russ Hedley,2025-06-16 16:57:20 UTC,2025-07-04 16:44:07 UTC,research,CC-BY-NC,https://www.inaturalist.org/observations/290175701,https://inaturalist-open-data.s3.amazonaws.com/photos/521979607/medium.jpg,,"",,1,0,false,,"Mondello, Palermo, PA, Italy",38.2106478552,13.3296099233,4,,,,4,,,false,,,Italy,Scarce Bordered Straw Moth,Helicoverpa armigera,Cotton Bollworm Moth,Insecta,83806
290191270,dd941dde-6c34-4c5e-b8c6-eb681cc0e6ef,2025-06-16 19:55:22,2025-06-16,2025-06-16 17:55:22 UTC,Rome,8530360,seremani,Sereywathana Lek,2025-06-16 17:58:23 UTC,2025-06-16 17:58:25 UTC,needs_id,CC-BY-NC,https://www.inaturalist.org/observations/290191270,https://inaturalist-open-data.s3.amazonaws.com/photos/522008329/medium.jpg,,"",,0,0,false,843,"Via dei Magoni, Orvieto, Umbria, IT",42.7170866667,12.1116278333,15,,,,15,,,false,,,Italy,,Helicoverpa armigera,Cotton Bollworm Moth,Insecta,83806
290342076,d448a116-aa61-4e46-a6a7-25d5754f8477,2025/06/16,2025-06-16,,Rome,1106349,amzamz,Andreas Manz,2025-06-17 07:22:49 UTC,2025-07-05 15:58:54 UTC,research,CC-BY-NC,https://www.inaturalist.org/observations/290342076,https://inaturalist-open-data.s3.amazonaws.com/photos/522301181/medium.jpg,,"LepiLED mini trap, 4W",probably 200-300x,2,0,false,,"Monte Cammarata #2, 1470m, Agrigent, Italien",37.6217283531,13.6107824799,123,,,,123,,,false,,,Italy,Baumwoll-Sonneneule,Helicoverpa armigera,Cotton Bollworm Moth,Insecta,83806
290375696,5755795b-7e4b-4f49-8af5-1b0159b463b4,2025/06/16 20:45,2025-06-16,2025-06-16 18:45:00 UTC,Rome,1106349,amzamz,Andreas Manz,2025-06-17 11:54:09 UTC,2025-07-05 15:15:35 UTC,research,CC-BY-NC,https://www.inaturalist.org/observations/290375696,https://inaturalist-open-data.s3.amazonaws.com/photos/522354899/medium.jpg,,"LepiLED mini, 4W, Mischlicht, 160W","large numbers: etimated 500-1,000",2,0,false,,"Cammarata, Agrigent, Italien",37.6263782556,13.6256741638,123,,,,123,,,false,,,Italy,Baumwoll-Sonneneule,Helicoverpa armigera,Cotton Bollworm Moth,Insecta,83806
290397002,a2bbd8ee-9a30-44a7-92b0-47cbdda60a16,Tue Jun 17 2025 15:47:05 GMT +0200 (GMT+2),2025-06-17,2025-06-17 13:47:05 UTC,Rome,8339679,a_mica,,2025-06-17 13:47:16 UTC,2025-09-06 13:22:49 UTC,research,CC-BY-NC,https://www.inaturalist.org/observations/290397002,https://inaturalist-open-data.s3.amazonaws.com/photos/523542364/medium.jpg,,"",,2,0,false,333,Varese,45.8126487732,8.809633255,100,,,,100,,,false,,,Italy,Elicoverpa,Helicoverpa armigera,Cotton Bollworm Moth,Insecta,83806
290631331,b3540ade-8e0a-4cf7-9708-15283fe1a705,2025-06-18 11:22:31,2025-06-18,2025-06-18 09:22:31 UTC,Rome,9367881,evelise2,Evelise Riberi,2025-06-18 10:29:07 UTC,2025-06-30 15:46:05 UTC,needs_id,CC-BY-NC,https://www.inaturalist.org/observations/290631331,https://inaturalist-open-data.s3.amazonaws.com/photos/522847909/medium.jpg,,"",,0,0,false,2,"10024 Moncalieri TO, Italia",44.9983416946,7.6802879199,5566,,,,5566,,,false,,,Italy,Elicoverpa,Helicoverpa armigera,Cotton Bollworm Moth,Insecta,83806
290757064,b1a30653-6265-40b1-82ab-996062d9c923,2025/06/17,2025-06-17,,Rome,1106349,amzamz,Andreas Manz,2025-06-18 20:13:05 UTC,2025-07-05 16:00:58 UTC,research,CC-BY-NC,https://www.inaturalist.org/observations/290757064,https://inaturalist-open-data.s3.amazonaws.com/photos/523061710/medium.jpg,,"LepiLED mini, 4W",,2,0,false,,"Monte Cammarata #2, 1470m, Agrigent, Italien",37.6217283531,13.6107824799,123,,,,123,,,false,,,Italy,Baumwoll-Sonneneule,Helicoverpa armigera,Cotton Bollworm Moth,Insecta,83806
290757162,43822269-2c9d-4c2e-900c-82b24177f1cb,2025/06/17,2025-06-17,,Rome,1106349,amzamz,Andreas Manz,2025-06-18 20:13:23 UTC,2025-07-05 16:00:53 UTC,research,CC-BY-NC,https://www.inaturalist.org/observations/290757162,https://inaturalist-open-data.s3.amazonaws.com/photos/523062517/medium.jpg,,"LepiLED mini, 4W",,2,0,false,,"Monte Cammarata #2, 1470m, Agrigent, Italien",37.6217283531,13.6107824799,123,,,,123,,,false,,,Italy,Baumwoll-Sonneneule,Helicoverpa armigera,Cotton Bollworm Moth,Insecta,83806
290757260,0e115238-8cfe-4922-9f21-1d6038ed79e8,2025/06/17,2025-06-17,,Rome,1106349,amzamz,Andreas Manz,2025-06-18 20:13:57 UTC,2025-07-05 16:00:47 UTC,research,CC-BY-NC,https://www.inaturalist.org/observations/290757260,https://inaturalist-open-data.s3.amazonaws.com/photos/523062955/medium.jpg,,"LepiLED mini, 4W",,2,0,false,,"Monte Cammarata #2, 1470m, Agrigent, Italien",37.6217283531,13.6107824799,123,,,,123,,,false,,,Italy,Baumwoll-Sonneneule,Helicoverpa armigera,Cotton Bollworm Moth,Insecta,83806
290771698,b823a4b4-9cbe-4f71-ac80-c3e2112b601e,2025/06/17 ,2025-06-17,,Rome,1106349,amzamz,Andreas Manz,2025-06-18 21:12:01 UTC,2025-07-05 15:11:50 UTC,research,CC-BY-NC,https://www.inaturalist.org/observations/290771698,https://inaturalist-open-data.s3.amazonaws.com/photos/523082247/medium.jpg,,"LepiLED mini, 4W",,2,0,false,,"Monte Cammarata #3, 1550m, Agrigent, Italien",37.6202157182,13.6083148476,123,,,,123,,,false,,,Italy,Baumwoll-Sonneneule,Helicoverpa armigera,Cotton Bollworm Moth,Insecta,83806
290771710,630b1baf-8623-4f49-a4dc-6e48b4902da5,2025/06/17 ,2025-06-17,,Rome,1106349,amzamz,Andreas Manz,2025-06-18 21:12:03 UTC,2025-07-05 15:11:51 UTC,research,CC-BY-NC,https://www.inaturalist.org/observations/290771710,https://inaturalist-open-data.s3.amazonaws.com/photos/523082600/medium.jpg,,"LepiLED mini, 4W",,2,0,false,,"Monte Cammarata #3, 1550m, Agrigent, Italien",37.6202157182,13.6083148476,123,,,,123,,,false,,,Italy,Baumwoll-Sonneneule,Helicoverpa armigera,Cotton Bollworm Moth,Insecta,83806
290771986,beab64e4-bfc3-418d-9611-69c748c98cb2,2025/06/17 ,2025-06-17,,Rome,1106349,amzamz,Andreas Manz,2025-06-18 21:12:52 UTC,2025-07-05 15:11:21 UTC,research,CC-BY-NC,https://www.inaturalist.org/observations/290771986,https://inaturalist-open-data.s3.amazonaws.com/photos/523086616/medium.jpg,,"LepiLED mini, 4W",,2,0,false,,"Monte Cammarata #3, 1550m, Agrigent, Italien",37.6202157182,13.6083148476,123,,,,123,,,false,,,Italy,Baumwoll-Sonneneule,Helicoverpa armigera,Cotton Bollworm Moth,Insecta,83806
290772003,cbef2062-ff66-4d83-9167-70c8d4b71bb6,2025/06/17 ,2025-06-17,,Rome,1106349,amzamz,Andreas Manz,2025-06-18 21:12:53 UTC,2025-07-05 15:11:19 UTC,research,CC-BY-NC,https://www.inaturalist.org/observations/290772003,https://inaturalist-open-data.s3.amazonaws.com/photos/523086690/medium.jpg,,"LepiLED mini, 4W",,2,0,false,,"Monte Cammarata #3, 1550m, Agrigent, Italien",37.6202157182,13.6083148476,123,,,,123,,,false,,,Italy,Baumwoll-Sonneneule,Helicoverpa armigera,Cotton Bollworm Moth,Insecta,83806
290835561,acb7b353-4fe9-45e8-8835-e96de3a16da5,2025/06/17,2025-06-17,,Rome,1106349,amzamz,Andreas Manz,2025-06-19 02:51:29 UTC,2025-07-05 16:04:00 UTC,research,CC-BY-NC,https://www.inaturalist.org/observations/290835561,https://inaturalist-open-data.s3.amazonaws.com/photos/523117626/medium.jpg,,"Mischlicht, 160W",,2,0,false,,"Cammarata, Agrigent, Italien",37.6263782556,13.6256741638,123,,,,123,,,false,,,Italy,Baumwoll-Sonneneule,Helicoverpa armigera,Cotton Bollworm Moth,Insecta,83806
290904367,3dc2ecd0-41d6-4e8f-a933-a72a18ab4ffe,2025-06-19 09:19:00,2025-06-19,2025-06-19 07:19:00 UTC,Rome,2515682,rubenciantia,Ruben Ciantia,2025-06-19 11:57:41 UTC,2025-07-05 16:04:32 UTC,research,,https://www.inaturalist.org/observations/290904367,https://inaturalist-open-data.s3.amazonaws.com/photos/523361951/medium.jpg,,"",,2,0,false,2,"1541, 95123 Catania CT, Italia",37.5196908818,15.0690760463,21,,,,21,,,false,,,Italy,Elicoverpa,Helicoverpa armigera,Cotton Bollworm Moth,Insecta,83806
291131702,faef2aea-8519-4c92-a192-7ec539b31a7e,2025/06/19,2025-06-19,,Rome,1106349,amzamz,Andreas Manz,2025-06-20 05:55:06 UTC,2025-07-05 16:04:54 UTC,research,CC-BY-NC,https://www.inaturalist.org/observations/291131702,https://inaturalist-open-data.s3.amazonaws.com/photos/523785629/medium.jpg,,"LepiLED mini, 4W",,2,0,false,,"portella femmina morta, 1560m, Messina, Italien",37.9246758366,14.6623295975,123,,,,123,,,false,,,Italy,Baumwoll-Sonneneule,Helicoverpa armigera,Cotton Bollworm Moth,Insecta,83806
291131705,f26dd43d-9d44-430a-8bce-f37470bc4879,2025/06/19,2025-06-19,,Rome,1106349,amzamz,Andreas Manz,2025-06-20 05:55:07 UTC,2025-07-05 16:04:55 UTC,research,CC-BY-NC,https://www.inaturalist.org/observations/291131705,https://inaturalist-open-data.s3.amazonaws.com/photos/523785668/medium.jpg,,"LepiLED mini, 4W",,2,0,false,,"portella femmina morta, 1560m, Messina, Italien",37.9246758366,14.6623295975,123,,,,123,,,false,,,Italy,Baumwoll-Sonneneule,Helicoverpa armigera,Cotton Bollworm Moth,Insecta,83806
291298821,91003153-832e-422b-93ca-c8117bf09912,2025-06-16 23:50,2025-06-16,2025-06-16 21:50:00 UTC,Rome,7631077,salv9,,2025-06-20 20:38:53 UTC,2025-07-04 15:54:22 UTC,research,CC-BY-NC,https://www.inaturalist.org/observations/291298821,https://inaturalist-open-data.s3.amazonaws.com/photos/524098526/medium.jpg,,"","",2,0,false,,"Sicily, IT",37.0671038735,14.7749607534,,,,,28447,obscured,,true,,,Italy,Elicoverpa,Helicoverpa armigera,Cotton Bollworm Moth,Insecta,83806
291345441,94e59ca4-c339-46eb-9b14-05d2552ae8dd,2025/06/20 23:44,2025-06-20,2025-06-20 21:44:00 UTC,Rome,1106349,amzamz,Andreas Manz,2025-06-21 00:20:08 UTC,2025-07-05 16:05:56 UTC,research,CC-BY-NC,https://www.inaturalist.org/observations/291345441,https://inaturalist-open-data.s3.amazonaws.com/photos/524183459/medium.jpg,,"LepiLED mini, 2x4W",,2,0,false,,"ca de re, Palermo, Italien",38.0740901899,13.0829666018,123,,,,123,,,false,,,Italy,Baumwoll-Sonneneule,Helicoverpa armigera,Cotton Bollworm Moth,Insecta,83806
291345451,4e053b78-4478-42ec-b89c-a817a75f23fa,2025/06/20 23:43,2025-06-20,2025-06-20 21:43:00 UTC,Rome,1106349,amzamz,Andreas Manz,2025-06-21 00:20:11 UTC,2025-07-05 16:05:49 UTC,research,CC-BY-NC,https://www.inaturalist.org/observations/291345451,https://inaturalist-open-data.s3.amazonaws.com/photos/524183551/medium.jpg,,"LepiLED mini, 2x4W",,2,0,false,,"ca de re, Palermo, Italien",38.0740901899,13.0829666018,123,,,,123,,,false,,,Italy,Baumwoll-Sonneneule,Helicoverpa armigera,Cotton Bollworm Moth,Insecta,83806
291512614,91a6c337-f35b-4c3c-aa91-cc886f06b93a,2025-06-21T18:19,2025-06-21,2025-06-21 16:19:00 UTC,Rome,8375094,emvis,,2025-06-21 16:19:36 UTC,2025-09-06 13:40:00 UTC,research,CC-BY-NC,https://www.inaturalist.org/observations/291512614,https://inaturalist-open-data.s3.amazonaws.com/photos/524498597/medium.jpg,,"",,2,0,false,843,"Vico Porticella, Chieti, Abruzzo, IT",42.3466769938,14.163994204,96,,,,96,,,false,,,Italy,Cotton Bollworm Moth,Helicoverpa armigera,Cotton Bollworm Moth,Insecta,83806
291862662,86d03caf-dbb2-4af1-a61f-b9417c6be964,2025/06/02 6:10 PM,2025-06-02,2025-06-02 16:10:00 UTC,Rome,2677078,bernicemitchener,"",2025-06-22 18:33:11 UTC,2025-07-05 15:04:10 UTC,research,CC-BY-NC,https://www.inaturalist.org/observations/291862662,https://inaturalist-open-data.s3.amazonaws.com/photos/525137256/medium.jpg,,"",,2,0,false,,"Metropolitan City of Palermo, Italy",37.9884282479,14.1161422912,701,,,,701,,,false,,,Italy,Scarce Bordered Straw Moth,Helicoverpa armigera,Cotton Bollworm Moth,Insecta,83806
291925805,4bf0bde1-875b-476c-96ad-fa242a72f1b0,2025-06-22 22:21:49,2025-06-22,2025-06-22 20:21:49 UTC,Rome,36200,marcopecoraro,Marco Pecoraro,2025-06-22 22:12:42 UTC,2025-08-09 09:29:08 UTC,research,CC-BY-NC,https://www.inaturalist.org/observations/291925805,https://inaturalist-open-data.s3.amazonaws.com/photos/525280171/medium.jpg,,"",,1,0,false,2,"90028 Polizzi Generosa PA, Italia",37.8676322902,14.0212583542,54,,,,54,,,false,gps,gps,Italy,Elicoverpa,Helicoverpa armigera,Cotton Bollworm Moth,Insecta,83806
291925893,0c7198a9-1b3c-4001-87b9-70b82d4c6f91,2025/06/05 6:15 PM,2025-06-05,2025-06-05 16:15:00 UTC,Rome,2677078,bernicemitchener,"",2025-06-22 22:12:54 UTC,2025-07-05 16:06:50 UTC,research,CC-BY-NC,https://www.inaturalist.org/observations/291925893,https://inaturalist-open-data.s3.amazonaws.com/photos/525261677/medium.jpg,,"",,2,0,false,,"Free municipal consortium of Trapani, Italy",38.1547575847,12.7658481036,128,,,,128,,,false,,,Italy,Scarce Bordered Straw Moth,Helicoverpa armigera,Cotton Bollworm Moth,Insecta,83806
291928882,641f4a56-271e-47e4-8a7e-cc1f039fa91e,2025-06-22 21:59:52+02:00,2025-06-22,2025-06-22 19:59:52 UTC,Rome,8054608,m_gamba,Martina Gamba,2025-06-22 22:24:39 UTC,2025-09-06 13:36:13 UTC,research,CC-BY-NC,https://www.inaturalist.org/observations/291928882,https://inaturalist-open-data.s3.amazonaws.com/photos/525285794/medium.jpg,,"","",1,0,false,3,"Apulia, IT",40.8466881359,17.454788076,389,,,,27877,obscured,,true,,,Italy,Elicoverpa,Helicoverpa armigera,Cotton Bollworm Moth,Insecta,83806
292327366,808e394d-3bbf-4d32-b624-b081e2288f3c,2025-06-23 22:00:18+02:00,2025-06-23,2025-06-23 20:00:18 UTC,Rome,8054608,m_gamba,Martina Gamba,2025-06-24 11:37:30 UTC,2025-09-06 13:25:06 UTC,research,CC-BY-NC,https://www.inaturalist.org/observations/292327366,https://inaturalist-open-data.s3.amazonaws.com/photos/526052110/medium.jpg,,"","",2,0,false,3,"Apulia, IT",40.9722598466,17.4149193369,632,,,,27877,obscured,,true,,,Italy,Elicoverpa,Helicoverpa armigera,Cotton Bollworm Moth,Insecta,83806
292569948,98f7c53e-bb36-45ed-a64f-a7befbc8c83e,2025/05/01 8:44 AM,2025-05-01,2025-05-01 06:44:00 UTC,Rome,5061674,thierrya,Thierry Arbault,2025-06-25 08:47:57 UTC,2025-09-06 13:25:04 UTC,research,CC-BY,https://www.inaturalist.org/observations/292569948,https://inaturalist-open-data.s3.amazonaws.com/photos/526508481/medium.jpg,,"",,2,0,false,,"Metropolitan City of Bari, Italy",40.73389,16.40343,5,,,,5,,,false,,,Italy,Cotton Bollworm Moth,Helicoverpa armigera,Cotton Bollworm Moth,Insecta,83806
292988550,22191fae-42f7-4f49-9e3f-45bd1326961a,2025/06/07 5:57 PM,2025-06-07,2025-06-07 15:57:00 UTC,Rome,2677078,bernicemitchener,"",2025-06-26 22:32:07 UTC,2025-07-04 15:48:37 UTC,research,CC-BY-NC,https://www.inaturalist.org/observations/292988550,https://inaturalist-open-data.s3.amazonaws.com/photos/527289172/medium.jpg,,"",,1,0,false,,"Free municipal consortium of Trapani, Italy",38.1547575847,12.7658481036,128,,,,128,,,false,,,Italy,Scarce Bordered Straw Moth,Helicoverpa armigera,Cotton Bollworm Moth,Insecta,83806
293329560,19123d21-29d5-4231-9132-0c87f79d86d6,2025-06-24 21:20:05+02:00,2025-06-24,2025-06-24 19:20:05 UTC,Rome,8054608,m_gamba,Martina Gamba,2025-06-28 08:18:34 UTC,2025-09-06 13:39:53 UTC,research,CC-BY-NC,https://www.inaturalist.org/observations/293329560,https://inaturalist-open-data.s3.amazonaws.com/photos/527952466/medium.jpg,,"","",1,0,false,3,"Apulia, IT",40.9878641742,17.5110201123,632,,,,27877,obscured,,true,,,Italy,Elicoverpa,Helicoverpa armigera,Cotton Bollworm Moth,Insecta,83806
293450261,02381b55-364b-49cc-a106-0a07bea659a7,2025-06-28 19:19:32,2025-06-28,2025-06-28 17:19:32 UTC,Rome,972471,danielaaea,"",2025-06-28 17:32:38 UTC,2025-06-28 17:32:49 UTC,needs_id,CC-BY-NC,https://www.inaturalist.org/observations/293450261,https://inaturalist-open-data.s3.amazonaws.com/photos/528169433/medium.jpg,,"",,0,0,false,2,"20853 Biassono MB, Italia",45.6358333333,9.2838888889,,,,,,,,false,gps,gps,Italy,Elicoverpa,Helicoverpa armigera,Cotton Bollworm Moth,Insecta,83806
293473499,48ead1b9-ad7d-4248-84f7-3ad06fb6d193,2025-06-28 19:03:51,2025-06-28,2025-06-28 17:03:51 UTC,Rome,7868016,dariomagno,Dariomagno,2025-06-28 18:53:42 UTC,2025-09-06 13:35:50 UTC,research,CC-BY-NC,https://www.inaturalist.org/observations/293473499,https://inaturalist-open-data.s3.amazonaws.com/photos/528231414/medium.jpg,,"",,1,0,false,2,"San Giovanni, Firenze FI, Italia",43.7723216997,11.2553669,,,,,,,,false,gps,gps,Italy,Elicoverpa,Helicoverpa armigera,Cotton Bollworm Moth,Insecta,83806
293475820,6075347e-89ec-4a36-ac44-1c77bc20a981,2025-06-28 20:57:35,2025-06-28,2025-06-28 18:57:35 UTC,Rome,9396246,exploratore,,2025-06-28 19:02:23 UTC,2025-06-28 19:02:48 UTC,needs_id,CC-BY-NC,https://www.inaturalist.org/observations/293475820,https://inaturalist-open-data.s3.amazonaws.com/photos/528217377/medium.jpg,,"",,0,0,false,2,"La Spezia, Liguria, IT",44.1374614027,9.9295800179,6,,,,6,,,false,gps,gps,Italy,Elicoverpa,Helicoverpa armigera,Cotton Bollworm Moth,Insecta,83806
293842350,33d10919-1f77-4874-9d08-82b981c2794c,2025-06-29 21:48:17,2025-06-29,2025-06-29 19:48:17 UTC,Rome,36200,marcopecoraro,Marco Pecoraro,2025-06-29 19:48:55 UTC,2025-07-05 15:06:39 UTC,research,CC-BY-NC,https://www.inaturalist.org/observations/293842350,https://inaturalist-open-data.s3.amazonaws.com/photos/528850284/medium.jpg,,"",,1,0,false,2,"90010 Campofelice di Roccella PA, Italia",37.9968543914,13.883799836,7,,,,7,,,false,gps,gps,Italy,Elicoverpa,Helicoverpa armigera,Cotton Bollworm Moth,Insecta,83806
295200189,f9628642-c3e4-4394-89a4-a0f346c14cd0,2025-07-02 09:30:45+02:00,2025-07-02,2025-07-02 07:30:45 UTC,Rome,2874293,walter1980,,2025-07-04 20:01:34 UTC,2025-09-06 13:40:19 UTC,research,CC-BY-NC,https://www.inaturalist.org/observations/295200189,https://inaturalist-open-data.s3.amazonaws.com/photos/531407517/medium.jpg,,"","",1,0,false,3,"Sardegna, Sedini, Sardegna, IT",40.8659744659,8.8006667008,6,,,,6,,,false,,,Italy,Elicoverpa,Helicoverpa armigera,Cotton Bollworm Moth,Insecta,83806
295938532,168966fc-40ba-4242-ba20-dcd0ab47023b,2025-07-07 07:30:41,2025-07-07,2025-07-07 05:30:41 UTC,Rome,675852,max_65,Massimo Rosso,2025-07-07 08:29:59 UTC,2025-09-06 13:25:19 UTC,research,,https://www.inaturalist.org/observations/295938532,https://static.inaturalist.org/photos/532816721/medium.jpg,,"",,2,0,false,2,"Torino, Piemonte, IT",45.0839904245,6.9910543031,38,,,,27222,obscured,,true,gps,gps,Italy,Elicoverpa,Helicoverpa armigera,Cotton Bollworm Moth,Insecta,83806
296189081,a360a62d-268a-486b-8bdb-63fbd936c2f1,2025-07-08 08:36:44,2025-07-08,2025-07-08 06:36:44 UTC,Rome,1934149,marco_salvatore,Marco Salvatore,2025-07-08 06:40:50 UTC,2025-09-06 13:25:20 UTC,research,,https://www.inaturalist.org/observations/296189081,https://static.inaturalist.org/photos/533613577/medium.jpg,,"",,3,0,false,2,"56123 Pisa PI, Italia",43.7228332857,10.4017581046,3975,,,,3975,,,false,,,Italy,Cotton Bollworm Moth,Helicoverpa armigera,Cotton Bollworm Moth,Insecta,83806
296204273,def2f650-b14d-4c46-b171-49367e0d91e6,2025/04/28 7:22 AM,2025-04-28,2025-04-28 05:22:00 UTC,Rome,5061674,thierrya,Thierry Arbault,2025-07-08 09:12:04 UTC,2025-09-06 13:25:21 UTC,research,CC-BY,https://www.inaturalist.org/observations/296204273,https://inaturalist-open-data.s3.amazonaws.com/photos/533324132/medium.jpg,,"",,2,0,false,,"Province of Foggia, Italy",41.722724,16.019563,4,,,,4,,,false,,,Italy,Cotton Bollworm Moth,Helicoverpa armigera,Cotton Bollworm Moth,Insecta,83806
296458947,c43aabe2-ffbb-4afa-8b5f-f566f6fd954f,Wed Jul 09 2025 10:56:55 GMT +0200 (GMT+2),2025-07-09,2025-07-09 08:56:55 UTC,Rome,8211965,qusco,Francesco Poli,2025-07-09 08:57:15 UTC,2025-08-01 18:32:14 UTC,needs_id,CC-BY-NC,https://www.inaturalist.org/observations/296458947,https://inaturalist-open-data.s3.amazonaws.com/photos/538425443/medium.jpg,,"",,0,0,false,333,Casina,44.5294532776,10.513168335,2799,,,,2799,,,false,,,Italy,Nottuidi,Helicoverpa armigera,Cotton Bollworm Moth,Insecta,83806
296619174,311af545-a6c8-4671-9c9a-41ae2a2d6cec,2025-07-10 00:13:41,2025-07-10,2025-07-09 22:13:41 UTC,Rome,7025416,alecaese2001,,2025-07-09 22:16:22 UTC,2025-09-06 13:35:21 UTC,research,CC-BY-NC,https://www.inaturalist.org/observations/296619174,https://inaturalist-open-data.s3.amazonaws.com/photos/534115966/medium.jpg,,"",,2,0,false,2,"48018 Celle RA, Italia",44.2914257751,11.8352338672,445,,,,445,,,false,gps,gps,Italy,Elicoverpa,Helicoverpa armigera,Cotton Bollworm Moth,Insecta,83806
296628775,c92dbc61-6359-4d1f-bd43-c86f767b398a,2025/07/09 22:35,2025-07-09,2025-07-09 20:35:00 UTC,Rome,1697090,ricmola,Riccardo Molajoli,2025-07-09 23:04:23 UTC,2025-09-06 13:35:21 UTC,research,CC-BY-NC,https://www.inaturalist.org/observations/296628775,https://inaturalist-open-data.s3.amazonaws.com/photos/534134009/medium.jpg,,"",,1,0,false,,"00060 Belvedere RM, Italia ",42.0825126418,12.5446090847,14,,,,14,,,false,,,Italy,Elicoverpa,Helicoverpa armigera,Cotton Bollworm Moth,Insecta,83806
296863438,0cec41b2-c56f-46b7-acb9-aff0adaa4b10,2025-07-10 23:16:00,2025-07-10,2025-07-10 21:16:00 UTC,Rome,3929851,filippo_moratellli,Filippo Moratellli,2025-07-10 21:19:32 UTC,2025-09-06 13:25:46 UTC,research,,https://www.inaturalist.org/observations/296863438,https://static.inaturalist.org/photos/534583030/medium.jpg,,"",,2,0,false,843,"Viale 25 Aprile, Ferrara, Emilia–Romagna, IT",44.8475883333,11.6182966667,14,,,,14,,,false,,,Italy,Elicoverpa,Helicoverpa armigera,Cotton Bollworm Moth,Insecta,83806
297079379,76052a95-62a9-428e-a7d0-3879d58101d6,2025-07-03 17:29:59,2025-07-03,2025-07-03 15:29:59 UTC,Rome,5133141,k_wheatley,Kaila Wheatley Kornblum,2025-07-11 18:23:11 UTC,2025-09-06 13:22:11 UTC,research,CC-BY-NC,https://www.inaturalist.org/observations/297079379,https://inaturalist-open-data.s3.amazonaws.com/photos/534991826/medium.jpg,,"",,2,0,false,2,"90015 Cefalù, PA, Italy",38.0336153661,14.0163200721,7161,,,,7161,,,false,gps,gps,Italy,Cotton Bollworm Moth,Helicoverpa armigera,Cotton Bollworm Moth,Insecta,83806
297227148,c2f6a616-2fc1-4c2f-9ac9-9a5df33753c5,2025-07-12 07:06:00,2025-07-12,2025-07-12 05:06:00 UTC,Rome,475449,augustacastiglioni,Augusta Castiglioni,2025-07-12 08:03:57 UTC,2025-07-12 08:08:59 UTC,needs_id,,https://www.inaturalist.org/observations/297227148,https://static.inaturalist.org/photos/535277595/medium.jpg,,"",,0,0,false,2,"21049 Tradate VA, Italia",45.6961245775,8.9170739427,63,,,,63,,,false,gps,gps,Italy,Helicoverpa armigera,Helicoverpa armigera,Cotton Bollworm Moth,Insecta,83806
297287228,db2e947e-93f9-4001-b654-e3033a226be1,2025-07-12 16:13:15,2025-07-12,2025-07-12 14:13:15 UTC,Rome,5331038,carina1122,"",2025-07-12 14:14:28 UTC,2025-09-06 13:35:14 UTC,research,CC-BY-NC,https://www.inaturalist.org/observations/297287228,https://inaturalist-open-data.s3.amazonaws.com/photos/535388279/medium.jpg,,"",,1,0,false,2,"Vibo Valentia, Calabria, IT",38.6322604812,15.8475637436,29,,,,29,,,false,gps,gps,Italy,Cotton Bollworm Moth,Helicoverpa armigera,Cotton Bollworm Moth,Insecta,83806
298256590,8174b646-e54e-4587-8103-41ba4c5e5e2c,2025/07/08 9:01 AM,2025-07-08,2025-07-08 07:01:00 UTC,Rome,1956724,andreaang,Andrea Angiari,2025-07-15 20:43:29 UTC,2025-08-29 18:16:15 UTC,research,CC-BY-NC,https://www.inaturalist.org/observations/298256590,https://inaturalist-open-data.s3.amazonaws.com/photos/537211583/medium.jpg,,"",,1,0,false,,"Modena, Emilia-Romagna, Italy",44.4792283333,10.9202449722,,,,,,,,false,,,Italy,Cotton Bollworm Moth,Helicoverpa armigera,Cotton Bollworm Moth,Insecta,83806
298372774,47bf0a2a-b2f6-49a4-beaf-591a6ac09c94,2025-07-16 06:54:28,2025-07-16,2025-07-16 04:54:28 UTC,Rome,675852,max_65,Massimo Rosso,2025-07-16 09:08:46 UTC,2025-09-06 13:35:13 UTC,research,,https://www.inaturalist.org/observations/298372774,https://static.inaturalist.org/photos/537444738/medium.jpg,,"",,1,0,false,2,"Torino, Piemonte, IT",45.1864085722,6.9629635282,40,,,,27222,obscured,,true,gps,gps,Italy,Elicoverpa,Helicoverpa armigera,Cotton Bollworm Moth,Insecta,83806
298622765,a43e7299-d35d-4065-afaa-dafce28cfa41,2025-07-17 10:38:02,2025-07-17,2025-07-17 08:38:02 UTC,Rome,1591925,gabriele_lagrasta,Gabriele La Grasta,2025-07-17 08:48:50 UTC,2025-09-06 13:35:09 UTC,research,CC-BY-NC,https://www.inaturalist.org/observations/298622765,https://inaturalist-open-data.s3.amazonaws.com/photos/537924425/medium.jpg,,"","",1,0,false,2,"87036 Rende CS, Italia",39.367515,16.228297,51,,,,51,,,false,gps,gps,Italy,Cotton Bollworm Moth,Helicoverpa armigera,Cotton Bollworm Moth,Insecta,83806
298623158,4967d88d-5ad7-4a81-a992-dbb953f3863a,2025-07-17 10:29:19,2025-07-17,2025-07-17 08:29:19 UTC,Rome,1591925,gabriele_lagrasta,Gabriele La Grasta,2025-07-17 08:52:51 UTC,2025-09-06 13:35:08 UTC,research,CC-BY-NC,https://www.inaturalist.org/observations/298623158,https://inaturalist-open-data.s3.amazonaws.com/photos/537925243/medium.jpg,,"","",1,0,false,2,"87036 Arcavacata CS, Italia",39.367506,16.228266,51,,,,51,,,false,gps,gps,Italy,Cotton Bollworm Moth,Helicoverpa armigera,Cotton Bollworm Moth,Insecta,83806
298876683,5c276e6d-1f07-4e65-958a-4ccd1ea5fddc,2025-07-18 10:56:40,2025-07-18,2025-07-18 08:56:40 UTC,Rome,1591925,gabriele_lagrasta,Gabriele La Grasta,2025-07-18 09:15:04 UTC,2025-09-06 13:40:50 UTC,research,CC-BY-NC,https://www.inaturalist.org/observations/298876683,https://inaturalist-open-data.s3.amazonaws.com/photos/538412551/medium.jpg,,"","",2,0,false,2,"Ponte Pietro Bucci, Cubo 34/B 87036, 87036 Arcavacata CS, Italia",39.367475,16.228316,51,,,,51,,,false,gps,gps,Italy,Cotton Bollworm Moth,Helicoverpa armigera,Cotton Bollworm Moth,Insecta,83806
298879920,f6e610d9-2763-42da-9808-23864797a8b4,2025-07-18 10:16:15,2025-07-18,2025-07-18 08:16:15 UTC,Rome,1591925,gabriele_lagrasta,Gabriele La Grasta,2025-07-18 09:43:44 UTC,2025-09-06 13:40:51 UTC,research,CC-BY-NC,https://www.inaturalist.org/observations/298879920,https://inaturalist-open-data.s3.amazonaws.com/photos/538418705/medium.jpg,,"",,1,0,false,2,"C/da Li Rocchi Vermicelli 87036 - RENDE, 87036 Arcavacata CS, Italia",39.366424,16.2290129722,,,,,,,,false,gps,gps,Italy,Cotton Bollworm Moth,Helicoverpa armigera,Cotton Bollworm Moth,Insecta,83806
299005935,d5a5400e-c74b-4676-bf30-ffcaa38609ac,2025-07-18 21:50:20,2025-07-18,2025-07-18 19:50:20 UTC,Rome,2192898,diegodamici,Diego Damici,2025-07-18 19:57:02 UTC,2025-09-06 13:40:47 UTC,research,,https://www.inaturalist.org/observations/299005935,https://static.inaturalist.org/photos/538654603/medium.jpg,,"",,1,0,false,2,"72100 Brindisi BR, Italia",40.6471683333,17.94688,9,,,,9,,,false,,,Italy,Cotton Bollworm Moth,Helicoverpa armigera,Cotton Bollworm Moth,Insecta,83806
299285170,7a3d5042-6b12-4420-878d-f954e61e8aef,2025-07-19 21:28:37,2025-07-19,2025-07-19 19:28:37 UTC,Rome,5829267,albertocapuano,Alberto Capuano,2025-07-19 19:47:36 UTC,2025-09-06 13:37:09 UTC,research,,https://www.inaturalist.org/observations/299285170,https://static.inaturalist.org/photos/539184689/medium.jpg,,"",,2,0,false,2,"Catanzaro, Calabria, IT",38.6565421009,16.4622255384,4,,,,28210,obscured,,true,gps,gps,Italy,Helicoverpa armigera,Helicoverpa armigera,Cotton Bollworm Moth,Insecta,83806
299466126,977431d2-8b8b-4565-a131-0fedd9e0eb5d,2025/07/19 23:20,2025-07-19,2025-07-19 21:20:00 UTC,Rome,7243661,gvalentini,,2025-07-20 10:27:54 UTC,2025-09-06 13:34:53 UTC,research,CC-BY-NC,https://www.inaturalist.org/observations/299466126,https://inaturalist-open-data.s3.amazonaws.com/photos/539513060/medium.jpg,,"",,1,0,false,,"Provincia dell'Aquila, Italia",42.3538591583,13.3087921143,488,,,,488,,,false,,,Italy,Elicoverpa,Helicoverpa armigera,Cotton Bollworm Moth,Insecta,83806
299554537,7469a13b-882e-426e-a14c-543e068b4a6a,2025-07-20 14:17:11,2025-07-20,2025-07-20 12:17:11 UTC,Rome,9526791,tvtime,Tenna,2025-07-20 16:27:08 UTC,2025-09-06 13:35:00 UTC,research,CC-BY-NC,https://www.inaturalist.org/observations/299554537,https://inaturalist-open-data.s3.amazonaws.com/photos/539678074/medium.jpg,,"",,1,0,false,843,"Apulia, IT",40.9096728211,16.3019265735,6,,,,27877,obscured,,true,,,Italy,Cotton Bollworm Moth,Helicoverpa armigera,Cotton Bollworm Moth,Insecta,83806
299556741,7a7d83b2-bef7-43ee-8e89-02ea52a37426,2025-07-20 14:17:37,2025-07-20,2025-07-20 12:17:37 UTC,Rome,9526791,tvtime,Tenna,2025-07-20 16:33:34 UTC,2025-09-06 13:25:34 UTC,research,CC-BY-NC,https://www.inaturalist.org/observations/299556741,https://inaturalist-open-data.s3.amazonaws.com/photos/539678150/medium.jpg,,"",,2,0,false,843,"Apulia, IT",40.9790237001,16.2732550324,8,,,,27877,obscured,,true,,,Italy,Cotton Bollworm Moth,Helicoverpa armigera,Cotton Bollworm Moth,Insecta,83806
300247708,6af18893-9c25-4b6c-b423-ae11cd903fae,2025-07-23 00:08:50,2025-07-23,2025-07-22 22:08:50 UTC,Rome,7028267,berndpanassiti,Bernd,2025-07-22 22:11:55 UTC,2025-09-06 13:21:47 UTC,research,CC-BY-NC,https://www.inaturalist.org/observations/300247708,https://inaturalist-open-data.s3.amazonaws.com/photos/540967686/medium.jpg,,"",,2,0,false,2,"07039 Valledoria SS, Italien",40.92580509,8.8182821,5,,,,5,,,false,,,Italy,Baumwoll-Sonneneule,Helicoverpa armigera,Cotton Bollworm Moth,Insecta,83806
300355789,546c3ea5-3ae5-418e-8980-5f8413542b31,2025/07/18 12:15,2025-07-18,2025-07-18 10:15:00 UTC,Rome,8706191,bonardicarlo,Bonardi Carlo,2025-07-23 09:56:54 UTC,2025-07-23 21:32:56 UTC,needs_id,CC-BY-NC,https://www.inaturalist.org/observations/300355789,https://inaturalist-open-data.s3.amazonaws.com/photos/541176306/medium.jpg,,"",,0,0,false,,"Provincia del Verbano-Cusio-Ossola, Italia",45.9855837544,8.1568821108,,,,,,,,false,,,Italy,Elicoverpa,Helicoverpa armigera,Cotton Bollworm Moth,Insecta,83806
301026337,3918f35a-46ae-44a5-86c5-1450a493016f,2025-07-25 13:40:43,2025-07-25,2025-07-25 11:40:43 UTC,Rome,9532467,elena98229,Elena Paparella,2025-07-25 20:16:33 UTC,2025-07-25 20:22:37 UTC,needs_id,CC-BY-NC,https://www.inaturalist.org/observations/301026337,https://inaturalist-open-data.s3.amazonaws.com/photos/542422326/medium.jpg,,"",,0,0,false,2,"16156 Genova GE, Italia",44.4261501,8.8029933,,,,,,,,false,,,Italy,Elicoverpa,Helicoverpa armigera,Cotton Bollworm Moth,Insecta,83806
301116518,a7c8f47d-9276-45fa-80cd-4e861b4cb406,2025-07-25 22:03:58,2025-07-25,2025-07-25 20:03:58 UTC,Rome,5164923,hercynicus,Leonard Schmalhaus,2025-07-26 04:18:32 UTC,2025-09-06 13:26:04 UTC,research,CC-BY,https://www.inaturalist.org/observations/301116518,https://inaturalist-open-data.s3.amazonaws.com/photos/542592369/medium.jpg,,"",,2,0,false,2,"39019 Muthöfe, Autonome Provinz Bozen - Südtirol, Italien",46.7026629277,11.130560562,9,,,,9,,,false,gps,gps,Italy,Baumwoll-Sonneneule,Helicoverpa armigera,Cotton Bollworm Moth,Insecta,83806
301217638,82093602-5cbf-4a6c-8f45-4765f11165a7,2025-07-24 10:08:02,2025-07-24,2025-07-24 08:08:02 UTC,Rome,5493206,mircogruppi,"",2025-07-26 14:52:07 UTC,2025-09-06 14:34:17 UTC,research,CC-BY-NC,https://www.inaturalist.org/observations/301217638,https://inaturalist-open-data.s3.amazonaws.com/photos/542777161/medium.jpg,,"",,1,0,false,2,"63857 Amandola FM, Italia",42.9699333333,13.2770916667,,,,,,,,false,gps,gps,Italy,Elicoverpa,Helicoverpa armigera,Cotton Bollworm Moth,Insecta,83806
301239286,ed7d2de0-aeac-4e18-a8b5-1d2b1ecdc9bb,2025-07-26 13:20:59,2025-07-26,2025-07-26 11:20:59 UTC,Rome,445224,yellowaspentree,"",2025-07-26 16:06:25 UTC,2025-09-06 13:34:44 UTC,research,CC-BY-NC,https://www.inaturalist.org/observations/301239286,https://inaturalist-open-data.s3.amazonaws.com/photos/542815610/medium.jpg,,"",,2,0,false,2,"HFHV+C9, 25080 Puegnago del Garda BS, Italia",45.5776027778,10.492875,,,,,,,,false,gps,gps,Italy,Elicoverpa,Helicoverpa armigera,Cotton Bollworm Moth,Insecta,83806
301250032,4e3e48ea-9294-41a6-b2df-ab6fa1cfeb59,2025-07-25 12:29:44,2025-07-25,2025-07-25 10:29:44 UTC,Rome,8968854,marvin12748,Marvin Foppe,2025-07-26 16:44:42 UTC,2025-07-30 10:04:51 UTC,needs_id,,https://www.inaturalist.org/observations/301250032,https://static.inaturalist.org/photos/542834019/medium.jpg,,"",,0,0,false,2,"23021 Campodolcino, Sondrio, Italien",46.4032944444,9.3911472222,,,,,,,,false,gps,gps,Italy,Baumwoll-Sonneneule,Helicoverpa armigera,Cotton Bollworm Moth,Insecta,83806
301318011,b9dfca6e-0bc6-4e93-9fc1-d1ae9442ae21,2025-07-26 22:46:16,2025-07-26,2025-07-26 20:46:16 UTC,Rome,1743965,cattanea,Nella,2025-07-26 20:48:53 UTC,2025-09-06 13:26:02 UTC,research,CC-BY-NC,https://www.inaturalist.org/observations/301318011,https://inaturalist-open-data.s3.amazonaws.com/photos/542960058/medium.jpg,,"",,2,0,false,2,"28016 Orta San Giulio, Province of Novara, Italy",45.7778861111,8.4288861111,,,,,,,,false,gps,gps,Italy,Cotton Bollworm Moth,Helicoverpa armigera,Cotton Bollworm Moth,Insecta,83806
301514440,b094035d-c4e0-43b2-9c65-733a309140d3,2025-07-25 22:11:10,2025-07-25,2025-07-25 20:11:10 UTC,Rome,4967072,aradusbetulae,André Apel,2025-07-27 13:57:29 UTC,2025-09-06 13:25:59 UTC,research,CC-BY-NC,https://www.inaturalist.org/observations/301514440,https://inaturalist-open-data.s3.amazonaws.com/photos/543330569/medium.jpg,,"",,2,0,false,2,"39019 Muthöfe, Autonome Provinz Bozen - Südtirol, Italien",46.7026636175,11.1304921657,3,,,,3,,,false,,,Italy,Baumwoll-Sonneneule,Helicoverpa armigera,Cotton Bollworm Moth,Insecta,83806
301515955,e80d8887-d98c-440f-8e98-d39227f1634b,2025-07-25 22:11:10,2025-07-25,2025-07-25 20:11:10 UTC,Rome,4967072,aradusbetulae,André Apel,2025-07-27 14:02:37 UTC,2025-09-06 13:25:58 UTC,research,CC-BY-NC,https://www.inaturalist.org/observations/301515955,https://inaturalist-open-data.s3.amazonaws.com/photos/543333293/medium.jpg,,"",,2,0,false,2,"39019 Muthöfe, Autonome Provinz Bozen - Südtirol, Italien",46.7026636175,11.1304921657,3,,,,3,,,false,,,Italy,Baumwoll-Sonneneule,Helicoverpa armigera,Cotton Bollworm Moth,Insecta,83806
301599612,4d2628e5-2ac8-48bc-8202-706b7eb22d19,2025-07-26 00:00:06+02:00,2025-07-26,2025-07-25 22:00:06 UTC,Rome,9585074,l_burrows,L Burrows,2025-07-27 18:28:40 UTC,2025-09-06 13:25:55 UTC,research,CC-BY-NC,https://www.inaturalist.org/observations/301599612,https://inaturalist-open-data.s3.amazonaws.com/photos/543487148/medium.jpg,,"","Moth week submission
",2,0,false,3,"Agrigento, Sicily, IT",37.1778560509,13.7955407875,3,,,,28447,obscured,,true,,,Italy,Cotton Bollworm Moth,Helicoverpa armigera,Cotton Bollworm Moth,Insecta,83806
301647857,92b7e20b-e1e4-49d0-a31d-91964e91f43a,2025-07-27 23:11:19+02:00,2025-07-27,2025-07-27 21:11:19 UTC,Rome,2719354,nathan-braschi,Nathanzus-rex,2025-07-27 21:12:18 UTC,2025-08-10 18:19:06 UTC,research,CC-BY-NC,https://www.inaturalist.org/observations/301647857,https://inaturalist-open-data.s3.amazonaws.com/photos/543577963/medium.jpg,,"","",2,0,false,3,"Via Cà Ferro, Montescudo-Monte Colombo, Emilia-Romagna, IT",43.9363533333,12.555355,5,,,,5,,,false,,,Italy,Elicoverpa,Helicoverpa armigera,Cotton Bollworm Moth,Insecta,83806
301650132,d53a8b19-bc06-4afb-8a20-0506b1a51339,2025-07-27 23:16:19,2025-07-27,2025-07-27 21:16:19 UTC,Rome,1743965,cattanea,Nella,2025-07-27 21:21:14 UTC,2025-09-06 13:25:56 UTC,research,CC-BY-NC,https://www.inaturalist.org/observations/301650132,https://inaturalist-open-data.s3.amazonaws.com/photos/543582232/medium.jpg,,"",,2,0,false,2,"28016 Orta San Giulio, Province of Novara, Italy",45.7778861111,8.4288888889,,,,,,,,false,gps,gps,Italy,Cotton Bollworm Moth,Helicoverpa armigera,Cotton Bollworm Moth,Insecta,83806
301764964,60949137-9ff7-4371-816d-0e028d2ad07d,2025-07-26 21:28:22,2025-07-26,2025-07-26 19:28:22 UTC,Rome,7235042,lucy91732,Lucy Carreck,2025-07-28 07:48:03 UTC,2025-07-28 07:48:05 UTC,needs_id,,https://www.inaturalist.org/observations/301764964,https://static.inaturalist.org/photos/543802727/medium.jpg,,"",,0,0,false,843,"Via Varese, Rodero, Lombardy, IT",45.8227716667,8.915255,72,,,,72,,,false,,,Italy,,Helicoverpa armigera,Cotton Bollworm Moth,Insecta,83806
301790507,37d4669c-5390-4b4e-9047-2560742070ff,2025/07/23 21:28,2025-07-23,2025-07-23 19:28:00 UTC,Rome,1482324,ranierop,Raniero Panfili,2025-07-28 11:11:57 UTC,2025-07-30 03:34:52 UTC,research,,https://www.inaturalist.org/observations/301790507,https://static.inaturalist.org/photos/543847507/medium.jpg,,"",,2,0,false,,"03016 Campocatino FR, Italia",41.8335733992,13.3261640289,14,,,,14,,,false,,,Italy,Elicoverpa,Helicoverpa armigera,Cotton Bollworm Moth,Insecta,83806
302548332,bc840837-8dc6-40b6-8caa-8a6c979b35c8,2025-07-28 11:50:13,2025-07-28,2025-07-28 09:50:13 UTC,Rome,9474002,kas90,Kaś,2025-07-31 06:55:02 UTC,2025-09-06 13:21:28 UTC,research,CC-BY-NC,https://www.inaturalist.org/observations/302548332,https://inaturalist-open-data.s3.amazonaws.com/photos/545262157/medium.jpg,,"",,2,0,false,2,"48123 Rawenna, Włochy",44.5005052,12.2766262,,,,,,,,false,gps,gps,Italy,słonecznica orężówka,Helicoverpa armigera,Cotton Bollworm Moth,Insecta,83806
303102874,49063b96-c196-4808-b3f1-404dccbafb3a,2025-07-31 16:22:16,2025-07-31,2025-07-31 14:22:16 UTC,Rome,6615683,mor3n4,Morena Miglionico,2025-08-02 12:33:28 UTC,2025-09-07 17:20:20 UTC,research,,https://www.inaturalist.org/observations/303102874,https://static.inaturalist.org/photos/546292303/medium.jpg,,"",,3,0,false,2,"Madonna di Buonviaggio SP, Italia",44.1356933152,9.8519324139,12,,,,12,,,false,,,Italy,Cotton Bollworm Moth,Helicoverpa armigera,Cotton Bollworm Moth,Insecta,83806
303155001,8610fadc-659c-4765-8b5c-38241074b249,2025/08/02 15:53,2025-08-02,2025-08-02 13:53:00 UTC,Rome,419068,theworldofpaolo,Paolo Zucca,2025-08-02 16:04:16 UTC,2025-09-06 13:41:15 UTC,research,CC-BY,https://www.inaturalist.org/observations/303155001,https://inaturalist-open-data.s3.amazonaws.com/photos/546381443/medium.jpg,,"",,1,0,false,,"Provincia di Brescia, Italia",45.353230942,10.185871129,497,,,,497,,,false,,,Italy,Elicoverpa,Helicoverpa armigera,Cotton Bollworm Moth,Insecta,83806
303491530,2f22cc0f-1696-4017-932e-466535e5c29c,2025-08-03 15:34:47,2025-08-03,2025-08-03 13:34:47 UTC,Rome,9526791,tvtime,Tenna,2025-08-03 18:22:24 UTC,2025-09-06 13:21:16 UTC,research,CC-BY-NC,https://www.inaturalist.org/observations/303491530,https://inaturalist-open-data.s3.amazonaws.com/photos/547015763/medium.jpg,,"",,2,0,false,843,"Apulia, IT",40.9561787491,16.3016655477,3,,,,27877,obscured,,true,,,Italy,Cotton Bollworm Moth,Helicoverpa armigera,Cotton Bollworm Moth,Insecta,83806
303548140,037a5d05-ec23-43d0-9481-2e2e090861db,2025-08-02 23:46:59,2025-08-02,2025-08-02 21:46:59 UTC,Rome,1743965,cattanea,Nella,2025-08-03 21:41:42 UTC,2025-09-06 13:21:15 UTC,research,CC-BY-NC,https://www.inaturalist.org/observations/303548140,https://inaturalist-open-data.s3.amazonaws.com/photos/547126859/medium.jpg,,"",,2,0,false,2,"28016 Orta San Giulio, Province of Novara, Italy",45.7778833333,8.4289,,,,,,,,false,gps,gps,Italy,Cotton Bollworm Moth,Helicoverpa armigera,Cotton Bollworm Moth,Insecta,83806
303851611,29def768-f393-4620-8000-4c4023882677,2025/08/04 22:46,2025-08-04,2025-08-04 20:46:00 UTC,Rome,2514105,diegoreggianti,"",2025-08-04 23:47:29 UTC,2025-09-06 13:26:19 UTC,research,CC-BY-NC,https://www.inaturalist.org/observations/303851611,https://inaturalist-open-data.s3.amazonaws.com/photos/547699234/medium.jpg,,"",,2,0,false,,"Crocco- Olivi, 00148 Roma RM, Italia ",41.8255500489,12.3981212452,149,,,,149,,,false,,,Italy,Helicoverpa armigera,Helicoverpa armigera,Cotton Bollworm Moth,Insecta,83806
304311986,87191166-1110-49a1-97b4-3da7f12e4219,2025-08-06 10:18:20,2025-08-06,2025-08-06 08:18:20 UTC,Rome,8780661,gianluca26181,Gianluca Bassi,2025-08-06 20:06:57 UTC,2025-09-06 13:26:12 UTC,research,,https://www.inaturalist.org/observations/304311986,https://static.inaturalist.org/photos/548575847/medium.jpg,,"",,2,0,false,2,"46047 Porto Mantovano MN, Italia",45.2138545531,10.816540271,2898,,,,2898,,,false,gps,gps,Italy,Elicoverpa,Helicoverpa armigera,Cotton Bollworm Moth,Insecta,83806
304404683,704f732f-f159-40af-a926-1eaa092774df,2025-08-07 07:16:07,2025-08-07,2025-08-07 05:16:07 UTC,Rome,7979345,grazione,Simone,2025-08-07 05:21:20 UTC,2025-09-06 13:26:11 UTC,research,CC-BY-NC,https://www.inaturalist.org/observations/304404683,https://inaturalist-open-data.s3.amazonaws.com/photos/548763739/medium.jpg,,"",,2,0,false,2,"41051 Castelnuovo Rangone MO, Italia",44.5511508681,10.9258201718,44,,,,44,,,false,gps,gps,Italy,Elicoverpa,Helicoverpa armigera,Cotton Bollworm Moth,Insecta,83806
304555518,9662f07a-07a6-4012-bdb5-f20b39ed45b2,2025/08/06 10:04 PM,2025-08-06,2025-08-06 20:04:00 UTC,Rome,45933,micder,Michele De Rocco,2025-08-07 20:04:56 UTC,2025-09-06 13:21:06 UTC,research,,https://www.inaturalist.org/observations/304555518,https://static.inaturalist.org/photos/549040666/medium.jpg,,"",,2,0,false,,"Province of Belluno, Italy",45.8829323877,11.8628094684,24,,,,24,,,false,,,Italy,Helicoverpa armigera,Helicoverpa armigera,Cotton Bollworm Moth,Insecta,83806
304559798,cd8d5ffe-ee93-44de-b64c-9fdcc993294a,2025/08/07 9:22 AM,2025-08-07,2025-08-07 07:22:00 UTC,Rome,45933,micder,Michele De Rocco,2025-08-07 20:21:57 UTC,2025-09-06 13:21:07 UTC,research,,https://www.inaturalist.org/observations/304559798,https://static.inaturalist.org/photos/549048008/medium.jpg,,"",,2,0,false,,"Province of Belluno, Italy",45.8829025132,11.8627450953,139,,,,139,,,false,,,Italy,Helicoverpa armigera,Helicoverpa armigera,Cotton Bollworm Moth,Insecta,83806
304662669,b619860a-d94a-4a68-84db-14b3678e1cf0,2025-08-08 09:33:04,2025-08-08,2025-08-08 07:33:04 UTC,Rome,1743965,cattanea,Nella,2025-08-08 07:35:07 UTC,2025-09-06 13:21:04 UTC,research,CC-BY-NC,https://www.inaturalist.org/observations/304662669,https://inaturalist-open-data.s3.amazonaws.com/photos/549254141/medium.jpg,,"",,2,0,false,2,"28016 Orta San Giulio, Province of Novara, Italy",45.7778805556,8.4288972222,,,,,,,,false,gps,gps,Italy,Cotton Bollworm Moth,Helicoverpa armigera,Cotton Bollworm Moth,Insecta,83806
304693458,205772dd-5ea8-4fa9-9600-a0f784a8449f,2025-08-08 13:35:50,2025-08-08,2025-08-08 11:35:50 UTC,Rome,7802287,leodem,Leone Demonte,2025-08-08 11:46:06 UTC,2025-08-08 11:46:07 UTC,needs_id,,https://www.inaturalist.org/observations/304693458,https://static.inaturalist.org/photos/549310462/medium.jpg,,"",,0,0,false,843,"Corso 22 Marzo, Milan, Lombardy, IT",45.4626916667,9.2228216667,29,,,,29,,,false,,,Italy,,Helicoverpa armigera,Cotton Bollworm Moth,Insecta,83806
304902245,bf65ec85-d4d7-4ab2-b177-f5fc1f4bbeb5,2025/05/12 09:28,2025-05-12,2025-05-12 07:28:00 UTC,Rome,4238405,mick_photo,mick_photo,2025-08-09 06:48:33 UTC,2025-08-09 06:49:39 UTC,needs_id,CC-BY-NC-ND,https://www.inaturalist.org/observations/304902245,https://inaturalist-open-data.s3.amazonaws.com/photos/549701381/medium.jpg,,"",on Centaurea sicula,0,0,false,," Bosco Difesa Grande, Gravina in Puglia, BA, Italia",40.7196503887,16.4364620232,2,,,,2,,,false,,,Italy,Elicoverpa,Helicoverpa armigera,Cotton Bollworm Moth,Insecta,83806
305058812,7aa81dd4-bca3-4321-abc9-3b618ccd1917,2025-08-09 22:31:14,2025-08-09,2025-08-09 20:31:14 UTC,Rome,8506667,roberto70174,Roberto Rossi,2025-08-09 20:31:56 UTC,2025-09-06 13:33:56 UTC,research,,https://www.inaturalist.org/observations/305058812,https://static.inaturalist.org/photos/549994742/medium.jpg,,"",,2,0,false,2,"41032 Villa Motta MO, Italia",44.8335361111,10.99715,,,,,,,,false,gps,gps,Italy,Elicoverpa,Helicoverpa armigera,Cotton Bollworm Moth,Insecta,83806
305714581,ef86532b-d96f-4dd6-b4b6-d34517527ef8,2025-08-12 07:03:17,2025-08-12,2025-08-12 05:03:17 UTC,Rome,675852,max_65,Massimo Rosso,2025-08-12 06:51:37 UTC,2025-09-06 13:26:41 UTC,research,,https://www.inaturalist.org/observations/305714581,https://static.inaturalist.org/photos/551244234/medium.jpg,,"",,2,0,false,2,"Torino, Piemonte, IT",45.0265926837,6.8535686432,29,,,,27222,obscured,,true,gps,gps,Italy,Elicoverpa,Helicoverpa armigera,Cotton Bollworm Moth,Insecta,83806
305956905,27241aa8-4caf-4eba-91f4-b1533c68cf94,2025-08-13 06:52:03,2025-08-13,2025-08-13 04:52:03 UTC,Rome,675852,max_65,Massimo Rosso,2025-08-13 07:17:25 UTC,2025-09-06 13:26:32 UTC,research,,https://www.inaturalist.org/observations/305956905,https://static.inaturalist.org/photos/551704443/medium.jpg,,"",,2,0,false,2,"Torino, Piemonte, IT",45.1258693154,6.9806690301,42,,,,27222,obscured,,true,,,Italy,Elicoverpa,Helicoverpa armigera,Cotton Bollworm Moth,Insecta,83806
306097882,078f990f-dee6-449b-85b5-b8465d7572df,2025/08/13 22:21,2025-08-13,2025-08-13 20:21:00 UTC,Rome,1437774,valentinabuono,Valentina,2025-08-13 20:40:12 UTC,2025-09-06 13:20:49 UTC,research,CC-BY-NC,https://www.inaturalist.org/observations/306097882,https://inaturalist-open-data.s3.amazonaws.com/photos/551967073/medium.jpg,,"",,2,0,false,,"Ferrara, Emilia-Romagna, IT",44.6233020825,11.7534701102,95,,,,27285,obscured,,true,,,Italy,Elicoverpa,Helicoverpa armigera,Cotton Bollworm Moth,Insecta,83806
306592439,4c1e62e3-b1a5-48da-af60-11003c1431f4,2025-08-15 23:02:03+02:00,2025-08-15,2025-08-15 21:02:03 UTC,Rome,1446055,roberto_costantino,,2025-08-15 22:08:46 UTC,2025-09-06 13:26:58 UTC,research,CC-BY-NC,https://www.inaturalist.org/observations/306592439,https://inaturalist-open-data.s3.amazonaws.com/photos/552915336/medium.jpg,,"","",2,0,false,3,"Parco Nazionale Arcipelago Toscano, Capoliveri, Toscana, IT",42.7559583333,10.31322,77,,,,77,,,false,,,Italy,Elicoverpa,Helicoverpa armigera,Cotton Bollworm Moth,Insecta,83806
306609541,0c7ecefd-4866-49b8-8836-3889d8bdc6a4,2025-08-16 01:47:06+02:00,2025-08-16,2025-08-15 23:47:06 UTC,Rome,6600711,diegobarca555,Dante l'Elegante,2025-08-15 23:49:07 UTC,2025-09-06 13:26:58 UTC,research,CC-BY-NC,https://www.inaturalist.org/observations/306609541,https://inaturalist-open-data.s3.amazonaws.com/photos/552947341/medium.jpg,,"","",2,0,false,3,"Via Giacomo Leopardi, Gavirate, Lombardia, IT",45.8235883333,8.7422616667,15,,,,15,,,false,,,Italy,Elicoverpa,Helicoverpa armigera,Cotton Bollworm Moth,Insecta,83806
306961871,9650d211-c24f-4868-b4ab-26e9657ec9c5,2025-08-17 06:52:22,2025-08-17,2025-08-17 04:52:22 UTC,Rome,675852,max_65,Massimo Rosso,2025-08-17 10:05:24 UTC,2025-09-06 13:20:22 UTC,research,,https://www.inaturalist.org/observations/306961871,https://static.inaturalist.org/photos/553617528/medium.jpg,,"",,2,0,false,2,"Torino, Piemonte, IT",45.1569063113,6.9315930674,37,,,,27222,obscured,,true,,,Italy,Elicoverpa,Helicoverpa armigera,Cotton Bollworm Moth,Insecta,83806
307070671,c986fcf0-3aee-4068-8709-f1826ea1051f,2025-08-16 20:52:29,2025-08-16,2025-08-16 18:52:29 UTC,Rome,149386,lucio_bonato,Lucio Bonato,2025-08-17 17:59:02 UTC,2025-09-06 13:20:14 UTC,research,,https://www.inaturalist.org/observations/307070671,https://inaturalist-open-data.s3.amazonaws.com/photos/553818827/medium.jpg,,"",,2,0,false,2,"31040 Cusignana TV, Italy",45.7831592672,12.1938492358,8,,,,8,,,false,,,Italy,Helicoverpa armigera,Helicoverpa armigera,Cotton Bollworm Moth,Insecta,83806
307152644,1ed9cd01-3f49-46b6-abf4-8324564ba7fa,Sun Aug 17 2025 23:53:51 GMT +0200 (GMT+2),2025-08-17,2025-08-17 21:53:51 UTC,Rome,8156429,littledemon_ac,Gagga,2025-08-17 23:40:20 UTC,2025-09-06 13:27:15 UTC,research,,https://www.inaturalist.org/observations/307152644,https://static.inaturalist.org/photos/553979533/medium.jpg,,"",,2,0,false,333,Pareto,44.5665206909,9.0939979553,60,,,,60,,,false,,,Italy,Cotton Bollworm Moth,Helicoverpa armigera,Cotton Bollworm Moth,Insecta,83806
307216324,03f7b277-44a8-4578-a359-94a69122f326,2025-08-18 00:08:03,2025-08-18,2025-08-17 22:08:03 UTC,Rome,2514105,diegoreggianti,"",2025-08-18 06:46:35 UTC,2025-09-06 13:27:12 UTC,research,CC-BY-NC,https://www.inaturalist.org/observations/307216324,https://inaturalist-open-data.s3.amazonaws.com/photos/554104597/medium.jpg,,"",,2,0,false,2,"00042 Anzio RM, Italia",41.4907599112,12.5988125056,85,,,,85,,,false,gps,gps,Italy,Helicoverpa armigera,Helicoverpa armigera,Cotton Bollworm Moth,Insecta,83806
307457905,8ca2f6a5-27f6-4053-a12e-4c043e5a8e0e,2025-08-19 07:50:20,2025-08-19,2025-08-19 05:50:20 UTC,Rome,675852,max_65,Massimo Rosso,2025-08-19 07:35:50 UTC,2025-09-06 13:20:06 UTC,research,,https://www.inaturalist.org/observations/307457905,https://static.inaturalist.org/photos/554577241/medium.jpg,,"",,2,0,false,2,"Torino, Piemonte, IT",45.132326301,6.9646357788,37,,,,27222,obscured,,true,gps,gps,Italy,Elicoverpa,Helicoverpa armigera,Cotton Bollworm Moth,Insecta,83806
307474960,1b783b24-ae1a-430e-86b2-3eb92c24ecaf,2025-08-19 11:46:02,2025-08-19,2025-08-19 09:46:02 UTC,Rome,1591925,gabriele_lagrasta,Gabriele La Grasta,2025-08-19 10:18:48 UTC,2025-09-06 13:33:23 UTC,research,CC-BY-NC,https://www.inaturalist.org/observations/307474960,https://inaturalist-open-data.s3.amazonaws.com/photos/554608751/medium.jpg,,"","",1,0,false,2,"C/da Li Rocchi Vermicelli 87036 - RENDE, 87036 Arcavacata CS, Italia",39.367342,16.228059,25,,,,25,,,false,gps,gps,Italy,Cotton Bollworm Moth,Helicoverpa armigera,Cotton Bollworm Moth,Insecta,83806
307675660,e1b0c8c3-775f-480a-bea3-571027540e02,2025-08-17 20:12:32+02:00,2025-08-17,2025-08-17 18:12:32 UTC,Rome,1437774,valentinabuono,Valentina,2025-08-20 05:01:18 UTC,2025-09-06 13:27:40 UTC,research,CC-BY-NC,https://www.inaturalist.org/observations/307675660,https://inaturalist-open-data.s3.amazonaws.com/photos/554997616/medium.jpg,,"","",2,0,false,3,"Ferrara, Emilia-Romagna, IT",44.7072614167,11.7648340781,1407,,,,27285,obscured,,true,,,Italy,Elicoverpa,Helicoverpa armigera,Cotton Bollworm Moth,Insecta,83806
307739085,53afa2bf-d984-4946-9547-521c4f1ebd81,2025-08-19 20:51:35+02:00,2025-08-19,2025-08-19 18:51:35 UTC,Rome,6610816,vochomurka,Klara Vidimova,2025-08-20 13:44:52 UTC,2025-09-06 13:27:37 UTC,research,CC-BY-NC,https://www.inaturalist.org/observations/307739085,https://inaturalist-open-data.s3.amazonaws.com/photos/555118279/medium.jpg,,"","",2,0,false,3,"Viale Lombardia, Torre Boldone, Lombardie, IT",45.71127,9.713705,12,,,,12,,,false,,,Italy,černopáska bavlníková,Helicoverpa armigera,Cotton Bollworm Moth,Insecta,83806
307743260,6c7849b9-0c90-4649-ba32-7ccdd3d63b89,2025-08-20 10:57:56+02:00,2025-08-20,2025-08-20 08:57:56 UTC,Rome,7258785,gaialucia,gaialucia,2025-08-20 14:06:38 UTC,2025-09-06 13:27:38 UTC,research,CC-BY-NC,https://www.inaturalist.org/observations/307743260,https://inaturalist-open-data.s3.amazonaws.com/photos/555126592/medium.jpg,,"","",2,0,false,3,"Via Vittorio Emanuele, Bozzole, Piemonte, IT",45.0699054004,8.6059153933,275,,,,275,,,false,,,Italy,Elicoverpa,Helicoverpa armigera,Cotton Bollworm Moth,Insecta,83806
307827226,d70fe775-8537-452b-9bce-833a95ba4bcf,2025/08/19 23:45,2025-08-19,2025-08-19 21:45:00 UTC,Rome,350029,andreagrossi,Andrea Grossi,2025-08-20 21:01:05 UTC,2025-09-06 13:42:15 UTC,research,CC-BY-NC,https://www.inaturalist.org/observations/307827226,https://inaturalist-open-data.s3.amazonaws.com/photos/555286164/medium.jpg,,"",,1,0,false,,"Provincia di Ferrara, Italia",44.833501,11.46145,,,,,,,,false,,,Italy,Elicoverpa,Helicoverpa armigera,Cotton Bollworm Moth,Insecta,83806
307828718,fac7b996-c9de-4a39-8441-be7849b40e48,2025-08-20 23:06:58,2025-08-20,2025-08-20 21:06:58 UTC,Rome,6003179,lauraluongo47,,2025-08-20 21:09:28 UTC,2025-09-06 13:28:03 UTC,research,CC-BY-NC,https://www.inaturalist.org/observations/307828718,https://inaturalist-open-data.s3.amazonaws.com/photos/555290655/medium.jpg,,"",,2,0,false,2,"BONZO - Piazza, 10070 Bonzo TO, Italia",45.3686636495,7.3055974022,18,,,,18,,,false,gps,gps,Italy,Elicoverpa,Helicoverpa armigera,Cotton Bollworm Moth,Insecta,83806
307833198,e1cc8915-eb50-4f7a-b545-562bfd040f5f,2025-08-20 23:30:54,2025-08-20,2025-08-20 21:30:54 UTC,Rome,6003179,lauraluongo47,,2025-08-20 21:31:33 UTC,2025-09-06 13:19:51 UTC,research,CC-BY-NC,https://www.inaturalist.org/observations/307833198,https://inaturalist-open-data.s3.amazonaws.com/photos/555297062/medium.jpg,,"",,2,0,false,2,"10070 Bonzo TO, Italia",45.3685828572,7.3075637966,260,,,,260,,,false,gps,gps,Italy,Elicoverpa,Helicoverpa armigera,Cotton Bollworm Moth,Insecta,83806
307914236,8ec060a0-55cf-4a36-b9ba-50c6b1780ec6,2025/08/18 09:25,2025-08-18,2025-08-18 07:25:00 UTC,Rome,7191562,mauro_fioretto,,2025-08-21 07:50:39 UTC,2025-09-06 13:19:42 UTC,research,CC-BY-NC,https://www.inaturalist.org/observations/307914236,https://inaturalist-open-data.s3.amazonaws.com/photos/555462627/medium.jpg,,"",,3,0,false,,"Provincia di Vicenza, Italia",45.6432682849,11.594129288,8,,,,8,,,false,,,Italy,Elicoverpa,Helicoverpa armigera,Cotton Bollworm Moth,Insecta,83806
308126086,9b88e7b1-1849-4385-8a4c-f854a23876e2,2025-08-22 07:08:05,2025-08-22,2025-08-22 05:08:05 UTC,Rome,1742371,samy22,Samantha Rizzi,2025-08-22 05:09:42 UTC,2025-09-06 13:27:54 UTC,research,,https://www.inaturalist.org/observations/308126086,https://static.inaturalist.org/photos/555869993/medium.jpg,,"",,4,0,false,2,"Gariga A.r.p., 29027 Casoni PC, Italia",44.9902119722,9.6873599722,,,,,,,,false,,,Italy,Elicoverpa,Helicoverpa armigera,Cotton Bollworm Moth,Insecta,83806
308139575,355b5b37-fb7c-4189-b062-65f46157abc9,2025-08-22 08:33:55,2025-08-22,2025-08-22 06:33:55 UTC,Rome,675852,max_65,Massimo Rosso,2025-08-22 07:36:31 UTC,2025-09-06 13:27:55 UTC,research,,https://www.inaturalist.org/observations/308139575,https://static.inaturalist.org/photos/555896713/medium.jpg,,"",,2,0,false,2,,45.1240506289,6.9206315108,18,,,,27222,obscured,,true,,,Italy,Elicoverpa,Helicoverpa armigera,Cotton Bollworm Moth,Insecta,83806
308146922,7a1363a9-18ef-481c-8ece-7d80d423d7bc,2025-08-22 10:09:15,2025-08-22,2025-08-22 08:09:15 UTC,Rome,1591925,gabriele_lagrasta,Gabriele La Grasta,2025-08-22 08:54:43 UTC,2025-09-06 13:33:09 UTC,research,CC-BY-NC,https://www.inaturalist.org/observations/308146922,https://inaturalist-open-data.s3.amazonaws.com/photos/555910399/medium.jpg,,"",,1,0,false,2,"C/da Li Rocchi Vermicelli 87036 - RENDE, 87036 Arcavacata CS, Italia",39.3664399722,16.229202,,,,,,,,false,gps,gps,Italy,Cotton Bollworm Moth,Helicoverpa armigera,Cotton Bollworm Moth,Insecta,83806
308148498,14f29d67-b9f4-4c30-87e7-bf6938ab039d,2025-08-22 11:10:33,2025-08-22,2025-08-22 09:10:33 UTC,Rome,7780152,pietro_melandri_birding,Pietro Melandri,2025-08-22 09:12:13 UTC,2025-09-06 13:27:52 UTC,research,CC0,https://www.inaturalist.org/observations/308148498,https://static.inaturalist.org/photos/555913907/medium.jpg,,"",,2,0,false,2,"44029 Comacchio FE, Italia",44.629271596,12.2545982525,9,,,,9,,,false,gps,gps,Italy,Elicoverpa,Helicoverpa armigera,Cotton Bollworm Moth,Insecta,83806
308153307,ec4a07a6-b594-42af-8b07-11aefb973529,2025-08-22 11:54:41,2025-08-22,2025-08-22 09:54:41 UTC,Rome,5519031,valentina680,Valentina Peracino,2025-08-22 09:57:40 UTC,2025-08-22 09:57:51 UTC,needs_id,,https://www.inaturalist.org/observations/308153307,https://static.inaturalist.org/photos/555922649/medium.jpg,,"",,0,0,false,2,"10090 Trana TO, Italia",45.0376938884,7.4198806286,53,,,,53,,,false,gps,gps,Italy,Elicoverpa,Helicoverpa armigera,Cotton Bollworm Moth,Insecta,83806
308183122,c144eb90-10d4-4e17-ab0e-f35b77ce8208,2025/06/30 10:43 PM,2025-06-30,2025-06-30 20:43:00 UTC,Rome,938093,entomolojosh,Josh Boe,2025-08-22 13:21:53 UTC,2025-09-06 13:27:51 UTC,research,CC-BY,https://www.inaturalist.org/observations/308183122,https://inaturalist-open-data.s3.amazonaws.com/photos/555974303/medium.jpg,,"",came to UV LED light,2,0,false,,"Province of Lucca, Italy",43.8866640016,10.4601431056,2,,,,2,,,false,,,Italy,Scarce Bordered Straw Moth,Helicoverpa armigera,Cotton Bollworm Moth,Insecta,83806
308253852,a57ed825-0c41-49eb-a622-f86e0d11e44d,2025-08-22 19:21:13+02:00,2025-08-22,2025-08-22 17:21:13 UTC,Rome,3387974,olga_zero,,2025-08-22 18:59:00 UTC,2025-09-06 13:28:19 UTC,research,CC-BY-NC,https://www.inaturalist.org/observations/308253852,https://inaturalist-open-data.s3.amazonaws.com/photos/556111369/medium.jpg,,"","",2,0,false,3,"Via Castagna, Villa di Serio, Lombardia, IT",45.72052,9.7343466667,3,,,,3,,,false,,,Italy,Helicoverpa armigera,Helicoverpa armigera,Cotton Bollworm Moth,Insecta,83806
308255013,b4b477d6-0585-49c7-aaf0-26e488313694,2025/08/22 10:53 AM,2025-08-22,2025-08-22 08:53:00 UTC,Rome,486572,pasqualebuonpane,Pasquale Buonpane,2025-08-22 19:04:00 UTC,2025-09-06 13:28:19 UTC,research,CC-BY-NC,https://www.inaturalist.org/observations/308255013,https://inaturalist-open-data.s3.amazonaws.com/photos/556113146/medium.jpg,,"","",2,0,false,,"Province of Caserta, Italy",41.2782512248,14.3645683316,1,,,,1,,,false,,,Italy,Cotton Bollworm Moth,Helicoverpa armigera,Cotton Bollworm Moth,Insecta,83806
308276794,88fa78ef-1070-4240-9cc8-287a02eaaf2f,2025-08-22 22:03:06+02:00,2025-08-22,2025-08-22 20:03:06 UTC,Rome,8910809,eleelongo,,2025-08-22 20:53:09 UTC,2025-09-06 13:19:33 UTC,research,CC-BY-NC,https://www.inaturalist.org/observations/308276794,https://inaturalist-open-data.s3.amazonaws.com/photos/556156006/medium.jpg,,"","",2,0,false,3,"Verrua Savoia, Piemonte, IT",45.1729798903,8.1026722233,4,,,,4,,,false,,,Italy,Elicoverpa,Helicoverpa armigera,Cotton Bollworm Moth,Insecta,83806
308387386,a839b74e-807f-46e7-b647-0a6c7e074956,2025-08-23 11:51:34+02:00,2025-08-23,2025-08-23 09:51:34 UTC,Rome,285621,alcedo77,,2025-08-23 09:52:12 UTC,2025-09-06 13:19:31 UTC,research,CC-BY-NC,https://www.inaturalist.org/observations/308387386,https://inaturalist-open-data.s3.amazonaws.com/photos/556371880/medium.jpg,,"","",2,0,false,3,"Casei Gerola, Lombardy, IT",45.0137734786,8.9384130947,3,,,,3,,,false,,,Italy,Cotton Bollworm Moth,Helicoverpa armigera,Cotton Bollworm Moth,Insecta,83806
309032082,169804e9-4285-42dd-be40-99e6ae71442d,2025-08-22 20:33:26,2025-08-22,2025-08-22 18:33:26 UTC,Rome,9448072,splancnocranio,Andrea G. Ricotti,2025-08-25 16:27:10 UTC,2025-09-07 17:59:18 UTC,needs_id,,https://www.inaturalist.org/observations/309032082,https://static.inaturalist.org/photos/557605343/medium.jpg,,"",,2,0,false,843,"Via dei Gigli, Lesina, Apulia, IT",41.9122237292,15.3384232149,5,,,,5,,,false,,,Italy,Elicoverpa,Helicoverpa armigera,Cotton Bollworm Moth,Insecta,83806
309093856,89fd8c1c-34ea-45e7-9ad4-f8f1bfc3ede6,2025-08-25 22:35:52,2025-08-25,2025-08-25 20:35:52 UTC,Rome,2806097,simone_bocca,Simone Bocca,2025-08-25 20:52:11 UTC,2025-09-06 13:28:36 UTC,research,CC-BY-SA,https://www.inaturalist.org/observations/309093856,https://inaturalist-open-data.s3.amazonaws.com/photos/557724785/medium.jpg,,"",,3,0,false,2,"13841 Ceretto BI, Italia",45.60263348,8.13162068,9,,,,9,,,false,,,Italy,Elicoverpa,Helicoverpa armigera,Cotton Bollworm Moth,Insecta,83806
309104403,0989c55b-ba1c-4f9d-a528-6f301b59b98a,2025-08-25 15:03:03+02:00,2025-08-25,2025-08-25 13:03:03 UTC,Rome,3110656,kate674,Kate Baldassarre,2025-08-25 21:38:16 UTC,2025-09-06 13:28:33 UTC,research,,https://www.inaturalist.org/observations/309104403,https://static.inaturalist.org/photos/557744495/medium.jpg,,"","",2,0,false,3,"San Zeno di Montagna, Veneto, IT",45.6696383333,10.8063616667,4,,,,4,,,false,,,Italy,Cotton Bollworm Moth,Helicoverpa armigera,Cotton Bollworm Moth,Insecta,83806
309273248,8a08fbbe-6239-4a72-b767-a4b034085c34,2025-08-25 20:50:52,2025-08-25,2025-08-25 18:50:52 UTC,Rome,370501,bferrero,"",2025-08-26 16:11:28 UTC,2025-09-06 13:28:58 UTC,research,CC-BY-NC,https://www.inaturalist.org/observations/309273248,https://inaturalist-open-data.s3.amazonaws.com/photos/558068936/medium.jpg,,"",,2,0,false,2,"Torino, Piemonte, IT",45.1298498591,7.2215428666,186,,,,27222,obscured,,true,gps,gps,Italy,Helicoverpa armigera,Helicoverpa armigera,Cotton Bollworm Moth,Insecta,83806
309432350,a669df53-dbb3-4596-ba73-7804c6a6e6c4,2025-08-27 08:59:48,2025-08-27,2025-08-27 06:59:48 UTC,Rome,7558739,danielebertolino,Daniele Bertolino,2025-08-27 07:31:03 UTC,2025-09-06 13:18:49 UTC,research,,https://www.inaturalist.org/observations/309432350,https://static.inaturalist.org/photos/558379316/medium.jpg,,"",,2,0,false,2,"Saguignod, 11020 Nus AO, Italia",45.7398149846,7.4630561471,21,,,,21,,,false,gps,gps,Italy,Elicoverpa,Helicoverpa armigera,Cotton Bollworm Moth,Insecta,83806
309444919,8b671c29-1843-4019-971a-35c4b2740e05,2025-08-27 11:00:53,2025-08-27,2025-08-27 09:00:53 UTC,Rome,5473907,teresa649,Teresa Prandi,2025-08-27 09:29:23 UTC,2025-09-06 13:18:44 UTC,research,CC-BY-SA,https://www.inaturalist.org/observations/309444919,https://inaturalist-open-data.s3.amazonaws.com/photos/558403616/medium.jpg,,"",,2,0,false,2,"28062 Cameri NO, Italia",45.4867830525,8.6555827036,9,,,,9,,,false,,,Italy,Elicoverpa,Helicoverpa armigera,Cotton Bollworm Moth,Insecta,83806
309706086,7520ded2-4710-458a-a70b-da8f9947b563,2025-08-24 23:25:32,2025-08-24,2025-08-24 21:25:32 UTC,Rome,9513238,chiara66011,Chiara Giudici,2025-08-28 12:41:34 UTC,2025-09-06 13:43:44 UTC,research,CC-BY-NC,https://www.inaturalist.org/observations/309706086,https://inaturalist-open-data.s3.amazonaws.com/photos/558903408/medium.jpg,,"",,1,0,false,843,"Via Alceste de Ambris, Viareggio, Tuscany, IT",43.8571285202,10.2605617018,19,,,,19,,,false,,,Italy,Elicoverpa,Helicoverpa armigera,Cotton Bollworm Moth,Insecta,83806
310174511,74e23c9d-b1f9-4f79-bf6f-866f2123fb2a,2025/08/30 10:56,2025-08-30,2025-08-30 08:56:00 UTC,Rome,419068,theworldofpaolo,Paolo Zucca,2025-08-30 11:22:33 UTC,2025-08-30 11:22:33 UTC,needs_id,CC-BY,https://www.inaturalist.org/observations/310174511,https://inaturalist-open-data.s3.amazonaws.com/photos/559777149/medium.jpg,,"",,0,0,false,,"Provincia di Cremona, Italia",45.1419225123,9.9070087384,1392,,,,1392,,,false,,,Italy,Elicoverpa,Helicoverpa armigera,Cotton Bollworm Moth,Insecta,83806
310203659,b6d8c4bc-3258-4a84-95e9-1da4fa121169,2025-08-29 21:11:48,2025-08-29,2025-08-29 19:11:48 UTC,Rome,135012,pierabionda,"",2025-08-30 14:06:56 UTC,2025-09-06 13:18:14 UTC,research,CC-BY-NC,https://www.inaturalist.org/observations/310203659,https://inaturalist-open-data.s3.amazonaws.com/photos/559835565/medium.jpg,,"",,2,0,false,2,"15060 Capriata d'Orba AL, Italia",44.7508145014,8.6722623557,78,,,,78,,,false,gps,gps,Italy,Elicoverpa,Helicoverpa armigera,Cotton Bollworm Moth,Insecta,83806
310210895,a2aa0f0a-60ca-4586-bd94-9f7eac9488dc,2025-08-29 23:39:08,2025-08-29,2025-08-29 21:39:08 UTC,Rome,3700572,danii_13,"",2025-08-30 14:38:30 UTC,2025-09-06 13:18:11 UTC,research,CC-BY-NC,https://www.inaturalist.org/observations/310210895,https://inaturalist-open-data.s3.amazonaws.com/photos/559848845/medium.jpg,,"",,2,0,false,2,"12042 Monta' della Radice CN, Italia",44.733364259,7.8175030276,34,,,,34,,,false,gps,gps,Italy,Elicoverpa,Helicoverpa armigera,Cotton Bollworm Moth,Insecta,83806
310305630,9f3a16d3-8c35-4e3b-bbaa-9df20bdfe1d2,2025-08-30 09:06:38+02:00,2025-08-30,2025-08-30 07:06:38 UTC,Rome,6256859,pla-antrona,"",2025-08-30 20:56:41 UTC,2025-09-06 17:09:57 UTC,research,CC-BY-NC,https://www.inaturalist.org/observations/310305630,https://inaturalist-open-data.s3.amazonaws.com/photos/560027784/medium.jpg,,"","",2,0,false,3,"Antrona Schieranco, Piemonte, IT",46.0581638333,8.1134166667,14,,,,14,,,false,,,Italy,Elicoverpa,Helicoverpa armigera,Cotton Bollworm Moth,Insecta,83806
310395602,5ac70b1a-85a3-420f-8c9e-a960a9edd832,2025-08-30 21:58:30,2025-08-30,2025-08-30 19:58:30 UTC,Rome,370501,bferrero,"",2025-08-31 04:40:49 UTC,2025-09-06 13:17:56 UTC,research,CC-BY-NC,https://www.inaturalist.org/observations/310395602,https://inaturalist-open-data.s3.amazonaws.com/photos/560204369/medium.jpg,,"",,2,0,false,2,"Torino, Piemonte, IT",45.1736933005,7.338002221,186,,,,27222,obscured,,true,gps,gps,Italy,Helicoverpa armigera,Helicoverpa armigera,Cotton Bollworm Moth,Insecta,83806
310407298,835a7e65-7a85-45ac-a8f6-51b80e29d884,2025-08-30 16:19:50,2025-08-30,2025-08-30 14:19:50 UTC,Rome,8012587,luke1818,Luca Campagna,2025-08-31 06:22:59 UTC,2025-09-06 13:29:34 UTC,research,CC-BY-NC,https://www.inaturalist.org/observations/310407298,https://inaturalist-open-data.s3.amazonaws.com/photos/560228306/medium.jpg,,"",,2,0,false,2,"21015 Lonate Pozzolo VA, Italia",45.5962235965,8.7411089614,409,,,,409,,,false,gps,gps,Italy,Elicoverpa,Helicoverpa armigera,Cotton Bollworm Moth,Insecta,83806
310562582,cfdfdc13-2672-4042-aba3-2a3a89de2729,2025/08/31 19:33,2025-08-31,2025-08-31 17:33:00 UTC,Rome,7258785,gaialucia,gaialucia,2025-08-31 19:08:59 UTC,2025-09-06 13:29:25 UTC,research,CC-BY-NC,https://www.inaturalist.org/observations/310562582,https://inaturalist-open-data.s3.amazonaws.com/photos/560515310/medium.jpg,,"",,2,0,false,,"Provincia di Alessandria, Italia",45.0645447432,8.6092634176,8,,,,8,,,false,,,Italy,Elicoverpa,Helicoverpa armigera,Cotton Bollworm Moth,Insecta,83806
310574451,c7bc5fe8-b57c-4c41-b607-87f43fe49137,2025-08-31 21:50:21,2025-08-31,2025-08-31 19:50:21 UTC,Rome,9689764,cribal83,Cristina Ballardin,2025-08-31 19:51:30 UTC,2025-09-06 13:29:23 UTC,research,CC-BY-NC,https://www.inaturalist.org/observations/310574451,https://inaturalist-open-data.s3.amazonaws.com/photos/560541607/medium.jpg,,"",,2,0,false,843,"Via Santa Maria, Negrar, Veneto, IT",45.5001096128,10.9354429754,4,,,,4,,,false,,,Italy,Elicoverpa,Helicoverpa armigera,Cotton Bollworm Moth,Insecta,83806
310696929,da104bef-f923-475a-927d-cc28b0706e5a,2025-08-16 17:55:29,2025-08-16,2025-08-16 15:55:29 UTC,Rome,322098,albertomanganaro,ALBERTO MANGANARO,2025-09-01 05:44:06 UTC,2025-09-06 13:17:42 UTC,research,,https://www.inaturalist.org/observations/310696929,https://static.inaturalist.org/photos/560779978/medium.jpg,,"",,2,0,false,2,"00062 Bracciano RM, Italia",42.0371295039,12.1500581503,188,,,,188,,,false,gps,gps,Italy,Elicoverpa,Helicoverpa armigera,Cotton Bollworm Moth,Insecta,83806
310728983,92fda543-95d5-46df-89df-dad909e2ce3a,2025-08-21 09:57:05,2025-08-21,2025-08-21 07:57:05 UTC,Rome,3704296,ilabonavita,Ilaria Bonavita,2025-09-01 10:38:16 UTC,2025-09-10 09:02:20 UTC,research,,https://www.inaturalist.org/observations/310728983,https://static.inaturalist.org/photos/564926819/medium.jpg,,"",,2,0,false,2,"C/da Li Rocchi Vermicelli 87036 - RENDE, 87036 Arcavacata CS, Italia",39.3676391891,16.2291284278,151,,,,151,,,false,gps,gps,Italy,Cotton Bollworm Moth,Helicoverpa armigera,Cotton Bollworm Moth,Insecta,83806
311365047,833a200f-87ea-4a82-9010-10849c6a110c,2025-09-02 22:34:50,2025-09-02,2025-09-02 20:34:50 UTC,Rome,2514105,diegoreggianti,"",2025-09-04 00:06:40 UTC,2025-09-06 13:30:02 UTC,research,CC-BY-NC,https://www.inaturalist.org/observations/311365047,https://inaturalist-open-data.s3.amazonaws.com/photos/562066128/medium.jpg,,"",,2,0,false,2,"Crocco- Olivi, 00148 Roma RM, Italia",41.8255500489,12.3981212452,149,,,,149,,,false,gps,gps,Italy,Helicoverpa armigera,Helicoverpa armigera,Cotton Bollworm Moth,Insecta,83806
311439585,20fe8876-3716-428d-a11b-0a58ae1fd418,2025/09/03 15:16,2025-09-03,2025-09-03 13:16:00 UTC,Rome,2806097,simone_bocca,Simone Bocca,2025-09-04 10:21:04 UTC,2025-09-06 13:31:09 UTC,research,CC-BY-SA,https://www.inaturalist.org/observations/311439585,https://inaturalist-open-data.s3.amazonaws.com/photos/562213251/medium.jpg,,"","",1,0,false,,"Provincia di Biella, Italia",45.5143569648,8.1302783325,15,,,,15,,,false,,,Italy,Elicoverpa,Helicoverpa armigera,Cotton Bollworm Moth,Insecta,83806
312146547,72c8985d-c784-42bf-86ba-a7cbfc1176df,2025/09/06 17:21,2025-09-06,2025-09-06 15:21:00 UTC,Rome,419068,theworldofpaolo,Paolo Zucca,2025-09-07 09:23:30 UTC,2025-09-07 10:23:37 UTC,research,CC-BY,https://www.inaturalist.org/observations/312146547,https://inaturalist-open-data.s3.amazonaws.com/photos/563543220/medium.jpg,,"",,1,0,false,,"Provincia di Brescia, Italia",45.3485874323,10.1793318011,341,,,,341,,,false,,,Italy,Elicoverpa,Helicoverpa armigera,Cotton Bollworm Moth,Insecta,83806
312166782,2d8b35b9-0424-45a4-890b-232042fb7bf4,2025/09/07 11:43,2025-09-07,2025-09-07 09:43:00 UTC,Rome,7043716,luciano-gollini,Luciano Gollini,2025-09-07 11:56:43 UTC,2025-09-07 11:56:43 UTC,needs_id,CC-BY-NC,https://www.inaturalist.org/observations/312166782,https://inaturalist-open-data.s3.amazonaws.com/photos/563581385/medium.jpg,,"",,0,0,false,,"Città metropolitana di Milano, Italia",45.5006337,8.8204077,,,,,,,,false,,,Italy,Elicoverpa,Helicoverpa armigera,Cotton Bollworm Moth,Insecta,83806
312565460,c3003fa1-39d2-4d00-8361-443884249049,2025/08/31 22:12,2025-08-31,2025-08-31 20:12:00 UTC,Rome,1700559,robquarisa,"",2025-09-08 23:08:42 UTC,2025-09-08 23:43:04 UTC,research,CC-BY-NC,https://www.inaturalist.org/observations/312565460,https://inaturalist-open-data.s3.amazonaws.com/photos/564350364/medium.jpg,,"","",1,0,false,,"10015 Ivrea TO, Italia",45.4619360911,7.8724339414,655,,,,655,,,false,,,Italy,Elicoverpa,Helicoverpa armigera,Cotton Bollworm Moth,Insecta,83806
312765288,130c7354-eb5f-4739-8e4f-74eb7117dc1e,2025/08/01 18:23,2025-08-01,2025-08-01 16:23:00 UTC,Rome,8706191,bonardicarlo,Bonardi Carlo,2025-09-09 20:52:42 UTC,2025-09-09 20:53:48 UTC,needs_id,CC-BY-NC,https://www.inaturalist.org/observations/312765288,https://inaturalist-open-data.s3.amazonaws.com/photos/564734999/medium.jpg,,"",,0,0,false,,"Provincia del Verbano-Cusio-Ossola, Italia",45.9855728784,8.1568385821,1,,,,1,,,false,,,Italy,Elicoverpa,Helicoverpa armigera,Cotton Bollworm Moth,Insecta,83806
313281734,57a4e84e-ce18-455f-a3c7-acafa3a4d232,2025-09-12 07:50:08,2025-09-12,2025-09-12 05:50:08 UTC,Rome,675852,max_65,Massimo Rosso,2025-09-12 07:29:52 UTC,2025-09-12 07:30:11 UTC,needs_id,,https://www.inaturalist.org/observations/313281734,https://static.inaturalist.org/photos/565731507/medium.jpg,,"",,0,0,false,2,"Torino, Piemonte, IT",45.0154496506,6.9810909023,37,,,,27222,obscured,,true,gps,gps,Italy,Elicoverpa,Helicoverpa armigera,Cotton Bollworm Moth,Insecta,83806
313575220,decf9891-75a7-487d-8b91-aea48a1167a6,2025/09/13 14:53,2025-09-13,2025-09-13 12:53:00 UTC,Rome,7258785,gaialucia,gaialucia,2025-09-13 15:03:41 UTC,2025-09-13 15:03:41 UTC,needs_id,CC-BY-NC,https://www.inaturalist.org/observations/313575220,https://inaturalist-open-data.s3.amazonaws.com/photos/566289251/medium.jpg,,"",,0,0,false,,"Provincia di Alessandria, Italia",45.0741637129,8.5938227262,122,,,,122,,,false,,,Italy,Elicoverpa,Helicoverpa armigera,Cotton Bollworm Moth,Insecta,83806
313640230,7a1188f0-67f3-4259-9f08-e94d42993fe8,2025-09-13 20:27:34,2025-09-13,2025-09-13 18:27:34 UTC,Rome,327590,geoclaudia,"",2025-09-13 19:01:33 UTC,2025-09-13 19:01:53 UTC,needs_id,CC-BY-NC,https://www.inaturalist.org/observations/313640230,https://inaturalist-open-data.s3.amazonaws.com/photos/566408771/medium.jpg,,"",,0,0,false,2,"Via Umbria Altezza civico 50, 20068 Peschiera Borromeo MI, Italy",45.453583984,9.3224036694,195,,,,195,,,false,gps,gps,Italy,Cotton Bollworm Moth,Helicoverpa armigera,Cotton Bollworm Moth,Insecta,83806
313645710,11ffea18-521e-4598-b750-124c3f1cfd48,2025-09-13 21:18:40+02:00,2025-09-13,2025-09-13 19:18:40 UTC,Rome,8650353,elisabeth_thaler,,2025-09-13 19:21:33 UTC,2025-09-14 12:18:26 UTC,research,CC-BY-NC,https://www.inaturalist.org/observations/313645710,https://inaturalist-open-data.s3.amazonaws.com/photos/566418989/medium.jpg,,"","",2,0,false,3,"Sardinien, Bari Sardo, Sardinien, IT",39.833179217,9.675882942,3,,,,3,,,false,,,Italy,Baumwoll-Sonneneule,Helicoverpa armigera,Cotton Bollworm Moth,Insecta,83806
314009460,3575bc54-334b-40bb-9236-fded4edb0c7e,2025/09/13 22:27,2025-09-13,2025-09-13 20:27:00 UTC,Rome,3278655,achine,Gianfranco CARIGNANO,2025-09-15 01:24:17 UTC,2025-09-15 01:24:17 UTC,needs_id,CC-BY-NC,https://www.inaturalist.org/observations/314009460,https://inaturalist-open-data.s3.amazonaws.com/photos/567115310/medium.jpg,,"",,0,0,false,,"10040 Val della Torre TO, Italia",45.1572006,7.4392359,1529,,,,1529,,,false,,,Italy,Helicoverpa armigera,Helicoverpa armigera,Cotton Bollworm Moth,Insecta,83806
314439501,6ff7cc39-549b-4675-91c3-d6f2525934bf,2025-09-16 22:02:13,2025-09-16,2025-09-16 20:02:13 UTC,Rome,370501,bferrero,"",2025-09-16 21:21:34 UTC,2025-09-16 21:22:56 UTC,needs_id,CC-BY-NC,https://www.inaturalist.org/observations/314439501,https://inaturalist-open-data.s3.amazonaws.com/photos/567920202/medium.jpg,,"",,0,0,false,2,"Torino, Piemonte, IT",45.1861140562,7.2392604405,186,,,,27222,obscured,,true,gps,gps,Italy,Helicoverpa armigera,Helicoverpa armigera,Cotton Bollworm Moth,Insecta,83806
314526900,a59a3dfd-a71c-4b46-8dff-b60c95b2bdd5,2025-09-17 08:59:00,2025-09-17,2025-09-17 06:59:00 UTC,Rome,675852,max_65,Massimo Rosso,2025-09-17 07:50:06 UTC,2025-09-18 14:30:07 UTC,research,,https://www.inaturalist.org/observations/314526900,https://static.inaturalist.org/photos/568089447/medium.jpg,,"",,1,0,false,2,"Torino, Piemonte, IT",45.1641755574,6.8724675651,37,,,,27222,obscured,,true,gps,gps,Italy,Elicoverpa,Helicoverpa armigera,Cotton Bollworm Moth,Insecta,83806
314568350,76332cc4-fe3a-44e6-b0ef-07c364152ecb,2025-09-17 07:34:55,2025-09-17,2025-09-17 05:34:55 UTC,Rome,5491063,arcobirder,,2025-09-17 13:38:15 UTC,2025-09-17 13:38:16 UTC,needs_id,CC-BY-NC,https://www.inaturalist.org/observations/314568350,https://inaturalist-open-data.s3.amazonaws.com/photos/568167543/medium.jpg,,"",,0,0,false,843,"Via Guglielmo Marconi, Arco, Trentino-Alto Adige/Sudtirol, IT",45.9176416667,10.8841283333,14,,,,14,,,false,,,Italy,,Helicoverpa armigera,Cotton Bollworm Moth,Insecta,83806
314638195,c2dd7794-d3c7-479b-9ed6-af6842a45a06,2025-09-17 07:17:04,2025-09-17,2025-09-17 05:17:04 UTC,Rome,5491063,arcobirder,,2025-09-17 19:27:45 UTC,2025-09-17 19:28:24 UTC,research,CC-BY-NC,https://www.inaturalist.org/observations/314638195,https://inaturalist-open-data.s3.amazonaws.com/photos/568297121/medium.jpg,,"",,1,0,false,843,"Via Guglielmo Marconi, Arco, Trentino-Alto Adige/Sudtirol, IT",45.917625,10.8841616667,14,,,,14,,,false,,,Italy,Cotton Bollworm Moth,Helicoverpa armigera,Cotton Bollworm Moth,Insecta,83806
314954965,2cd2e024-6ecf-45d8-ab27-cae2b774efee,2025-09-18 22:49:27,2025-09-18,2025-09-18 20:49:27 UTC,Rome,7880417,pawel99024,Paweł Ślusarczyk,2025-09-19 06:32:09 UTC,2025-09-19 08:31:12 UTC,needs_id,,https://www.inaturalist.org/observations/314954965,https://static.inaturalist.org/photos/568912265/medium.jpg,,"",,0,0,false,2,"ROCCA DI PAPA | Viale Ferri Viale Tufo # f13116, 00040 Rocca di Papa RM, Włochy",41.755977,12.705647,,,,,,,,false,,,Italy,słonecznica orężówka,Helicoverpa armigera,Cotton Bollworm Moth,Insecta,83806
314969815,f04d74be-8252-4c4d-a78f-29969a41ea04,2025-09-19 08:47:12,2025-09-19,2025-09-19 06:47:12 UTC,Rome,675852,max_65,Massimo Rosso,2025-09-19 09:06:13 UTC,2025-09-19 19:05:58 UTC,research,,https://www.inaturalist.org/observations/314969815,https://static.inaturalist.org/photos/568942235/medium.jpg,,"",,1,0,false,2,"Torino, Piemonte, IT",45.0053283896,6.868547838,37,,,,27222,obscured,,true,,,Italy,Elicoverpa,Helicoverpa armigera,Cotton Bollworm Moth,Insecta,83806
314975038,3008efe0-7aa2-4eac-b6ed-d5d697d9ed02,2025-09-19 07:33:11,2025-09-19,2025-09-19 05:33:11 UTC,Rome,5491063,arcobirder,,2025-09-19 09:52:33 UTC,2025-09-19 09:52:35 UTC,needs_id,CC-BY-NC,https://www.inaturalist.org/observations/314975038,https://inaturalist-open-data.s3.amazonaws.com/photos/568950688/medium.jpg,,"",,0,0,false,843,"Via Guglielmo Marconi, Arco, Trentino-Alto Adige/Sudtirol, IT",45.9176216667,10.88415,6,,,,6,,,false,,,Italy,,Helicoverpa armigera,Cotton Bollworm Moth,Insecta,83806
314975196,e9d902bc-2ae1-4c71-a4ff-40037e7ae33d,2025-09-19 07:28:41,2025-09-19,2025-09-19 05:28:41 UTC,Rome,5491063,arcobirder,,2025-09-19 09:53:23 UTC,2025-09-19 09:53:24 UTC,needs_id,CC-BY-NC,https://www.inaturalist.org/observations/314975196,https://inaturalist-open-data.s3.amazonaws.com/photos/568950797/medium.jpg,,"",,0,0,false,843,"Via Guglielmo Marconi, Arco, Trentino-Alto Adige/Sudtirol, IT",45.9176133333,10.8841366667,5,,,,5,,,false,,,Italy,,Helicoverpa armigera,Cotton Bollworm Moth,Insecta,83806
315034131,085bbcbc-8ee1-4c14-8c76-069e6e1a531f,2025/09/19 17:56,2025-09-19,2025-09-19 15:56:00 UTC,Rome,7380822,ivan_di_gia,Ivan Di Già,2025-09-19 15:59:32 UTC,2025-09-19 16:06:14 UTC,needs_id,CC-BY-NC,https://www.inaturalist.org/observations/315034131,https://inaturalist-open-data.s3.amazonaws.com/photos/569061269/medium.jpg,,"",,0,0,false,,"Campidoglio, Torino TO, Italia",45.0803355694,7.6512359896,4,,,,4,,,false,,,Italy,Elicoverpa,Helicoverpa armigera,Cotton Bollworm Moth,Insecta,83806
315039359,b8700c48-8496-430e-b4ed-cf82c837a58b,2025/08/04 22:53,2025-08-04,2025-08-04 20:53:00 UTC,Rome,8852917,edoardopool,Edoardo Piscina,2025-09-19 16:25:02 UTC,2025-09-19 16:25:02 UTC,needs_id,,https://www.inaturalist.org/observations/315039359,https://static.inaturalist.org/photos/569072013/medium.jpg,,"",,0,0,false,,"Cittadella, 43123 Parma PR, Italia",44.7921552967,10.3314394979,31,,,,31,,,false,,,Italy,Helicoverpa armigera,Helicoverpa armigera,Cotton Bollworm Moth,Insecta,83806
315201974,89d391c9-5b24-4e6c-b395-3f0010aa637b,2025-09-09 11:53:44,2025-09-09,2025-09-09 09:53:44 UTC,Rome,1475533,giuliano1960,Giuliano Gavazzi,2025-09-20 10:07:27 UTC,2025-09-20 10:07:29 UTC,needs_id,CC-BY-NC,https://www.inaturalist.org/observations/315201974,https://inaturalist-open-data.s3.amazonaws.com/photos/569390720/medium.jpg,,"",On cultivated industrial hemp. ,0,0,false,843,"Donato, Piedmont, IT",45.5416485608,7.9197005159,148,,,,148,,,false,,,Italy,,Helicoverpa armigera,Cotton Bollworm Moth,Insecta,83806
