id,uuid,observed_on_string,observed_on,time_observed_at,time_zone,user_id,user_login,user_name,created_at,updated_at,quality_grade,license,url,image_url,sound_url,tag_list,description,num_identification_agreements,num_identification_disagreements,captive_cultivated,oauth_application_id,place_guess,latitude,longitude,positional_accuracy,private_place_guess,private_latitude,private_longitude,public_positional_accuracy,geoprivacy,taxon_geoprivacy,coordinates_obscured,positioning_method,positioning_device,place_country_name,species_guess,scientific_name,common_name,iconic_taxon_name,taxon_id
200093690,37801e90-1a26-43ef-9557-fec2160357ea,2024-02-22 16:26:59+01:00,2024-02-22,2024-02-22 15:26:59 UTC,Rome,6622265,double_shott,Daniele Iachetti,2024-02-22 15:31:04 UTC,2024-02-22 15:31:09 UTC,needs_id,,https://www.inaturalist.org/observations/200093690,https://static.inaturalist.org/photos/352963480/medium.jpg,,"","",0,0,false,3,"Via Ardeatina, Aprilia, Lazio, IT",41.6001383333,12.534955,35,,,,35,,,false,,,Italy,"",Plutella xylostella,Diamondback Moth,Insecta,126765
202271805,081c8b2e-3cf3-4df5-844f-0a0b0afd0c92,2024-03-13 14:15:59,2024-03-13,2024-03-13 13:15:59 UTC,Rome,2456442,stefano209,Stefano Lazzaretti,2024-03-13 13:17:48 UTC,2024-03-15 00:29:21 UTC,research,,https://www.inaturalist.org/observations/202271805,https://static.inaturalist.org/photos/357209818/medium.jpeg,,"",,1,0,false,2,"88050 Pentone CZ, Italia",38.9713325685,16.5828105435,8,,,,8,,,false,gps,gps,Italy,Tignola delle crucifere,Plutella xylostella,Diamondback Moth,Insecta,126765
202502887,b76f17d1-3ce5-4573-8141-6983b79b1473,2024-03-14 20:15:37,2024-03-14,2024-03-14 19:15:37 UTC,Rome,6258646,benedetta_baroni,"",2024-03-15 07:48:24 UTC,2024-04-01 12:34:17 UTC,research,CC-BY-NC,https://www.inaturalist.org/observations/202502887,https://inaturalist-open-data.s3.amazonaws.com/photos/357654236/medium.jpeg,,"",,3,0,false,2,"Vanchiglia, Torino TO, Italia",45.0728493552,7.6961635798,54,,,,54,,,false,gps,gps,Italy,Tignola delle crucifere,Plutella xylostella,Diamondback Moth,Insecta,126765
203078271,d32608e5-faeb-4b81-81e0-70e8c1c5b50e,2024-03-19 09:32:14,2024-03-19,2024-03-19 08:32:14 UTC,Rome,7451173,emanuelex2,Emanuele,2024-03-19 08:34:21 UTC,2025-04-05 08:05:04 UTC,research,,https://www.inaturalist.org/observations/203078271,https://static.inaturalist.org/photos/358753487/medium.jpeg,,"",,1,0,false,2,"93012 Gela CL, Italia",37.0772166667,14.2495583333,2,,,,2,,,false,,,Italy,Tignola delle crucifere,Plutella xylostella,Diamondback Moth,Insecta,126765
204393706,a0d5a5aa-eb67-4f48-9869-0a1fadf10830,2024-03-29 14:46:00,2024-03-29,2024-03-29 13:46:00 UTC,Rome,5551272,teuthis,Simone Meacci,2024-03-29 13:49:58 UTC,2024-03-29 17:09:33 UTC,research,CC-BY-NC,https://www.inaturalist.org/observations/204393706,https://inaturalist-open-data.s3.amazonaws.com/photos/361275040/medium.jpeg,,"",,1,0,false,2,"Val D'Ala, 00141 Roma RM, Italia",41.9405548807,12.5196749344,6,,,,6,,,false,gps,gps,Italy,Tignola delle crucifere,Plutella xylostella,Diamondback Moth,Insecta,126765
204412628,d0238113-8932-4603-a23f-4f5208d660b8,2024/03/29 14:37,2024-03-29,2024-03-29 13:37:00 UTC,Rome,7780152,pietro_melandri_birding,Pietro Melandri,2024-03-29 16:19:58 UTC,2024-03-29 17:03:30 UTC,research,CC0,https://www.inaturalist.org/observations/204412628,https://static.inaturalist.org/photos/361306024/medium.jpeg,,"","",1,0,false,,"Provincia di Ferrara, Italia",44.6532950643,12.1073205411,31,,,,31,,,false,,,Italy,Tignola delle crucifere,Plutella xylostella,Diamondback Moth,Insecta,126765
204600555,1ff94334-4a15-4a6c-a367-2dc193988034,2024/03/30 17:41,2024-03-30,2024-03-30 16:41:00 UTC,Rome,7651390,pier_francesco_murgia1,Pier Francesco Murgia,2024-03-30 19:01:12 UTC,2024-03-30 22:48:07 UTC,research,CC-BY-NC,https://www.inaturalist.org/observations/204600555,https://inaturalist-open-data.s3.amazonaws.com/photos/361649413/medium.jpeg,,"",,2,0,false,,"Città Metropolitana di Cagliari, Italia",39.2432720111,9.3047195879,8,,,,8,,,false,,,Italy,Tignola delle crucifere,Plutella xylostella,Diamondback Moth,Insecta,126765
204611576,b358bd22-200d-48dc-beaa-fc9d6f6320ca,2024-03-30 20:38:27,2024-03-30,2024-03-30 18:38:27 UTC,Rome,7780152,pietro_melandri_birding,Pietro Melandri,2024-03-30 19:58:10 UTC,2024-03-30 21:59:46 UTC,research,CC0,https://www.inaturalist.org/observations/204611576,https://static.inaturalist.org/photos/361682950/medium.jpeg,,"",,2,0,false,2,"15060 Rocchetta Ligure AL, Italia",44.707869445,9.0503428504,305,,,,305,,,false,gps,gps,Italy,Tignola delle crucifere,Plutella xylostella,Diamondback Moth,Insecta,126765
205098285,d2d66e9d-2346-4e88-9a32-ee16ea2df3f3,2024-04-02 16:16:56,2024-04-02,2024-04-02 14:16:56 UTC,Rome,744814,mirko_tomasi,Mirko Tomasi,2024-04-02 15:20:06 UTC,2024-04-09 10:46:20 UTC,research,CC-BY-NC,https://www.inaturalist.org/observations/205098285,https://inaturalist-open-data.s3.amazonaws.com/photos/362599741/medium.jpeg,,"",,2,0,false,2,"Aggregazione Rionale 4, Varese VA, Italia",45.8668603035,8.7997477502,154,,,,154,,,false,gps,gps,Italy,Tignola delle crucifere,Plutella xylostella,Diamondback Moth,Insecta,126765
205693713,c0369527-713d-4392-aed5-d0839d207ba6,2024-04-06 18:45:40,2024-04-06,2024-04-06 16:45:40 UTC,Rome,2750003,dariop9167,Dario Pozzan,2024-04-06 16:49:27 UTC,2024-04-06 17:29:27 UTC,research,,https://www.inaturalist.org/observations/205693713,https://static.inaturalist.org/photos/363731859/medium.jpeg,,"",,2,0,false,2,"10144 Torino TO, Italia",45.0856725648,7.6712938026,9,,,,9,,,false,gps,gps,Italy,Tignola delle crucifere,Plutella xylostella,Diamondback Moth,Insecta,126765
205706776,a6a52870-12ae-4b11-a6d0-01c7b6e8108e,2024-04-05 16:22:46,2024-04-05,2024-04-05 14:22:46 UTC,Rome,259033,paolamcasale,Paola Casale,2024-04-06 18:01:18 UTC,2024-08-13 21:03:51 UTC,research,CC-BY-NC,https://www.inaturalist.org/observations/205706776,https://inaturalist-open-data.s3.amazonaws.com/photos/363756773/medium.jpeg,,"",On Eruca sativa,1,0,false,2,"22070 Binago CO, Italia",45.7827050233,8.9319719374,33,,,,33,,,false,gps,gps,Italy,Tignola delle crucifere,Plutella xylostella,Diamondback Moth,Insecta,126765
205928969,b36d7733-27bf-4221-8e81-b2f9d6320c97,2024/04/05 17:02,2024-04-05,2024-04-05 15:02:00 UTC,Rome,6917853,vincenzo1960,Vincenzo Severgnini,2024-04-07 19:32:24 UTC,2024-06-28 09:07:13 UTC,research,CC-BY-NC,https://www.inaturalist.org/observations/205928969,https://inaturalist-open-data.s3.amazonaws.com/photos/364172309/medium.jpg,,"",,1,0,false,,"Provincia di Cremona, Italia",45.3606407787,9.6567415882,31,,,,31,,,false,,,Italy,Tignola delle crucifere,Plutella xylostella,Diamondback Moth,Insecta,126765
206119866,67db68c7-7c0c-43b7-9b91-e9f86fe31eba,2024/04/07 11:58,2024-04-07,2024-04-07 09:58:00 UTC,Rome,2057279,matt_984,Matt_984,2024-04-08 19:06:57 UTC,2024-04-08 20:01:27 UTC,research,CC-BY-NC,https://www.inaturalist.org/observations/206119866,https://inaturalist-open-data.s3.amazonaws.com/photos/364528708/medium.jpeg,,"",,1,0,false,,Parco naturale Lama Martina,41.1920038932,16.5996870026,206,,,,206,,,false,,,Italy,Tignola delle crucifere,Plutella xylostella,Diamondback Moth,Insecta,126765
206242410,e986b368-2265-4bc9-8414-dea8cee4f580,2024/04/08 14:42,2024-04-08,2024-04-08 12:42:00 UTC,Rome,2577108,elaurens,"",2024-04-09 13:28:59 UTC,2025-04-05 11:42:13 UTC,research,,https://www.inaturalist.org/observations/206242410,https://static.inaturalist.org/photos/364754737/medium.jpeg,,"","",1,0,false,,"Città Metropolitana di Bologna, Italia",44.3247998141,11.0714292575,713,,,,713,,,false,,,Italy,Tignola delle crucifere,Plutella xylostella,Diamondback Moth,Insecta,126765
206498605,0c8012a7-5c4a-443f-a15d-6c1af470d964,2024-04-11 00:03:23,2024-04-11,2024-04-10 22:03:23 UTC,Rome,5554327,federico_biguzzi,Federico Biguzzi,2024-04-10 22:31:32 UTC,2024-08-13 20:57:02 UTC,research,CC-BY-NC,https://www.inaturalist.org/observations/206498605,https://inaturalist-open-data.s3.amazonaws.com/photos/365222846/medium.jpeg,,"",,2,0,false,2,"47042 Cesenatico FC, Italia",44.1779865664,12.3362446949,127,,,,127,,,false,gps,gps,Italy,Tignola delle crucifere,Plutella xylostella,Diamondback Moth,Insecta,126765
206658814,b38654f1-9089-4f97-a855-03bc8870c163,2024-04-11 11:34:28+02:00,2024-04-11,2024-04-11 09:34:28 UTC,Rome,4135326,theor04,"",2024-04-11 18:59:03 UTC,2024-06-29 19:16:27 UTC,research,,https://www.inaturalist.org/observations/206658814,https://static.inaturalist.org/photos/365459090/medium.jpg,,"","",1,0,false,3,"Via Carbonara, Agerola, Campania, IT",40.6277616667,14.5596616667,63,,,,63,,,false,,,Italy,Kohlschabe,Plutella xylostella,Diamondback Moth,Insecta,126765
206833211,4ee302e0-9e88-429e-ac8c-2d9f0d4bdecf,2024-04-12 22:01:06,2024-04-12,2024-04-12 20:01:06 UTC,Rome,392309,bac_77,Marco Crivellari,2024-04-12 20:02:47 UTC,2024-04-14 19:07:52 UTC,research,CC-BY-NC,https://www.inaturalist.org/observations/206833211,https://inaturalist-open-data.s3.amazonaws.com/photos/365783294/medium.jpeg,,"",,1,0,false,2,"Martiri G. e Dalmati fr. 25, 35020 Saonara PD, Italia",45.3675638889,11.9868888889,,,,,,,,false,gps,gps,Italy,Diamondback Moth,Plutella xylostella,Diamondback Moth,Insecta,126765
207041888,e9477fe8-7b8f-4196-af18-32e3fe7fda84,2024-04-13 23:09:29,2024-04-13,2024-04-13 21:09:29 UTC,Rome,392309,bac_77,Marco Crivellari,2024-04-13 21:26:12 UTC,2024-08-13 20:57:00 UTC,research,CC-BY-NC,https://www.inaturalist.org/observations/207041888,https://inaturalist-open-data.s3.amazonaws.com/photos/366176112/medium.jpeg,,"",,1,0,false,2,"Martiri G. e Dalmati fr. 25, 35020 Saonara PD, Italia",45.3678,11.98675,,,,,,,,false,gps,gps,Italy,Diamondback Moth,Plutella xylostella,Diamondback Moth,Insecta,126765
207103820,c9668d49-9c84-42ac-9a4f-ba318df2bfc8,2024-04-13 22:42:39,2024-04-13,2024-04-13 20:42:39 UTC,Rome,2514105,diegoreggianti,"",2024-04-14 04:15:51 UTC,2024-04-14 21:24:14 UTC,research,CC-BY-NC,https://www.inaturalist.org/observations/207103820,https://inaturalist-open-data.s3.amazonaws.com/photos/366296728/medium.jpeg,,"",,2,0,false,2,"Crocco- Olivi, 00148 Roma RM, Italia",41.8255500489,12.3981212452,149,,,,149,,,false,gps,gps,Italy,Plutella xylostella,Plutella xylostella,Diamondback Moth,Insecta,126765
211699896,1490bebe-1fe6-4aac-9eed-11cdbd21969f,2024-04-29 19:20:10,2024-04-29,2024-04-29 17:20:10 UTC,Rome,6401640,jeroen1981,Jeroen Van akkeren,2024-04-29 17:22:27 UTC,2024-04-29 17:37:39 UTC,research,,https://www.inaturalist.org/observations/211699896,https://static.inaturalist.org/photos/374213706/medium.jpeg,,"",,1,0,false,2,"22070 Lucino CO, Italia",45.7824856,9.04458,72,,,,72,,,false,,,Italy,Diamondback Moth,Plutella xylostella,Diamondback Moth,Insecta,126765
211837323,47f812a8-9f38-4da9-9937-5bc972e3af84,2024-04-29 16:28:28+02:00,2024-04-29,2024-04-29 14:28:28 UTC,Rome,3989591,mselvo22,,2024-04-29 20:42:41 UTC,2024-04-29 20:42:47 UTC,needs_id,CC-BY-NC,https://www.inaturalist.org/observations/211837323,https://inaturalist-open-data.s3.amazonaws.com/photos/374428371/medium.jpg,,"","",0,0,false,3,"Campo di Marte, Firenze, Toscana, IT",43.8283455642,11.2972935552,37,,,,37,,,false,,,Italy,"",Plutella xylostella,Diamondback Moth,Insecta,126765
212230644,f5ad988d-f182-445c-bdd1-8e98175ca0ef,2024/04/28 21:53,2024-04-28,2024-04-28 19:53:00 UTC,Rome,208284,mazzeip,Paolo Mazzei,2024-04-30 12:49:06 UTC,2024-05-01 06:20:43 UTC,research,CC-BY-NC,https://www.inaturalist.org/observations/212230644,https://inaturalist-open-data.s3.amazonaws.com/photos/375060485/medium.jpg,,"",,2,0,false,,"Jenne (Roma), Italia",41.8917455551,13.1771985731,7,,,,7,,,false,,,Italy,Plutella xylostella,Plutella xylostella,Diamondback Moth,Insecta,126765
212752306,23f7718a-4f17-4a01-9c57-a7081d7b2df3,2024-05-02 00:54:52,2024-05-02,2024-05-01 22:54:52 UTC,Rome,6352064,alessio_tuninetti,"",2024-05-01 23:32:48 UTC,2024-08-13 20:56:20 UTC,research,CC-BY-NC,https://www.inaturalist.org/observations/212752306,https://inaturalist-open-data.s3.amazonaws.com/photos/375972618/medium.jpeg,,"",,1,0,false,2,"Genova, 10026 Santena TO, Italia",44.9517498,7.7776369,,,,,,,,false,gps,gps,Italy,Tignola delle crucifere,Plutella xylostella,Diamondback Moth,Insecta,126765
212870486,3e33f158-fde7-45cd-85c6-00630af8c8cc,2024/04/27 09:33,2024-04-27,2024-04-27 07:33:00 UTC,Rome,4242187,santi_scibilia,SANTI SCIBILIA,2024-05-02 12:44:40 UTC,2025-04-05 21:42:49 UTC,research,,https://www.inaturalist.org/observations/212870486,https://static.inaturalist.org/photos/376180500/medium.jpg,,"",,1,0,false,,"Città metropolitana di Messina, Italia",38.1766665997,15.2308798997,,,,,,,,false,,,Italy,Tignola delle crucifere,Plutella xylostella,Diamondback Moth,Insecta,126765
213071383,cc16302e-e222-4a68-8e80-7fbd1495c29f,2024/04/27 21:03,2024-04-27,2024-04-27 19:03:00 UTC,Rome,4323295,adele_schittone,"",2024-05-03 04:57:55 UTC,2024-05-03 09:30:45 UTC,research,CC-BY-NC,https://www.inaturalist.org/observations/213071383,https://inaturalist-open-data.s3.amazonaws.com/photos/376545646/medium.jpeg,,"",,2,0,false,,"Messina, Sicily, IT",38.2539370749,15.2380442777,122,,,,122,,,false,,,Italy,Tignola delle crucifere,Plutella xylostella,Diamondback Moth,Insecta,126765
213538403,162d7d82-06f3-462f-aa3b-c6fa0a50d5c2,2024-05-05 00:03:06,2024-05-05,2024-05-04 22:03:06 UTC,Rome,392309,bac_77,Marco Crivellari,2024-05-04 22:26:56 UTC,2024-05-04 22:34:08 UTC,research,CC-BY-NC,https://www.inaturalist.org/observations/213538403,https://inaturalist-open-data.s3.amazonaws.com/photos/377385710/medium.jpeg,,"",,1,0,false,2,"Martiri G. e Dalmati fr. 25, 35020 Saonara PD, Italia",45.3678361111,11.9865416667,,,,,,,,false,gps,gps,Italy,Diamondback Moth,Plutella xylostella,Diamondback Moth,Insecta,126765
213734047,7f85476f-6717-45dc-a228-49f008ec4d70,2024/05/05 17:59,2024-05-05,2024-05-05 15:59:00 UTC,Rome,5123649,alberto_agostoni,Alberto Agostoni,2024-05-05 16:50:53 UTC,2024-06-28 09:07:05 UTC,research,,https://www.inaturalist.org/observations/213734047,https://static.inaturalist.org/photos/377737629/medium.jpeg,,"",,1,0,false,,"Sassi, Torino TO, Italia",45.0741486866,7.7290477361,44,,,,44,,,false,,,Italy,Tignola delle crucifere,Plutella xylostella,Diamondback Moth,Insecta,126765
214024349,e12bdcf8-8a1a-4077-a1ff-3a76dd597b67,2024-05-06 08:12:03,2024-05-06,2024-05-06 06:12:03 UTC,Rome,678997,eliag,Elia Guariento,2024-05-06 18:02:10 UTC,2024-08-13 21:07:12 UTC,research,CC-BY-NC,https://www.inaturalist.org/observations/214024349,https://inaturalist-open-data.s3.amazonaws.com/photos/378259080/medium.jpeg,,"",,2,0,false,2,"Merano BZ, Italia",46.673690541,11.1525617167,7,,,,7,,,false,gps,gps,Italy,Kohlschabe,Plutella xylostella,Diamondback Moth,Insecta,126765
214404885,f04604f6-394b-4595-a3fb-3cb97ca0adb2,2024-05-08 17:48:54,2024-05-08,2024-05-08 15:48:54 UTC,Rome,8109951,giacomo_di_iorio,Giacomo Di Iorio,2024-05-08 15:49:21 UTC,2025-03-02 18:17:09 UTC,research,,https://www.inaturalist.org/observations/214404885,https://static.inaturalist.org/photos/378970172/medium.jpeg,,"",,1,0,false,2,"Parco Nord Clerici (Sesto S.g.), 20099 Sesto San Giovanni MI, Italia",45.5338866667,9.2149766667,3,,,,3,,,false,,,Italy,Tignola delle crucifere,Plutella xylostella,Diamondback Moth,Insecta,126765
214663029,cd7b21a8-a6ac-4519-8583-66500c18c421,2024-05-09 22:01:57,2024-05-09,2024-05-09 20:01:57 UTC,Rome,392309,bac_77,Marco Crivellari,2024-05-09 20:50:23 UTC,2024-06-28 09:06:47 UTC,research,CC-BY-NC,https://www.inaturalist.org/observations/214663029,https://inaturalist-open-data.s3.amazonaws.com/photos/379449780/medium.jpeg,,"",,1,0,false,2,"44026 Mesola FE, Italia",44.8833222222,12.2322222222,,,,,,,,false,gps,gps,Italy,Diamondback Moth,Plutella xylostella,Diamondback Moth,Insecta,126765
214674244,4f9abb25-93c4-4575-b1f0-d8875141c969,2024-05-09 22:02:14,2024-05-09,2024-05-09 20:02:14 UTC,Rome,392309,bac_77,Marco Crivellari,2024-05-09 21:52:27 UTC,2024-06-28 09:06:50 UTC,research,CC-BY-NC,https://www.inaturalist.org/observations/214674244,https://inaturalist-open-data.s3.amazonaws.com/photos/379470026/medium.jpeg,,"",,1,0,false,2,"44026 Mesola FE, Italia",44.8833222222,12.2322222222,,,,,,,,false,gps,gps,Italy,Diamondback Moth,Plutella xylostella,Diamondback Moth,Insecta,126765
215539907,109a6fe8-3cf7-4d85-82c4-a7cec189396c,2024-05-11 20:41:32,2024-05-11,2024-05-11 18:41:32 UTC,Rome,3270248,oliverc29,oliverc29,2024-05-13 17:56:48 UTC,2024-06-28 09:06:42 UTC,research,CC-BY,https://www.inaturalist.org/observations/215539907,https://inaturalist-open-data.s3.amazonaws.com/photos/381084930/medium.jpeg,,"",,2,0,false,2,"Lodenwelt, 39030 Vintl, Autonome Provinz Bozen - Südtirol, Italy",46.8152597182,11.7357151955,21,,,,21,,,false,gps,gps,Italy,Diamondback Moth,Plutella xylostella,Diamondback Moth,Insecta,126765
215942284,474b2d70-5bcb-433d-93ee-f2ce2a39eab4,2024/05/15 4:38 PM,2024-05-15,2024-05-15 14:38:00 UTC,Rome,6871422,rhegmatorhina,,2024-05-15 17:03:09 UTC,2024-05-15 18:34:42 UTC,research,CC-BY-NC,https://www.inaturalist.org/observations/215942284,https://inaturalist-open-data.s3.amazonaws.com/photos/381844874/medium.jpeg,,"",,1,0,false,,"Province of Benevento, Italy",41.2826701339,14.6025480743,15,,,,15,,,false,,,Italy,Diamondback Moth,Plutella xylostella,Diamondback Moth,Insecta,126765
216377108,830830e5-1586-4782-9583-68f2dee0ec7b,2024-05-17 18:07:19,2024-05-17,2024-05-17 16:07:19 UTC,Rome,744814,mirko_tomasi,Mirko Tomasi,2024-05-17 20:03:40 UTC,2024-06-28 09:06:38 UTC,research,CC-BY-NC,https://www.inaturalist.org/observations/216377108,https://inaturalist-open-data.s3.amazonaws.com/photos/382665576/medium.jpeg,,"",,1,0,false,2,"21015 Lonate Pozzolo VA, Italia",45.5968623983,8.7275574356,1232,,,,1232,,,false,gps,gps,Italy,Tignola delle crucifere,Plutella xylostella,Diamondback Moth,Insecta,126765
216653211,9bc511d9-354d-4887-8d6b-f5cc68b3c6ea,2024/05/18 18:30,2024-05-18,2024-05-18 16:30:00 UTC,Rome,3278655,achine,Gianfranco CARIGNANO,2024-05-18 22:51:15 UTC,2024-05-18 23:52:11 UTC,research,CC-BY-NC,https://www.inaturalist.org/observations/216653211,https://inaturalist-open-data.s3.amazonaws.com/photos/383180165/medium.jpg,,"",,1,0,false,,"10040 Val della Torre TO, Italia",45.1572006,7.4392359,1529,,,,1529,,,false,,,Italy,Tignola delle crucifere,Plutella xylostella,Diamondback Moth,Insecta,126765
216785809,05e287f5-014a-4e98-9d8a-c3c03663725e,2024-05-19 09:51:23,2024-05-19,2024-05-19 07:51:23 UTC,Rome,2750003,dariop9167,Dario Pozzan,2024-05-19 14:05:45 UTC,2024-05-19 15:46:07 UTC,research,,https://www.inaturalist.org/observations/216785809,https://static.inaturalist.org/photos/383434106/medium.jpeg,,"",,1,0,false,2,Parco Dora (area Valdocco),45.0888376772,7.6729423553,227,,,,227,,,false,gps,gps,Italy,Tignola delle crucifere,Plutella xylostella,Diamondback Moth,Insecta,126765
217003861,049e0396-a1a3-43c9-a22b-c9fb9ae8230e,2024/05/18 22:25,2024-05-18,2024-05-18 20:25:00 UTC,Rome,160927,fausto,Fausto,2024-05-20 07:35:52 UTC,2024-08-13 21:02:41 UTC,research,CC-BY-NC,https://www.inaturalist.org/observations/217003861,https://inaturalist-open-data.s3.amazonaws.com/photos/383845046/medium.jpeg,,"",Le Bine - Light trap,2,0,false,,"Provincia di Mantova, Italia",45.13837,10.43635,,,,,,,,false,,,Italy,Tignola delle crucifere,Plutella xylostella,Diamondback Moth,Insecta,126765
217282976,0af69dd0-b6a6-429e-9ee9-57f31a475eec,2024/05/19 22:38,2024-05-19,2024-05-19 20:38:00 UTC,Rome,2937027,tiziana_gd,Tiziana Dinolfo,2024-05-21 13:46:32 UTC,2025-04-19 01:05:01 UTC,research,CC-BY-NC,https://www.inaturalist.org/observations/217282976,https://inaturalist-open-data.s3.amazonaws.com/photos/384369731/medium.jpeg,,"",,3,0,false,,"Cogozo, 46019 Viadana MN, Italia",44.9264719,10.5205257,4030,,,,4030,,,false,,,Italy,Tignola delle crucifere,Plutella xylostella,Diamondback Moth,Insecta,126765
217576482,ccae37ca-3178-48ca-8201-295ffaa5c4db,2024/05/14 12:26,2024-05-14,2024-05-14 10:26:00 UTC,Rome,5277539,ingrid_kulozik,,2024-05-22 21:33:39 UTC,2024-12-05 00:03:18 UTC,research,CC-BY-NC,https://www.inaturalist.org/observations/217576482,https://inaturalist-open-data.s3.amazonaws.com/photos/384910561/medium.jpeg,,"",,1,0,false,,"Verona, Italien",45.5194876035,10.9485854353,3,,,,3,,,false,,,Italy,Kohlschabe,Plutella xylostella,Diamondback Moth,Insecta,126765
217582515,812c47a2-06e7-48e0-880d-c580e3df2f57,2024-05-22 23:22:30+02:00,2024-05-22,2024-05-22 21:22:30 UTC,Rome,1956724,andreaang,Andrea Angiari,2024-05-22 22:10:55 UTC,2024-05-22 22:16:12 UTC,research,CC-BY-NC,https://www.inaturalist.org/observations/217582515,https://inaturalist-open-data.s3.amazonaws.com/photos/384932688/medium.jpg,,"","",1,0,false,3,"Via Don Giuseppe Bonizzato, Mozzecane, Veneto, IT",45.3044466667,10.819595,4,,,,4,,,false,,,Italy,Diamondback Moth,Plutella xylostella,Diamondback Moth,Insecta,126765
218992819,92851861-a6c7-4aec-a561-e1e6e4e60dd6,2024/05/26 22:28,2024-05-26,2024-05-26 20:28:00 UTC,Rome,1482324,ranierop,Raniero Panfili,2024-05-28 22:24:43 UTC,2024-05-29 07:36:58 UTC,research,,https://www.inaturalist.org/observations/218992819,https://static.inaturalist.org/photos/387568882/medium.jpeg,,"",,1,0,false,,"La Collina degli Asinelli, Monte Compatri, RM, Italia",41.8014771039,12.7315460324,34,,,,34,,,false,,,Italy,Tignola delle crucifere,Plutella xylostella,Diamondback Moth,Insecta,126765
219101960,0f68eb8c-d35a-4ada-a0a4-00e2b571a091,2024-05-29 15:14:46+02:00,2024-05-29,2024-05-29 13:14:46 UTC,Rome,6641300,francesco_diddi,Francesco Diddi,2024-05-29 13:20:07 UTC,2024-08-13 20:54:22 UTC,research,,https://www.inaturalist.org/observations/219101960,https://static.inaturalist.org/photos/387780972/medium.jpg,,"","",2,0,false,3,"Via Vecchia Montanina delle Piastre, Pistoia, Toscana, IT",43.9610475521,10.8973164943,24,,,,24,,,false,,,Italy,Tignola delle crucifere,Plutella xylostella,Diamondback Moth,Insecta,126765
219164558,59904fa0-5035-4adf-a2dc-4e58c8f9794e,2024-05-29 18:52:24+02:00,2024-05-29,2024-05-29 16:52:24 UTC,Rome,8182893,rossana_lolli,,2024-05-29 18:37:00 UTC,2024-05-31 08:44:17 UTC,research,CC-BY-NC,https://www.inaturalist.org/observations/219164558,https://inaturalist-open-data.s3.amazonaws.com/photos/387893382/medium.jpg,,"","",1,0,false,3,"Viale Monza, Milano, Lombardia, IT",45.4873917011,9.2170072191,109,,,,109,,,false,,,Italy,Tignola delle crucifere,Plutella xylostella,Diamondback Moth,Insecta,126765
220623782,02b50d1d-262d-4fdf-8a00-80abf3e965ec,2024-06-05 00:19:16,2024-06-05,2024-06-04 22:19:16 UTC,Rome,2514105,diegoreggianti,"",2024-06-05 05:53:07 UTC,2024-06-05 12:11:12 UTC,research,CC-BY-NC,https://www.inaturalist.org/observations/220623782,https://inaturalist-open-data.s3.amazonaws.com/photos/390636818/medium.jpeg,,"",,2,0,false,2,"00042 Anzio RM, Italia",41.4905607546,12.5986213982,236,,,,236,,,false,gps,gps,Italy,Plutella xylostella,Plutella xylostella,Diamondback Moth,Insecta,126765
221042979,78f55743-6d1f-42e0-bc5c-1c81a9a378e6,2024/06/05 ,2024-06-05,,Rome,6393155,brunoparisotto,,2024-06-07 06:13:46 UTC,2025-04-12 07:25:45 UTC,research,CC-BY-NC,https://www.inaturalist.org/observations/221042979,https://inaturalist-open-data.s3.amazonaws.com/photos/391419650/medium.jpeg,,"",Plutella xylostella (Tignola delle Crucifere)-Arthropoda-Hexapoda-Insecta-Pterygota-Lepidoptera (Falene)-Yponomeutoidea-Plutellidae-Plutella (§),1,0,false,,"58100 Grosseto GR, Italia",42.7755283376,11.0938239713,557,,,,557,,,false,,,Italy,Tignola Delle Crucifere,Plutella xylostella,Diamondback Moth,Insecta,126765
221295806,eaeb00cb-0259-44e4-946e-be144a8c80ee,2024-05-29 11:39:49,2024-05-29,2024-05-29 09:39:49 UTC,Rome,5665878,elchito,"",2024-06-08 13:03:47 UTC,2024-07-14 14:00:03 UTC,research,CC-BY-NC,https://www.inaturalist.org/observations/221295806,https://inaturalist-open-data.s3.amazonaws.com/photos/391890132/medium.jpeg,,"",,2,0,false,2,"Bolzano, Trentino-Alto Adige, IT",46.6151763679,10.8549974486,22,,,,22,,,false,gps,gps,Italy,Kohlschabe,Plutella xylostella,Diamondback Moth,Insecta,126765
223509471,ce2730b8-c91c-4a91-ab0d-b73b5233aade,2024-06-18 11:25:10,2024-06-18,2024-06-18 09:25:10 UTC,Rome,1222022,robertopegolo,"",2024-06-18 09:27:43 UTC,2024-06-28 09:06:01 UTC,research,CC-BY-NC,https://www.inaturalist.org/observations/223509471,https://inaturalist-open-data.s3.amazonaws.com/photos/396042115/medium.jpeg,,"",,1,0,false,2,"28010 Agrate Conturbia NO, Italia",45.67483677,8.58783204,6,,,,6,,,false,,,Italy,Tignola delle crucifere,Plutella xylostella,Diamondback Moth,Insecta,126765
225659813,1af00106-9fd7-4474-8723-2f10e878e561,2024-06-28 07:02:39,2024-06-28,2024-06-28 05:02:39 UTC,Rome,7780152,pietro_melandri_birding,Pietro Melandri,2024-06-28 05:05:06 UTC,2024-06-28 07:22:17 UTC,research,CC0,https://www.inaturalist.org/observations/225659813,https://static.inaturalist.org/photos/400118174/medium.jpeg,,"",,1,0,false,2,"44121 Ferrara FE, Italia",44.8299049342,11.6254750639,7,,,,7,,,false,gps,gps,Italy,Tignola delle crucifere,Plutella xylostella,Diamondback Moth,Insecta,126765
225715688,c6428fdc-033f-4fa7-b039-7f59699ca9fe,2024/06/28 9:03 AM,2024-06-28,2024-06-28 07:03:00 UTC,Rome,440756,mattparr,Matt Parr,2024-06-28 14:01:23 UTC,2024-06-28 14:13:05 UTC,research,CC-BY-NC,https://www.inaturalist.org/observations/225715688,https://inaturalist-open-data.s3.amazonaws.com/photos/400222036/medium.jpg,,"",,1,0,false,,"Dorsoduro, 30100 Venice, Metropolitan City of Venice, Italy",45.4332953869,12.3270884239,47,,,,47,,,false,,,Italy,Diamondback Moth,Plutella xylostella,Diamondback Moth,Insecta,126765
226039263,274cd210-885e-44d2-86a2-d8a83bb85bdf,2024-06-29 22:24:57,2024-06-29,2024-06-29 20:24:57 UTC,Rome,392309,bac_77,Marco Crivellari,2024-06-29 21:47:47 UTC,2024-08-13 20:51:10 UTC,research,CC-BY-NC,https://www.inaturalist.org/observations/226039263,https://inaturalist-open-data.s3.amazonaws.com/photos/400828538/medium.jpeg,,"",,1,0,false,2,"44026 Mesola FE, Italia",44.8836111111,12.232,,,,,,,,false,gps,gps,Italy,Diamondback Moth,Plutella xylostella,Diamondback Moth,Insecta,126765
226177619,280b7aae-9067-415a-8600-f8f40a03984b,2024-06-30 15:38:31,2024-06-30,2024-06-30 13:38:31 UTC,Rome,2806097,simone_bocca,Simone Bocca,2024-06-30 13:39:44 UTC,2025-07-22 16:47:25 UTC,research,CC-BY-SA,https://www.inaturalist.org/observations/226177619,https://inaturalist-open-data.s3.amazonaws.com/photos/401095143/medium.jpeg,,"",,1,0,false,2,"Bioglio Fraz.gisetto, 13841 Bioglio BI, Italia",45.6026347,8.1315905,26,,,,26,,,false,,,Italy,Tignola delle crucifere,Plutella xylostella,Diamondback Moth,Insecta,126765
226658010,104bafa5-7b7c-44be-a8ec-0e58077e66fe,2024-07-01 22:00:00,2024-07-01,2024-07-01 20:00:00 UTC,Rome,8322909,rbhitchman,Richard Hitchman,2024-07-02 11:36:31 UTC,2024-07-14 13:55:04 UTC,research,CC-BY-NC,https://www.inaturalist.org/observations/226658010,https://inaturalist-open-data.s3.amazonaws.com/photos/402009309/medium.jpeg,,"",13W CFL Heath trap,1,0,false,2,"28845 Domodossola, Province of Verbano-Cusio-Ossola, Italy",46.1116815997,8.291363,,,,,,,,false,,,Italy,Diamondback Moth,Plutella xylostella,Diamondback Moth,Insecta,126765
227390796,a13a40bd-1622-4ace-b163-b7108c7bb76b,2024-07-05 23:48:28,2024-07-05,2024-07-05 21:48:28 UTC,Rome,2298749,gabriele_pradelli,Gabriele Pradelli,2024-07-05 21:54:21 UTC,2024-07-14 14:17:22 UTC,research,,https://www.inaturalist.org/observations/227390796,https://static.inaturalist.org/photos/403387777/medium.jpeg,,"",,1,0,false,2,"07038 Costa Paradiso SS, Italia",41.0511931363,8.9437776804,4,,,,4,,,false,gps,gps,Italy,Plutella,Plutella xylostella,Diamondback Moth,Insecta,126765
227846975,27ab1588-5eb1-40ff-9576-b1e29ffba09a,2024/07/06 23:03,2024-07-06,2024-07-06 21:03:00 UTC,Rome,2937027,tiziana_gd,Tiziana Dinolfo,2024-07-07 19:24:28 UTC,2024-07-14 13:48:08 UTC,research,CC-BY-NC,https://www.inaturalist.org/observations/227846975,https://inaturalist-open-data.s3.amazonaws.com/photos/404249033/medium.jpeg,,"",,1,0,false,,"46019 Cogozzo MN, Italia",44.9369784,10.4984408,943,,,,943,,,false,,,Italy,Tignola delle crucifere,Plutella xylostella,Diamondback Moth,Insecta,126765
231390326,4f4be7e3-2b8e-45cf-9043-cef218d3a83b,2024/07/24 9:26 AM,2024-07-24,2024-07-24 07:26:00 UTC,Rome,6871422,rhegmatorhina,,2024-07-24 12:04:51 UTC,2024-07-24 12:17:43 UTC,research,CC-BY-NC,https://www.inaturalist.org/observations/231390326,https://inaturalist-open-data.s3.amazonaws.com/photos/410966626/medium.jpeg,,"",,1,0,false,,"Province of Benevento, Italy",41.3822631038,14.5040034532,4,,,,4,,,false,,,Italy,Diamondback Moth,Plutella xylostella,Diamondback Moth,Insecta,126765
231446567,ab2ef2b5-ea36-4a9c-be35-e412260e6e27,2024-07-24 19:12:25,2024-07-24,2024-07-24 17:12:25 UTC,Rome,4047114,jacopodurandi,,2024-07-24 17:16:28 UTC,2024-07-25 04:50:34 UTC,needs_id,CC-BY-NC,https://www.inaturalist.org/observations/231446567,https://inaturalist-open-data.s3.amazonaws.com/photos/411129700/medium.jpeg,,"",,0,0,false,2,"14100 Asti AT, Italia",44.865692,8.0982333,,,,,,,,false,gps,gps,Italy,Tignola delle crucifere,Plutella xylostella,Diamondback Moth,Insecta,126765
232983093,664852f3-1c1e-44d9-a480-151e26c5576b,2024-07-30 22:40:41,2024-07-30,2024-07-30 20:40:41 UTC,Rome,2514105,diegoreggianti,"",2024-07-31 22:11:47 UTC,2024-07-31 23:31:07 UTC,research,CC-BY-NC,https://www.inaturalist.org/observations/232983093,https://inaturalist-open-data.s3.amazonaws.com/photos/413994211/medium.jpeg,,"",,2,0,false,2,"98048 Spadafora ME, Italia",38.2260838693,15.3910484165,11,,,,11,,,false,gps,gps,Italy,Plutella xylostella,Plutella xylostella,Diamondback Moth,Insecta,126765
233293392,9850a71e-ffbc-44da-8c44-4599d798066c,2024-08-01 23:41:59,2024-08-01,2024-08-01 21:41:59 UTC,Rome,2514105,diegoreggianti,"",2024-08-02 15:04:24 UTC,2024-08-02 15:26:18 UTC,research,CC-BY-NC,https://www.inaturalist.org/observations/233293392,https://inaturalist-open-data.s3.amazonaws.com/photos/414587384/medium.jpeg,,"",,1,0,false,2,"98144 Messina ME, Italia",38.1611866667,15.46516,,,,,,,,false,gps,gps,Italy,Plutella xylostella,Plutella xylostella,Diamondback Moth,Insecta,126765
234581641,d4aee3df-3880-4bb8-bb59-78f7ca707936,2024-08-08 22:24:05+02:00,2024-08-08,2024-08-08 20:24:05 UTC,Rome,925256,rcaccia,"",2024-08-08 20:45:55 UTC,2024-08-13 20:44:39 UTC,research,CC-BY-NC,https://www.inaturalist.org/observations/234581641,https://inaturalist-open-data.s3.amazonaws.com/photos/417051379/medium.jpeg,,"","",1,0,false,3,"Via Prato Fiorito, Bracciano, Lazio, IT",42.1616778333,12.2162633333,4,,,,4,,,false,,,Italy,Tignola delle crucifere,Plutella xylostella,Diamondback Moth,Insecta,126765
234583137,b888d78b-e673-4156-87c0-ff420268dc2d,2024-08-08 22:54:16+02:00,2024-08-08,2024-08-08 20:54:16 UTC,Rome,925256,rcaccia,"",2024-08-08 20:55:40 UTC,2024-08-09 08:33:25 UTC,research,CC-BY-NC,https://www.inaturalist.org/observations/234583137,https://inaturalist-open-data.s3.amazonaws.com/photos/417053968/medium.jpeg,,"","",1,0,false,3,"Via Prato Fiorito, Bracciano, Lazio, IT",42.1617138333,12.2163133333,4,,,,4,,,false,,,Italy,Tignola delle crucifere,Plutella xylostella,Diamondback Moth,Insecta,126765
234825316,1b73d99e-c361-4919-a196-0f7e5149cfe3,2024-08-05 00:09:12,2024-08-05,2024-08-04 22:09:12 UTC,Rome,2514105,diegoreggianti,"",2024-08-10 06:28:11 UTC,2024-08-10 12:03:07 UTC,research,CC-BY-NC,https://www.inaturalist.org/observations/234825316,https://inaturalist-open-data.s3.amazonaws.com/photos/417529583/medium.jpeg,,"",,2,0,false,2,"87016 Morano Calabro CS, Italia",39.88117,16.0641583333,,,,,,,,false,gps,gps,Italy,Plutella xylostella,Plutella xylostella,Diamondback Moth,Insecta,126765
235902917,571ea333-0155-481a-9f7a-09a2cafcf40c,2024-08-12 21:54:25,2024-08-12,2024-08-12 19:54:25 UTC,Rome,5452720,katia_bettiol,"",2024-08-15 13:40:13 UTC,2024-08-17 21:14:17 UTC,research,CC-BY-NC,https://www.inaturalist.org/observations/235902917,https://inaturalist-open-data.s3.amazonaws.com/photos/419607468/medium.jpeg,,"",,1,0,false,2,"31040 Cusignana TV, Italia",45.7833367889,12.1944705024,20,,,,20,,,false,,,Italy,Tignola delle crucifere,Plutella xylostella,Diamondback Moth,Insecta,126765
237448668,ce3e598a-5c4b-40f2-98b7-83aca8528765,2024-08-23 14:45:34+02:00,2024-08-23,2024-08-23 12:45:34 UTC,Rome,8429887,franzc88,,2024-08-23 12:45:44 UTC,2024-08-24 10:06:06 UTC,research,CC-BY-NC,https://www.inaturalist.org/observations/237448668,https://inaturalist-open-data.s3.amazonaws.com/photos/422589147/medium.jpeg,,"","",1,0,false,3,"Via Ciceruacchio, Ravenna, Emilia-Romagna, IT",44.5507414313,12.2815070953,9,,,,9,,,false,,,Italy,Tignola delle crucifere,Plutella xylostella,Diamondback Moth,Insecta,126765
237725697,9b805562-9a4a-49f1-9731-8e73e816a6ea,2024-08-24 22:50:17,2024-08-24,2024-08-24 20:50:17 UTC,Rome,1506635,martinvas,Martin Vašina,2024-08-24 21:11:08 UTC,2024-09-12 12:29:17 UTC,research,CC-BY-NC,https://www.inaturalist.org/observations/237725697,https://inaturalist-open-data.s3.amazonaws.com/photos/423117924/medium.jpeg,,"",,1,0,false,2,"96100 Syrakusy, Itálie",36.9899880607,15.2601421997,30,,,,30,,,false,gps,gps,Italy,zápředníček polní,Plutella xylostella,Diamondback Moth,Insecta,126765
238041717,0504b294-3b51-41ad-b0da-babfee488365,2024-08-26 01:14:59,2024-08-26,2024-08-25 23:14:59 UTC,Rome,1506635,martinvas,Martin Vašina,2024-08-26 10:32:43 UTC,2024-08-28 18:03:55 UTC,research,CC-BY-NC,https://www.inaturalist.org/observations/238041717,https://inaturalist-open-data.s3.amazonaws.com/photos/423732296/medium.jpeg,,"",,1,0,false,2,"96100 Syrakusy, Itálie",36.9899735996,15.2601452172,30,,,,30,,,false,gps,gps,Italy,zápředníček polní,Plutella xylostella,Diamondback Moth,Insecta,126765
238043337,7e9d6be2-66fc-4f9f-9fa8-9de52e50eeb1,2024-08-26 01:53:20,2024-08-26,2024-08-25 23:53:20 UTC,Rome,1506635,martinvas,Martin Vašina,2024-08-26 10:48:14 UTC,2024-08-26 10:49:01 UTC,research,CC-BY-NC,https://www.inaturalist.org/observations/238043337,https://inaturalist-open-data.s3.amazonaws.com/photos/423735587/medium.jpeg,,"",,1,0,false,2,"96100 Syrakusy, Itálie",36.9905509715,15.2600101009,30,,,,30,,,false,gps,gps,Italy,zápředníček polní,Plutella xylostella,Diamondback Moth,Insecta,126765
238561781,f14f4be9-80d0-4937-9b1f-d233def723b4,2024-08-29 10:55:09,2024-08-29,2024-08-29 08:55:09 UTC,Rome,6712293,andrea3817,Andrea Bettini,2024-08-29 08:56:54 UTC,2024-08-29 13:13:18 UTC,research,,https://www.inaturalist.org/observations/238561781,https://static.inaturalist.org/photos/424737222/medium.jpeg,,"",,1,0,false,2,"Roma, Lazio, IT",41.97815507,12.52726909,8,,,,8,,,false,,,Italy,Diamondback Moth,Plutella xylostella,Diamondback Moth,Insecta,126765
238578960,8e3d2e3b-63f2-43a2-b426-db1886b2a4e6,2024-08-29 01:08:31,2024-08-29,2024-08-28 23:08:31 UTC,Rome,5493206,mircogruppi,"",2024-08-29 12:02:25 UTC,2025-04-07 11:51:10 UTC,research,CC-BY-NC,https://www.inaturalist.org/observations/238578960,https://inaturalist-open-data.s3.amazonaws.com/photos/424770305/medium.jpeg,,"",,1,0,false,2,"65015 Montesilvano PE, Italia",42.5237833333,14.1531666667,,,,,,,,false,gps,gps,Italy,Tignola delle crucifere,Plutella xylostella,Diamondback Moth,Insecta,126765
238868904,fa4ec06a-f440-40fd-ba64-989f843e4dce,2024-08-31 01:21:47+02:00,2024-08-31,2024-08-30 23:21:47 UTC,Rome,925256,rcaccia,"",2024-08-30 23:41:54 UTC,2025-04-07 12:49:10 UTC,research,CC-BY-NC,https://www.inaturalist.org/observations/238868904,https://inaturalist-open-data.s3.amazonaws.com/photos/425332417/medium.jpeg,,"","",1,0,false,3,"Via Prato Fiorito, Bracciano, Lazio, IT",42.1616778333,12.2163333333,4,,,,4,,,false,,,Italy,Tignola delle crucifere,Plutella xylostella,Diamondback Moth,Insecta,126765
240039738,e3be483b-2abd-4e63-bab5-8a50b244872b,2024-09-05 23:36:59,2024-09-05,2024-09-05 21:36:59 UTC,Rome,415404,fabribor,Fabrizio Borghesi,2024-09-05 21:40:55 UTC,2024-09-12 12:25:10 UTC,research,CC-BY-NC,https://www.inaturalist.org/observations/240039738,https://inaturalist-open-data.s3.amazonaws.com/photos/427597899/medium.jpeg,,"",,1,0,false,2,"48123 Savarna RA, Italia",44.51056044,12.10172779,7,,,,7,,,false,,,Italy,Diamondback Moth,Plutella xylostella,Diamondback Moth,Insecta,126765
248757043,093eb051-a0a5-41cd-90df-5f56f2ddce1a,2024-10-23 17:29:54,2024-10-23,2024-10-23 15:29:54 UTC,Rome,1310226,antonino1,Antonino Puglisi,2024-10-23 16:06:53 UTC,2025-04-07 05:46:16 UTC,research,,https://www.inaturalist.org/observations/248757043,https://static.inaturalist.org/photos/444547975/medium.jpeg,,"",,1,0,false,2,"Musco, 95126 Catania CT, Italia",37.5349540567,15.1254751906,193,,,,193,,,false,gps,gps,Italy,Diamondback Moth,Plutella xylostella,Diamondback Moth,Insecta,126765
248861978,2d764fd4-7f44-4162-b346-fba092a889a1,2024-10-23 20:41:21+02:00,2024-10-23,2024-10-23 18:41:21 UTC,Rome,570106,miko707,,2024-10-24 09:47:38 UTC,2025-04-07 08:06:32 UTC,research,,https://www.inaturalist.org/observations/248861978,https://static.inaturalist.org/photos/444755734/medium.jpeg,,"","",1,0,false,3,"Area Marina Protetta Riserva Naturale Statale Isole Di Ventotene E S. Stefano, Ventotene, Lazio, IT",40.786545,13.4154866667,,,,,,,,false,,,Italy,Tignola delle crucifere,Plutella xylostella,Diamondback Moth,Insecta,126765
249890783,df5b2165-57d3-48b3-b650-f69d561ec19a,2024-10-30 20:58:09,2024-10-30,2024-10-30 19:58:09 UTC,Rome,7780152,pietro_melandri_birding,Pietro Melandri,2024-10-31 15:06:00 UTC,2025-04-08 13:26:08 UTC,research,CC0,https://www.inaturalist.org/observations/249890783,https://static.inaturalist.org/photos/446796112/medium.jpeg,,"",,1,0,false,2,"Ferrara, Emilia-Romagna, IT",44.8299432166,11.6254626587,13,,,,13,,,false,gps,gps,Italy,Tignola delle crucifere,Plutella xylostella,Diamondback Moth,Insecta,126765
250788080,bfff7acd-5900-4037-a5c5-47133a219858,2024/11/07 11:44 AM,2024-11-07,2024-11-07 10:44:00 UTC,Rome,6871422,rhegmatorhina,,2024-11-07 13:35:57 UTC,2025-04-10 21:27:35 UTC,research,CC-BY-NC,https://www.inaturalist.org/observations/250788080,https://inaturalist-open-data.s3.amazonaws.com/photos/448606351/medium.jpeg,,"",,1,0,false,,Linosa,35.8556418717,12.8678266117,31,,,,31,,,false,,,Italy,Diamondback Moth,Plutella xylostella,Diamondback Moth,Insecta,126765
251300380,dd4ba2c6-75fe-4f2f-823f-388b50875a2d,2024-11-11 12:19:46,2024-11-11,2024-11-11 11:19:46 UTC,Rome,394172,fla-17,Flavia Caironi,2024-11-11 11:32:41 UTC,2024-11-12 19:17:57 UTC,needs_id,,https://www.inaturalist.org/observations/251300380,https://static.inaturalist.org/photos/449654920/medium.jpeg,,"",,0,0,false,2,"7XFP+69 Cartellone parco, 20086 Motta Visconti MI, Italia",45.275115,8.986355,8,,,,8,,,false,,,Italy,Tignola delle crucifere,Plutella xylostella,Diamondback Moth,Insecta,126765
259443196,88f47c25-d0e9-4c76-9dee-39793de107dd,2025/01/15 10:17 AM,2025-01-15,2025-01-15 09:17:00 UTC,Rome,2188805,annamarie16,Anna,2025-01-24 17:03:34 UTC,2025-03-02 16:43:04 UTC,research,,https://www.inaturalist.org/observations/259443196,https://static.inaturalist.org/photos/465728569/medium.jpeg,,"",,1,0,false,,"Province of Ferrara, Italy",44.847,12.3,,,,,,,,false,,,Italy,Diamondback Moth,Plutella xylostella,Diamondback Moth,Insecta,126765
259737814,349b1777-4427-4162-9e42-940677cb4d43,2025-01-26 15:14:43,2025-01-26,2025-01-26 14:14:43 UTC,Rome,156837,fabriziolanfredi,"",2025-01-27 06:28:32 UTC,2025-01-27 08:08:53 UTC,research,CC-BY-NC,https://www.inaturalist.org/observations/259737814,https://inaturalist-open-data.s3.amazonaws.com/photos/466319333/medium.jpeg,,"",,1,0,false,2,"Cremona, Lombardia, IT",45.1200866,10.4475229,171,,,,171,,,false,,,Italy,Tignola delle crucifere,Plutella xylostella,Diamondback Moth,Insecta,126765
260071747,dd39e147-8913-491c-9c19-3568dc756aff,2025-01-30 15:37:00+01:00,2025-01-30,2025-01-30 14:37:00 UTC,Rome,8793812,lovenzocosta,Lorenzo Costa,2025-01-30 17:11:46 UTC,2025-04-13 19:38:47 UTC,research,,https://www.inaturalist.org/observations/260071747,https://static.inaturalist.org/photos/466976708/medium.jpg,,"","",1,0,false,3,"Via Costa Corona, Sant'Olcese, Liguria, IT",44.4755407438,8.9527559468,27,,,,27,,,false,,,Italy,Tignola delle crucifere,Plutella xylostella,Diamondback Moth,Insecta,126765
260247094,4062394b-3cc1-49ba-a3cd-e9c2b061efd7,2025-02-01 10:17:08,2025-02-01,2025-02-01 09:17:08 UTC,Rome,1522604,lvdr,"",2025-02-01 11:14:55 UTC,2025-02-01 11:15:02 UTC,needs_id,CC-BY-NC,https://www.inaturalist.org/observations/260247094,https://inaturalist-open-data.s3.amazonaws.com/photos/467328048/medium.jpeg,,"",,0,0,false,2,"31021 Mogliano Veneto TV, Italia",45.5612947299,12.2340518609,45,,,,45,,,false,gps,gps,Italy,Plutella xylostella,Plutella xylostella,Diamondback Moth,Insecta,126765
262086824,7410751e-4bac-4192-9b9f-0e3daf761b0f,2025-02-16 19:42:38,2025-02-16,2025-02-16 18:42:38 UTC,Rome,8012762,leofinder,Leonardo Cicciarella,2025-02-18 06:55:58 UTC,2025-04-16 06:38:17 UTC,research,,https://www.inaturalist.org/observations/262086824,https://static.inaturalist.org/photos/470932784/medium.jpeg,,"",,1,0,false,2,"Marina di Modica RG, Italia",36.714751,14.8094019,,,,,,,,false,gps,gps,Italy,Tignola delle crucifere,Plutella xylostella,Diamondback Moth,Insecta,126765
262123483,87962a2b-a6a8-4bbc-8440-98abdf84daef,2025-02-18 15:27:15,2025-02-18,2025-02-18 14:27:15 UTC,Rome,1402526,costantino_d_antonio,Costantino D'Antonio,2025-02-18 14:28:55 UTC,2025-04-16 07:19:03 UTC,research,,https://www.inaturalist.org/observations/262123483,https://static.inaturalist.org/photos/470987045/medium.jpeg,,"",,1,0,false,2,"Salerno, Campania, IT",40.3846536,15.0918591,,,,,,,,false,gps,gps,Italy,Tignola delle crucifere,Plutella xylostella,Diamondback Moth,Insecta,126765
263032679,5b2e755f-2eee-4df8-adde-46c9b18bc019,2025-02-25 09:56:29,2025-02-25,2025-02-25 08:56:29 UTC,Rome,5473962,giorgio1961,Giorgio,2025-02-25 08:58:47 UTC,2025-04-17 06:14:46 UTC,research,CC-BY-NC,https://www.inaturalist.org/observations/263032679,https://inaturalist-open-data.s3.amazonaws.com/photos/472460231/medium.jpeg,,"",,1,0,false,2,"60035 Jesi AN, Italia",43.52141828,13.28759227,3,,,,3,,,false,,,Italy,Tignola delle crucifere,Plutella xylostella,Diamondback Moth,Insecta,126765
263601985,fad762c7-f294-479e-939e-3774065df550,2025-03-02 10:12:12+01:00,2025-03-02,2025-03-02 09:12:12 UTC,Rome,1916857,nebrooks,,2025-03-02 09:25:03 UTC,2025-04-11 02:01:10 UTC,research,CC-BY,https://www.inaturalist.org/observations/263601985,https://inaturalist-open-data.s3.amazonaws.com/photos/473594454/medium.jpg,,"","",1,0,false,3,"Roma, Lazio, IT",41.8906815267,12.4666119666,14,,,,14,,,false,,,Italy,Diamondback Moth,Plutella xylostella,Diamondback Moth,Insecta,126765
263656505,a7fd2766-528d-4057-9d27-dfebc0b65df0,2025-03-02 15:30:30,2025-03-02,2025-03-02 14:30:30 UTC,Rome,8792937,manuel49571,Manuel Cafaro,2025-03-02 18:37:21 UTC,2025-04-11 03:18:09 UTC,research,,https://www.inaturalist.org/observations/263656505,https://static.inaturalist.org/photos/473691840/medium.jpeg,,"",,1,0,false,2,"Quadrivio SA, Italia",40.6247024444,15.1051731111,,,,,,,,false,gps,gps,Italy,Tignola delle crucifere,Plutella xylostella,Diamondback Moth,Insecta,126765
264096025,3ade34c6-2b43-4d71-a4cb-303975c51f2a,2025/03/02 16:52,2025-03-02,2025-03-02 15:52:00 UTC,Rome,1375725,babunco,Camillo De Berardinis,2025-03-06 14:18:49 UTC,2025-04-11 12:12:09 UTC,research,CC-BY-NC,https://www.inaturalist.org/observations/264096025,https://inaturalist-open-data.s3.amazonaws.com/photos/474535248/medium.jpeg,,"",,1,0,false,,Santa Marinella (RM),42.0396,11.83477,10,,,,10,,,false,,,Italy,Tignola delle crucifere,Plutella xylostella,Diamondback Moth,Insecta,126765
264802775,75a527fb-d6fb-4795-a04c-5d9ecfc30315,2025/03/05 14:06,2025-03-05,2025-03-05 13:06:00 UTC,Rome,4072413,nicolaaddelfio,Nicola Addelfio,2025-03-10 14:00:33 UTC,2025-03-10 14:01:08 UTC,needs_id,CC-BY-NC,https://www.inaturalist.org/observations/264802775,https://inaturalist-open-data.s3.amazonaws.com/photos/475538870/medium.jpeg,,"",,0,0,false,,"Provincia di Latina, Italia",41.2527493718,13.4489835989,45,,,,45,,,false,,,Italy,Plutella xylostella,Plutella xylostella,Diamondback Moth,Insecta,126765
264848411,3c4eb25a-3af9-4843-9de4-b7a0a3be32c1,2025-03-10 19:02:23,2025-03-10,2025-03-10 18:02:23 UTC,Rome,2514105,diegoreggianti,"",2025-03-10 20:48:15 UTC,2025-04-12 03:55:44 UTC,research,CC-BY-NC,https://www.inaturalist.org/observations/264848411,https://inaturalist-open-data.s3.amazonaws.com/photos/475624689/medium.jpeg,,"",,1,0,false,2,"Crocco- Olivi, 00148 Roma RM, Italia",41.8255500489,12.3981212452,149,,,,149,,,false,gps,gps,Italy,Plutella xylostella,Plutella xylostella,Diamondback Moth,Insecta,126765
264848671,959cd9b2-6dad-49ec-b2ce-b0d8da5c5224,2025-03-10 21:38:27,2025-03-10,2025-03-10 20:38:27 UTC,Rome,2514105,diegoreggianti,"",2025-03-10 20:50:37 UTC,2025-03-11 10:43:23 UTC,research,CC-BY-NC,https://www.inaturalist.org/observations/264848671,https://inaturalist-open-data.s3.amazonaws.com/photos/475625264/medium.jpeg,,"",,1,0,false,2,"Crocco- Olivi, 00148 Roma RM, Italia",41.8255500489,12.3981212452,149,,,,149,,,false,gps,gps,Italy,Plutella xylostella,Plutella xylostella,Diamondback Moth,Insecta,126765
265400867,7f0c6cc2-9475-442a-877d-30ed0bc943bd,2025-03-15 13:40:01,2025-03-15,2025-03-15 12:40:01 UTC,Rome,5554327,federico_biguzzi,Federico Biguzzi,2025-03-15 13:40:38 UTC,2025-03-15 13:41:04 UTC,needs_id,CC-BY-NC,https://www.inaturalist.org/observations/265400867,https://inaturalist-open-data.s3.amazonaws.com/photos/476709177/medium.jpeg,,"",Pale morph? The central pattern of the wings is fairly visible ,0,0,false,2,"47042 Cesenatico FC, Italia",44.1756666322,12.3371633515,181,,,,181,,,false,gps,gps,Italy,Tignola delle crucifere,Plutella xylostella,Diamondback Moth,Insecta,126765
265527437,41fba9c1-9532-4182-bfc5-ea758084b9e2,2025-03-16,2025-03-16,,Rome,3852881,riccardomissagia,"",2025-03-16 10:23:08 UTC,2025-04-12 19:26:57 UTC,research,CC-BY-NC,https://www.inaturalist.org/observations/265527437,https://inaturalist-open-data.s3.amazonaws.com/photos/476959600/medium.jpeg,,"",,1,0,false,2,"36063 Marostica VI, Italia",45.7545369553,11.6478909552,49,,,,49,,,false,,,Italy,Tignola delle crucifere,Plutella xylostella,Diamondback Moth,Insecta,126765
265575824,d21173cf-2592-43cb-aea1-9fbc81a8de67,2025-03-16 18:39:12+01:00,2025-03-16,2025-03-16 17:39:12 UTC,Rome,1022921,connor_b,"",2025-03-16 17:40:16 UTC,2025-03-16 17:40:44 UTC,needs_id,CC-BY-NC,https://www.inaturalist.org/observations/265575824,https://inaturalist-open-data.s3.amazonaws.com/photos/477050795/medium.jpg,,"","",0,0,false,3,"Venezia, Venice, Veneto, IT",45.4406383333,12.327025,14,,,,14,,,false,,,Italy,"",Plutella xylostella,Diamondback Moth,Insecta,126765
266248718,30b12629-c14c-4167-b771-fd2e1f8ddefe,2025-03-21 14:46:34+01:00,2025-03-21,2025-03-21 13:46:34 UTC,Rome,7995549,alepopoli,Alessandro Popoli,2025-03-21 16:26:44 UTC,2025-04-13 11:36:24 UTC,research,CC-BY,https://www.inaturalist.org/observations/266248718,https://inaturalist-open-data.s3.amazonaws.com/photos/478355115/medium.jpg,,"","",1,0,false,3,"Via Lago di Lesina, Pontecagnano Faiano, Campania, IT",40.6144633333,14.89702,4,,,,4,,,false,,,Italy,Plutella xylostella,Plutella xylostella,Diamondback Moth,Insecta,126765
266545850,569be074-f7e3-413d-ace4-b2831963b9af,2025/03/23 10:45,2025-03-23,2025-03-23 09:45:00 UTC,Rome,419068,theworldofpaolo,Paolo Zucca,2025-03-23 12:51:35 UTC,2025-04-13 20:37:49 UTC,research,CC-BY,https://www.inaturalist.org/observations/266545850,https://inaturalist-open-data.s3.amazonaws.com/photos/478928129/medium.png,,"",,1,0,false,,"Rocca di Manerba del garda, 25080 Manerba del Garda BS, Italia",45.5538031,10.5777847,616,,,,616,,,false,,,Italy,Tignola delle crucifere,Plutella xylostella,Diamondback Moth,Insecta,126765
266747813,4d339ffb-4750-403e-b9e9-ca3c5f375fb8,Mon Mar 24 2025 14:31:59 GMT +0100 (GMT+1),2025-03-24,2025-03-24 13:31:59 UTC,Rome,8211965,qusco,Francesco Poli,2025-03-24 13:32:16 UTC,2025-03-24 13:32:23 UTC,needs_id,CC-BY-NC,https://www.inaturalist.org/observations/266747813,https://inaturalist-open-data.s3.amazonaws.com/photos/479286121/medium.jpeg,,"",,0,0,false,333,Reggio Emilia,44.674282074,10.700345993,1399,,,,1399,,,false,,,Italy,,Plutella xylostella,Diamondback Moth,Insecta,126765
266865728,8c0a147a-fb6a-4c93-9064-4033b89c9b41,2025-03-23 10:47:02+01:00,2025-03-23,2025-03-23 09:47:02 UTC,Rome,925256,rcaccia,"",2025-03-25 06:55:20 UTC,2025-03-25 16:28:11 UTC,research,CC-BY-NC,https://www.inaturalist.org/observations/266865728,https://inaturalist-open-data.s3.amazonaws.com/photos/479515251/medium.jpg,,"","",1,0,false,3,"Riserva Naturale Monterano, Canale Monterano, Lazio, IT",42.1278305,12.04825,10,,,,10,,,false,,,Italy,Tignola delle crucifere,Plutella xylostella,Diamondback Moth,Insecta,126765
267229924,4ae58d23-19ac-43bd-81bd-052693d54276,2025-03-27 12:41:44,2025-03-27,2025-03-27 11:41:44 UTC,Rome,9030027,bugkisser69,"",2025-03-27 18:18:43 UTC,2025-03-27 23:08:28 UTC,research,CC-BY-NC,https://www.inaturalist.org/observations/267229924,https://inaturalist-open-data.s3.amazonaws.com/photos/480209815/medium.jpeg,,"","",1,0,false,2,"Reggio Nell'Emilia, Emilia-Romagna, IT",44.6341986904,10.4288958856,101,,,,27285,obscured,,true,gps,gps,Italy,Diamondback Moth,Plutella xylostella,Diamondback Moth,Insecta,126765
267251648,6a6f1164-20dc-4503-b80d-fa2b9f44b977,2025-03-25 20:46:03,2025-03-25,2025-03-25 19:46:03 UTC,Rome,7792450,amaurydeneux,Amaury Deneux,2025-03-27 20:56:20 UTC,2025-04-08 10:57:16 UTC,research,,https://www.inaturalist.org/observations/267251648,https://static.inaturalist.org/photos/480251370/medium.jpeg,,"",Lepiled,2,0,false,2,"33061 Teor, Udine, Italie",45.893775,13.06085,,,,,,,,false,gps,gps,Italy,Teigne des choux,Plutella xylostella,Diamondback Moth,Insecta,126765
268065656,6de10731-0606-49f1-8751-d9c83f88595f,2025-04-01 15:59:23+02:00,2025-04-01,2025-04-01 13:59:23 UTC,Rome,6622265,double_shott,Daniele Iachetti,2025-04-01 14:03:42 UTC,2025-04-02 08:18:38 UTC,research,,https://www.inaturalist.org/observations/268065656,https://static.inaturalist.org/photos/481806177/medium.jpg,,"","",1,0,false,3,"Via Ardeatina, Aprilia, Lazio, IT",41.6005216667,12.53515,6,,,,6,,,false,,,Italy,Tignola delle crucifere,Plutella xylostella,Diamondback Moth,Insecta,126765
268802312,3da873b1-0661-4b3a-84a6-f224b5af804e,2025-04-05 22:22:53,2025-04-05,2025-04-05 20:22:53 UTC,Rome,5452720,katia_bettiol,"",2025-04-05 21:01:29 UTC,2025-04-05 22:53:20 UTC,research,CC-BY-NC,https://www.inaturalist.org/observations/268802312,https://inaturalist-open-data.s3.amazonaws.com/photos/483214662/medium.jpeg,,"",,1,0,false,2,"31040 Cusignana TV, Italia",45.7833335155,12.1941141039,5,,,,5,,,false,gps,gps,Italy,Tignola delle crucifere,Plutella xylostella,Diamondback Moth,Insecta,126765
269481976,bff590f3-8a42-430f-86dc-7c730dc0cd52,2025-04-09 18:46:50,2025-04-09,2025-04-09 16:46:50 UTC,Rome,9030027,bugkisser69,"",2025-04-09 17:15:58 UTC,2025-04-09 17:30:08 UTC,research,CC-BY-NC,https://www.inaturalist.org/observations/269481976,https://inaturalist-open-data.s3.amazonaws.com/photos/484535740/medium.jpeg,,"",,2,0,false,2,"Reggio Nell'Emilia, Emilia-Romagna, IT",44.6210698731,10.7488515261,78,,,,27285,obscured,,true,gps,gps,Italy,Diamondback Moth,Plutella xylostella,Diamondback Moth,Insecta,126765
269930463,0723a6a7-b02b-4131-af3c-1a8c5137d941,2025/04/11,2025-04-11,,Rome,6393155,brunoparisotto,,2025-04-12 09:28:50 UTC,2025-04-14 08:22:15 UTC,research,CC-BY-NC,https://www.inaturalist.org/observations/269930463,https://inaturalist-open-data.s3.amazonaws.com/photos/485394937/medium.jpeg,,"",Plutella xylostella (Tignola delle Crucifere)-Arthropoda-Hexapoda-Insecta-Pterygota-Lepidoptera (Falene)-Yponomeutoidea-Plutellidae-Plutella (§),2,0,false,,"58100 Grosseto GR, Italia",42.7755283376,11.0938239713,557,,,,557,,,false,,,Italy,Plutella xylostella,Plutella xylostella,Diamondback Moth,Insecta,126765
270006970,945aa2ed-a3c0-47aa-9588-0122b00cacc8,2025/04/12 15:05,2025-04-12,2025-04-12 13:05:00 UTC,Rome,419068,theworldofpaolo,Paolo Zucca,2025-04-12 17:13:45 UTC,2025-04-12 18:15:54 UTC,research,CC-BY,https://www.inaturalist.org/observations/270006970,https://inaturalist-open-data.s3.amazonaws.com/photos/485530979/medium.png,,"",,2,0,false,,"26020 Crotta d'Adda CR, Italia",45.1583011,9.8550641,880,,,,880,,,false,,,Italy,Tignola delle crucifere,Plutella xylostella,Diamondback Moth,Insecta,126765
270239697,44a86453-7160-4981-b5ca-27f3c123ac77,2025-04-13 15:28:50+02:00,2025-04-13,2025-04-13 13:28:50 UTC,Rome,186190,alessandro_bergamo,Alessandro Bergamo,2025-04-13 17:47:09 UTC,2025-04-13 20:33:19 UTC,research,,https://www.inaturalist.org/observations/270239697,https://static.inaturalist.org/photos/485977741/medium.jpg,,"","",2,0,false,3,"Parco Naturale La Mandria, Venaria Reale, Piemonte, IT",45.1416388333,7.601525,9,,,,9,,,false,,,Italy,Tignola delle crucifere,Plutella xylostella,Diamondback Moth,Insecta,126765
270582652,0df7c616-fe12-481b-8c35-f128884df3a6,2025-04-15 09:12:06,2025-04-15,2025-04-15 07:12:06 UTC,Rome,2750003,dariop9167,Dario Pozzan,2025-04-15 07:19:49 UTC,2025-04-15 14:40:10 UTC,research,,https://www.inaturalist.org/observations/270582652,https://static.inaturalist.org/photos/486636137/medium.jpeg,,"",,2,0,false,2,"Garibaldi, 10078 Venaria Reale TO, Italia",45.1280272997,7.6353837,,,,,,,,false,gps,gps,Italy,Tignola delle crucifere,Plutella xylostella,Diamondback Moth,Insecta,126765
270704261,1b82bcd3-3dfb-42b5-8963-1b45cce0a9c6,2025-04-15 22:21:40,2025-04-15,2025-04-15 20:21:40 UTC,Rome,2514105,diegoreggianti,"",2025-04-15 21:29:28 UTC,2025-04-16 08:13:59 UTC,research,CC-BY-NC,https://www.inaturalist.org/observations/270704261,https://inaturalist-open-data.s3.amazonaws.com/photos/486867151/medium.jpeg,,"",,3,0,false,2,"Crocco- Olivi, 00148 Roma RM, Italia",41.8255500489,12.3981212452,149,,,,149,,,false,,,Italy,Plutella xylostella,Plutella xylostella,Diamondback Moth,Insecta,126765
270871281,b19b8de9-819e-4f59-9e12-77748bde0cd8,2025/04/16 13:16,2025-04-16,2025-04-16 11:16:00 UTC,Rome,3375334,efvojens,Emil J Frederiksen,2025-04-16 18:58:03 UTC,2025-04-16 19:25:38 UTC,research,CC-BY-NC,https://www.inaturalist.org/observations/270871281,https://inaturalist-open-data.s3.amazonaws.com/photos/487185139/medium.jpg,,"",,2,0,false,,"Mestre, Venedig, Italien",45.4767188883,12.270215,,,,,,,,false,,,Italy,Kålmøl,Plutella xylostella,Diamondback Moth,Insecta,126765
270983474,21ed5376-04b3-4235-8d60-6dca60023b80,2025/04/17 11:54,2025-04-17,2025-04-17 09:54:00 UTC,Rome,1375725,babunco,Camillo De Berardinis,2025-04-17 10:26:39 UTC,2025-04-17 11:12:13 UTC,research,CC-BY-NC,https://www.inaturalist.org/observations/270983474,https://inaturalist-open-data.s3.amazonaws.com/photos/487398498/medium.jpeg,,Roma (V. Suor C. Donati),,1,0,false,,Roma (Pineta Sacchetti),41.9183353074,12.4198129619,20,,,,20,,,false,,,Italy,Tignola delle crucifere,Plutella xylostella,Diamondback Moth,Insecta,126765
271083722,decf88fd-0a09-4b8e-b377-3a8e86a0304a,2025-04-17 17:24:04,2025-04-17,2025-04-17 15:24:04 UTC,Rome,2472445,macronatura,Oscar Díaz,2025-04-17 20:48:51 UTC,2025-04-24 07:16:33 UTC,research,,https://www.inaturalist.org/observations/271083722,https://static.inaturalist.org/photos/487584495/medium.jpeg,,"",,1,0,false,2,"Santa Cruz, Florencia, Italia",43.76725,11.26515,,,,,,,,false,gps,gps,Italy,Palomilla dorso de diamante,Plutella xylostella,Diamondback Moth,Insecta,126765
271099057,b62e1d70-2d5c-4037-9fe5-25bd25946642,2025-04-17 14:50:43+02:00,2025-04-17,2025-04-17 12:50:43 UTC,Rome,6780095,sergio_ibarra_mellado,Sergio Ibarra,2025-04-17 22:24:08 UTC,2025-04-17 22:24:31 UTC,research,CC-BY-NC,https://www.inaturalist.org/observations/271099057,https://inaturalist-open-data.s3.amazonaws.com/photos/487613489/medium.jpg,,"","",1,0,false,3,"Piazza Vittorio Veneto, Turin, Piedmont, IT",45.0646166667,7.6954383333,9,,,,9,,,false,,,Italy,Diamondback Moth,Plutella xylostella,Diamondback Moth,Insecta,126765
271202741,2322cfba-9bea-45e2-b143-fe139a0e891b,2025/04/18 08:39,2025-04-18,2025-04-18 06:39:00 UTC,Rome,6858810,astroale,"",2025-04-18 13:14:10 UTC,2025-04-18 13:29:57 UTC,research,CC-BY-NC,https://www.inaturalist.org/observations/271202741,https://inaturalist-open-data.s3.amazonaws.com/photos/487814214/medium.jpg,,"",,1,0,false,,"Cornigliano, 16152 Genova GE, Italia",44.4252491,8.862251,5,,,,5,,,false,,,Italy,Tignola delle crucifere,Plutella xylostella,Diamondback Moth,Insecta,126765
271241661,b2d35c2f-ea08-45c9-b863-aedb782223c1,2025/04/18 14:09,2025-04-18,2025-04-18 12:09:00 UTC,Rome,2806097,simone_bocca,Simone Bocca,2025-04-18 16:34:26 UTC,2025-08-26 07:30:27 UTC,research,CC-BY-SA,https://www.inaturalist.org/observations/271241661,https://inaturalist-open-data.s3.amazonaws.com/photos/487881767/medium.jpg,,"",specie inedita per il biellese,2,0,false,,"Provincia di Biella, Italia",45.5208065246,8.1899973023,2,,,,2,,,false,,,Italy,Plutella xylostella,Plutella xylostella,Diamondback Moth,Insecta,126765
271241662,d7e90bd6-d956-47f3-89d5-33f969bda6a8,2025/04/18 14:13,2025-04-18,2025-04-18 12:13:00 UTC,Rome,2806097,simone_bocca,Simone Bocca,2025-04-18 16:34:27 UTC,2025-08-26 07:30:16 UTC,needs_id,CC-BY-SA,https://www.inaturalist.org/observations/271241662,https://inaturalist-open-data.s3.amazonaws.com/photos/487881808/medium.jpg,,"",specie inedita per il biellese,0,0,false,,"Provincia di Biella, Italia",45.5207877317,8.1900093722,2,,,,2,,,false,,,Italy,Plutella xylostella,Plutella xylostella,Diamondback Moth,Insecta,126765
271400132,6d325910-e897-454c-8c08-cdfd5e4e3dc2,2025-04-18 18:45:35,2025-04-18,2025-04-18 16:45:35 UTC,Rome,3278655,achine,Gianfranco CARIGNANO,2025-04-19 09:44:26 UTC,2025-04-19 09:45:36 UTC,research,CC-BY-NC,https://www.inaturalist.org/observations/271400132,https://inaturalist-open-data.s3.amazonaws.com/photos/488189657/medium.jpeg,,"",,1,0,false,2,"10123 Torino TO, Italia",45.0702821895,7.6868563145,9221,,,,9221,,,false,gps,gps,Italy,Tignola delle crucifere,Plutella xylostella,Diamondback Moth,Insecta,126765
271458994,be5f54ee-c2e4-4c30-b5fd-d67356858a3b,2025/04/19 16:13,2025-04-19,2025-04-19 14:13:00 UTC,Rome,419068,theworldofpaolo,Paolo Zucca,2025-04-19 15:28:42 UTC,2025-04-19 17:32:17 UTC,research,CC-BY,https://www.inaturalist.org/observations/271458994,https://inaturalist-open-data.s3.amazonaws.com/photos/488291887/medium.png,,"",,1,0,false,,"Provincia di Brescia, Italia",45.2600459278,10.2076619355,1063,,,,1063,,,false,,,Italy,Tignola delle crucifere,Plutella xylostella,Diamondback Moth,Insecta,126765
271491828,c1ddd904-62c1-4e8e-8fc3-ee826053ecd4,2025-04-19 18:18:17+01:00,2025-04-19,2025-04-19 17:18:17 UTC,Rome,7858165,nic__zzi,,2025-04-19 17:35:50 UTC,2025-04-20 17:04:28 UTC,research,CC-BY-NC,https://www.inaturalist.org/observations/271491828,https://inaturalist-open-data.s3.amazonaws.com/photos/488355957/medium.jpg,,"","",2,0,false,3,"Via Argine Strada, Signa, Toscana, IT",43.7856466667,11.0998555,1,,,,1,,,false,,,Italy,Tignola delle crucifere,Plutella xylostella,Diamondback Moth,Insecta,126765
271521585,eb25c81c-efff-4eb8-9dbd-2d60773664f2,2025-04-19 14:50:07,2025-04-19,2025-04-19 12:50:07 UTC,Rome,7717276,agostino19631,Agostino Codazzi,2025-04-19 19:34:39 UTC,2025-04-20 17:00:29 UTC,research,,https://www.inaturalist.org/observations/271521585,https://static.inaturalist.org/photos/488412303/medium.jpeg,,"",,2,0,false,2,"CREMA Pandino n. 25, 26013 Crema CR, Italia",45.3585844584,9.6455572173,20,,,,20,,,false,,,Italy,Tignola delle crucifere,Plutella xylostella,Diamondback Moth,Insecta,126765
271738540,c00e6d6f-b8dd-4605-94dd-4a78aec18c8c,2025-04-20 18:33:25,2025-04-20,2025-04-20 16:33:25 UTC,Rome,3004475,associazioneexodomus,Associazione ExoDomus,2025-04-20 16:37:04 UTC,2025-04-20 17:47:40 UTC,research,,https://www.inaturalist.org/observations/271738540,https://static.inaturalist.org/photos/488822093/medium.jpeg,,"",,1,0,false,2,"10024 Moncalieri TO, Italia",45.0101251997,7.6655493,,,,,,,,false,gps,gps,Italy,Diamondback Moth,Plutella xylostella,Diamondback Moth,Insecta,126765
271814160,d62c9e5d-ad2c-4b84-824a-f43f66deafd9,2025-04-20 21:17:51,2025-04-20,2025-04-20 19:17:51 UTC,Rome,370501,bferrero,"",2025-04-20 21:33:43 UTC,2025-04-20 22:00:49 UTC,research,CC-BY-NC,https://www.inaturalist.org/observations/271814160,https://inaturalist-open-data.s3.amazonaws.com/photos/488964168/medium.jpeg,,"",,2,0,false,2,"Torino, Piemonte, IT",45.0469632323,7.3651784743,186,,,,27222,obscured,,true,gps,gps,Italy,Plutella xylostella,Plutella xylostella,Diamondback Moth,Insecta,126765
271974830,73fd01f9-5aa4-4a77-99c6-9144b717d0be,2025-04-21 12:29:02,2025-04-21,2025-04-21 10:29:02 UTC,Rome,3318725,giovannifontana,Giovanni Fontana,2025-04-21 14:49:51 UTC,2025-04-21 16:56:33 UTC,research,"",https://www.inaturalist.org/observations/271974830,https://static.inaturalist.org/photos/489275807/medium.jpeg,,"",,3,0,false,2,Provincia di Lecco,45.9380253233,9.3857289478,27150,,,,27150,,,false,,,Italy,Diamondback Moth,Plutella xylostella,Diamondback Moth,Insecta,126765
271976745,c53b67bb-2b67-4c3f-9fa7-b9812ef88b46,2025/04/21 08:26,2025-04-21,2025-04-21 06:26:00 UTC,Rome,5896571,matias_delfosse,Matias Delfosse Allain,2025-04-21 15:00:55 UTC,2025-04-22 07:02:37 UTC,research,,https://www.inaturalist.org/observations/271976745,https://static.inaturalist.org/photos/489278215/medium.jpeg,,"","",3,0,false,,"Sud-Tyrol, Italie",46.4863963784,11.3588278976,110,,,,110,,,false,,,Italy,Teigne des choux,Plutella xylostella,Diamondback Moth,Insecta,126765
272152936,35350811-c133-4f5c-bc92-4160f9c1ea82,2025-04-21 21:06:47,2025-04-21,2025-04-21 19:06:47 UTC,Rome,370501,bferrero,"",2025-04-22 07:52:16 UTC,2025-04-22 09:30:35 UTC,research,CC-BY-NC,https://www.inaturalist.org/observations/272152936,https://inaturalist-open-data.s3.amazonaws.com/photos/489614043/medium.jpeg,,"",,3,0,false,2,"Torino, Piemonte, IT",45.1540754464,7.2748698656,186,,,,27222,obscured,,true,gps,gps,Italy,Plutella xylostella,Plutella xylostella,Diamondback Moth,Insecta,126765
272257702,a21868fe-3be1-44cc-8c9c-1a25a2a9e341,2025-04-21 17:25:00+02:00,2025-04-21,2025-04-21 15:25:00 UTC,Rome,419068,theworldofpaolo,Paolo Zucca,2025-04-22 18:26:46 UTC,2025-04-22 19:33:45 UTC,research,CC-BY,https://www.inaturalist.org/observations/272257702,https://inaturalist-open-data.s3.amazonaws.com/photos/489800203/medium.jpg,,"","",1,0,false,3,"Lombardia, IT",45.3006891414,10.2018626746,93,,,,27190,obscured,,true,,,Italy,Tignola delle crucifere,Plutella xylostella,Diamondback Moth,Insecta,126765
272407451,b091b9f5-c358-41fe-afe9-d31ac6e07bdd,2025-04-23 12:20:11,2025-04-23,2025-04-23 10:20:11 UTC,Rome,6401640,jeroen1981,Jeroen Van akkeren,2025-04-23 10:21:44 UTC,2025-04-24 11:05:52 UTC,research,,https://www.inaturalist.org/observations/272407451,https://static.inaturalist.org/photos/490087627/medium.jpeg,,"",,2,0,false,2,"22070 Lucino CO, Italia",45.7824611,9.0447848,122,,,,122,,,false,,,Italy,Diamondback Moth,Plutella xylostella,Diamondback Moth,Insecta,126765
272527783,edb833b0-c2c1-4ae3-a025-0d160a7bfb59,2025/04/23 16:52,2025-04-23,2025-04-23 14:52:00 UTC,Rome,744814,mirko_tomasi,Mirko Tomasi,2025-04-23 20:43:45 UTC,2025-04-24 11:44:48 UTC,research,CC-BY-NC,https://www.inaturalist.org/observations/272527783,https://inaturalist-open-data.s3.amazonaws.com/photos/490290489/medium.jpeg,,"","",3,0,false,,"21015 Lonate Pozzolo VA, Italia ",45.5790628416,8.7083896995,946,,,,946,,,false,,,Italy,Tignola delle crucifere,Plutella xylostella,Diamondback Moth,Insecta,126765
273195961,2e6ebbcb-c35a-44fa-9aa7-34002d25f827,2025-04-25 18:19:21,2025-04-25,2025-04-25 16:19:21 UTC,Rome,1469634,isawe,"",2025-04-25 16:23:49 UTC,2025-04-25 18:22:10 UTC,research,,https://www.inaturalist.org/observations/273195961,https://static.inaturalist.org/photos/491404561/medium.jpeg,,"",,1,0,false,2,"Roma, Lazio, IT",41.9343573444,12.5465727021,5,,,,27723,obscured,,true,,,Italy,Tignola delle crucifere,Plutella xylostella,Diamondback Moth,Insecta,126765
273439817,2a4912cd-c7c4-4974-818c-52469126a743,2025-04-25 16:50:00,2025-04-25,2025-04-25 14:50:00 UTC,Rome,970374,giuseppe_michelangelo,Giuseppe Michelangelo Pirri,2025-04-25 23:08:12 UTC,2025-05-03 10:47:27 UTC,research,,https://www.inaturalist.org/observations/273439817,https://static.inaturalist.org/photos/491793215/medium.jpeg,,"",,1,0,false,2,"98057 Milazzo ME, Italia",38.1837598766,15.2528187633,4,,,,4,,,false,gps,gps,Italy,Diamondback Moth,Plutella xylostella,Diamondback Moth,Insecta,126765
273698493,a73c08b1-2b83-4339-a2a7-7f2802e1fd39,2025-04-26 11:34:26+02:00,2025-04-26,2025-04-26 09:34:26 UTC,Rome,1446055,roberto_costantino,,2025-04-26 09:39:40 UTC,2025-04-26 09:39:58 UTC,needs_id,CC-BY-NC,https://www.inaturalist.org/observations/273698493,https://inaturalist-open-data.s3.amazonaws.com/photos/492207007/medium.jpg,,"","",0,0,false,3,"Parco Gustavo Colonnetti, Torino, Piemonte, IT",45.0138001291,7.6484209273,9,,,,9,,,false,,,Italy,"",Plutella xylostella,Diamondback Moth,Insecta,126765
273768196,b1e1f30b-995b-4e08-970b-0bd416147f7e,2025-04-26 14:25:00,2025-04-26,2025-04-26 12:25:00 UTC,Rome,46756,daniomiserocchi,Danio Miserocchi,2025-04-26 12:25:22 UTC,2025-04-26 12:25:28 UTC,needs_id,CC-BY-NC,https://www.inaturalist.org/observations/273768196,https://inaturalist-open-data.s3.amazonaws.com/photos/492308942/medium.jpeg,,"",,0,0,false,2,"Bastia Via Petrosa 507, 48125 Bastia-borgo Pasna RA, Italia",44.2663820697,12.1664863452,143,,,,143,,,false,gps,gps,Italy,Tignola delle crucifere,Plutella xylostella,Diamondback Moth,Insecta,126765
273801142,b010910f-2a3e-448d-9134-5b81370eeeca,2025-04-26 15:15:50,2025-04-26,2025-04-26 13:15:50 UTC,Rome,9132963,fracorvi,,2025-04-26 13:18:49 UTC,2025-04-26 13:19:21 UTC,needs_id,CC-BY-NC,https://www.inaturalist.org/observations/273801142,https://inaturalist-open-data.s3.amazonaws.com/photos/492356977/medium.jpeg,,"",,0,0,false,2,"22066 Mariano Comense CO, Italia",45.69235221,9.15862811,8,,,,8,,,false,,,Italy,Tignola delle crucifere,Plutella xylostella,Diamondback Moth,Insecta,126765
273955243,104bc94c-33f9-4053-a602-8d0fabbffb4c,2025/04/26 1:37 PM,2025-04-26,2025-04-26 11:37:00 UTC,Rome,5319585,alessandro_girodo,Alessandro Girodo,2025-04-26 16:56:47 UTC,2025-05-23 05:09:30 UTC,research,CC-BY-NC-SA,https://www.inaturalist.org/observations/273955243,https://static.inaturalist.org/photos/492581379/medium.jpg,,"",,1,0,false,,"Metropolitan City of Turin, Italy",44.9683053317,7.5764217324,122,,,,122,,,false,,,Italy,Plutella xylostella,Plutella xylostella,Diamondback Moth,Insecta,126765
274140545,ae79e539-733d-4670-96a7-1315e26e8364,2025-04-26 22:13:19,2025-04-26,2025-04-26 20:13:19 UTC,Rome,437886,ilaguj,Ilaria Guj,2025-04-26 21:01:51 UTC,2025-04-30 16:24:29 UTC,research,CC-BY-NC,https://www.inaturalist.org/observations/274140545,https://static.inaturalist.org/photos/492890149/medium.jpeg,,"",,1,0,false,2,"00020 Jenne RM, Italia",41.8917416667,13.1770833333,,,,,,,,false,gps,gps,Italy,Tignola delle crucifere,Plutella xylostella,Diamondback Moth,Insecta,126765
274200171,52747632-2aa1-48e6-8f56-d820a70ba1bb,2025-04-26 20:43:41,2025-04-26,2025-04-26 18:43:41 UTC,Rome,2514105,diegoreggianti,"",2025-04-26 22:29:58 UTC,2025-04-27 15:26:41 UTC,research,CC-BY-NC,https://www.inaturalist.org/observations/274200171,https://inaturalist-open-data.s3.amazonaws.com/photos/492987667/medium.jpeg,,"",,1,0,false,2,"00042 Anzio RM, Italia",41.4907599112,12.5988125056,85,,,,85,,,false,gps,gps,Italy,Plutella xylostella,Plutella xylostella,Diamondback Moth,Insecta,126765
274201433,16819d35-669b-43bd-bd07-2914912c0964,2025-04-26 20:42:08,2025-04-26,2025-04-26 18:42:08 UTC,Rome,2514105,diegoreggianti,"",2025-04-26 22:31:52 UTC,2025-04-29 12:05:44 UTC,research,CC-BY-NC,https://www.inaturalist.org/observations/274201433,https://inaturalist-open-data.s3.amazonaws.com/photos/492989663/medium.jpeg,,"",,2,0,false,2,"00042 Anzio RM, Italia",41.4907599112,12.5988125056,85,,,,85,,,false,gps,gps,Italy,Plutella xylostella,Plutella xylostella,Diamondback Moth,Insecta,126765
274784500,6314b025-9bc1-4f91-8752-80068335eb2b,2025/04/27 16:02,2025-04-27,2025-04-27 14:02:00 UTC,Rome,419068,theworldofpaolo,Paolo Zucca,2025-04-27 16:09:54 UTC,2025-04-27 16:09:54 UTC,needs_id,CC-BY,https://www.inaturalist.org/observations/274784500,https://inaturalist-open-data.s3.amazonaws.com/photos/493906146/medium.png,,"",,0,0,false,,"Via Sessanta, 25021 Bagnolo Mella BS, Italia",45.443054,10.2133636,910,,,,910,,,false,,,Italy,Tignola Delle Crucifere,Plutella xylostella,Diamondback Moth,Insecta,126765
274957979,f992b466-e624-4d52-898c-e2c81081b6d8,2025/04/26 14:40,2025-04-26,2025-04-26 12:40:00 UTC,Rome,355255,evangmm,Matteo Martini,2025-04-27 19:32:20 UTC,2025-04-27 19:37:47 UTC,research,CC-BY,https://www.inaturalist.org/observations/274957979,https://inaturalist-open-data.s3.amazonaws.com/photos/494172592/medium.jpg,,"",,1,0,false,,"Provincia autonoma di Trento, Italia",46.243805,11.05916,,,,,,,,false,,,Italy,Tignola delle crucifere,Plutella xylostella,Diamondback Moth,Insecta,126765
275466672,3a192ac4-36f6-458c-8eb6-bc6bfbc08e2a,2025/04/18 00:46,2025-04-18,2025-04-17 22:46:00 UTC,Rome,2697617,rinoiubatti,Rino,2025-04-28 08:49:43 UTC,2025-05-23 05:09:15 UTC,research,CC-BY-NC,https://www.inaturalist.org/observations/275466672,https://inaturalist-open-data.s3.amazonaws.com/photos/494990371/medium.jpg,,"","",1,0,false,,"Provincia di Chieti, Italia",42.207275,14.5420966667,,,,,,,,false,,,Italy,Tignola delle crucifere,Plutella xylostella,Diamondback Moth,Insecta,126765
275766471,e9af9c8a-a674-421f-93af-6d237d525f38,2025/04/26 15:31,2025-04-26,2025-04-26 13:31:00 UTC,Rome,7780152,pietro_melandri_birding,Pietro Melandri,2025-04-28 15:37:12 UTC,2025-04-28 20:03:59 UTC,research,CC0,https://www.inaturalist.org/observations/275766471,https://static.inaturalist.org/photos/495407727/medium.jpeg,,"","",2,0,false,,"Provincia di Forlì-Cesena, Italia",43.9996304238,12.2676552734,781,,,,781,,,false,,,Italy,Tignola delle crucifere,Plutella xylostella,Diamondback Moth,Insecta,126765
275773913,b680d33b-cc37-4c7b-9301-41eeffbabf60,2025-04-28 17:26:17,2025-04-28,2025-04-28 15:26:17 UTC,Rome,3654504,gretanero,"",2025-04-28 15:44:01 UTC,2025-05-23 05:09:10 UTC,research,CC-BY-NC,https://www.inaturalist.org/observations/275773913,https://inaturalist-open-data.s3.amazonaws.com/photos/495428282/medium.jpeg,,"",,1,0,false,2,"00195 Roma RM, Italia",41.9193115233,12.4596557617,,,,,,,,false,gps,gps,Italy,Tignola delle crucifere,Plutella xylostella,Diamondback Moth,Insecta,126765
275859157,1b2539c9-f4bc-44f8-9c0e-1b2d705f6a1e,2025-04-28 16:23:49,2025-04-28,2025-04-28 14:23:49 UTC,Rome,3004475,associazioneexodomus,Associazione ExoDomus,2025-04-28 17:13:55 UTC,2025-04-28 17:14:03 UTC,needs_id,,https://www.inaturalist.org/observations/275859157,https://static.inaturalist.org/photos/495549603/medium.jpeg,,"",,0,0,false,2,"Stazione Lingotto, 10127 Torino TO, Italia",45.026125,7.6562168,,,,,,,,false,gps,gps,Italy,Tignola delle crucifere,Plutella xylostella,Diamondback Moth,Insecta,126765
276012892,d75fd1ae-d115-43c1-a468-9cec724af183,2025-04-27 21:09:34,2025-04-27,2025-04-27 19:09:34 UTC,Rome,6530226,valerioviglioglia,Valerio Viglioglia,2025-04-28 20:02:00 UTC,2025-04-28 20:02:11 UTC,needs_id,CC-BY-NC,https://www.inaturalist.org/observations/276012892,https://inaturalist-open-data.s3.amazonaws.com/photos/495778368/medium.jpeg,,"",,0,0,false,2,"00040 Rocca di Papa RM, Italia",41.7600921082,12.7958127111,7,,,,7,,,false,gps,gps,Italy,Tignola delle crucifere,Plutella xylostella,Diamondback Moth,Insecta,126765
276172282,6a7f5d5a-3423-4d8e-9556-bd9abf33bdbc,2025-04-27 02:19:00,2025-04-27,2025-04-27 00:19:00 UTC,Rome,970374,giuseppe_michelangelo,Giuseppe Michelangelo Pirri,2025-04-28 23:01:40 UTC,2025-05-04 15:58:30 UTC,research,,https://www.inaturalist.org/observations/276172282,https://static.inaturalist.org/photos/496020648/medium.jpeg,,"",,1,0,false,2,"98057 Milazzo ME, Italia",38.1817261269,15.2572276443,4,,,,4,,,false,gps,gps,Italy,Diamondback Moth,Plutella xylostella,Diamondback Moth,Insecta,126765
276793997,fc2c765f-e0ab-4039-a212-ebf55546a228,2025/04/28 21:35,2025-04-28,2025-04-28 19:35:00 UTC,Rome,2514105,diegoreggianti,"",2025-04-29 22:47:01 UTC,2025-04-30 18:46:59 UTC,research,CC-BY-NC,https://www.inaturalist.org/observations/276793997,https://inaturalist-open-data.s3.amazonaws.com/photos/496975524/medium.jpeg,,"",,1,0,false,,"Città metropolitana di Roma Capitale, Italia",41.9595816667,12.0520516667,,,,,,,,false,,,Italy,Plutella xylostella,Plutella xylostella,Diamondback Moth,Insecta,126765
277105264,74ac31e4-d927-4daf-a633-d46196fd58e0,2025/04/28 21:20,2025-04-28,2025-04-28 19:20:00 UTC,Rome,1482324,ranierop,Raniero Panfili,2025-04-30 18:59:44 UTC,2025-05-20 20:01:39 UTC,research,,https://www.inaturalist.org/observations/277105264,https://static.inaturalist.org/photos/497577872/medium.jpeg,,"",,1,0,false,,"Palude di Torre Flavia, Ladispoli, RM, Italia",41.9592673573,12.0519171808,11,,,,11,,,false,,,Italy,Tignola delle crucifere,Plutella xylostella,Diamondback Moth,Insecta,126765
277285490,2b259c56-e96e-4518-a273-6498104b4551,2025-05-01 09:03:19,2025-05-01,2025-05-01 07:03:19 UTC,Rome,8322909,rbhitchman,Richard Hitchman,2025-05-01 07:12:36 UTC,2025-05-02 07:14:46 UTC,research,CC-BY-NC,https://www.inaturalist.org/observations/277285490,https://inaturalist-open-data.s3.amazonaws.com/photos/497904742/medium.jpeg,,"",,1,0,false,2,"28845 Domodossola, Province of Verbano-Cusio-Ossola, Italy",46.1114424,8.2912282,,,,,,,,false,gps,gps,Italy,Diamondback Moth,Plutella xylostella,Diamondback Moth,Insecta,126765
277703031,bf4d4752-a1a6-482f-a10b-65b447ef1f7b,2025/04/28 21:38,2025-04-28,2025-04-28 19:38:00 UTC,Rome,208284,mazzeip,Paolo Mazzei,2025-05-02 13:01:57 UTC,2025-05-03 06:21:08 UTC,research,CC-BY-NC,https://www.inaturalist.org/observations/277703031,https://inaturalist-open-data.s3.amazonaws.com/photos/498632453/medium.jpg,,"",,2,0,false,,"Torre Flavia, Ladispoli, Roma, Italia",41.9590271067,12.0515007516,9,,,,9,,,false,,,Italy,Plutella xylostella,Plutella xylostella,Diamondback Moth,Insecta,126765
278420708,c8f574da-f074-49c3-8171-b54c2330cdd6,2025-05-04 17:12:17,2025-05-04,2025-05-04 15:12:17 UTC,Rome,2456442,stefano209,Stefano Lazzaretti,2025-05-04 15:16:10 UTC,2025-05-04 16:00:48 UTC,research,CC-BY,https://www.inaturalist.org/observations/278420708,https://inaturalist-open-data.s3.amazonaws.com/photos/499924132/medium.jpeg,,"",,1,0,false,2,"88055 Taverna CZ, Italia",39.1014972222,16.5298638889,,,,,,,,false,gps,gps,Italy,Tignola delle crucifere,Plutella xylostella,Diamondback Moth,Insecta,126765
278713033,48b88037-9552-4c93-a6af-84c24d4bb475,2025-05-05 09:38:55,2025-05-05,2025-05-05 07:38:55 UTC,Rome,1591925,gabriele_lagrasta,Gabriele La Grasta,2025-05-05 11:59:02 UTC,2025-05-05 11:59:06 UTC,needs_id,CC-BY-NC,https://www.inaturalist.org/observations/278713033,https://inaturalist-open-data.s3.amazonaws.com/photos/500460900/medium.jpeg,,"",,0,0,false,2,"87036 Rende CS, Italia",39.3674499722,16.2279659722,,,,,,,,false,gps,gps,Italy,Tignola delle crucifere,Plutella xylostella,Diamondback Moth,Insecta,126765
279002367,4cfd7a19-d05e-4a81-a51a-477a36629989,2025-05-06 15:14:18,2025-05-06,2025-05-06 13:14:18 UTC,Rome,8637577,giovannacantoia,Giovanna Cantoia,2025-05-06 16:22:32 UTC,2025-05-06 16:22:38 UTC,needs_id,CC-BY-NC,https://www.inaturalist.org/observations/279002367,https://inaturalist-open-data.s3.amazonaws.com/photos/500990202/medium.jpeg,,"",,0,0,false,2,"28010 Fontaneto d'Agogna NO, Italia",45.6314048611,8.4488649167,,,,,,,,false,gps,gps,Italy,Tignola delle crucifere,Plutella xylostella,Diamondback Moth,Insecta,126765
279182616,2339026d-6abc-4891-b99b-432691763d5d,2025-05-07 11:37:33,2025-05-07,2025-05-07 09:37:33 UTC,Rome,8345115,matteo_alvise,Matteo Alvise Fusaro,2025-05-07 09:52:31 UTC,2025-05-07 14:50:19 UTC,research,CC-BY,https://www.inaturalist.org/observations/279182616,https://inaturalist-open-data.s3.amazonaws.com/photos/501323296/medium.jpeg,,"",,1,0,false,2,"Murano, 30141 Venezia VE, Italia",45.4545208997,12.3538472997,,,,,,,,false,gps,gps,Italy,Tignola delle crucifere,Plutella xylostella,Diamondback Moth,Insecta,126765
279256575,6f1408cb-a95f-471e-9a3d-55e7b6cad2ea,2025-05-07 18:32:14,2025-05-07,2025-05-07 16:32:14 UTC,Rome,8322909,rbhitchman,Richard Hitchman,2025-05-07 16:34:11 UTC,2025-05-23 05:09:04 UTC,research,CC-BY-NC,https://www.inaturalist.org/observations/279256575,https://inaturalist-open-data.s3.amazonaws.com/photos/501713689/medium.jpeg,,"",,1,0,false,2,"28845 Domodossola, Province of Verbano-Cusio-Ossola, Italy",46.1116485,8.2916101997,,,,,,,,false,gps,gps,Italy,Diamondback Moth,Plutella xylostella,Diamondback Moth,Insecta,126765
279479723,7ba15b56-aafa-4058-b7c2-0cbc88986071,2025-05-08 17:15:45,2025-05-08,2025-05-08 15:15:45 UTC,Rome,3278655,achine,Gianfranco CARIGNANO,2025-05-08 15:18:59 UTC,2025-06-07 08:43:13 UTC,research,CC-BY-NC,https://www.inaturalist.org/observations/279479723,https://inaturalist-open-data.s3.amazonaws.com/photos/501870964/medium.jpeg,,"",,2,0,false,2,"10098 Rivoli TO, Italia",45.0704545688,7.5198720396,3839,,,,3839,,,false,gps,gps,Italy,Tignola delle crucifere,Plutella xylostella,Diamondback Moth,Insecta,126765
279548286,b3ea1bf0-12ed-4c8d-8f71-f58f2f24aed9,2025-05-08 12:40:18,2025-05-08,2025-05-08 10:40:18 UTC,Rome,5406768,annemarie163,Annemarie Elzenbaumer,2025-05-08 20:24:46 UTC,2025-05-09 17:19:44 UTC,research,,https://www.inaturalist.org/observations/279548286,https://static.inaturalist.org/photos/501998539/medium.jpeg,,"",,1,0,false,2,"39031 Bruneck, Autonome Provinz Bozen - Südtirol, Italien",46.7817825942,11.938322559,32,,,,32,,,false,,,Italy,Diamondback Moth,Plutella xylostella,Diamondback Moth,Insecta,126765
280224647,d98db5b5-aba8-48b1-96fb-2689bdffeee0,2025-05-11 13:44:51,2025-05-11,2025-05-11 11:44:51 UTC,Rome,3318725,giovannifontana,Giovanni Fontana,2025-05-11 13:50:47 UTC,2025-05-12 12:21:51 UTC,research,,https://www.inaturalist.org/observations/280224647,https://static.inaturalist.org/photos/503275100/medium.jpeg,,"",,1,0,false,2,Provincia di Lecco,45.9380253233,9.3857289478,27286,,,,27286,,,false,gps,gps,Italy,Diamondback Moth,Plutella xylostella,Diamondback Moth,Insecta,126765
281766009,f75ce64d-d256-4d47-9551-8c00d75141fb,2025-05-17 16:23:40,2025-05-17,2025-05-17 14:23:40 UTC,Rome,9299573,ihernandezper,,2025-05-17 14:26:02 UTC,2025-05-17 14:28:16 UTC,needs_id,CC-BY-NC,https://www.inaturalist.org/observations/281766009,https://inaturalist-open-data.s3.amazonaws.com/photos/506183162/medium.jpg,,"",,0,0,false,2,"Milano, Lombardia, IT",45.4490318056,9.1671123333,,,,,,,,false,gps,gps,Italy,Palomilla dorso de diamante,Plutella xylostella,Diamondback Moth,Insecta,126765
281990325,bfb41237-f659-4a68-917e-7f6348b9143e,2025-05-17 23:11:01,2025-05-17,2025-05-17 21:11:01 UTC,Rome,1522604,lvdr,"",2025-05-18 06:22:30 UTC,2025-05-18 06:22:56 UTC,needs_id,CC-BY-NC,https://www.inaturalist.org/observations/281990325,https://inaturalist-open-data.s3.amazonaws.com/photos/506599099/medium.jpg,,"",,0,0,false,2,"Peseggia Vittorio Veneto, 30030 Peseggia VE, Italia",45.5625989423,12.1871370077,4,,,,4,,,false,gps,gps,Italy,Plutella xylostella,Plutella xylostella,Diamondback Moth,Insecta,126765
282019208,3446cbfb-179e-4e8b-a241-5985baa0d89a,2025-05-02 18:34:53,2025-05-02,2025-05-02 16:34:53 UTC,Rome,9309638,faoost,Fausto Fortuna,2025-05-18 10:10:34 UTC,2025-05-18 10:10:40 UTC,needs_id,,https://www.inaturalist.org/observations/282019208,https://static.inaturalist.org/photos/506653737/medium.jpg,,"",,0,0,false,2,"35040 Casale di Scodosia PD, Italia",45.1860972222,11.4687305556,,,,,,,,false,gps,gps,Italy,Tignola delle crucifere,Plutella xylostella,Diamondback Moth,Insecta,126765
282095567,3b7e7ee0-57d3-4993-99b9-5851e876e736,2025/05/17 16:01,2025-05-17,2025-05-17 14:01:00 UTC,Rome,355255,evangmm,Matteo Martini,2025-05-18 15:43:41 UTC,2025-05-18 15:43:41 UTC,needs_id,CC-BY,https://www.inaturalist.org/observations/282095567,https://inaturalist-open-data.s3.amazonaws.com/photos/506788585/medium.jpg,,"",,0,0,false,,"Provincia autonoma di Bolzano - Alto Adige, Italia",46.5891583333,11.1888033333,,,,,,,,false,,,Italy,Plutella xylostella,Plutella xylostella,Diamondback Moth,Insecta,126765
282588139,043a282e-1b45-4a12-8821-b5c995995541,2025-05-20 06:35:34,2025-05-20,2025-05-20 04:35:34 UTC,Rome,8322909,rbhitchman,Richard Hitchman,2025-05-20 09:10:40 UTC,2025-05-20 09:10:46 UTC,needs_id,CC-BY-NC,https://www.inaturalist.org/observations/282588139,https://inaturalist-open-data.s3.amazonaws.com/photos/507716863/medium.jpg,,"",,0,0,false,2,"28845 Domodossola, Province of Verbano-Cusio-Ossola, Italy",46.1114667,8.2914650997,,,,,,,,false,gps,gps,Italy,Diamondback Moth,Plutella xylostella,Diamondback Moth,Insecta,126765
282588505,ad04c92b-c994-4986-987b-ceceb7168718,2025-05-20 11:03:07,2025-05-20,2025-05-20 09:03:07 UTC,Rome,8322909,rbhitchman,Richard Hitchman,2025-05-20 09:13:29 UTC,2025-05-23 05:08:32 UTC,research,CC-BY-NC,https://www.inaturalist.org/observations/282588505,https://inaturalist-open-data.s3.amazonaws.com/photos/507717509/medium.jpg,,"",,1,0,false,2,"28845 Domodossola, Province of Verbano-Cusio-Ossola, Italy",46.1115747997,8.2914776,,,,,,,,false,gps,gps,Italy,Diamondback Moth,Plutella xylostella,Diamondback Moth,Insecta,126765
282588770,2579c89b-3b02-4ace-b58e-fe5b13bd3e54,2025-05-20 11:01:21,2025-05-20,2025-05-20 09:01:21 UTC,Rome,8322909,rbhitchman,Richard Hitchman,2025-05-20 09:15:31 UTC,2025-05-23 05:08:34 UTC,research,CC-BY-NC,https://www.inaturalist.org/observations/282588770,https://inaturalist-open-data.s3.amazonaws.com/photos/507717956/medium.jpg,,"",,1,0,false,2,"28845 Domodossola, Province of Verbano-Cusio-Ossola, Italy",46.1116183997,8.2914446997,,,,,,,,false,gps,gps,Italy,Diamondback Moth,Plutella xylostella,Diamondback Moth,Insecta,126765
282749168,4ec95268-b171-4e9d-ab80-fe90361a89c5,2025-05-20 23:37:11,2025-05-20,2025-05-20 21:37:11 UTC,Rome,5554327,federico_biguzzi,Federico Biguzzi,2025-05-20 22:32:03 UTC,2025-05-20 22:32:14 UTC,needs_id,CC-BY-NC,https://www.inaturalist.org/observations/282749168,https://inaturalist-open-data.s3.amazonaws.com/photos/508013926/medium.jpg,,"",,0,0,false,2,"Forli' - Cesena, Emilia-Romagna, IT",44.1780760148,12.3405791447,20,,,,20,,,false,gps,gps,Italy,Tignola delle crucifere,Plutella xylostella,Diamondback Moth,Insecta,126765
283358640,acd94184-adc6-4b64-a93c-73b0c6c5e60f,2025/05/03 11:16,2025-05-03,2025-05-03 09:16:00 UTC,Rome,8706191,bonardicarlo,Bonardi Carlo,2025-05-23 12:36:58 UTC,2025-06-06 16:03:46 UTC,research,CC-BY-NC,https://www.inaturalist.org/observations/283358640,https://inaturalist-open-data.s3.amazonaws.com/photos/509148381/medium.jpg,,"",,2,0,false,,"Provincia del Verbano-Cusio-Ossola, Italia",45.9851841108,8.1581532956,4,,,,4,,,false,,,Italy,Tignola delle crucifere,Plutella xylostella,Diamondback Moth,Insecta,126765
283583656,1bfeed1f-03a2-4f08-8520-252bc93b9327,2025/05/23 13:50,2025-05-23,2025-05-23 11:50:00 UTC,Rome,6917853,vincenzo1960,Vincenzo Severgnini,2025-05-24 10:14:38 UTC,2025-06-02 01:56:29 UTC,research,CC-BY-NC,https://www.inaturalist.org/observations/283583656,https://inaturalist-open-data.s3.amazonaws.com/photos/509577122/medium.jpg,,"",,1,0,false,,"Provincia di Cremona, Italia",45.3603432476,9.6543219254,15,,,,15,,,false,,,Italy,Tignola delle crucifere,Plutella xylostella,Diamondback Moth,Insecta,126765
283761151,2ee532ef-ff98-4c2f-b2e6-b8a81fd24916,2025/05/22 19:57,2025-05-22,2025-05-22 17:57:00 UTC,Rome,4855506,mcsr,Cesare Sandri,2025-05-24 21:36:16 UTC,2025-05-24 21:36:16 UTC,needs_id,CC-BY-NC,https://www.inaturalist.org/observations/283761151,https://inaturalist-open-data.s3.amazonaws.com/photos/509886250/medium.jpg,,"",,0,0,false,,"56124 Pisa PI, Italia",43.7178719944,10.4200766394,14,,,,14,,,false,,,Italy,Tignola Delle Crucifere,Plutella xylostella,Diamondback Moth,Insecta,126765
284577011,3e9d9c61-6abe-4043-8424-7beb6dbe2de9,2025/05/27 11:22,2025-05-27,2025-05-27 09:22:00 UTC,Rome,3495159,giorgio_aimassi,,2025-05-27 16:01:00 UTC,2025-05-31 20:16:39 UTC,research,CC-BY-NC,https://www.inaturalist.org/observations/284577011,https://inaturalist-open-data.s3.amazonaws.com/photos/511448020/medium.jpg,,"",,1,0,false,,"Crevacuore BI, Italy",45.6848803272,8.2437250402,561,,,,561,,,false,,,Italy,Tignola delle crucifere,Plutella xylostella,Diamondback Moth,Insecta,126765
284639996,a3c5f15f-d1a5-4935-b3aa-d48cf442903d,2025-05-27 21:58:16,2025-05-27,2025-05-27 19:58:16 UTC,Rome,2933515,daniel2090,Daniel Dreosso,2025-05-27 20:05:09 UTC,2025-05-28 09:47:27 UTC,research,,https://www.inaturalist.org/observations/284639996,https://static.inaturalist.org/photos/511566338/medium.jpg,,"",,1,0,false,2,"33057 Palmanova UD, Italia",45.9074967,13.3075387997,,,,,,,,false,gps,gps,Italy,Tignola delle crucifere,Plutella xylostella,Diamondback Moth,Insecta,126765
284909265,d072933c-7e41-4c03-9a66-af83d5d996d7,2025-05-28 22:56:21,2025-05-28,2025-05-28 20:56:21 UTC,Rome,392309,bac_77,Marco Crivellari,2025-05-28 21:06:12 UTC,2025-05-28 22:49:03 UTC,research,CC-BY-NC,https://www.inaturalist.org/observations/284909265,https://inaturalist-open-data.s3.amazonaws.com/photos/512072004/medium.jpg,,"",,1,0,false,2,"44026 Mesola FE, Italia",44.8571166667,12.2480416667,,,,,,,,false,gps,gps,Italy,Diamondback Moth,Plutella xylostella,Diamondback Moth,Insecta,126765
285338071,9304bf7d-1741-4e53-9cc4-9ac5f326551b,2025-05-30 16:08:23,2025-05-30,2025-05-30 14:08:23 UTC,Rome,4637505,filippo_ceragioli,Filippo Ceragioli,2025-05-30 14:11:21 UTC,2025-07-20 18:54:44 UTC,research,CC-BY,https://www.inaturalist.org/observations/285338071,https://inaturalist-open-data.s3.amazonaws.com/photos/512876859/medium.jpg,,"",,1,0,false,2,"10127 Torino TO, Italia",45.0244674444,7.6630868889,,,,,,,,false,gps,gps,Italy,Diamondback Moth,Plutella xylostella,Diamondback Moth,Insecta,126765
285446392,db18ff7a-be09-481e-a43e-9cea49f893eb,2025-05-30 22:43:19,2025-05-30,2025-05-30 20:43:19 UTC,Rome,5452720,katia_bettiol,"",2025-05-30 21:21:55 UTC,2025-06-02 16:03:05 UTC,research,CC-BY-NC,https://www.inaturalist.org/observations/285446392,https://inaturalist-open-data.s3.amazonaws.com/photos/513073366/medium.jpg,,"",,1,0,false,2,"31040 Cusignana TV, Italia",45.7830898821,12.1940886229,8,,,,8,,,false,,,Italy,Tignola delle crucifere,Plutella xylostella,Diamondback Moth,Insecta,126765
285695869,57cad1a2-5e00-4970-bdba-293286e45a1f,2025-05-30 22:18:30,2025-05-30,2025-05-30 20:18:30 UTC,Rome,149386,lucio_bonato,Lucio Bonato,2025-05-31 18:01:58 UTC,2025-06-02 01:55:21 UTC,research,,https://www.inaturalist.org/observations/285695869,https://inaturalist-open-data.s3.amazonaws.com/photos/513531407/medium.jpg,,"",,1,0,false,2,"31040 Cusignana TV, Italy",45.7830299344,12.1940699313,8,,,,8,,,false,,,Italy,Plutella xylostella,Plutella xylostella,Diamondback Moth,Insecta,126765
285856567,1eeb4377-75f2-4ff2-9e9e-fdd5d6041506,2025-05-31 20:54:22,2025-05-31,2025-05-31 18:54:22 UTC,Rome,2514105,diegoreggianti,"",2025-06-01 05:25:05 UTC,2025-06-01 21:45:51 UTC,research,CC-BY-NC,https://www.inaturalist.org/observations/285856567,https://inaturalist-open-data.s3.amazonaws.com/photos/513840838/medium.jpg,,"",,1,0,false,2,"00042 Anzio RM, Italia",41.4907599112,12.5988125056,85,,,,85,,,false,gps,gps,Italy,Plutella xylostella,Plutella xylostella,Diamondback Moth,Insecta,126765
286295802,5071d0fb-3160-4470-a4ca-824213a7c2f2,2025-06-01 23:25:27,2025-06-01,2025-06-01 21:25:27 UTC,Rome,2514105,diegoreggianti,"",2025-06-02 15:40:35 UTC,2025-06-06 15:45:16 UTC,research,CC-BY-NC,https://www.inaturalist.org/observations/286295802,https://inaturalist-open-data.s3.amazonaws.com/photos/514688533/medium.jpg,,"",,2,0,false,2,"00042 Anzio RM, Italia",41.4907599112,12.5988125056,85,,,,85,,,false,gps,gps,Italy,Plutella xylostella,Plutella xylostella,Diamondback Moth,Insecta,126765
286303955,18cea1f2-d3f5-41b0-8fcd-e439c6e6aa18,2025-06-01 23:22:09,2025-06-01,2025-06-01 21:22:09 UTC,Rome,2514105,diegoreggianti,"",2025-06-02 16:10:57 UTC,2025-06-06 15:44:33 UTC,research,CC-BY-NC,https://www.inaturalist.org/observations/286303955,https://inaturalist-open-data.s3.amazonaws.com/photos/514690269/medium.jpg,,"",,2,0,false,2,"00042 Anzio RM, Italia",41.4907599112,12.5988125056,85,,,,85,,,false,gps,gps,Italy,Plutella xylostella,Plutella xylostella,Diamondback Moth,Insecta,126765
286465050,30b8f0e8-0aaa-4220-b829-ba5454db993e,2025-06-02 06:05:32,2025-06-02,2025-06-02 04:05:32 UTC,Rome,8322909,rbhitchman,Richard Hitchman,2025-06-03 04:44:36 UTC,2025-07-01 11:15:53 UTC,research,CC-BY-NC,https://www.inaturalist.org/observations/286465050,https://inaturalist-open-data.s3.amazonaws.com/photos/514997289/medium.jpg,,"",,1,0,false,2,"28845 Domodossola, Province of Verbano-Cusio-Ossola, Italy",46.1116128997,8.2914098997,,,,,,,,false,gps,gps,Italy,Diamondback Moth,Plutella xylostella,Diamondback Moth,Insecta,126765
286736223,bd0e41a4-b9c9-4373-a3ab-964763bd2289,2025/06/03 ,2025-06-03,,Rome,6393155,brunoparisotto,,2025-06-04 07:08:20 UTC,2025-06-04 07:08:42 UTC,needs_id,CC-BY-NC,https://www.inaturalist.org/observations/286736223,https://inaturalist-open-data.s3.amazonaws.com/photos/515515795/medium.jpg,,"",Plutella xylostella (Tignola delle Crucifere)-Arthropoda-Hexapoda-Insecta-Pterygota-Lepidoptera (Falene)-Yponomeutoidea-Plutellidae-Plutella (DA),0,0,false,,"58100 Grosseto GR, Italia",42.7755283376,11.0938239713,557,,,,557,,,false,,,Italy,Tignola Delle Crucifere,Plutella xylostella,Diamondback Moth,Insecta,126765
286741249,c7716f61-739b-4a4b-b44d-e6ba29401472,2025/05/23 19:47,2025-05-23,2025-05-23 17:47:00 UTC,Rome,7608477,uwe_kaempf_karwendel,,2025-06-04 07:53:19 UTC,2025-06-05 17:54:56 UTC,research,CC-BY-NC,https://www.inaturalist.org/observations/286741249,https://inaturalist-open-data.s3.amazonaws.com/photos/515523014/medium.jpg,,"",,1,0,false,,"Siena, Toscana, IT",43.1253787661,11.7483963693,4,,,,4,,,false,,,Italy,Kohlschabe,Plutella xylostella,Diamondback Moth,Insecta,126765
287123158,a1a28b8c-089f-4dab-81ee-c8228f2090e9,2025-05-31 22:44:00,2025-05-31,2025-05-31 20:44:00 UTC,Rome,5452720,katia_bettiol,"",2025-06-05 19:24:29 UTC,2025-06-06 15:29:29 UTC,research,CC-BY-NC,https://www.inaturalist.org/observations/287123158,https://inaturalist-open-data.s3.amazonaws.com/photos/516241674/medium.jpg,,"",,1,0,false,2,"31040 Giavera del Montello TV, Italia",45.7832049183,12.1905471012,7,,,,7,,,false,,,Italy,Tignola delle crucifere,Plutella xylostella,Diamondback Moth,Insecta,126765
287703490,7197022a-bd9a-423d-aea3-9210de95fc9e,2025-06-07 21:38:45,2025-06-07,2025-06-07 19:38:45 UTC,Rome,149386,lucio_bonato,Lucio Bonato,2025-06-07 21:33:20 UTC,2025-07-06 09:19:30 UTC,research,,https://www.inaturalist.org/observations/287703490,https://inaturalist-open-data.s3.amazonaws.com/photos/517321953/medium.jpg,,"",,1,0,false,2,"31040 Cusignana TV, Italy",45.7831396954,12.1938630659,12,,,,12,,,false,,,Italy,Plutella xylostella,Plutella xylostella,Diamondback Moth,Insecta,126765
288202884,fee7e8d9-6c7c-4343-baeb-de44911bec29,2025/06/08,2025-06-08,,Rome,1106349,amzamz,Andreas Manz,2025-06-09 14:25:33 UTC,2025-06-09 21:44:20 UTC,research,CC-BY-NC,https://www.inaturalist.org/observations/288202884,https://inaturalist-open-data.s3.amazonaws.com/photos/518225173/medium.jpg,,"LepiLED mini, 2x4W, Mischlicht, 160W",,1,0,false,,"Pietraperzia, Enna, Italien",37.417368927,14.1926701886,123,,,,123,,,false,,,Italy,Kohlschabe,Plutella xylostella,Diamondback Moth,Insecta,126765
288399418,43d7c3c7-10bb-4159-ac11-c7fe582704cc,2025-06-10 08:10:45,2025-06-10,2025-06-10 06:10:45 UTC,Rome,8322909,rbhitchman,Richard Hitchman,2025-06-10 06:19:31 UTC,2025-06-10 06:19:51 UTC,needs_id,CC-BY-NC,https://www.inaturalist.org/observations/288399418,https://inaturalist-open-data.s3.amazonaws.com/photos/518643870/medium.jpg,,"",,0,0,false,2,"28845 Domodossola, Province of Verbano-Cusio-Ossola, Italy",46.1116365997,8.2914265,,,,,,,,false,gps,gps,Italy,Diamondback Moth,Plutella xylostella,Diamondback Moth,Insecta,126765
288510730,bfe1e378-db1e-42b9-9951-226ba65e284e,2025/06/07 9:33 AM,2025-06-07,2025-06-07 07:33:00 UTC,Rome,2385296,massiverameux,Maxime VASSEUR,2025-06-10 17:03:54 UTC,2025-07-01 10:36:26 UTC,research,CC-BY-NC,https://www.inaturalist.org/observations/288510730,https://inaturalist-open-data.s3.amazonaws.com/photos/518816539/medium.jpg,,"","",1,0,false,,"Province of Cuneo, Italy",44.4733233333,6.93644,,,,,,,,false,,,Italy,Diamondback Moth,Plutella xylostella,Diamondback Moth,Insecta,126765
288759003,a42b504d-05bb-44db-a28c-83bd3e11001e,2025-06-04 06:37:27,2025-06-04,2025-06-04 04:37:27 UTC,Rome,1641060,russhedley,Russ Hedley,2025-06-11 15:50:11 UTC,2025-06-11 16:52:36 UTC,research,CC-BY-NC,https://www.inaturalist.org/observations/288759003,https://inaturalist-open-data.s3.amazonaws.com/photos/519317925/medium.jpg,,"",,1,0,false,2,"90037 Piana degli Albanesi, PA, Italy",37.9481851,13.3509264997,,,,,,,,false,gps,gps,Italy,Diamondback Moth,Plutella xylostella,Diamondback Moth,Insecta,126765
289114543,d9261165-4908-4180-8934-1eda31e2055b,2025/06/11 22:00,2025-06-11,2025-06-11 20:00:00 UTC,Rome,3278655,achine,Gianfranco CARIGNANO,2025-06-12 21:38:43 UTC,2025-06-15 15:22:22 UTC,research,CC-BY-NC,https://www.inaturalist.org/observations/289114543,https://inaturalist-open-data.s3.amazonaws.com/photos/519975411/medium.jpg,,"",,2,0,false,,"10098 Rivoli TO, Italia",45.0710902,7.513821,4220,,,,4220,,,false,,,Italy,Tignola delle crucifere,Plutella xylostella,Diamondback Moth,Insecta,126765
289188813,6f9a7f98-afd9-4ba4-85f3-cd19bdbf2589,2025-06-13 06:47:04,2025-06-13,2025-06-13 04:47:04 UTC,Rome,8322909,rbhitchman,Richard Hitchman,2025-06-13 05:16:53 UTC,2025-07-06 09:18:51 UTC,research,CC-BY-NC,https://www.inaturalist.org/observations/289188813,https://inaturalist-open-data.s3.amazonaws.com/photos/520121204/medium.jpg,,"",,1,0,false,2,"28845 Domodossola, Province of Verbano-Cusio-Ossola, Italy",46.1115587997,8.2914513,,,,,,,,false,gps,gps,Italy,Diamondback Moth,Plutella xylostella,Diamondback Moth,Insecta,126765
289378231,592dd81d-483e-4211-8ccd-085558676471,2025-06-13 22:03:51,2025-06-13,2025-06-13 20:03:51 UTC,Rome,2514105,diegoreggianti,"",2025-06-13 22:25:05 UTC,2025-06-14 20:42:49 UTC,research,CC-BY-NC,https://www.inaturalist.org/observations/289378231,https://inaturalist-open-data.s3.amazonaws.com/photos/520476592/medium.jpg,,"",,1,0,false,2,"00042 Anzio RM, Italia",41.4907599112,12.5988125056,85,,,,85,,,false,gps,gps,Italy,Plutella xylostella,Plutella xylostella,Diamondback Moth,Insecta,126765
289739322,f374e944-9f09-462b-9a08-8bd3393464d4,2025-06-14 21:41:30,2025-06-14,2025-06-14 19:41:30 UTC,Rome,149386,lucio_bonato,Lucio Bonato,2025-06-15 05:45:15 UTC,2025-06-15 05:46:03 UTC,needs_id,,https://www.inaturalist.org/observations/289739322,https://inaturalist-open-data.s3.amazonaws.com/photos/521157137/medium.jpg,,"",,0,0,false,2,"31040 Giavera del Montello, Province of Treviso, Italy",45.7832334051,12.1935520135,8,,,,8,,,false,,,Italy,Plutella xylostella,Plutella xylostella,Diamondback Moth,Insecta,126765
289751935,32f2eab3-f900-4a96-8ab9-4d3a31aeec63,2025-06-15 09:10:22,2025-06-15,2025-06-15 07:10:22 UTC,Rome,8322909,rbhitchman,Richard Hitchman,2025-06-15 07:24:02 UTC,2025-06-15 07:24:10 UTC,needs_id,CC-BY-NC,https://www.inaturalist.org/observations/289751935,https://inaturalist-open-data.s3.amazonaws.com/photos/521181569/medium.jpg,,"",,0,0,false,2,"28845 Domodossola, Province of Verbano-Cusio-Ossola, Italy",46.1117133997,8.2913350997,,,,,,,,false,gps,gps,Italy,Diamondback Moth,Plutella xylostella,Diamondback Moth,Insecta,126765
289919262,8713357e-1e4b-4c47-bcdc-180d8f475077,2025/06/14 21:19,2025-06-14,2025-06-14 19:19:00 UTC,Rome,1106349,amzamz,Andreas Manz,2025-06-15 19:10:47 UTC,2025-06-15 23:27:53 UTC,research,CC-BY-NC,https://www.inaturalist.org/observations/289919262,https://inaturalist-open-data.s3.amazonaws.com/photos/521480440/medium.jpg,,"LepiLED mini, 2x4W",,1,0,false,,"Contrada di Riena, 90030 Castronovo di Sicilia PA, Italien",37.7381007,13.5478525,123,,,,123,,,false,,,Italy,Kohlschabe,Plutella xylostella,Diamondback Moth,Insecta,126765
289919496,43a04da8-5fc2-4d04-9c4a-2f5fe395e8c9,2025/06/14,2025-06-14,,Rome,1106349,amzamz,Andreas Manz,2025-06-15 19:11:16 UTC,2025-07-05 15:57:41 UTC,research,CC-BY-NC,https://www.inaturalist.org/observations/289919496,https://inaturalist-open-data.s3.amazonaws.com/photos/521482882/medium.jpg,,"LepiLED mini, 2x4W",,2,0,false,,"Contrada di Riena, 90030 Castronovo di Sicilia PA, Italien",37.7381007,13.5478525,123,,,,123,,,false,,,Italy,Kohlschabe,Plutella xylostella,Diamondback Moth,Insecta,126765
290383935,8180b151-be11-44c9-ac97-3aaf1603a0ad,2025/06/16 20:47,2025-06-16,2025-06-16 18:47:00 UTC,Rome,1106349,amzamz,Andreas Manz,2025-06-17 12:41:09 UTC,2025-07-05 16:00:24 UTC,research,CC-BY-NC,https://www.inaturalist.org/observations/290383935,https://inaturalist-open-data.s3.amazonaws.com/photos/522373143/medium.jpg,,"LepiLED mini, 4W, Mischlicht, 160W",,2,0,false,,"Cammarata, Agrigent, Italien",37.6263782556,13.6256741638,123,,,,123,,,false,,,Italy,Kohlschabe,Plutella xylostella,Diamondback Moth,Insecta,126765
290384004,de6a908e-06cd-4e46-8230-61bb00302a59,2025/06/16 ,2025-06-16,,Rome,1106349,amzamz,Andreas Manz,2025-06-17 12:41:28 UTC,2025-07-05 16:00:12 UTC,research,CC-BY-NC,https://www.inaturalist.org/observations/290384004,https://inaturalist-open-data.s3.amazonaws.com/photos/522373963/medium.jpg,,"LepiLED mini, 4W, Mischlicht, 160W",,2,0,false,,"Cammarata, Agrigent, Italien",37.6263782556,13.6256741638,123,,,,123,,,false,,,Italy,Kohlschabe,Plutella xylostella,Diamondback Moth,Insecta,126765
290384072,591774ee-05e3-420c-8e70-77a72077e9a9,2025/06/16 ,2025-06-16,,Rome,1106349,amzamz,Andreas Manz,2025-06-17 12:41:39 UTC,2025-07-05 16:00:09 UTC,research,CC-BY-NC,https://www.inaturalist.org/observations/290384072,https://inaturalist-open-data.s3.amazonaws.com/photos/522374749/medium.jpg,,"LepiLED mini, 4W, Mischlicht, 160W",,2,0,false,,"Cammarata, Agrigent, Italien",37.6263782556,13.6256741638,123,,,,123,,,false,,,Italy,Kohlschabe,Plutella xylostella,Diamondback Moth,Insecta,126765
290804078,5c6ac42d-a202-4b21-ac38-dc7bfc0f3fff,2025-06-19 00:48:09,2025-06-19,2025-06-18 22:48:09 UTC,Rome,5493206,mircogruppi,"",2025-06-18 23:51:14 UTC,2025-06-19 08:53:08 UTC,research,CC-BY-NC,https://www.inaturalist.org/observations/290804078,https://inaturalist-open-data.s3.amazonaws.com/photos/523167873/medium.jpg,,"",,1,0,false,2,"Pilastro, Bologna BO, Italia",44.5147194444,11.3929222222,,,,,,,,false,gps,gps,Italy,Tignola delle crucifere,Plutella xylostella,Diamondback Moth,Insecta,126765
290833971,84908db0-fe62-41d2-bbca-7d503b52ba87,2025/06/17,2025-06-17,,Rome,1106349,amzamz,Andreas Manz,2025-06-19 02:42:40 UTC,2025-06-19 08:53:07 UTC,research,CC-BY-NC,https://www.inaturalist.org/observations/290833971,https://inaturalist-open-data.s3.amazonaws.com/photos/523113797/medium.jpg,,"Mischlicht, 160W",,1,0,false,,"Cammarata, Agrigent, Italien",37.6263782556,13.6256741638,123,,,,123,,,false,,,Italy,Kohlschabe,Plutella xylostella,Diamondback Moth,Insecta,126765
290834740,083e5ca1-03f2-4acc-b091-0ac8a05d5ebd,2025/06/17,2025-06-17,,Rome,1106349,amzamz,Andreas Manz,2025-06-19 02:47:16 UTC,2025-07-05 15:10:29 UTC,research,CC-BY-NC,https://www.inaturalist.org/observations/290834740,https://inaturalist-open-data.s3.amazonaws.com/photos/523114687/medium.jpg,,"Mischlicht, 160W",,2,0,false,,"Cammarata, Agrigent, Italien",37.6263782556,13.6256741638,123,,,,123,,,false,,,Italy,Kohlschabe,Plutella xylostella,Diamondback Moth,Insecta,126765
290868182,4042cbd2-3a07-4a43-b5bf-4a748b805720,2025-06-19 08:19:57,2025-06-19,2025-06-19 06:19:57 UTC,Rome,8322909,rbhitchman,Richard Hitchman,2025-06-19 07:21:03 UTC,2025-06-19 08:25:39 UTC,research,CC-BY-NC,https://www.inaturalist.org/observations/290868182,https://inaturalist-open-data.s3.amazonaws.com/photos/523295529/medium.jpg,,"",,1,0,false,2,"28845 Domodossola, Province of Verbano-Cusio-Ossola, Italy",46.1116685,8.2914586,,,,,,,,false,gps,gps,Italy,Diamondback Moth,Plutella xylostella,Diamondback Moth,Insecta,126765
291067440,a49c26db-8977-4905-9d5f-d09058bba7a6,2025/06/20 00:41,2025-06-20,2025-06-19 22:41:00 UTC,Rome,2514105,diegoreggianti,"",2025-06-19 23:14:04 UTC,2025-06-20 05:02:14 UTC,research,CC-BY-NC,https://www.inaturalist.org/observations/291067440,https://inaturalist-open-data.s3.amazonaws.com/photos/523660722/medium.jpg,,"",,1,0,false,,"Crocco- Olivi, 00148 Roma RM, Italia ",41.8255500489,12.3981212452,149,,,,149,,,false,,,Italy,Plutella xylostella,Plutella xylostella,Diamondback Moth,Insecta,126765
291345321,441cbd03-1e05-4291-9397-0941cbcfe33e,2025/06/20 23:56,2025-06-20,2025-06-20 21:56:00 UTC,Rome,1106349,amzamz,Andreas Manz,2025-06-21 00:19:56 UTC,2025-07-05 16:06:00 UTC,research,CC-BY-NC,https://www.inaturalist.org/observations/291345321,https://inaturalist-open-data.s3.amazonaws.com/photos/524182899/medium.jpg,,"LepiLED mini, 2x4W",,2,0,false,,"ca de re, Palermo, Italien",38.0740901899,13.0829666018,123,,,,123,,,false,,,Italy,Kohlschabe,Plutella xylostella,Diamondback Moth,Insecta,126765
291345427,5f2ec0a3-ed63-4810-b08d-877fa30694d7,2025/06/20 23:47,2025-06-20,2025-06-20 21:47:00 UTC,Rome,1106349,amzamz,Andreas Manz,2025-06-21 00:20:06 UTC,2025-07-05 16:05:54 UTC,research,CC-BY-NC,https://www.inaturalist.org/observations/291345427,https://inaturalist-open-data.s3.amazonaws.com/photos/524183300/medium.jpg,,"LepiLED mini, 2x4W",,2,0,false,,"ca de re, Palermo, Italien",38.0740901899,13.0829666018,123,,,,123,,,false,,,Italy,Kohlschabe,Plutella xylostella,Diamondback Moth,Insecta,126765
291392348,746a1b59-6af7-48d0-a898-09ac3ce8d97a,2025-06-21 06:20:28,2025-06-21,2025-06-21 04:20:28 UTC,Rome,8322909,rbhitchman,Richard Hitchman,2025-06-21 05:09:57 UTC,2025-06-21 18:07:33 UTC,research,CC-BY-NC,https://www.inaturalist.org/observations/291392348,https://inaturalist-open-data.s3.amazonaws.com/photos/524278899/medium.jpg,,"",,1,0,false,2,"28845 Domodossola, Province of Verbano-Cusio-Ossola, Italy",46.1115992,8.2911031,,,,,,,,false,gps,gps,Italy,Diamondback Moth,Plutella xylostella,Diamondback Moth,Insecta,126765
291411031,7d616df8-7322-4bdb-9190-33e59bcbcdb2,2025-06-21 09:42:05,2025-06-21,2025-06-21 07:42:05 UTC,Rome,8322909,rbhitchman,Richard Hitchman,2025-06-21 07:59:07 UTC,2025-06-21 09:39:27 UTC,research,CC-BY-NC,https://www.inaturalist.org/observations/291411031,https://inaturalist-open-data.s3.amazonaws.com/photos/524316566/medium.jpg,,"",,1,0,false,2,"28845 Domodossola, Province of Verbano-Cusio-Ossola, Italy",46.1116151,8.2911166,,,,,,,,false,,,Italy,Diamondback Moth,Plutella xylostella,Diamondback Moth,Insecta,126765
291694478,f7ade141-bfec-41d6-a1e6-6562222199c7,2025-06-22 00:58:02,2025-06-22,2025-06-21 22:58:02 UTC,Rome,2514105,diegoreggianti,"",2025-06-22 06:02:07 UTC,2025-06-22 18:13:35 UTC,research,CC-BY-NC,https://www.inaturalist.org/observations/291694478,https://inaturalist-open-data.s3.amazonaws.com/photos/524845953/medium.jpg,,"",,1,0,false,2,"00042 Anzio RM, Italia",41.4907599112,12.5988125056,85,,,,85,,,false,gps,gps,Italy,Plutella xylostella,Plutella xylostella,Diamondback Moth,Insecta,126765
292035408,666b7da7-91e8-43d4-b752-efc4e65cbfe7,2025-06-19 18:43:06,2025-06-19,2025-06-19 16:43:06 UTC,Rome,4392250,eliasgen93,,2025-06-23 09:03:54 UTC,2025-06-23 09:42:43 UTC,research,CC-BY-NC,https://www.inaturalist.org/observations/292035408,https://inaturalist-open-data.s3.amazonaws.com/photos/525494472/medium.jpg,,"",,1,0,false,2,"Bolzano, Trentino-Alto Adige, IT",46.6244674649,10.7913251594,9,,,,9,,,false,gps,gps,Italy,Kohlschabe,Plutella xylostella,Diamondback Moth,Insecta,126765
292277886,b592de5e-819c-487f-830b-3697f12980f3,2025-06-24 06:58:04,2025-06-24,2025-06-24 04:58:04 UTC,Rome,8322909,rbhitchman,Richard Hitchman,2025-06-24 04:58:26 UTC,2025-06-24 06:08:52 UTC,research,CC-BY-NC,https://www.inaturalist.org/observations/292277886,https://inaturalist-open-data.s3.amazonaws.com/photos/525959058/medium.jpg,,"",,1,0,false,2,"28845 Domodossola, Province of Verbano-Cusio-Ossola, Italy",46.1116054,8.2910873,16,,,,16,,,false,,,Italy,Diamondback Moth,Plutella xylostella,Diamondback Moth,Insecta,126765
292910331,3d20ebf0-1d07-4863-9aa4-3e2714cb2bec,2025-06-26 11:26:24,2025-06-26,2025-06-26 09:26:24 UTC,Rome,1522604,lvdr,"",2025-06-26 16:48:21 UTC,2025-06-30 17:07:29 UTC,needs_id,CC-BY-NC,https://www.inaturalist.org/observations/292910331,https://inaturalist-open-data.s3.amazonaws.com/photos/527156443/medium.jpg,,"",,0,0,false,2,"Via Basso Acquar Fronte 43, 37135 Verona VR, Italia",45.4262673708,10.9924345091,71,,,,71,,,false,gps,gps,Italy,Plutella xylostella,Plutella xylostella,Diamondback Moth,Insecta,126765
294412865,97d4b57b-e248-4394-b372-f81efe137f68,2025/05/02 11:20,2025-05-02,2025-05-02 09:20:00 UTC,Rome,4238405,mick_photo,mick_photo,2025-07-01 20:31:47 UTC,2025-07-01 20:33:09 UTC,needs_id,CC-BY-NC-ND,https://www.inaturalist.org/observations/294412865,https://inaturalist-open-data.s3.amazonaws.com/photos/529925045/medium.jpg,,"",on Alliaria petiolata,0,0,false,,"Bosco Difesa Grande, Gravina in Puglia, BA, Italia",40.7548171913,16.3854489825,2,,,,2,,,false,,,Italy,Tignola Delle Crucifere,Plutella xylostella,Diamondback Moth,Insecta,126765
294426707,b5ed37a2-5097-49c3-a57d-1af4bbab9562,2025-07-01 23:27:11,2025-07-01,2025-07-01 21:27:11 UTC,Rome,1956724,andreaang,Andrea Angiari,2025-07-01 21:29:37 UTC,2025-07-02 11:33:09 UTC,research,CC-BY-NC,https://www.inaturalist.org/observations/294426707,https://inaturalist-open-data.s3.amazonaws.com/photos/529950628/medium.jpg,,"",,1,0,false,843,"Via Don Giuseppe Bonizzato, Mozzecane, Veneto, IT",45.30445,10.8196333333,3,,,,3,,,false,,,Italy,Diamondback Moth,Plutella xylostella,Diamondback Moth,Insecta,126765
295660876,6a5fd040-1238-4ccf-9388-ede6a7811899,2025/06/27 23:40,2025-06-27,2025-06-27 21:40:00 UTC,Rome,1482324,ranierop,Raniero Panfili,2025-07-06 11:57:24 UTC,2025-07-07 13:45:42 UTC,research,,https://www.inaturalist.org/observations/295660876,https://static.inaturalist.org/photos/532282081/medium.jpg,,"","",2,0,false,,"Colle Melosa, Pigna (IM),Italia",43.991268786,7.6805558104,23,,,,23,,,false,,,Italy,Tignola delle crucifere,Plutella xylostella,Diamondback Moth,Insecta,126765
295679614,d8298fbb-c7b6-4516-b882-bdf610ada712,2025-07-05 21:54:56,2025-07-05,2025-07-05 19:54:56 UTC,Rome,149386,lucio_bonato,Lucio Bonato,2025-07-06 13:23:30 UTC,2025-07-07 05:32:10 UTC,research,,https://www.inaturalist.org/observations/295679614,https://inaturalist-open-data.s3.amazonaws.com/photos/532318129/medium.jpg,,"",,1,0,false,2,"31040 Cusignana TV, Italy",45.7835808769,12.1937252674,7,,,,7,,,false,,,Italy,Plutella xylostella,Plutella xylostella,Diamondback Moth,Insecta,126765
297363190,f447cebe-b423-4895-ba08-126a6625d26a,2025-07-10 21:43:48,2025-07-10,2025-07-10 19:43:48 UTC,Rome,149386,lucio_bonato,Lucio Bonato,2025-07-12 18:49:38 UTC,2025-07-14 18:43:34 UTC,needs_id,,https://www.inaturalist.org/observations/297363190,https://inaturalist-open-data.s3.amazonaws.com/photos/536654971/medium.jpg,,"",,0,0,false,2,"31040 Cusignana TV, Italy",45.7830442674,12.1940588672,6,,,,6,,,false,,,Italy,Plutella xylostella,Plutella xylostella,Diamondback Moth,Insecta,126765
298508849,a7cb73c8-c58c-4454-8b9e-d4eee2330563,2025-07-15 21:47:21,2025-07-15,2025-07-15 19:47:21 UTC,Rome,149386,lucio_bonato,Lucio Bonato,2025-07-16 20:18:33 UTC,2025-07-26 19:40:34 UTC,research,,https://www.inaturalist.org/observations/298508849,https://inaturalist-open-data.s3.amazonaws.com/photos/542926894/medium.jpg,,"",,1,0,false,2,"31040 Cusignana TV, Italy",45.7830632105,12.1941166185,4,,,,4,,,false,,,Italy,Plutella xylostella,Plutella xylostella,Diamondback Moth,Insecta,126765
299129584,1ab9b534-083a-4a98-9d4f-16be729f9e85,2025-07-18 23:16:00,2025-07-18,2025-07-18 21:16:00 UTC,Rome,5452720,katia_bettiol,"",2025-07-19 08:24:58 UTC,2025-07-19 08:25:16 UTC,needs_id,CC-BY-NC,https://www.inaturalist.org/observations/299129584,https://inaturalist-open-data.s3.amazonaws.com/photos/538895376/medium.jpg,,"",,0,0,false,2,"31040 Cusignana TV, Italia",45.7832177781,12.1944319457,7,,,,7,,,false,,,Italy,Tignola delle crucifere,Plutella xylostella,Diamondback Moth,Insecta,126765
299817777,49dece78-fc01-45a4-a1f6-5a5f67ffec6d,2025-07-20 22:23:00,2025-07-20,2025-07-20 20:23:00 UTC,Rome,5452720,katia_bettiol,"",2025-07-21 12:44:58 UTC,2025-07-22 07:25:54 UTC,research,CC-BY-NC,https://www.inaturalist.org/observations/299817777,https://inaturalist-open-data.s3.amazonaws.com/photos/540170001/medium.jpg,,"",,1,0,false,2,"31040 Cusignana TV, Italia",45.783478713,12.1937888861,8,,,,8,,,false,,,Italy,Tignola delle crucifere,Plutella xylostella,Diamondback Moth,Insecta,126765
300644022,08c1e059-ad28-4be5-8358-ef41301346ac,2025/07/24 08:38,2025-07-24,2025-07-24 06:38:00 UTC,Rome,419068,theworldofpaolo,Paolo Zucca,2025-07-24 11:53:16 UTC,2025-07-25 05:45:49 UTC,needs_id,CC-BY,https://www.inaturalist.org/observations/300644022,https://inaturalist-open-data.s3.amazonaws.com/photos/541713719/medium.jpg,,"",,1,0,false,,"Pista Ciclopedonale Vello - Toline, Marone BS, Italia",45.76725,10.0697882,1159,,,,1159,,,false,,,Italy,Tignola delle crucifere,Plutella xylostella,Diamondback Moth,Insecta,126765
300757438,a21ee32d-6a08-48e7-85cd-38fe3dc86343,2025-07-24 00:05:00,2025-07-24,2025-07-23 22:05:00 UTC,Rome,5452720,katia_bettiol,"",2025-07-24 19:40:38 UTC,2025-07-25 05:40:11 UTC,research,CC-BY-NC,https://www.inaturalist.org/observations/300757438,https://inaturalist-open-data.s3.amazonaws.com/photos/541918808/medium.jpg,,"",,1,0,false,2,"31040 Cusignana TV, Italia",45.7836783882,12.1937885508,3,,,,3,,,false,,,Italy,Tignola delle crucifere,Plutella xylostella,Diamondback Moth,Insecta,126765
301466063,91d21445-31dc-434c-b49c-dd6796d2d0a8,2025-07-27 12:06:58,2025-07-27,2025-07-27 10:06:58 UTC,Rome,9538145,jacopo95606,Jacopo Paoluzzi,2025-07-27 10:13:16 UTC,2025-07-28 13:49:17 UTC,research,CC-BY-NC,https://www.inaturalist.org/observations/301466063,https://inaturalist-open-data.s3.amazonaws.com/photos/543242531/medium.jpg,,"",,1,0,false,2,"31100 Treviso TV, Italia",45.6588333333,12.241425,,,,,,,,false,gps,gps,Italy,Tignola delle crucifere,Plutella xylostella,Diamondback Moth,Insecta,126765
302455466,228ae844-213f-48cd-bd94-90d89d6fc887,2025-07-30 21:15:26,2025-07-30,2025-07-30 19:15:26 UTC,Rome,149386,lucio_bonato,Lucio Bonato,2025-07-30 21:18:02 UTC,2025-07-31 07:27:02 UTC,research,,https://www.inaturalist.org/observations/302455466,https://inaturalist-open-data.s3.amazonaws.com/photos/545084065/medium.jpg,,"",,1,0,false,2,"31040 Cusignana TV, Italy",45.7837797794,12.1936208289,9,,,,9,,,false,,,Italy,Plutella xylostella,Plutella xylostella,Diamondback Moth,Insecta,126765
302466259,2676cba8-6caa-4d14-85f1-b4e9118db031,2025-07-30 23:05:00,2025-07-30,2025-07-30 21:05:00 UTC,Rome,5452720,katia_bettiol,"",2025-07-30 22:11:56 UTC,2025-07-30 22:44:32 UTC,research,CC-BY-NC,https://www.inaturalist.org/observations/302466259,https://inaturalist-open-data.s3.amazonaws.com/photos/545104453/medium.jpg,,"",,1,0,false,2,"31040 Cusignana TV, Italia",45.7837160318,12.1935816854,4,,,,4,,,false,,,Italy,Tignola delle crucifere,Plutella xylostella,Diamondback Moth,Insecta,126765
302873223,bc78045b-cbaf-4dfb-8805-c21004b064a5,2025/08/01 00:41,2025-08-01,2025-07-31 22:41:00 UTC,Rome,2697617,rinoiubatti,Rino,2025-08-01 15:06:10 UTC,2025-08-08 08:41:17 UTC,needs_id,CC-BY-NC,https://www.inaturalist.org/observations/302873223,https://inaturalist-open-data.s3.amazonaws.com/photos/545859097/medium.jpg,,"","",0,0,false,,"Provincia di Chieti, Italia",42.2071086826,14.542361629,31,,,,31,,,false,,,Italy,Tignola Delle Crucifere,Plutella xylostella,Diamondback Moth,Insecta,126765
305071892,4e53727e-5f40-4761-baae-278aa71e096e,2025-08-09 23:23:17,2025-08-09,2025-08-09 21:23:17 UTC,Rome,6975680,sloggingalong,"",2025-08-09 21:26:01 UTC,2025-08-09 21:26:48 UTC,needs_id,CC-BY-NC,https://www.inaturalist.org/observations/305071892,https://inaturalist-open-data.s3.amazonaws.com/photos/550019189/medium.jpg,,"",,0,0,false,2,Italy,39.2749315135,17.0939398818,118,,,,28121,obscured,,true,,,Italy,Tignola delle crucifere,Plutella xylostella,Diamondback Moth,Insecta,126765
305193645,850d9fca-8a97-4eaa-bdc2-43928ff433dd,2025/08/04 11:40,2025-08-04,2025-08-04 09:40:00 UTC,Rome,7217226,tanocaperna,"",2025-08-10 10:21:24 UTC,2025-08-10 10:21:24 UTC,needs_id,CC-BY-NC,https://www.inaturalist.org/observations/305193645,https://inaturalist-open-data.s3.amazonaws.com/photos/550240321/medium.jpg,,"",,0,0,false,,"Frosinone, Italie",41.7558559427,13.727661036,321,,,,321,,,false,,,Italy,Teigne des Choux,Plutella xylostella,Diamondback Moth,Insecta,126765
305838218,47ea2ea3-22be-40f8-b880-686d8e155e2c,2025-08-11 21:00:55,2025-08-11,2025-08-11 19:00:55 UTC,Rome,149386,lucio_bonato,Lucio Bonato,2025-08-12 18:54:58 UTC,2025-08-13 09:15:25 UTC,research,,https://www.inaturalist.org/observations/305838218,https://inaturalist-open-data.s3.amazonaws.com/photos/551475452/medium.jpg,,"",,1,0,false,2,"31040 Cusignana TV, Italy",45.7830599539,12.1940540895,5,,,,5,,,false,,,Italy,Plutella xylostella,Plutella xylostella,Diamondback Moth,Insecta,126765
306342848,2b411ad4-415c-4981-902c-1f3ffb0773ae,2025-08-14 23:17:45,2025-08-14,2025-08-14 21:17:45 UTC,Rome,9617274,marco87851,Marco Segatto,2025-08-14 21:21:14 UTC,2025-08-14 21:23:25 UTC,needs_id,CC-BY-NC,https://www.inaturalist.org/observations/306342848,https://inaturalist-open-data.s3.amazonaws.com/photos/552440725/medium.jpg,,"",,0,0,false,2,"04011 Aprilia LT, Italia",41.5850964458,12.5857323781,187,,,,187,,,false,gps,gps,Italy,Tignola delle crucifere,Plutella xylostella,Diamondback Moth,Insecta,126765
306432743,959ab844-070a-48f9-a133-aa3580887d2a,2025-08-11 21:56:25,2025-08-11,2025-08-11 19:56:25 UTC,Rome,5452720,katia_bettiol,"",2025-08-15 07:48:33 UTC,2025-08-16 08:45:20 UTC,research,CC-BY-NC,https://www.inaturalist.org/observations/306432743,https://inaturalist-open-data.s3.amazonaws.com/photos/552615151/medium.jpg,,"",,1,0,false,2,"31040 Cusignana TV, Italia",45.7830837043,12.1940487251,8,,,,8,,,false,,,Italy,Tignola delle crucifere,Plutella xylostella,Diamondback Moth,Insecta,126765
306754710,f15928c8-3475-4292-94d9-6eb977056303,2025-08-15 22:46:33,2025-08-15,2025-08-15 20:46:33 UTC,Rome,5452720,katia_bettiol,"",2025-08-16 15:38:25 UTC,2025-08-16 15:38:44 UTC,needs_id,CC-BY-NC,https://www.inaturalist.org/observations/306754710,https://inaturalist-open-data.s3.amazonaws.com/photos/553219350/medium.jpg,,"",,0,0,false,2,"36033 Castelnovo VI, Italia",45.6121598091,11.4596864674,10,,,,10,,,false,,,Italy,Tignola delle crucifere,Plutella xylostella,Diamondback Moth,Insecta,126765
307253450,96500e88-0ba8-449a-bd66-bb45ab568ef0,2025-08-17 22:53:00,2025-08-17,2025-08-17 20:53:00 UTC,Rome,5452720,katia_bettiol,"",2025-08-18 12:14:30 UTC,2025-08-19 15:22:51 UTC,research,CC-BY-NC,https://www.inaturalist.org/observations/307253450,https://inaturalist-open-data.s3.amazonaws.com/photos/554175851/medium.jpg,,"",,1,0,false,2,"31040 Cusignana TV, Italia",45.7831941629,12.1940011159,3,,,,3,,,false,,,Italy,Tignola delle crucifere,Plutella xylostella,Diamondback Moth,Insecta,126765
307605939,98b9f460-5d2e-4671-9a95-369e8306caf5,2025-08-17 20:30:26,2025-08-17,2025-08-17 18:30:26 UTC,Rome,149386,lucio_bonato,Lucio Bonato,2025-08-19 21:21:43 UTC,2025-08-20 07:41:20 UTC,research,,https://www.inaturalist.org/observations/307605939,https://inaturalist-open-data.s3.amazonaws.com/photos/554855920/medium.jpg,,"",,1,0,false,2,"31040 Cusignana TV, Italy",45.7830814831,12.1940841805,5,,,,5,,,false,,,Italy,Plutella xylostella,Plutella xylostella,Diamondback Moth,Insecta,126765
307606649,37358791-a52a-4ca9-a633-534ca9003175,2025-08-19 20:40:22,2025-08-19,2025-08-19 18:40:22 UTC,Rome,149386,lucio_bonato,Lucio Bonato,2025-08-19 21:25:27 UTC,2025-08-20 07:41:29 UTC,research,,https://www.inaturalist.org/observations/307606649,https://inaturalist-open-data.s3.amazonaws.com/photos/554857273/medium.jpg,,"",,1,0,false,2,"31040 Giavera del Montello, Province of Treviso, Italy",45.7830604216,12.1940105036,8,,,,8,,,false,,,Italy,Plutella xylostella,Plutella xylostella,Diamondback Moth,Insecta,126765
307614420,7d78f834-c75b-4029-816a-751ff62678eb,2025-08-20 00:09:07,2025-08-20,2025-08-19 22:09:07 UTC,Rome,485724,mariaelisa,Chiaramonte family,2025-08-19 22:09:36 UTC,2025-08-19 22:09:43 UTC,needs_id,CC-BY-NC,https://www.inaturalist.org/observations/307614420,https://inaturalist-open-data.s3.amazonaws.com/photos/554871876/medium.jpg,,"",,0,0,false,2,"37067 Valeggio sul Mincio VR, Italia",45.3588031232,10.7397093158,26,,,,26,,,false,,,Italy,Tignola delle crucifere,Plutella xylostella,Diamondback Moth,Insecta,126765
307818995,f6e6387d-19bf-4bd1-976f-7533ed41a63e,2025/08/20 15:19,2025-08-20,2025-08-20 13:19:00 UTC,Rome,744814,mirko_tomasi,Mirko Tomasi,2025-08-20 20:18:35 UTC,2025-08-21 18:41:15 UTC,research,CC-BY-NC,https://www.inaturalist.org/observations/307818995,https://inaturalist-open-data.s3.amazonaws.com/photos/555252508/medium.jpg,,"","",2,0,false,,"Provincia di Varese, Italia",45.876814308,8.8083247995,1905,,,,1905,,,false,,,Italy,Tignola delle crucifere,Plutella xylostella,Diamondback Moth,Insecta,126765
308148494,d8d9f2fb-3616-4d32-9f39-7fe7d9e5aea3,2025-08-19 22:30:31,2025-08-19,2025-08-19 20:30:31 UTC,Rome,5452720,katia_bettiol,"",2025-08-22 09:12:12 UTC,2025-08-23 10:09:26 UTC,research,CC-BY-NC,https://www.inaturalist.org/observations/308148494,https://inaturalist-open-data.s3.amazonaws.com/photos/555913928/medium.jpg,,"",,1,0,false,2,"31040 Giavera del Montello TV, Italia",45.7829942522,12.193406336,7,,,,7,,,false,,,Italy,Tignola delle crucifere,Plutella xylostella,Diamondback Moth,Insecta,126765
308836900,f1752acd-8602-4b29-b956-3fb02110d499,2025-08-24 23:15:21,2025-08-24,2025-08-24 21:15:21 UTC,Rome,5941936,luca756,Luca Chiapperino,2025-08-24 21:16:39 UTC,2025-08-31 09:56:57 UTC,research,,https://www.inaturalist.org/observations/308836900,https://static.inaturalist.org/photos/557227520/medium.jpg,,"",,1,0,false,2,"00060 Riano RM, Italia",42.0923888889,12.5394611111,,,,,,,,false,,,Italy,Diamondback Moth,Plutella xylostella,Diamondback Moth,Insecta,126765
310960967,a66b1aa0-ef20-4467-81b0-037a47e082bb,2025-09-01 20:38:35,2025-09-01,2025-09-01 18:38:35 UTC,Rome,149386,lucio_bonato,Lucio Bonato,2025-09-02 05:05:15 UTC,2025-09-02 05:05:20 UTC,needs_id,,https://www.inaturalist.org/observations/310960967,https://inaturalist-open-data.s3.amazonaws.com/photos/561284964/medium.jpg,,"",,0,0,false,2,"31040 Cusignana TV, Italy",45.7830418367,12.1941519901,9,,,,9,,,false,,,Italy,Plutella xylostella,Plutella xylostella,Diamondback Moth,Insecta,126765
311701384,128a597d-e5cb-4cba-839c-b89327f42545,2025/06/06 21:47,2025-06-06,2025-06-06 19:47:00 UTC,Rome,14314,raphaailes,COLOMBO Raphaël,2025-09-05 14:32:10 UTC,2025-09-06 16:12:32 UTC,research,CC-BY-NC,https://www.inaturalist.org/observations/311701384,https://inaturalist-open-data.s3.amazonaws.com/photos/562841198/medium.jpg,,"","",1,0,false,,"Coni, Italie",44.475747383,6.9881460265,15,,,,15,,,false,,,Italy,Teigne des choux,Plutella xylostella,Diamondback Moth,Insecta,126765
313948010,b3bd563f-a1c5-4c3b-96ec-a76fa353b279,2025-09-14 22:36:47,2025-09-14,2025-09-14 20:36:47 UTC,Rome,9207492,alessandracecca,"",2025-09-14 20:43:43 UTC,2025-09-14 20:43:56 UTC,needs_id,CC-BY-NC,https://www.inaturalist.org/observations/313948010,https://inaturalist-open-data.s3.amazonaws.com/photos/566996994/medium.jpg,,"",,0,0,false,2,"NAZZANO | Via Tiberina Via Lecceto # f10589, 00060 Nazzano RM, Italia",42.232284371,12.5921629742,29,,,,29,,,false,gps,gps,Italy,Tignola delle crucifere,Plutella xylostella,Diamondback Moth,Insecta,126765
