observed_on,season_start,latitude,longitude,phenophase,t_base,gdd_cumulative
2025-09-20,2025-03-07,47.9877214858,16.3162517897,flowering,5,2179.1794784545855
2025-09-20,2025-03-07,50.3196631293,-4.7733802037,flowering,5,
2025-09-19,2025-03-07,-41.2251319,173.3227937,flowering,5,
2025-09-18,2025-03-07,43.1726739721,-77.5267179622,flowering,5,2160.282754516598
2025-09-08,2025-03-07,-36.7832777778,174.7513638889,flowering,5,
2025-09-15,2025-03-07,43.1734380993,-77.5251330906,flowering,5,2160.282754516598
2025-09-16,2025-03-07,-39.7023783333,175.329955,flowering,5,1014.3345870971718
2025-09-14,2025-03-07,-37.917214,145.376132,flowering,5,1316.5039993286096
2025-05-06,2025-03-07,42.9881858826,-78.6322937012,flowering,5,253.00115203857513
2025-09-12,2025-03-07,49.2521677628,1.337786587,flowering,5,2049.6197448730427
2025-07-24,2025-03-07,51.0325917821,11.2747642193,flowering,5,1145.9585021972675
2025-09-12,2025-03-07,38.567463886,-121.4545385446,flowering,5,3142.9894332885665
2025-09-12,2025-03-07,37.9755618037,-122.5329349753,flowering,5,1993.050773620601
2025-08-21,2025-03-07,-37.8806150997,145.3946885,flowering,5,1187.2018692016586
2025-09-11,2025-03-07,56.0768498492,40.2313485702,flowering,5,1658.3225921630838
2025-09-09,2025-03-07,52.19322,0.1247888333,flowering,5,1877.4378311157197
2025-09-09,2025-03-07,48.2275028264,16.3253707811,flowering,5,2098.3619735717734
2025-09-09,2025-03-07,-37.870341,145.296457,flowering,5,1358.3865905761672
2025-09-07,2025-03-07,-45.7548022352,170.5836931989,flowering,5,743.1502288818398
2025-09-08,2025-03-07,52.193395,0.1302333333,flowering,5,1867.4401184082003
2025-09-08,2025-03-07,48.2248205168,16.2089736387,flowering,5,1999.4637710571255
2025-09-08,2025-03-07,48.2054785733,16.3797023613,flowering,5,2176.0405853271445
2025-09-08,2025-03-07,48.2065388903,16.381080957,flowering,5,2176.0405853271445
2025-09-08,2025-03-07,48.2031315984,16.380530661,flowering,5,2176.0405853271445
2025-09-07,2025-03-07,37.2209138889,-121.9783611111,flowering,5,2017.2866668701135
2025-09-07,2025-03-07,37.26427668,-121.79512943,flowering,5,2453.5513305664003
2025-09-07,2025-03-07,46.7357666667,15.6285816667,flowering,5,2141.9180114746055
2025-05-23,2025-03-07,46.3257363,-0.4887833997,flowering,5,619.8491287231462
2025-09-07,2025-03-07,49.7449716667,10.15765,flowering,5,1939.2676635742155
2025-09-07,2025-03-07,51.3346673243,12.3812047612,flowering,5,1893.6230758666961
2025-09-07,2025-03-07,-37.6579895569,145.5072249939,flowering,5,1260.98890533447
2025-09-06,2025-03-07,-40.9959586883,172.9992145784,flowering,5,
2025-09-06,2025-03-07,52.520343354,13.3990137745,flowering,5,1895.6146484374972
2025-09-06,2025-03-07,50.9186912618,14.17636197,flowering,5,1741.0323791503888
2025-09-06,2025-03-07,48.8989616144,8.7075095996,flowering,5,1904.4168792724577
2025-09-05,2025-03-07,53.107588745,8.1524369138,flowering,5,1755.5981201171853
2025-03-14,2025-03-07,47.3622319722,-122.290214,flowering,5,10.984349060058776
2025-03-07,2025-03-07,47.3885586997,-122.2678552997,flowering,5,0.03544769287111649
2025-09-03,2025-03-07,50.3568949405,-4.1766564632,flowering,5,1689.9386169433574
2025-09-02,2025-03-07,43.1741892431,-77.5249804616,flowering,5,2001.725965881345
2024-05-11,2024-02-29,48.843795,2.43622,flowering,5,413.25444488525557
2025-09-02,2025-03-07,52.1926116667,0.1249083333,flowering,5,1793.3927078247048
2025-09-02,2025-03-07,54.6927924,-7.23424534,flowering,5,1305.6995208740245
2025-09-01,2025-03-07,36.9774246882,-122.0250443738,flowering,5,1623.2282318115217
2025-08-24,2025-03-07,47.075014814,11.4069327739,flowering,5,753.6576843261744
2025-09-01,2025-03-07,-37.9157089722,145.324855,flowering,5,1308.5107315063437
2025-09-01,2025-03-07,-36.92165,174.86473,flowering,5,
2025-09-01,2025-03-07,-37.8932649722,145.3012929722,flowering,5,1308.5107315063437
2025-08-31,2025-03-07,52.5953129769,-2.1325132241,flowering,5,1616.8257247924794
2025-08-29,2025-03-07,-40.4650283333,175.2239783333,flowering,5,
2025-08-30,2025-03-07,-41.269381727,173.0339132192,flowering,5,1017.8914962768595
2025-08-30,2025-03-07,50.8532806434,12.4966044029,flowering,5,1649.3236022949204
2025-08-30,2025-03-07,-43.6402283333,172.48465,flowering,5,861.3571746826207
2025-07-31,2025-03-07,46.3204323,7.4731044997,flowering,5,603.9998229980489
2025-08-24,2025-03-07,51.170605,14.449225,flowering,5,1641.2866546630848
2025-08-29,2025-03-07,53.0995933,-6.0614975,flowering,5,1366.6947158813482
2025-08-29,2025-03-07,46.4115041,11.65875976,flowering,5,873.1644851684598
2025-07-16,2025-03-07,48.21441537,-122.75296657,flowering,5,
2025-08-29,2025-03-07,-42.909767339,147.3571173103,flowering,5,
2025-08-28,2025-03-07,49.2621951307,-122.8593157647,flowering,5,1651.524461364745
2025-07-28,2025-03-07,52.3598055556,4.8870861111,flowering,5,1284.5445068359386
2025-08-02,2025-03-07,52.695065,-8.8135283333,flowering,5,1220.0747192382828
2025-08-28,2025-03-07,56.4853827992,85.1921343058,flowering,5,1385.265031433105
2025-03-28,2025-03-07,37.4499418923,-122.3944439866,flowering,5,149.67891998291066
2025-08-10,2025-03-07,37.753050755,-122.1490614271,flowering,5,1722.4531738281225
2025-08-27,2025-03-07,49.095001,-123.72184,flowering,5,
2025-04-10,2025-03-07,43.022436832,-78.8288855068,flowering,5,73.96945343017615
2025-04-05,2025-03-07,40.12865,-123.8286633333,flowering,5,112.19546203613345
2025-08-27,2025-03-07,37.798573951,-122.3975318458,flowering,5,1752.072363281247
2025-08-27,2025-03-07,37.99716925,-123.01763902,flowering,5,
2025-08-24,2025-03-07,54.8500180074,-1.3461458807,flowering,5,
2025-08-27,2025-03-07,38.3428001404,-122.6745147705,flowering,5,2040.6713241577108
2025-07-21,2025-03-07,-41.2663083333,174.7723216667,flowering,5,
2025-08-26,2025-03-07,47.6665477029,-117.103834413,flowering,5,1867.737129211424
2025-08-26,2025-03-07,58.9960222222,-3.2066861111,flowering,5,979.9408096313515
2025-08-18,2025-03-07,64.5097333333,34.8112883333,flowering,5,897.5484390258812
2025-08-22,2025-03-07,37.2415616667,-121.8266133333,flowering,5,2001.3770965576136
2025-08-22,2025-03-07,37.24157,-121.8266216667,flowering,5,2001.3770965576136
2025-08-23,2025-03-07,48.7458133333,-123.2238616667,flowering,5,
2025-08-26,2025-03-07,45.5326843262,-122.6063613892,flowering,5,2022.5025360107397
2025-06-15,2025-03-07,66.0477777778,-17.350425,flowering,5,111.71040802002028
2025-08-22,2025-03-07,37.3308937593,-121.8589238046,flowering,5,2088.5930236816366
2025-08-05,2025-03-07,47.6093301827,-124.3751821826,flowering,5,
2025-08-24,2025-03-07,43.3229362,-124.3861409,flowering,5,
2025-08-25,2025-03-07,48.1792319383,-122.0807634294,flowering,5,1619.485498046874
2025-07-07,2025-03-07,49.2797125,-122.9184368,flowering,5,870.2379516601588
2025-08-13,2025-03-07,48.0808464,-123.0855153,flowering,5,1224.9987289428732
2025-08-24,2025-03-07,43.1721713296,-77.5282127533,flowering,5,1888.1707687377911
2025-08-24,2025-03-07,19.2966581,-99.3581647,flowering,5,1480.0589004516578
2025-07-19,2025-03-07,48.4064989,-122.6449252,flowering,5,953.4920928955108
2025-08-24,2025-03-07,48.1367380065,-123.1950291628,flowering,5,1363.9218887329112
2025-04-14,2025-03-07,43.0265883124,-76.170508694,flowering,5,87.89838409423874
2025-08-23,2025-03-07,47.4271133333,4.4586,flowering,5,1834.8204330444314
2025-08-23,2025-03-07,51.9769278528,5.7189406827,flowering,5,1706.1295516967757
2025-08-22,2025-03-07,37.2324838087,-121.6962784862,flowering,5,2071.2359146118124
2025-08-02,2025-03-07,50.8094874,4.392515,flowering,5,1458.5674835205077
2025-08-20,2025-03-07,52.3836464,4.6313960997,flowering,5,
2025-08-20,2025-03-07,37.92362,-122.2923642,flowering,5,1898.485476684567
2025-08-14,2025-03-07,-36.9277688068,174.8320775852,flowering,5,1677.1307617187445
2025-08-18,2025-03-07,47.8013807015,15.2314269459,flowering,5,1138.196330261233
2025-08-07,2025-03-07,50.8102283997,4.4060269997,flowering,5,1527.2031723022455
2025-08-10,2025-03-07,-43.9752216667,-176.5264133333,flowering,5,
2025-08-10,2025-03-07,-43.97522,-176.5264133333,flowering,5,
2025-08-16,2025-03-07,-43.3965333333,172.030675,flowering,5,679.8381866455106
2025-08-17,2025-03-07,-33.4477257548,-70.5967417359,flowering,5,1136.9847991943366
2025-08-17,2025-03-07,52.4635810852,15.1092567444,flowering,5,1592.980500793456
2025-05-07,2025-03-07,41.3163131287,19.8229396333,flowering,5,505.4889404296889
2025-08-16,2025-03-07,45.1139125828,6.7514225096,flowering,5,739.6258026123068
2025-08-14,2025-03-07,47.9121389,-122.5269245,flowering,5,
2025-08-15,2025-03-07,55.8550453186,-4.2528691292,flowering,5,1054.7710662841828
2025-08-14,2025-03-07,37.9270978379,-122.0260705569,flowering,5,1899.8071456909147
2025-08-14,2025-03-07,43.3196525574,-124.3902511597,flowering,5,
2025-08-14,2025-03-07,55.3916928,10.3853725,flowering,5,1329.5370529174816
2025-08-13,2025-03-07,39.2778366667,-123.7565466667,flowering,5,1544.1146087646475
2025-08-13,2025-03-07,48.5264246514,-124.4435598053,flowering,5,944.7437133789098
2024-03-16,2024-02-29,41.5021820852,14.0651586578,flowering,5,65.10590667724648
2025-03-13,2025-03-07,55.9694428116,-3.4122413175,flowering,5,13.137188720703193
2025-08-12,2025-03-07,-35.6836283333,174.3006583333,flowering,5,1639.7682098388623
2025-08-11,2025-03-07,-43.5659027166,171.8898166311,flowering,5,734.696807861331
2025-08-11,2025-03-07,47.7999096976,9.6883042866,flowering,5,1347.6557876586917
2025-08-11,2025-03-07,51.3403794289,12.3982497909,flowering,5,1504.4677993774408
2025-08-10,2025-03-07,47.4746913,11.6717916,flowering,5,777.1812484741237
2025-08-10,2025-03-07,48.0176765425,16.2560182437,flowering,5,1653.7658203124988
2025-08-09,2025-03-07,50.0797383997,14.4003203,flowering,5,1471.0513336181639
2025-08-09,2025-03-07,41.5101824583,-124.0791035194,flowering,5,
2025-05-11,2025-03-07,51.4969927888,11.9050225552,flowering,5,324.2582580566419
2025-07-27,2025-03-07,51.9073487346,-5.275394712,flowering,5,
2025-08-07,2025-03-07,-43.5582218997,172.6916742997,flowering,5,851.7698150634799
2025-08-05,2025-03-07,-37.8295562025,145.0219775957,flowering,5,1359.3560974121056
2025-08-05,2025-03-07,-37.873188,145.4110870278,flowering,5,1136.1230575561522
2025-08-03,2025-03-07,50.088325,14.4949383333,flowering,5,1405.2781082153324
2025-08-05,2025-03-07,50.8201322997,4.3951174997,flowering,5,1500.8749145507809
2025-08-03,2025-03-07,50.6634855799,-128.2395247865,flowering,5,715.206187438968
2025-08-03,2025-03-07,48.1759903958,16.3321845978,flowering,5,1527.5208831787104
2025-08-04,2025-03-07,55.496703568,9.7033175826,flowering,5,1174.9102661132833
2025-08-04,2025-03-07,48.0825868219,-1.6950514913,flowering,5,1597.8681610107415
2025-08-04,2025-03-07,52.33489035,-0.12375054,budding,5,1392.274453735352
2025-08-01,2025-03-07,49.35905129,-123.21038019,flowering,5,1045.757554626468
2025-08-02,2025-03-07,53.1533558,-6.0809939,flowering,5,1068.147706604007
2025-08-01,2025-03-07,-37.87924575,145.3695526111,flowering,5,1115.4808395385744
2025-08-01,2025-03-07,48.2715796,12.1491816997,flowering,5,1401.0772232055665
2025-08-01,2025-03-07,53.5995339997,8.5942203997,flowering,5,1243.378881835939
2025-02-27,2025-03-07,-35.2600416667,174.1207111667,flowering,5,16.228860473632835
2025-08-01,2025-03-07,48.0568416667,-122.5919333333,flowering,5,
2025-07-31,2025-03-07,51.3248410542,12.402163418,flowering,5,1351.6775909423832
2025-07-31,2025-03-07,50.7946031986,8.7450668533,flowering,5,1253.9004547119152
2025-07-31,2025-03-07,50.7962271092,8.7464589872,flowering,5,1253.9004547119152
2025-07-27,2025-03-07,49.3093074633,-122.9953044467,flowering,5,1110.4795364379906
2025-07-28,2025-03-07,55.6817915742,11.0907109827,flowering,5,1091.657058715823
2025-07-27,2025-03-07,60.72557259,-1.02512286,flowering,5,694.3204040527374
2025-04-15,2025-03-07,54.0616472222,-2.15315,budding,5,62.83021087646546
2025-07-26,2025-03-07,44.44867,-74.2592783333,flowering,5,1108.1465515136738
2025-03-22,2025-03-07,45.4897290828,4.9032223483,flowering,5,55.88032989501983
2025-05-05,2025-03-07,37.7757757498,-122.4348438531,flowering,5,469.32176971435683
2025-07-25,2025-03-07,-43.6462482065,172.4581585731,flowering,5,777.8649948120145
2025-07-24,2025-03-07,54.0874349944,-4.7456573056,flowering,5,945.8595123291047
2025-07-24,2025-03-07,-43.6462036148,172.4578336906,flowering,5,777.4298507690457
2025-07-24,2025-03-07,-43.6461884995,172.4582655499,flowering,5,777.4298507690457
2025-07-23,2025-03-07,52.6342388889,1.30755,flowering,5,1167.259016418459
2025-05-11,2025-03-07,43.1470666667,-77.5746216667,flowering,5,298.21190948486435
2025-07-22,2025-03-07,-43.6471748352,172.4567871094,flowering,5,776.941011047366
2025-07-22,2025-03-07,-43.6465301514,172.4581604004,flowering,5,776.941011047366
2025-07-21,2025-03-07,37.7948942305,-122.3942134728,flowering,5,1288.3976699829104
2025-05-10,2025-03-07,48.406666,-123.323353,flowering,5,
2025-07-08,2025-03-07,41.3579777783,-124.031180555,flowering,5,857.6282928466825
2025-07-21,2025-03-07,58.363625,-6.550695,flowering,5,
2025-07-08,2025-03-07,41.1402861117,-124.1607222217,flowering,5,
2025-07-03,2025-03-07,39.448205555,-123.760830555,flowering,5,1027.3712905883817
2025-07-01,2025-03-07,38.575105555,-123.3149416667,flowering,5,890.6233245849636
2025-04-13,2025-03-07,54.2102361111,-2.3705305556,flowering,5,59.708045959473225
2025-07-20,2025-03-07,45.0119454,-124.0027074997,flowering,5,881.6558624267609
2024-07-04,2024-02-29,-46.6707883333,168.9983366667,flowering,5,
2025-07-19,2025-03-07,-37.8461622228,145.3627820453,flowering,5,1121.961952209473
2025-07-18,2025-03-07,50.8505219722,24.279523,flowering,5,1050.101737976077
2025-07-17,2025-03-07,37.3224192512,-121.8621795942,flowering,5,1535.2741210937493
2025-07-17,2025-03-07,37.3241148039,-121.861609958,flowering,5,1535.2741210937493
2025-07-14,2025-03-07,37.8085266452,-122.2595587274,flowering,5,
2025-07-14,2025-03-07,37.8085355741,-122.259551514,flowering,5,
2025-07-16,2025-03-07,62.0448316,-7.1265815997,flowering,5,
2025-07-15,2025-03-07,48.0567359924,-122.5918502808,flowering,5,
2025-07-06,2025-03-07,48.261076,24.78481,flowering,5,558.8980148315451
2025-07-13,2025-03-07,58.4882245,31.2838318,flowering,5,794.149024963381
2025-07-14,2025-03-07,54.6984244391,-1.218008548,flowering,5,878.7965591430692
2025-07-13,2025-03-07,-41.2862911123,174.7355403832,flowering,5,1135.2579711914073
2025-07-14,2025-03-07,-33.4813383333,150.1612388333,flowering,5,890.009892272952
2025-05-10,2025-03-07,48.15779146,16.9653688001,flowering,5,388.2623855590833
2025-07-13,2025-03-07,-45.3290383333,168.7119133333,flowering,5,273.32892913818523
2025-07-13,2025-03-07,47.1142941442,15.3368614069,flowering,5,1040.3837966918973
2025-07-12,2025-03-07,46.4625916,14.2091423997,flowering,5,870.7921371459986
2025-07-12,2025-03-07,43.1750324449,-77.5236750299,flowering,5,1088.1487762451193
2025-06-21,2025-03-07,49.991963154,8.2435518049,flowering,5,822.3687591552757
2025-07-12,2025-03-07,48.9266366667,8.3670133333,flowering,5,1188.3909194946305
2025-07-11,2025-03-07,-42.8127883333,147.2600116667,flowering,5,763.1335464477567
2025-06-21,2025-03-07,49.9929286326,8.2452790928,flowering,5,822.3687591552757
2025-07-06,2025-03-07,54.1832566667,7.8793183333,flowering,5,
2024-04-20,2024-02-29,47.7701949737,-122.2458486407,flowering,5,155.0449676513682
2025-07-09,2025-03-07,55.6663305556,12.5969027778,flowering,5,
2025-07-10,2025-03-07,55.1316891611,12.0076823048,flowering,5,840.1782989501979
2025-06-21,2025-03-07,34.0350662638,-118.0632772577,flowering,5,1393.2549011230471
2025-07-08,2025-03-07,53.15410287,-4.37454968,flowering,5,896.4156448364286
2025-07-08,2025-03-07,50.8097397139,8.7640842125,flowering,5,961.1710952758815
2025-07-08,2025-03-07,53.2924041748,-1.4360592365,flowering,5,872.4898223876979
2025-06-28,2025-03-07,-41.3077704202,173.1261702039,flowering,5,868.8259948730495
2024-05-10,2024-02-29,53.654257366,10.0999194011,flowering,5,329.4015655517593
2025-06-10,2025-03-07,48.4157083333,9.9753722222,flowering,5,542.7884292602558
2025-06-10,2025-03-07,48.4166194444,9.9765694444,flowering,5,542.7884292602558
2025-06-27,2025-03-07,48.7107263273,15.3151375428,flowering,5,778.6721603393578
2025-07-06,2025-03-07,50.8099514894,8.7630252368,flowering,5,939.8949844360377
2025-07-05,2025-03-07,48.2116966388,16.5265455097,flowering,5,1179.6591613769551
2025-06-28,2025-03-07,44.8310682736,-81.3482986308,flowering,5,469.1999343872087
2025-07-05,2025-03-07,55.4578966667,11.936105,flowering,5,756.0626510620142
2025-06-25,2025-03-07,37.8004420294,-122.2547584841,flowering,5,
2025-04-20,2025-03-07,51.48204445,11.6996777833,flowering,5,141.92815399170001
2025-06-24,2025-03-07,48.4019025997,-122.6635165,flowering,5,
2025-07-04,2025-03-07,53.8324919064,-1.5298841614,flowering,5,796.475480651858
2025-07-04,2025-03-07,51.1539015997,-1.3345316,flowering,5,927.6890869140651
2025-07-03,2025-03-07,53.8757703001,-166.536101871,flowering,5,86.56919250488374
2024-05-11,2024-02-29,41.89448,12.4841,flowering,5,664.7605331420915
2025-07-02,2025-03-07,54.86545534,83.10500871,flowering,5,786.5649658203142
2025-07-02,2025-03-07,48.2428966667,11.3360283333,flowering,5,937.1371749877954
2025-07-02,2025-03-07,50.8203381662,8.7848968424,flowering,5,883.5162933349634
2025-06-21,2025-03-07,49.9930386012,8.2459521116,flowering,5,822.3687591552757
2025-06-29,2025-03-07,37.8063009295,-122.2588436928,flowering,5,
2025-06-30,2025-03-07,52.1166863868,26.1162203882,flowering,5,778.4475646972679
2025-06-29,2025-03-07,44.49065,-80.9228083333,flowering,5,722.8325927734394
2025-06-29,2025-03-07,-37.0143246388,174.5378543311,flowering,5,1290.4892654418936
2025-06-29,2025-03-07,43.1488968835,-77.6144468021,flowering,5,949.0221420288108
2025-06-28,2025-03-07,37.8115972222,-122.1567194444,flowering,5,1150.3636840820327
2025-06-29,2025-03-07,56.0070239,-2.8615416,flowering,5,
2025-06-28,2025-03-07,44.8412133078,-81.2251407012,flowering,5,503.6866928100603
2025-06-07,2025-03-07,54.6516933,-2.578373,flowering,5,318.07734069824403
2025-03-30,2025-03-07,51.5625137044,0.0430290708,flowering,5,82.44476165771528
2025-06-26,2025-03-07,37.2940798311,-121.9004152603,flowering,5,1208.8678314208996
2025-04-15,2025-03-07,48.2872667048,-122.6476909391,flowering,5,124.66353454589932
2025-06-23,2025-03-07,47.5853583333,-122.6443,flowering,5,745.6197280883813
2025-06-24,2025-03-07,47.017385,12.3725583333,flowering,5,144.09924926757878
2025-06-24,2025-03-07,52.627142831,1.2877316817,flowering,5,760.7869796752954
2025-06-19,2025-03-07,48.9194495163,8.4734137729,flowering,5,764.8690002441429
2025-06-23,2025-03-07,43.1746615169,-77.5243844782,flowering,5,739.18927459717
2025-06-24,2025-03-07,-36.9344282167,174.7345430776,flowering,5,1249.4249877929683
2025-06-13,2025-03-07,51.7462833333,-1.2626416667,flowering,5,651.3905395507834
2025-06-23,2025-03-07,52.6237803306,1.3041561875,flowering,5,745.7471374511742
2025-06-23,2025-03-07,57.7287757237,11.9270961164,flowering,5,
2025-06-22,2025-03-07,45.3665633333,-123.9622633333,flowering,5,653.6214721679712
2025-06-20,2025-03-07,51.9636844693,7.6109665632,flowering,5,784.3093536376975
2025-06-22,2025-03-07,54.0253634389,13.9209211056,flowering,5,
2025-06-22,2025-03-07,52.4556183333,13.3075566667,flowering,5,793.3420867919945
2025-06-22,2025-03-07,50.1245607762,-5.6789522152,flowering,5,797.2691925048853
2025-06-22,2025-03-07,54.09552771,13.37877431,flowering,5,674.5120727539085
2025-06-17,2025-03-07,48.163086,11.499467,flowering,5,677.9566024780295
2025-06-21,2025-03-07,47.119415262,12.4957673268,flowering,5,99.31295776367244
2023-09-29,2023-09-29,-43.6310073501,171.6480436085,flowering,5,1.6960617065429915
2025-06-20,2025-03-07,-43.8144862672,172.9048796677,flowering,5,692.5186004638696
2025-06-20,2025-03-07,-43.8145011841,172.9048937472,flowering,5,692.5186004638696
2025-06-20,2025-03-07,43.6622390747,-124.1985931396,flowering,5,
2025-06-20,2025-03-07,55.6006202661,-1.7555593606,flowering,5,512.2726211547873
2025-04-19,2025-03-07,37.8064335556,-122.2589983056,flowering,5,
2025-06-19,2025-03-07,52.6637638889,-3.1329527778,flowering,5,611.7069961547874
2025-06-19,2025-03-07,52.4541083721,13.4729568011,flowering,5,739.7749282836936
2025-06-19,2025-03-07,49.9230671192,11.5844824773,flowering,5,649.6845306396506
2025-06-19,2025-03-07,48.5397647,9.03561524,flowering,5,681.6750106811545
2025-06-19,2025-03-07,49.868688737,8.6782396759,flowering,5,791.8245223999046
2025-06-18,2025-03-07,50.8478849722,24.2692729722,flowering,5,636.0628906250021
2025-06-18,2025-03-07,48.5096466667,22.1468028333,flowering,5,793.5264846801779
2025-06-18,2025-03-07,51.9626121521,-9.6087436676,flowering,5,624.5966171264671
2025-06-18,2025-03-07,47.3036116667,11.5205533333,flowering,5,286.3157531738294
2025-06-18,2025-03-07,50.72473732,7.09073675,flowering,5,759.9978668212913
2025-06-18,2025-03-07,49.9913807514,8.2426759366,flowering,5,774.7082626342795
2025-06-18,2025-03-07,54.1868396027,7.8773715263,flowering,5,
2025-06-16,2025-03-07,53.4095166667,-2.9828638889,flowering,5,644.1201583862327
2025-06-17,2025-03-07,43.1748672127,-77.5239978355,flowering,5,630.1584503173847
2025-06-16,2025-03-07,37.9795643816,-80.9461990697,flowering,5,897.7789306640647
2025-06-17,2025-03-07,50.8032846997,8.8084044,flowering,5,641.2543228149435
2025-06-17,2025-03-07,51.4613524891,6.9868694807,flowering,5,771.4216384887717
2025-06-17,2025-03-07,48.42106502,9.9608271514,flowering,5,641.866229248049
2025-06-17,2025-03-07,51.3279916667,12.39277,flowering,5,690.8531219482443
2025-06-17,2025-03-07,51.8769662428,12.6574395915,flowering,5,731.4806045532248
2025-04-11,2025-03-07,48.1015361111,-123.41375,flowering,5,76.32376708984441
2025-06-16,2025-03-07,37.2726497976,-121.9032514936,flowering,5,1076.1503631591818
2025-06-13,2025-03-07,49.2362101283,-122.9654056017,flowering,5,609.3907669067404
2025-06-16,2025-03-07,49.2482757567,6.0866918561,flowering,5,732.091670227053
2025-06-14,2025-03-07,44.7467399077,-79.8889651895,flowering,5,447.86906433105617
2025-06-15,2025-03-07,42.8450704484,-78.8062972165,flowering,5,651.8424041748065
2025-06-15,2025-03-07,50.8126475997,8.7710617,flowering,5,616.2868438720724
2025-06-15,2025-03-07,48.1938369272,16.38420405,flowering,5,783.722576904299
2025-06-11,2025-03-07,44.8125449,20.46123,flowering,5,952.6934219360372
2025-06-14,2025-03-07,47.3117113247,15.3764136604,flowering,5,421.19676055908394
2025-05-06,2025-03-07,50.5400470833,13.9854401944,flowering,5,269.909556579591
2025-06-13,2025-03-07,33.7950792368,-117.7538194148,flowering,5,1195.8079971313487
2025-06-15,2025-03-07,-36.8649898843,174.7242732346,flowering,5,1183.2268310546879
2025-06-13,2025-03-07,50.062920415,19.9573312075,flowering,5,604.0328918457051
2025-06-14,2025-03-07,43.2386063097,-77.5671109032,flowering,5,587.9911697387713
2025-06-14,2025-03-07,50.6209342792,3.0536825873,flowering,5,748.9919189453146
2025-06-14,2025-03-07,62.90963381,27.70170011,flowering,5,240.86878967285247
2025-06-13,2025-03-07,54.1169961636,10.2909547929,flowering,5,539.0362167358419
2025-05-08,2025-03-07,51.005666,10.183102,flowering,5,231.74662322998165
2025-05-10,2025-03-07,53.991727,13.270569,flowering,5,259.0339111328137
2025-06-12,2025-03-07,47.6889116731,-122.26583,flowering,5,653.5478454589866
2025-06-12,2025-03-07,51.3281466667,12.329795,flowering,5,618.8611633300801
2025-06-12,2025-03-07,47.41369382,9.74689033,flowering,5,484.9287490844746
2025-05-21,2025-03-07,-43.6473499062,172.4633060944,flowering,5,624.6232162475603
2025-06-11,2025-03-07,53.3883660997,-6.0801918997,flowering,5,584.7571746826194
2025-06-11,2025-03-07,52.2091914112,20.9685437224,flowering,5,600.8937133789082
2025-06-11,2025-03-07,52.2086847185,20.9684968625,flowering,5,600.8937133789082
2025-06-11,2025-03-07,49.1043853758,6.2106204031,flowering,5,668.0116378784201
2025-06-04,2025-03-07,53.024225,-4.0598138889,flowering,5,418.5247848510761
2025-06-10,2025-03-07,43.2268444168,-77.560293953,flowering,5,538.5502761840837
2025-06-10,2025-03-07,43.2339994013,-77.552598477,flowering,5,538.5502761840837
2025-06-10,2025-03-07,43.6017633333,-124.176605,flowering,5,631.6753326416037
2025-06-10,2025-03-07,47.484245,12.42542,flowering,5,232.0616073608411
2025-06-10,2025-03-07,40.169025,-79.2337283333,flowering,5,676.3757034301776
2025-06-10,2025-03-07,56.0361166667,-3.3544,flowering,5,440.41160583496287
2025-06-10,2025-03-07,46.9382195507,15.9066098928,flowering,5,691.1858444213888
2025-06-09,2025-03-07,43.0984276,-76.2051161,flowering,5,613.1001846313494
2025-06-09,2025-03-07,44.5354838185,-123.2503829151,flowering,5,671.4764465332053
2025-06-09,2025-03-07,46.564239892,-87.4190762267,flowering,5,215.98226623535254
2025-06-07,2025-03-07,33.9259970639,35.8463901957,flowering,5,762.8098815917989
2025-06-09,2025-03-07,47.4070233536,9.7664770201,flowering,5,347.6459732055681
2025-05-12,2025-03-07,60.1751569776,24.9835724967,flowering,5,70.62194061279365
2025-06-09,2025-03-07,47.5692829642,15.9948854148,flowering,5,396.0628753662128
2025-06-09,2025-03-07,51.96348788,5.23303888,flowering,5,643.4165481567403
2025-05-30,2025-03-07,53.1958638889,-2.8802555556,flowering,5,489.6768951416034
2025-06-08,2025-03-07,54.3113133333,-130.3139166667,flowering,5,184.17623291015775
2025-06-08,2025-03-07,46.7919288,12.6811982,flowering,5,113.37896881103586
2025-05-25,2025-03-07,55.4034623681,22.8980797157,flowering,5,242.34761657714967
2025-05-16,2025-03-07,52.5045045,-6.9858038997,flowering,5,327.00592193603666
2025-06-07,2025-03-07,46.6880883333,14.563285,flowering,5,534.7529510498066
2025-06-07,2025-03-07,46.6880883333,14.563285,flowering,5,534.7529510498066
2025-06-07,2025-03-07,46.819425,14.5916033333,flowering,5,380.17834625244313
2025-06-05,2025-03-07,53.8061666667,-1.5540083333,flowering,5,437.0037490844745
2025-06-07,2025-03-07,43.1016331451,-77.4582313895,flowering,5,576.7950057983415
2025-06-03,2025-03-07,43.852336,-123.021398,flowering,5,524.8839874267597
2024-03-27,2024-02-29,46.1375450752,-122.951603155,flowering,5,76.93968963623092
2025-06-06,2025-03-07,45.9957791239,-84.3620566023,flowering,5,198.97804260254009
2025-06-06,2025-03-07,46.6018765997,14.0046581,flowering,5,452.1964965820331
2025-04-27,2025-03-07,48.6999251475,16.3619155437,flowering,5,256.816601562501
2025-06-06,2025-03-07,47.4102090476,9.764351584,flowering,5,321.6675979614274
2025-06-05,2025-03-07,53.1031775837,8.6555802917,flowering,5,546.0662704467792
2025-06-05,2025-03-07,50.8669250705,12.455189597,flowering,5,484.35781860351744
2025-05-31,2025-03-07,53.7953638889,-1.5365083333,flowering,5,408.54885406494316
2024-05-18,2024-02-29,50.2440762563,25.8323087543,flowering,5,381.44272918701313
2025-04-28,2025-03-07,46.317849445,-0.5415537581,flowering,5,347.7902984619152
2025-06-04,2025-03-07,43.1319731462,-77.6075757758,flowering,5,532.7961441040055
2025-06-04,2025-03-07,43.1318692339,-77.607508382,flowering,5,532.7961441040055
2025-06-04,2025-03-07,61.0064118,25.5912250997,flowering,5,226.22983703613386
2025-06-04,2025-03-07,61.0063920997,25.5915187997,flowering,5,226.22983703613386
2025-06-03,2025-03-07,46.5012824361,-84.2727699503,flowering,5,229.03381652832127
2025-05-10,2025-03-07,45.3782229343,25.4514605552,flowering,5,80.64993743896548
2025-06-03,2025-03-07,51.3386333333,12.3428716667,flowering,5,512.6221054077166
2025-06-03,2025-03-07,48.3307957786,15.5187018071,flowering,5,499.866012573244
2025-06-02,2025-03-07,52.31217405,-0.1621519402,flowering,5,530.3442123413105
2025-06-03,2025-03-07,43.6133023,1.5736315,flowering,5,770.6034591674825
2025-06-02,2025-03-07,43.1254692725,-77.5788657102,flowering,5,499.755934143068
2025-05-31,2025-03-07,-37.7576147313,145.6823551044,flowering,5,781.6101913452168
2025-06-02,2025-03-07,48.007648468,-122.5590362549,flowering,5,
2025-06-02,2025-03-07,38.0428388333,-122.7919166667,flowering,5,634.413639831545
2025-06-02,2025-03-07,54.4117133333,26.0025433333,flowering,5,316.89437255859514
2025-06-02,2025-03-07,53.2697516667,-2.67883,flowering,5,507.0807968139667
2025-05-31,2025-03-07,47.4175149387,9.0788138697,flowering,5,360.502029418947
2025-06-01,2025-03-07,43.1575842738,-77.4784014073,flowering,5,421.8859649658218
2025-05-31,2025-03-07,39.1134191,-79.4857237,flowering,5,504.25641021728677
2025-05-31,2025-03-07,39.112438,-79.5003589,flowering,5,504.25641021728677
2025-06-01,2025-03-07,47.6381072998,-122.2975463867,flowering,5,537.6250778198262
2025-06-01,2025-03-07,46.1884282179,-123.8355185555,flowering,5,
2025-05-31,2025-03-07,51.9025752292,10.4238061757,flowering,5,351.85395507812666
2025-06-01,2025-03-07,47.26901,15.69174,flowering,5,351.6019348144548
2025-06-01,2025-03-07,40.432201107,-3.7369012088,flowering,5,683.8568664550801
2025-05-30,2025-03-07,48.1398468158,-4.1802378662,flowering,5,604.9462203979512
2025-05-26,2025-03-07,59.8689633333,-1.28987,flowering,5,
2025-04-27,2025-03-07,44.03229167,-123.08048889,flowering,5,241.44927215576286
2025-05-31,2025-03-07,44.39195,-123.295655,flowering,5,547.7913665771504
2025-05-31,2025-03-07,45.499531,12.243035,flowering,5,773.1566940307637
2025-05-28,2025-03-07,45.46912,-122.7196116667,flowering,5,553.0600372314472
2025-05-28,2025-03-07,45.522338343,-122.8457616667,flowering,5,533.6440597534198
2025-05-31,2025-03-07,44.0561103821,-123.373374939,flowering,5,539.6508483886738
2025-05-31,2025-03-07,51.6612279519,19.530698061,flowering,5,427.40461425781416
2025-05-31,2025-03-07,61.8731833333,28.8552583333,flowering,5,150.5399169921883
2025-05-30,2025-03-07,43.157575,-77.4783466667,flowering,5,409.4311660766616
2025-05-30,2025-03-07,44.5654666667,-123.2854616667,flowering,5,507.1982925415058
2025-05-30,2025-03-07,48.0873194841,-123.7893170523,flowering,5,273.6679412841813
2025-05-30,2025-03-07,44.0859794617,-123.1195602417,flowering,5,531.3688018798847
2025-05-29,2025-03-07,48.0973211255,-123.4987026274,flowering,5,312.3474655151384
2025-05-29,2025-03-07,52.6197412994,1.2866201094,flowering,5,445.7420486450213
2024-09-07,2024-02-29,43.0406198047,-77.5066466799,flowering,5,2225.354539489742
2025-05-29,2025-03-07,46.5024287252,-84.3071578816,flowering,5,188.89226837158287
2025-05-29,2025-03-07,51.7749627,0.0753207,flowering,5,480.9230010986346
2025-05-29,2025-03-07,51.8048333333,14.3535694444,flowering,5,481.7463088989275
2025-05-29,2025-03-07,63.5485035,27.1867291997,flowering,5,117.18337707519595
2025-05-29,2025-03-07,48.6970155666,15.9594289986,flowering,5,489.31802368164233
2025-05-29,2025-03-07,59.3306056013,18.0917241052,flowering,5,214.06861419677875
2025-05-26,2025-03-07,-54.8069500874,-68.2125831395,flowering,5,50.320429992676395
2025-02-27,2025-03-07,53.5540329724,-1.4800045618,flowering,5,0.03290710449221024
2025-04-28,2025-03-07,46.318241,-0.5411911,flowering,5,347.7902984619152
2025-04-05,2025-03-07,46.3184301,-0.1559379997,flowering,5,152.45710144043028
2025-04-18,2025-03-07,46.3364051,-0.4579822997,flowering,5,267.5745086669931
2025-05-01,2025-03-07,46.4007671997,-0.3458716,flowering,5,364.028567504884
2025-03-28,2025-03-07,51.3807982121,12.2413051948,flowering,5,41.07760467529329
2025-04-05,2025-03-07,46.3180915,-0.1561275,flowering,5,152.45710144043028
2025-03-31,2025-03-07,46.2919140997,-0.2486882997,flowering,5,112.65265808105516
2025-05-28,2025-03-07,54.8799181,-1.82262979,flowering,5,301.5058242797868
2025-02-05,2025-03-07,46.3984317997,-0.2218850997,flowering,5,0.0
2025-05-27,2025-03-07,49.26537,-123.092005,flowering,5,353.4206558227555
2025-05-27,2025-03-07,43.1749675171,-77.523882434,flowering,5,379.3479705810561
2025-05-27,2025-03-07,43.1753784488,-77.5235985272,flowering,5,379.3479705810561
2025-05-27,2025-03-07,32.7137164,-117.1733212997,flowering,5,846.4581100463886
2025-05-27,2025-03-07,48.2269183959,16.4037099871,flowering,5,513.76615753174
2025-05-20,2025-03-07,48.4149611111,9.9757027778,flowering,5,334.83576812744286
2025-05-27,2025-03-07,47.9608216323,7.7870552614,flowering,5,494.6648818969744
2025-05-26,2025-03-07,48.6459235,13.4008272,flowering,5,433.17359771728684
2025-05-27,2025-03-07,48.7069062902,16.0577227581,flowering,5,490.2918594360368
2025-05-27,2025-03-07,48.70695024,16.05749227,flowering,5,490.2918594360368
2025-05-26,2025-03-07,48.2109256058,16.2934079021,flowering,5,470.1207153320329
2025-04-05,2025-03-07,52.2663493428,7.1763567071,flowering,5,100.26757354736378
2025-05-26,2025-03-07,40.0238650128,-124.068230018,flowering,5,
2025-05-26,2025-03-07,58.5212637452,31.2731124429,flowering,5,232.64953155517674
2025-05-25,2025-03-07,38.6985168456,22.1422195433,flowering,5,374.5827651977555
2025-05-26,2025-03-07,42.9066692,-76.5489833997,flowering,5,402.95975036621235
2025-05-26,2025-03-07,38.0532345,-81.1040701997,flowering,5,716.7890991210954
2025-05-24,2025-03-07,45.0763759201,-81.3025003407,flowering,5,120.32792816162191
2025-05-26,2025-03-07,47.0556379338,15.4529974657,flowering,5,385.38276824951333
2025-05-25,2025-03-07,38.7028097882,141.4131367651,flowering,5,449.32579650879063
2025-05-26,2025-03-07,52.3994822605,4.9179303659,flowering,5,476.27806091308764
2025-05-26,2025-03-07,47.5078889926,15.4482364566,flowering,5,267.80856323242335
2025-05-26,2025-03-07,47.5080781032,15.4476800482,flowering,5,267.80856323242335
2025-05-26,2025-03-07,46.9354149,13.1965225,flowering,5,25.788665771484716
2025-05-26,2025-03-07,51.1040700647,12.6336701587,flowering,5,389.7000198364274
2025-05-26,2025-03-07,48.75983502,15.95798343,flowering,5,454.3443847656266
2025-05-26,2025-03-07,48.7596844641,15.9565462725,flowering,5,454.3443847656266
2025-05-25,2025-03-07,61.8786277778,28.8542444444,flowering,5,98.53642883300847
2025-05-25,2025-03-07,41.9492851362,14.03816666,flowering,5,202.74457397461072
2025-05-25,2025-03-07,55.7155840583,11.7432639375,flowering,5,329.30493011474766
2025-05-25,2025-03-07,54.8433333333,-1.4669444444,flowering,5,308.4617752075211
2025-05-25,2025-03-07,50.11892,15.6057216667,flowering,5,410.3601303100602
2025-05-25,2025-03-07,47.3518276085,21.6331079801,flowering,5,552.5226699829118
2025-05-25,2025-03-07,39.93481522,32.83184544,flowering,5,569.4528045654313
2025-05-24,2025-03-07,48.4135383333,-122.6485133333,flowering,5,354.768664550783
2025-05-24,2025-03-07,38.558395,-121.4231116667,flowering,5,924.2848037719745
2025-05-24,2025-03-07,47.3933330353,-123.115964812,flowering,5,437.16731414795095
2025-05-20,2025-03-07,44.5138232106,-84.7502920032,flowering,5,254.88978729248151
2025-05-23,2025-03-07,49.250662895,-122.9615767967,flowering,5,325.1776184082047
2025-05-24,2025-03-07,48.9362638889,-125.5516222222,flowering,5,
2025-05-24,2025-03-07,50.1098278333,8.671805,flowering,5,461.2205566406267
2025-05-22,2025-03-07,55.8693787333,-4.2845170333,flowering,5,290.05157623291166
2025-05-23,2025-03-07,54.7644491577,56.0124071262,flowering,5,312.3755813598643
2025-05-24,2025-03-07,-37.2772318698,144.7352742141,flowering,5,786.6297210693377
2025-05-23,2025-03-07,47.4871137358,-122.3106728053,flowering,5,427.0294891357439
2025-05-23,2025-03-07,38.5434916667,-121.4994133333,flowering,5,910.8912322998065
2025-05-12,2025-03-07,48.4222194444,-123.3770194444,flowering,5,
2025-05-23,2025-03-07,43.0360412286,-78.8854784324,flowering,5,378.95914611816534
2025-05-23,2025-03-07,37.7916219,-122.4289619,flowering,5,664.11586456299
2025-05-23,2025-03-07,49.2260818333,8.8545618056,flowering,5,466.72547760009934
2025-05-02,2025-03-07,41.1488222222,-8.6716972222,flowering,5,
2025-05-22,2025-03-07,37.8045362245,-122.2155478274,flowering,5,698.3165924072283
2025-05-09,2025-03-07,53.3437935194,-6.254571788,flowering,5,260.099240112306
2025-05-23,2025-03-07,48.20440529,16.36013793,flowering,5,476.88255310058753
2025-05-23,2025-03-07,52.2220566667,20.976555,flowering,5,379.3069915771499
2025-05-23,2025-03-07,48.2041449457,16.3604561932,flowering,5,476.88255310058753
2025-05-20,2025-03-07,47.6318333333,-122.31707,flowering,5,412.5054000854509
2025-05-22,2025-03-07,49.326594445,-123.132969445,flowering,5,311.62783966064603
2025-05-22,2025-03-07,49.2560133333,18.5337966667,flowering,5,274.04940338134907
2025-05-20,2025-03-07,40.58133,-124.1373971667,flowering,5,406.10807037353686
2025-05-22,2025-03-07,-43.5342253919,172.6283082739,flowering,5,646.654292297365
2025-05-20,2025-03-07,38.7710269997,-9.0921546,flowering,5,756.9748382568376
2025-05-21,2025-03-07,43.5630440498,1.4812697098,flowering,5,619.1238327026384
2025-05-21,2025-03-07,52.30439,21.0141,flowering,5,353.5508239746108
2025-05-21,2025-03-07,48.1346940286,16.2462716355,flowering,5,385.3683044433609
2025-05-21,2025-03-07,50.297598,26.8621543,flowering,5,308.43369750976706
2025-05-21,2025-03-07,48.759802193,15.9588842699,flowering,5,414.3194366455093
2025-05-17,2025-03-07,45.2442080967,1.0354158569,flowering,5,545.9058609008805
2025-05-21,2025-03-07,48.7594517923,15.9566954183,flowering,5,414.3194366455093
2025-05-08,2025-03-07,39.9153633259,32.9884380263,flowering,5,327.7954605102551
2025-05-17,2025-03-07,55.6219930532,37.6810897344,flowering,5,178.02662658691497
2025-05-20,2025-03-07,37.7400307,-122.3763104,flowering,5,
2025-05-19,2025-03-07,39.0904073052,-76.8683970847,flowering,5,706.784320068361
2025-05-20,2025-03-07,51.4455895963,-0.440398939,flowering,5,431.55824279785315
2025-05-19,2025-03-07,43.1728898516,-77.52570645,flowering,5,335.3040054321301
2025-05-19,2025-03-07,43.1755674445,-77.5237913353,flowering,5,335.3040054321301
2025-05-19,2025-03-07,43.1755890712,-77.5238557444,flowering,5,335.3040054321301
2025-05-19,2025-03-07,53.91307572,27.61725239,flowering,5,211.65363311767692
2025-05-19,2025-03-07,51.7181654674,-5.0240306184,flowering,5,423.884825134279
2025-05-19,2025-03-07,50.7176114,7.0985097,flowering,5,416.7829010009781
2025-05-18,2025-03-07,38.73959429,-9.13374849,flowering,5,757.1135147094743
2025-05-18,2025-03-07,43.2590557997,-77.4475714997,flowering,5,218.02455444336044
2025-05-18,2025-03-07,40.472844,-79.948096,flowering,5,552.1246948242202
2025-05-17,2025-03-07,46.6072194444,7.1084111111,flowering,5,127.2725524902354
2025-03-28,2025-03-07,51.3872018864,12.2657304663,flowering,5,39.68893280029329
2025-05-17,2025-03-07,47.1974272643,-122.4559762223,flowering,5,386.13396606445474
2025-05-17,2025-03-07,59.3982939325,27.2807696733,flowering,5,111.08498992919999
2025-05-17,2025-03-07,59.4006361231,27.2813445771,flowering,5,111.08498992919999
2025-05-17,2025-03-07,53.2295624359,-4.5209187551,flowering,5,
2025-05-17,2025-03-07,41.5637784096,14.6555380896,flowering,5,475.00085144043123
2025-05-13,2025-03-07,51.065058,24.4739779722,flowering,5,296.506855773927
2025-05-16,2025-03-07,47.6023083333,-122.1479388889,flowering,5,352.14172210693516
2025-05-16,2025-03-07,43.1293666667,-77.6279216667,flowering,5,364.7094223022473
2025-05-13,2025-03-07,45.3654226835,-122.8410774842,flowering,5,400.681176757814
2025-05-16,2025-03-07,40.7776483877,-124.1471800374,flowering,5,372.5121856689469
2025-05-16,2025-03-07,53.9469739031,-1.0502851576,flowering,5,304.4925903320327
2025-05-15,2025-03-07,43.1644778333,-77.5560833333,flowering,5,295.73614196777453
2025-05-06,2025-03-07,41.3270916667,-79.1894833333,flowering,5,296.51682891845803
2025-05-16,2025-03-07,46.0594653962,11.1521208286,flowering,5,340.3806961059586
2025-05-16,2025-03-07,40.9748478653,-3.5751903243,flowering,5,238.140156555177
2025-05-16,2025-03-07,51.1470309726,1.2627776702,flowering,5,
2025-05-16,2025-03-07,43.333386926,-1.7899205536,flowering,5,522.8064819335954
2025-05-12,2025-03-07,43.0196380615,-78.8317260742,flowering,5,291.7525268554698
2025-04-04,2025-03-07,45.5415278941,-122.9336650266,flowering,5,100.00978393554749
2025-04-04,2025-03-07,45.5415278941,-122.9336650266,flowering,5,100.00978393554749
2025-05-02,2025-03-07,50.4635279396,30.5435770378,budding,5,229.5478103637705
2025-05-02,2025-03-07,50.4644125841,30.544581525,flowering,5,229.5478103637705
2025-05-15,2025-03-07,42.7723724,-78.7320215,flowering,5,333.2480438232433
2025-05-15,2025-03-07,50.0857593787,14.4630999863,flowering,5,342.5248580932631
2025-05-15,2025-03-07,42.8911724257,-8.4892334607,flowering,5,457.1398986816422
2025-05-15,2025-03-07,41.10260355,-3.49004545,flowering,5,177.08158416748154
2025-05-14,2025-03-07,43.175595064,-77.523835763,flowering,5,285.2948959350597
2025-05-14,2025-03-07,43.1754286926,-77.5236793792,flowering,5,285.2948959350597
2025-05-14,2025-03-07,43.2902832031,-81.4834976196,flowering,5,236.58703155517674
2025-05-14,2025-03-07,40.42597,-79.9956283333,flowering,5,502.84956665039203
2025-05-03,2025-03-07,49.2497808,-122.9067483997,flowering,5,238.47681732177853
2025-05-01,2025-03-07,49.2475493997,-122.9193601997,flowering,5,219.63427734375114
2025-04-29,2025-03-07,37.9948597217,-80.9585763883,flowering,5,371.0486862182628
2025-05-14,2025-03-07,51.478178,-0.298778,flowering,5,380.76967468261864
2025-05-14,2025-03-07,51.471819,-0.294164,flowering,5,380.76967468261864
2025-05-14,2025-03-07,43.5414998674,-71.9597681479,flowering,5,213.86644744873138
2025-05-01,2025-03-07,44.2485304565,9.8208955412,flowering,5,384.5107971191419
2025-05-03,2025-03-07,42.9454280468,-0.8431269228,flowering,5,95.79120788574289
2025-05-14,2025-03-07,48.4360616667,-123.3274533333,flowering,5,
2025-05-01,2025-03-07,50.0290689722,12.6757229722,flowering,5,137.99645538330162
2025-05-14,2025-03-07,49.1734649759,-122.5754448043,flowering,5,281.54783935547005
2025-05-01,2025-03-07,41.2703380441,-7.5043804631,flowering,5,312.70986175537234
2025-05-14,2025-03-07,49.9730378,5.9849125,flowering,5,282.4230987548842
2025-05-14,2025-03-07,47.9343055556,13.3022388889,flowering,5,230.5185989379895
2025-05-13,2025-03-07,59.400156616,27.2899607112,flowering,5,96.89502716064521
2025-05-12,2025-03-07,57.6560166667,11.8771966667,flowering,5,
2025-05-10,2025-03-07,47.0305862228,8.3073270364,flowering,5,176.53488922119254
2025-05-14,2025-03-07,54.963097481,12.5046086422,flowering,5,
2025-05-13,2025-03-07,46.1865440738,21.3122675568,flowering,5,492.90343475341933
2025-05-14,2025-03-07,45.4479033333,9.1781333333,flowering,5,561.8189300537125
2025-05-14,2025-03-07,53.42216672,26.05134381,flowering,5,224.64600830078234
2025-05-14,2025-03-07,53.13837154,24.93158309,flowering,5,249.7321868896496
2025-05-14,2025-03-07,59.6017511,25.9192697997,flowering,5,69.27225952148501
2025-05-14,2025-03-07,59.6033314,25.9186876997,flowering,5,69.27225952148501
2025-05-14,2025-03-07,59.6025871,25.9173845997,flowering,5,69.27225952148501
2025-05-14,2025-03-07,51.270705,14.6102583333,flowering,5,343.3074737548842
2025-05-14,2025-03-07,55.7224025061,13.2163499405,flowering,5,223.6824050903333
2025-05-14,2025-03-07,54.9532666667,12.4656555556,flowering,5,
2025-05-14,2025-03-07,46.2065734722,9.0264396667,flowering,5,152.80686798095815
2025-05-14,2025-03-07,55.8428992637,-4.3152169883,flowering,5,239.83312988281386
2025-05-14,2025-03-07,50.8060193328,8.7919851636,flowering,5,309.94628753662244
2025-05-14,2025-03-07,51.8099833333,19.2767416667,flowering,5,318.67450103759893
2025-05-14,2025-03-07,46.8215531311,15.2242934469,flowering,5,243.78595886230596
2025-05-14,2025-03-07,46.8211668191,15.2245722816,flowering,5,243.78595886230596
2025-05-14,2025-03-07,46.821638423,15.2232562611,flowering,5,243.78595886230596
2025-05-13,2025-03-07,39.4895305556,-123.8032138889,flowering,5,
2025-05-13,2025-03-07,47.6646016823,-122.3574548914,flowering,5,358.79793090820465
2025-05-13,2025-03-07,40.8826517919,-124.0787638073,flowering,5,360.64814453125155
2025-05-13,2025-03-07,38.9379616667,-123.72815,flowering,5,
2025-05-11,2025-03-07,43.8095614331,-81.7216800303,flowering,5,108.31941833496171
2025-05-13,2025-03-07,48.0859565735,-123.1558837891,flowering,5,264.10049591064603
2025-05-11,2025-03-07,49.3626536137,-124.476599358,flowering,5,
2025-05-13,2025-03-07,37.2090105535,-121.9054737117,flowering,5,552.9978454589859
2025-05-05,2025-03-07,45.468378,-122.660523,flowering,5,336.7353179931654
2025-05-12,2025-03-07,49.2714331,-123.1960732,flowering,5,
2025-05-13,2025-03-07,47.245853276,-122.4378884956,flowering,5,345.5594955444351
2025-05-13,2025-03-07,52.6440340997,1.1595439997,flowering,5,318.63520507812643
2025-05-13,2025-03-07,42.9609,-85.62652,flowering,5,341.94748229980587
2025-05-13,2025-03-07,60.229275,25.0188916667,flowering,5,75.09901580810617
2025-05-13,2025-03-07,48.57823856,13.47010937,flowering,5,330.6985458374037
2025-05-13,2025-03-07,50.13619607,14.42485383,flowering,5,318.9264282226576
2025-05-13,2025-03-07,50.13620658,14.42485041,flowering,5,318.9264282226576
2025-04-01,2025-03-07,51.6862709843,19.5069895587,flowering,5,50.23341217041059
2025-05-13,2025-03-07,51.4167338736,19.7293499432,flowering,5,308.8907394409192
2025-05-13,2025-03-07,60.4337939997,22.1714663997,flowering,5,67.0517593383795
2025-05-13,2025-03-07,62.7711772663,22.8323666006,flowering,5,68.54253082275443
2025-05-10,2025-03-07,54.1925779722,17.995988,flowering,5,189.5575805664073
2025-05-04,2025-03-07,44.5552116667,-123.2776033333,flowering,5,284.7483703613294
2025-05-08,2025-03-07,37.5934992358,-122.3959211447,flowering,5,475.58372192382956
2025-03-22,2025-03-07,37.6227073667,22.22202301,flowering,5,66.56911773681668
2025-05-04,2025-03-07,38.7693861111,-9.1277638889,flowering,5,573.7838195800795
2025-05-01,2025-03-07,37.8417388889,-122.3144694444,flowering,5,
2025-05-03,2025-03-07,37.7693722222,-122.4702916667,flowering,5,
2025-05-04,2025-03-07,47.0851298841,24.3540291382,flowering,5,277.7944198608409
2025-05-12,2025-03-07,48.09986181,14.8367516,flowering,5,337.7235473632826
2025-05-12,2025-03-07,46.6202512896,13.8217573924,flowering,5,205.52377014160265
2025-04-27,2025-03-07,41.7244816152,12.9951165151,flowering,5,308.1152679443371
2025-05-09,2025-03-07,54.6208448,26.4435999997,flowering,5,183.28935546875084
2025-05-10,2025-03-07,42.7387318997,-77.8971293,flowering,5,289.106967163087
2025-05-11,2025-03-07,49.5509144711,-124.668123331,flowering,5,210.74413909912232
2025-05-11,2025-03-07,33.9997961075,-118.485172121,flowering,5,
2025-05-10,2025-03-07,40.8241654643,14.9777280539,flowering,5,328.35917663574355
2025-05-11,2025-03-07,51.3382833333,12.3492883333,flowering,5,299.69452667236453
2025-05-08,2025-03-07,44.2767955899,-124.057845632,flowering,5,
2025-05-10,2025-03-07,51.2456959131,12.3740759119,flowering,5,290.1955474853528
2025-05-11,2025-03-07,51.3176600682,12.3351507727,flowering,5,299.69452667236453
2025-05-11,2025-03-07,52.404948,-1.505534,flowering,5,305.23581695556777
2025-05-11,2025-03-07,47.1091454719,15.2966804909,flowering,5,282.5450469970716
2025-05-10,2025-03-07,47.0733587,-122.7094852,flowering,5,
2025-05-10,2025-03-07,47.0782261,-122.7090055,flowering,5,
2025-05-01,2025-03-07,51.6693366345,-2.4219695471,flowering,5,248.74856567382926
2025-05-09,2025-03-07,36.65362,-121.7983033333,flowering,5,487.0942520141616
2025-05-10,2025-03-07,49.1264418622,-123.19493783,flowering,5,
2024-10-01,2024-02-29,56.1401236099,8.9337603003,flowering,5,1649.3877105712868
2025-05-10,2025-03-07,59.4021240686,27.2866281787,flowering,5,89.6739456176764
2025-05-10,2025-03-07,59.3513935646,27.4283374352,flowering,5,90.56214904785213
2025-05-01,2025-03-07,49.519093,-124.139595,flowering,5,
2025-05-10,2025-03-07,55.7297398719,37.5025482103,flowering,5,142.9324432373054
2025-05-10,2025-03-07,55.9718826,-3.1591431,flowering,5,
2025-05-09,2025-03-07,47.9717963242,7.8929463067,flowering,5,289.0879562377943
2024-04-12,2024-02-29,51.7424471138,8.6208326742,flowering,5,198.8121963500986
2025-05-10,2025-03-07,42.4920343135,13.4544520804,flowering,5,173.43885040283317
2025-05-10,2025-03-07,45.8101923423,-122.5371277824,flowering,5,356.13482360839987
2025-05-05,2025-03-07,50.9261333333,7.2734861111,flowering,5,293.2443359375012
2025-05-10,2025-03-07,49.75119784,6.6426613163,flowering,5,280.2072189331068
2025-05-08,2025-03-07,48.0498758624,14.419558011,flowering,5,247.21688385009884
2025-04-30,2025-03-07,50.097872,-5.264793,flowering,5,
2025-05-10,2025-03-07,39.1134472797,-8.9957715478,flowering,5,593.6020050048843
2025-05-09,2025-03-07,43.1320937147,-77.6039772481,flowering,5,284.5255737304698
2025-05-10,2025-03-07,53.2488466,7.9297516,flowering,5,299.6650634765638
2025-05-10,2025-03-07,51.6627289514,11.4732478808,flowering,5,277.11372375488406
2025-05-10,2025-03-07,48.7491116667,8.5290633333,flowering,5,236.86078338623167
2025-05-09,2025-03-07,43.1304961519,-77.605788514,flowering,5,284.5255737304698
2025-05-09,2025-03-07,43.444595708,-80.5000186926,flowering,5,189.133493041993
2025-05-09,2025-03-07,32.4789709888,-95.715069862,flowering,5,945.1397003173843
2025-05-09,2025-03-07,34.0372497915,-118.0586328452,flowering,5,692.4164489746108
2025-04-28,2025-03-07,38.7854222222,-9.3989722222,flowering,5,480.18114166259886
2025-05-09,2025-03-07,48.2545615165,16.430369541,flowering,5,372.48535156250125
2025-05-09,2025-03-07,52.6503605553,13.0516594622,flowering,5,309.1075988769544
2025-05-09,2025-03-07,50.129175,13.767625,flowering,5,245.85885314941527
2025-05-09,2025-03-07,50.316187169,7.8021262586,flowering,5,283.3369171142591
2025-05-09,2025-03-07,43.7343795256,0.3600483388,flowering,5,480.33906250000143
2025-05-09,2025-03-07,48.25423,16.430595,flowering,5,372.48535156250125
2025-05-09,2025-03-07,48.2546416667,16.4300466667,flowering,5,372.48535156250125
2025-05-09,2025-03-07,41.4096302385,-8.511348255,flowering,5,505.30854644775536
2025-05-08,2025-03-07,52.3923424549,4.9209157041,flowering,5,316.08187408447395
2025-05-09,2025-03-07,48.9579941,14.4766186997,flowering,5,272.3658126831067
2025-05-09,2025-03-07,43.8636144,15.9623068,flowering,5,475.7284484863295
2025-05-04,2025-03-07,49.2932533333,-124.1993033333,flowering,5,212.17331085205205
2025-05-08,2025-03-07,34.1646649099,-118.1658512399,flowering,5,593.6339843750014
2025-05-08,2025-03-07,37.832064,-122.2544695,flowering,5,
2025-05-07,2025-03-07,59.6372388889,17.0554805556,flowering,5,126.90086517334078
2025-05-08,2025-03-07,53.2356549614,-2.3075851039,flowering,5,252.59320983886846
2025-04-21,2025-03-07,45.765376,9.572227,flowering,5,164.97510986328223
2025-03-23,2025-03-07,44.4982853117,11.0168439593,flowering,5,70.28963470459018
2025-05-08,2025-03-07,44.1373812769,-124.1281213984,flowering,5,308.49424438476706
2025-05-08,2025-03-07,53.3529102113,83.7379418314,flowering,5,143.09385375976626
2025-05-08,2025-03-07,51.00510199,-2.18340876,flowering,5,297.2531936645521
2025-05-03,2025-03-07,54.5816209722,18.0090329722,flowering,5,179.2940780639658
2025-05-07,2025-03-07,37.99438,-122.466125,flowering,5,475.4237091064467
2025-05-07,2025-03-07,37.99442,-122.4660633333,flowering,5,475.4237091064467
2025-05-06,2025-03-07,47.6535229673,-122.3108939484,flowering,5,290.9838012695326
2025-05-07,2025-03-07,44.5555406157,-123.2771148161,flowering,5,314.67978668213027
2025-05-07,2025-03-07,45.56615,-122.8583,flowering,5,347.855865478517
2025-05-07,2025-03-07,49.4185271313,8.670557894,flowering,5,326.0035598754896
2025-05-07,2025-03-07,59.854575,-1.2743633333,flowering,5,
2025-05-07,2025-03-07,53.879956112,27.4506644546,flowering,5,179.9602508544931
2025-05-07,2025-03-07,60.1519361667,-1.136225,flowering,5,
2025-05-07,2025-03-07,50.0372042042,8.1580103841,flowering,5,316.5502014160169
2024-04-18,2024-02-29,42.4510833333,-76.5119333333,flowering,5,118.1399337768562
2025-05-06,2025-03-07,43.2276293202,-77.561259216,flowering,5,223.7414306640634
2025-05-06,2025-03-07,43.2261368101,-77.5620384481,flowering,5,223.7414306640634
2025-05-05,2025-03-07,43.3433216667,-122.740005,flowering,5,166.5735733032236
2025-05-06,2025-03-07,45.4297485352,-122.8062744141,flowering,5,337.1086105346693
2025-05-06,2025-03-07,40.1184111667,-79.1757883333,flowering,5,313.38222656250105
2025-05-01,2025-03-07,50.0506861667,8.500745,flowering,5,258.66961517334096
2025-04-29,2025-03-07,39.7405293941,-123.4185720305,flowering,5,262.5218948364269
2025-05-06,2025-03-07,51.6361728997,-4.700431,flowering,5,
2025-03-25,2025-03-07,47.5360347005,-122.392892847,flowering,5,48.51663665771525
2025-05-06,2025-03-07,48.8991915342,-123.3408914601,flowering,5,
2025-05-06,2025-03-07,53.9385605229,27.6643315267,flowering,5,179.4466308593759
2025-05-06,2025-03-07,51.37325,12.4246716667,flowering,5,269.036705017091
2025-05-06,2025-03-07,59.85206707,17.62765294,flowering,5,110.20094757080165
2025-05-03,2025-03-07,52.4635866667,-1.6031666667,flowering,5,252.73965759277462
2025-05-06,2025-03-07,41.0603103638,-3.5263063908,flowering,5,150.89992218017665
2025-05-06,2025-03-07,51.4617305556,7.0164972222,flowering,5,327.6759460449231
2025-04-17,2025-03-07,40.3520020254,-123.9858195875,flowering,5,194.02466583252044
2025-05-01,2025-03-07,45.9192157831,-123.9739533865,flowering,5,
2025-05-05,2025-03-07,48.5797599296,-123.193884639,flowering,5,
2025-05-05,2025-03-07,47.6533372561,-122.3126616889,flowering,5,281.02400665283335
2025-04-29,2025-03-07,37.6153652755,-122.4154802215,flowering,5,390.7165435791028
2025-04-30,2025-03-07,48.4163638889,9.9764194444,flowering,5,196.32945861816506
2025-04-30,2025-03-07,48.4168638889,9.9778194444,flowering,5,196.32945861816506
2025-04-30,2025-03-07,48.4177305556,9.9768972222,flowering,5,196.32945861816506
2025-05-04,2025-03-07,37.76958,-122.47297,flowering,5,
2025-04-30,2025-03-07,48.4180027778,9.9767055556,flowering,5,196.32945861816506
2025-04-26,2025-03-07,38.73695,-9.1564194444,flowering,5,490.1931549072277
2025-05-05,2025-03-07,55.5306150285,28.6428051442,flowering,5,156.6790542602546
2025-03-28,2025-03-07,46.3939555556,6.8949888889,flowering,5,13.865701293945563
2025-05-03,2025-03-07,46.4539833333,6.8598055556,flowering,5,174.29051208496207
2025-05-04,2025-03-07,39.2190608,-121.0610606,flowering,5,413.2936355590833
2025-05-02,2025-03-07,37.034602527,-122.0429839571,flowering,5,389.1550094604505
2025-05-03,2025-03-07,38.570245,-123.33528,flowering,5,349.33306579589976
2025-04-27,2025-03-07,49.2716805556,-123.1968388889,budding,5,
2025-04-25,2025-03-07,46.7389638889,15.7229805556,flowering,5,261.77628173828225
2025-05-03,2025-03-07,48.4398616667,2.4700866667,flowering,5,356.7413177490247
2025-04-28,2025-03-07,53.9478485499,-1.0593786836,flowering,5,174.58255157470808
2025-05-03,2025-03-07,48.5260890135,-122.1960290455,flowering,5,205.79968872070424
2025-04-28,2025-03-07,51.5610738776,-0.0356005828,flowering,5,242.35194854736437
2025-04-28,2025-03-07,37.8062581383,-122.2589174438,flowering,5,
2025-04-28,2025-03-07,53.2018259,-2.93147,flowering,5,219.64513854980578
2025-04-28,2025-03-07,48.0263603495,7.8020763735,flowering,5,232.48959808349719
2025-05-03,2025-03-07,39.0263741997,-79.3165931997,flowering,5,340.6127685546886
2025-04-28,2025-03-07,51.5288534859,-0.0398534525,flowering,5,239.80803222656357
2025-05-04,2025-03-07,45.34795312,-75.6668087,flowering,5,123.53955230712961
2025-05-04,2025-03-07,56.9798638889,-4.3573,flowering,5,60.13559570312566
2025-04-22,2025-03-07,56.9744907833,24.179357745,flowering,5,108.17559051513717
2025-05-03,2025-03-07,42.2248618411,3.0923046917,flowering,5,476.77274017334116
2025-04-28,2025-03-07,-43.6452591,172.4637656,flowering,5,497.35086517334105
2025-05-04,2025-03-07,51.3278321825,12.3701484073,flowering,5,257.4554260253917
2025-05-04,2025-03-07,51.3282336295,12.3692734167,flowering,5,257.4554260253917
2025-05-04,2025-03-07,55.8208084091,-4.2634805292,flowering,5,178.569793701173
2025-05-04,2025-03-07,48.2068466009,16.3965934888,flowering,5,345.1371170043957
2025-04-28,2025-03-07,37.806961244,-122.2500830131,flowering,5,410.5600860595715
2025-05-03,2025-03-07,58.3750033333,14.9184416667,flowering,5,120.13908233642655
2025-04-26,2025-03-07,47.2398566667,-122.4905516667,flowering,5,225.7095870971691
2025-04-26,2025-03-07,51.5216116825,-0.0078842827,flowering,5,223.3129348754893
2025-04-26,2025-03-07,51.5200338819,-0.0083954033,flowering,5,223.3129348754893
2025-04-26,2025-03-07,51.5181013829,-0.0056433008,flowering,5,223.3129348754893
2025-04-27,2025-03-07,51.4202691732,9.6210184878,flowering,5,170.19407196045017
2025-04-26,2025-03-07,51.5224944444,-0.0072703061,flowering,5,223.3129348754893
2025-04-26,2025-03-07,51.5201009555,-0.008362958,flowering,5,223.3129348754893
2025-04-26,2025-03-07,51.5197027894,-0.0077977001,flowering,5,223.3129348754893
2025-05-03,2025-03-07,40.3557409946,-123.9225098692,flowering,5,316.39823303222784
2025-05-02,2025-03-07,58.519885,31.70629,flowering,5,97.2616516113286
2025-05-02,2025-03-07,58.5193733333,31.70511,flowering,5,97.2616516113286
2025-04-26,2025-03-07,51.5235895588,-0.007010146,flowering,5,223.3129348754893
2025-05-03,2025-03-07,40.1184833333,-79.1764133333,flowering,5,287.9170425415049
2025-04-26,2025-03-07,51.5105004307,-0.033591192,flowering,5,223.3129348754893
2025-04-25,2025-03-07,43.0082086093,-0.730920732,flowering,5,130.86315460205162
2025-05-03,2025-03-07,50.0651923077,7.9759920635,flowering,5,257.69888305664176
2025-04-26,2025-03-07,51.5219626372,-0.0362605314,flowering,5,223.3129348754893
2025-05-03,2025-03-07,46.70149,15.0408883333,flowering,5,185.60478668212988
2025-04-26,2025-03-07,46.4565646817,6.8561323083,flowering,5,122.23933868408301
2025-05-03,2025-03-07,51.6717550532,6.6008426249,flowering,5,319.09907531738395
2025-05-03,2025-03-07,42.9579570976,-81.3102028652,flowering,5,190.2998931884773
2025-05-02,2025-03-07,49.33778,-57.560042,flowering,5,0.863465881347679
2025-04-25,2025-03-07,51.3736098182,-0.2743916667,flowering,5,214.541862487794
2025-04-25,2025-03-07,51.373300914,-0.2740243279,flowering,5,214.541862487794
2025-05-03,2025-03-07,51.56933806,-3.23736463,flowering,5,251.3757888793957
2025-04-26,2025-03-07,53.9480194262,-1.0551377758,flowering,5,158.64503326416116
2025-04-26,2025-03-07,53.948400837,-1.057315059,flowering,5,148.29099426269624
2025-04-28,2025-03-07,49.2891416667,-123.1442805556,flowering,5,160.11136932373142
2025-04-24,2025-03-07,47.2376889457,-122.4523893559,flowering,5,208.3901412963878
2025-04-14,2025-03-07,47.2535293596,-122.4526601752,flowering,5,154.50665740966883
2025-05-01,2025-03-07,53.1823905807,-4.4669749716,flowering,5,
2025-05-02,2025-03-07,49.2423133333,-123.192825,flowering,5,
2025-04-28,2025-03-07,49.2887638889,-123.1432888889,flowering,5,160.11136932373142
2025-04-28,2025-03-07,49.2908027778,-123.147225,budding,5,160.11136932373142
2025-04-28,2025-03-07,49.292275,-123.1489805556,budding,5,160.11136932373142
2025-05-02,2025-03-07,43.1656358215,-77.4493698381,flowering,5,194.851754760743
2025-04-28,2025-03-07,49.2844055556,-123.1437305556,budding,5,160.11136932373142
2025-04-28,2025-03-07,49.2788111111,-123.1381138889,flowering,5,160.11136932373142
2025-04-28,2025-03-07,49.2791944444,-123.1372833333,flowering,5,160.11136932373142
2025-04-27,2025-03-07,49.2580555556,-123.1989361111,budding,5,
2025-04-27,2025-03-07,49.2632472222,-123.2323527778,flowering,5,
2025-04-27,2025-03-07,49.2783,-123.2318027778,flowering,5,
2025-04-30,2025-03-07,57.1817390267,22.7795877296,flowering,5,111.35400390625057
2025-04-25,2025-03-07,51.5043527778,-0.111875,flowering,5,212.15991821289163
2025-04-27,2025-03-07,49.2782777778,-123.2278833333,flowering,5,
2025-05-02,2025-03-07,36.6559863836,-121.8012876437,flowering,5,420.57845611572395
2025-04-04,2025-03-07,45.595495,-122.7188175,flowering,5,109.05522613525454
2025-04-28,2025-03-07,49.1919413,-122.9992658997,flowering,5,192.5062362670909
2025-04-27,2025-03-07,49.2657694444,-123.2247388889,flowering,5,
2025-05-02,2025-03-07,46.53882888,6.56277726,flowering,5,304.789683532716
2025-05-02,2025-03-07,46.3769399722,-0.067454,flowering,5,368.86138610839964
2025-04-28,2025-03-07,36.3263863315,59.667044431,flowering,5,508.02322998046986
2025-05-02,2025-03-07,51.902005,-8.464155,flowering,5,263.4079162597669
2025-04-23,2025-03-07,43.6096928619,13.4446290135,flowering,5,351.0685546875011
2025-05-02,2025-03-07,43.201167807,17.5138891116,flowering,5,370.2012924194348
2025-05-02,2025-03-07,53.5455301519,-6.4613181353,flowering,5,256.91926422119263
2025-04-28,2025-03-07,47.7239638889,-122.3502444444,flowering,5,233.18621978759882
2025-05-02,2025-03-07,48.02114706,7.80064142,flowering,5,282.82940979004024
2025-05-02,2025-03-07,50.0724685,14.41514159,flowering,5,252.7753952026378
2025-05-02,2025-03-07,51.0859861111,-0.7284527778,flowering,5,271.2663375854504
2025-05-02,2025-03-07,48.9069519042,8.6827526092,flowering,5,253.8589843750011
2025-05-02,2025-03-07,48.95987,14.4754137,flowering,5,236.99707336425888
2025-05-01,2025-03-07,38.921732,-9.247095,flowering,5,490.1842590332044
2025-04-26,2025-03-07,49.3078027778,-123.0044861111,flowering,5,153.424739074708
2025-04-26,2025-03-07,49.30267,-123.145531,flowering,5,149.4086151123056
2025-04-26,2025-03-07,49.3027694444,-122.9561083333,flowering,5,153.424739074708
2025-04-26,2025-03-07,49.332825,-123.264275,flowering,5,
2025-05-01,2025-03-07,47.6576414406,-122.3103297364,flowering,5,252.39160003662232
2025-04-28,2025-03-07,49.1919937997,-122.999105,flowering,5,192.5062362670909
2025-04-30,2025-03-07,47.0189294,-122.9226859833,flowering,5,259.9887680053723
2025-04-25,2025-03-07,51.518204,9.922695,flowering,5,152.5517044067392
2025-04-25,2025-03-07,49.3775972222,-123.3344194444,flowering,5,129.0242736816415
2025-04-25,2025-03-07,49.3775777778,-123.3344027778,flowering,5,129.0242736816415
2025-04-25,2025-03-07,49.377575,-123.3344027778,flowering,5,129.0242736816415
2025-05-01,2025-03-07,47.4710763279,19.0197031272,flowering,5,308.776190185548
2025-04-27,2025-03-07,49.30175,-122.876541,flowering,5,175.39347534179785
2025-05-01,2025-03-07,51.3361858344,12.3635148816,flowering,5,228.5868377685557
2025-04-28,2025-03-07,50.0110416667,14.4445138889,flowering,5,203.03520050048928
2025-03-01,2025-03-07,45.47255236,9.1772980508,flowering,5,2.3440795898437727
2025-05-01,2025-03-07,57.6170166667,11.9218783333,flowering,5,
2025-04-30,2025-03-07,46.9382195507,15.9066098928,flowering,5,290.22549285888783
2025-04-06,2025-03-07,33.8178138889,-118.335,flowering,5,291.24479064941477
2025-05-01,2025-03-07,59.637377,17.0995339722,flowering,5,110.7286376953133
2025-05-01,2025-03-07,51.6000401877,0.517877421,flowering,5,262.05544433593866
2025-05-01,2025-03-07,53.6150034796,-2.4139956571,flowering,5,191.15111999511828
2025-05-01,2025-03-07,53.6149777352,-2.4123414125,flowering,5,191.15111999511828
2025-04-29,2025-03-07,40.6684383333,-73.9622416667,flowering,5,289.7823059082042
2025-05-01,2025-03-07,45.0518264771,7.6856627464,flowering,5,300.5976882934583
2025-05-01,2025-03-07,49.0193220377,17.4461147189,flowering,5,284.6999618530284
2025-04-27,2025-03-07,52.4085681085,13.6043920677,flowering,5,213.10975494384866
2025-04-27,2025-03-07,52.4085681085,13.6043920677,flowering,5,213.10975494384866
2025-05-01,2025-03-07,41.64739749,12.67244619,flowering,5,481.66120300293096
2025-05-01,2025-03-07,54.18433461,27.80695997,flowering,5,149.93172607421945
2025-04-28,2025-03-07,53.94647,-1.0528055,budding,5,174.58255157470808
2025-04-30,2025-03-07,42.9956366667,-81.1528388333,flowering,5,167.1151885986335
2025-04-26,2025-03-07,44.5102583333,-123.5502083333,flowering,5,182.89789886474716
2025-04-26,2025-03-07,48.1650390301,15.60883453,flowering,5,217.54982452392676
2025-04-13,2025-03-07,47.6323777778,-122.3079222222,flowering,5,148.64924163818444
2025-04-27,2025-03-07,47.2013132548,15.3504841051,flowering,5,132.63319702148522
2025-04-30,2025-03-07,48.097412,-123.047188,flowering,5,
2025-04-30,2025-03-07,51.7200547169,-1.2888248451,flowering,5,244.44570922851676
2025-04-30,2025-03-07,48.0089803005,7.8585327789,flowering,5,221.96148529052846
2025-04-30,2025-03-07,51.3247281484,12.3940065426,flowering,5,217.37813415527444
2025-04-27,2025-03-07,49.3662446421,-123.0715738719,flowering,5,75.8115127563483
2025-04-30,2025-03-07,52.8440383333,-2.6608616667,flowering,5,210.81355743408312
2025-04-30,2025-03-07,48.1993713378,16.3034706114,flowering,5,277.7217422485362
2025-04-10,2025-03-07,37.899066925,-122.2462768555,flowering,5,247.89735412597736
2025-04-30,2025-03-07,53.8670392213,27.4890511196,flowering,5,158.35794677734452
2025-04-28,2025-03-07,45.5012160613,15.545931235,flowering,5,299.8713531494152
2025-04-30,2025-03-07,60.2309583333,24.8520266667,flowering,5,53.052661132813
2025-04-30,2025-03-07,52.8210864,-1.65938347,flowering,5,214.4357131958019
2025-04-28,2025-03-07,-43.6466277778,172.4587777778,flowering,5,497.35086517334105
2025-04-26,2025-03-07,49.2798861111,-122.8457361111,flowering,5,159.20031280517662
2025-04-26,2025-03-07,49.2798541514,-122.8499442547,flowering,5,169.62787170410252
2025-04-28,2025-03-07,53.9738366667,-0.7127833333,flowering,5,153.99614715576274
2025-04-29,2025-03-07,43.24174665,-123.34939586,flowering,5,256.1738494873058
2025-04-29,2025-03-07,43.4459916667,-80.5012111111,flowering,5,128.9306655883795
2025-04-29,2025-03-07,49.3130746845,-122.9276399863,flowering,5,187.1348342895518
2025-04-29,2025-03-07,43.7160861111,10.4225861111,flowering,5,443.0633453369153
2025-04-26,2025-03-07,37.8095314167,-122.2608638889,flowering,5,
2025-04-26,2025-03-07,49.2666082108,-123.2382286987,flowering,5,
2025-04-27,2025-03-07,50.0735681061,19.9210513383,flowering,5,213.57191314697354
2025-04-29,2025-03-07,49.8526179515,24.007082954,flowering,5,215.079263305665
2025-04-29,2025-03-07,42.1240367,-75.9961657,flowering,5,195.6649337768563
2025-04-29,2025-03-07,48.0204629599,7.8002430446,flowering,5,243.79835357666127
2025-04-28,2025-03-07,40.414127219,-3.6929389719,flowering,5,296.5537826538098
2025-04-29,2025-03-07,48.1713274812,16.3217771572,flowering,5,268.32762145996196
2025-04-28,2025-03-07,53.9468079,-1.0578308,flowering,5,174.58255157470808
2025-04-28,2025-03-07,49.8435003,18.2963177,flowering,5,230.30645751953216
2025-04-29,2025-03-07,53.2061066667,-2.9256483333,flowering,5,229.80850830078236
2025-04-29,2025-03-07,48.2135742441,16.4831567156,flowering,5,297.729623413087
2025-04-29,2025-03-07,48.2138888557,16.4827040091,flowering,5,297.729623413087
2025-04-28,2025-03-07,50.0972361667,14.4029783333,flowering,5,209.14312591552834
2025-04-28,2025-03-07,50.1044583333,14.3911466667,flowering,5,209.14312591552834
2025-04-28,2025-03-07,49.2884666667,-123.0108972222,flowering,5,164.1831573486338
2025-04-28,2025-03-07,49.1358916667,-123.0890583333,budding,5,
2025-04-26,2025-03-07,44.49678,-123.5447916667,flowering,5,192.9146530151378
2025-04-27,2025-03-07,25.7802346419,-100.3295970897,flowering,5,957.1516830444348
2025-04-28,2025-03-07,25.7764512819,-100.185874477,flowering,5,997.5663192749035
2025-04-28,2025-03-07,36.964647,-122.009443,flowering,5,358.5236328125012
2025-04-28,2025-03-07,43.010975,-81.2777166667,flowering,5,152.30059509277407
2025-04-28,2025-03-07,48.1909131157,16.4048821852,flowering,5,276.048095703126
2025-04-28,2025-03-07,48.5790835227,7.7162704244,flowering,5,246.31117095947377
2025-04-28,2025-03-07,43.0110166667,-81.277625,flowering,5,152.30059509277407
2025-04-28,2025-03-07,37.2986082585,-121.7701859181,flowering,5,448.3587692260754
2025-04-28,2025-03-07,53.9464713638,-1.0588784458,flowering,5,174.58255157470808
2025-04-28,2025-03-07,53.9460497252,-1.0587256097,flowering,5,174.58255157470808
2025-04-27,2025-03-07,42.1481361111,2.7799694444,flowering,5,346.84008331298946
2025-04-27,2025-03-07,52.5970129722,-2.161471,flowering,5,189.66344604492292
2025-04-28,2025-03-07,50.8933181,-0.0525448,flowering,5,230.84645538330187
2025-04-27,2025-03-07,53.6788888104,23.8183449581,flowering,5,178.15479888916093
2025-04-28,2025-03-07,52.5208233,-1.5237833,flowering,5,203.24431152343857
2025-04-28,2025-03-07,52.7544743707,13.0386170482,flowering,5,222.72967376709084
2025-04-28,2025-03-07,55.1206526735,37.7656266061,flowering,5,129.50593414306695
2025-04-28,2025-03-07,53.9466383333,-1.0582028333,flowering,5,174.58255157470808
2025-04-28,2025-03-07,53.9466533333,-1.0582445,flowering,5,174.58255157470808
2025-04-28,2025-03-07,53.946645,-1.0582138333,flowering,5,174.58255157470808
2025-04-28,2025-03-07,53.94597,-1.0587861667,flowering,5,174.58255157470808
2025-04-28,2025-03-07,53.94595,-1.0587305,flowering,5,174.58255157470808
2025-04-28,2025-03-07,53.945945,-1.0587221667,flowering,5,174.58255157470808
2025-04-28,2025-03-07,53.946075,-1.0587471667,budding,5,174.58255157470808
2025-04-28,2025-03-07,38.9198721206,-79.8627878746,flowering,5,299.69752960205176
2025-04-28,2025-03-07,53.9455416667,-1.0589916667,flowering,5,174.58255157470808
2025-04-28,2025-03-07,53.9454583333,-1.0590416667,flowering,5,174.58255157470808
2025-04-27,2025-03-07,41.6876385668,-80.208020398,flowering,5,211.72845306396562
2025-04-28,2025-03-07,53.1659737384,-2.2406162876,flowering,5,180.40260467529401
2025-04-27,2025-03-07,41.6876385668,-80.208020398,flowering,5,211.72845306396562
2025-04-28,2025-03-07,53.9466340757,-1.058365146,flowering,5,174.58255157470808
2025-04-26,2025-03-07,44.548900751,-123.3730602251,flowering,5,215.96875610351674
2025-04-28,2025-03-07,50.056106,19.929222,flowering,5,219.00733184814544
2025-04-28,2025-03-07,51.4009662113,-0.2870186605,flowering,5,237.60404663086047
2025-04-28,2025-03-07,49.506185846,5.938965005,flowering,5,199.47199401855573
2025-04-28,2025-03-07,51.5282764,-2.4257349,flowering,5,219.15583343505966
2025-04-28,2025-03-07,51.4056649797,-0.9169343669,flowering,5,233.28480987548937
2025-04-28,2025-03-07,45.158923,5.362556,flowering,5,212.01703186035263
2025-04-28,2025-03-07,45.4903857193,15.5370591328,flowering,5,299.8713531494152
2025-04-24,2025-03-07,49.9507944444,-6.3541277778,flowering,5,
2025-04-28,2025-03-07,49.8296419621,18.1742098336,flowering,5,222.26270294189544
2025-04-28,2025-03-07,55.9499889667,-3.2769824833,flowering,5,123.54828948974705
2025-04-28,2025-03-07,53.9467,-1.0583888333,flowering,5,174.58255157470808
2025-04-25,2025-03-07,53.9620603495,-1.0871404757,flowering,5,143.06172180175872
2025-04-28,2025-03-07,53.9465245558,-1.0580511577,flowering,5,174.58255157470808
2025-04-28,2025-03-07,54.925976,-1.367222,flowering,5,160.38348083496192
2025-04-28,2025-03-07,49.8248116667,18.1670383333,flowering,5,222.26270294189544
2025-04-28,2025-03-07,49.8248116667,18.1670383333,flowering,5,222.26270294189544
2025-04-28,2025-03-07,50.1149921974,14.4631013274,flowering,5,215.53288116455178
2025-04-26,2025-03-07,50.9137449054,4.3082981531,flowering,5,252.269123840333
2025-04-28,2025-03-07,42.9273695997,-76.5513791997,flowering,5,174.77421569824298
2025-04-28,2025-03-07,50.2182060974,15.8552413268,flowering,5,226.00934295654395
2025-04-28,2025-03-07,53.946517045,-1.0583965916,flowering,5,174.58255157470808
2025-04-28,2025-03-07,46.8905749391,15.7250708455,flowering,5,247.4733230590831
2025-04-28,2025-03-07,53.9454808405,-1.0587872131,flowering,5,174.58255157470808
2025-04-28,2025-03-07,53.9465109196,-1.0587476974,flowering,5,174.58255157470808
2025-04-28,2025-03-07,53.9465155029,-1.0587351994,flowering,5,174.58255157470808
2025-04-28,2025-03-07,53.9465062881,-1.0587432188,flowering,5,174.58255157470808
2025-04-28,2025-03-07,53.9465044517,-1.058743543,flowering,5,174.58255157470808
2025-04-28,2025-03-07,53.9465061584,-1.0587419997,flowering,5,174.58255157470808
2025-04-28,2025-03-07,53.9465011224,-1.0587298513,flowering,5,174.58255157470808
2025-04-28,2025-03-07,53.9465035637,-1.0587258995,flowering,5,174.58255157470808
2025-04-28,2025-03-07,53.9464964523,-1.0587262104,flowering,5,174.58255157470808
2025-04-28,2025-03-07,53.9465029137,-1.0587381534,flowering,5,174.58255157470808
2025-04-28,2025-03-07,53.9456948997,-1.0594725,flowering,5,174.58255157470808
2025-04-28,2025-03-07,53.9465141072,-1.0587628402,flowering,5,174.58255157470808
2025-04-28,2025-03-07,53.9465196329,-1.0587798829,flowering,5,174.58255157470808
2025-04-28,2025-03-07,53.9465214125,-1.058769701,flowering,5,174.58255157470808
2025-04-28,2025-03-07,53.946502632,-1.0587871702,flowering,5,174.58255157470808
2025-04-28,2025-03-07,53.9465191227,-1.0588275807,flowering,5,174.58255157470808
2025-04-28,2025-03-07,53.9465364775,-1.0588128485,flowering,5,174.58255157470808
2025-04-28,2025-03-07,53.9464882,-1.0588016,flowering,5,174.58255157470808
2025-04-28,2025-03-07,53.9464717368,-1.0588561006,flowering,5,174.58255157470808
2025-04-28,2025-03-07,53.9464691573,-1.0588756488,flowering,5,174.58255157470808
2025-04-28,2025-03-07,53.9465161571,-1.0588741957,flowering,5,174.58255157470808
2025-04-28,2025-03-07,53.9465236605,-1.0588742144,flowering,5,174.58255157470808
2025-04-28,2025-03-07,45.4874448432,15.5412298255,flowering,5,299.8713531494152
2025-04-28,2025-03-07,53.9465300654,-1.0589119161,flowering,5,174.58255157470808
2025-04-28,2025-03-07,53.9465285081,-1.0589381803,flowering,5,174.58255157470808
2025-04-28,2025-03-07,53.9465273895,-1.0589430537,flowering,5,174.58255157470808
2025-04-28,2025-03-07,53.9465060182,-1.0589200173,flowering,5,174.58255157470808
2025-04-28,2025-03-07,53.9461633771,-1.0587289495,flowering,5,174.58255157470808
2025-04-28,2025-03-07,53.9460565531,-1.0586946025,flowering,5,174.58255157470808
2025-04-28,2025-03-07,53.9460641994,-1.0586749559,flowering,5,174.58255157470808
2025-04-28,2025-03-07,53.9460616733,-1.0586855374,flowering,5,174.58255157470808
2025-04-28,2025-03-07,53.9460611539,-1.0586912605,flowering,5,174.58255157470808
2025-04-28,2025-03-07,53.9460681835,-1.0586923294,flowering,5,174.58255157470808
2025-04-28,2025-03-07,53.9460687536,-1.0587458444,flowering,5,174.58255157470808
2025-04-28,2025-03-07,53.9462825715,-1.0586563578,flowering,5,174.58255157470808
2025-04-28,2025-03-07,53.9462274692,-1.0588038278,flowering,5,174.58255157470808
2025-04-28,2025-03-07,53.9463179298,-1.0587075541,flowering,5,174.58255157470808
2025-04-28,2025-03-07,53.9463667058,-1.0587068754,flowering,5,174.58255157470808
2025-04-28,2025-03-07,53.9463808857,-1.0587153891,flowering,5,174.58255157470808
2025-04-28,2025-03-07,53.9463927685,-1.0587147419,flowering,5,174.58255157470808
2025-04-28,2025-03-07,53.94639051,-1.0587141586,flowering,5,174.58255157470808
2025-04-28,2025-03-07,53.9463761644,-1.0586938776,flowering,5,174.58255157470808
2025-04-28,2025-03-07,53.9463783359,-1.0586462404,flowering,5,174.58255157470808
2025-04-28,2025-03-07,53.9463863237,-1.0586259566,flowering,5,174.58255157470808
2025-04-28,2025-03-07,53.9463870428,-1.058615382,flowering,5,174.58255157470808
2025-04-28,2025-03-07,53.9464002295,-1.0586215917,flowering,5,174.58255157470808
2025-04-28,2025-03-07,53.9464015123,-1.0586228844,flowering,5,174.58255157470808
2025-04-28,2025-03-07,53.9463878392,-1.058646578,flowering,5,174.58255157470808
2025-04-28,2025-03-07,53.9464166313,-1.0586553147,flowering,5,174.58255157470808
2025-04-28,2025-03-07,53.9463996058,-1.0586953365,flowering,5,174.58255157470808
2025-04-28,2025-03-07,53.9463979789,-1.0586700473,flowering,5,174.58255157470808
2025-04-28,2025-03-07,53.9464985057,-1.0584999585,flowering,5,174.58255157470808
2025-04-28,2025-03-07,53.9465126577,-1.0584752406,flowering,5,174.58255157470808
2025-04-28,2025-03-07,53.9464636124,-1.0584124016,flowering,5,174.58255157470808
2025-04-28,2025-03-07,53.9464906908,-1.0584109208,flowering,5,174.58255157470808
2025-04-28,2025-03-07,53.9464894436,-1.0584168119,flowering,5,174.58255157470808
2025-04-28,2025-03-07,53.9464881888,-1.0584179849,flowering,5,174.58255157470808
2025-04-28,2025-03-07,53.9464986972,-1.0584318132,flowering,5,174.58255157470808
2025-04-28,2025-03-07,53.9465000706,-1.058435505,flowering,5,174.58255157470808
2025-04-28,2025-03-07,53.9465122295,-1.0584231536,flowering,5,174.58255157470808
2025-04-28,2025-03-07,53.9465046287,-1.0583931742,flowering,5,174.58255157470808
2025-04-28,2025-03-07,53.9465142834,-1.0583330976,flowering,5,174.58255157470808
2025-04-28,2025-03-07,53.946524224,-1.0583718842,flowering,5,174.58255157470808
2025-04-28,2025-03-07,53.9465090223,-1.0583648865,flowering,5,174.58255157470808
2025-04-28,2025-03-07,53.9465677712,-1.0583060817,flowering,5,174.58255157470808
2025-04-28,2025-03-07,53.9465374518,-1.0582274707,flowering,5,174.58255157470808
2025-03-25,2025-03-07,48.204577,16.36709,flowering,5,59.25748901367217
2025-04-28,2025-03-07,53.9466223408,-1.0582037407,flowering,5,174.58255157470808
2025-04-28,2025-03-07,48.233349,16.3309634,flowering,5,258.57893981933694
2025-04-28,2025-03-07,48.2340911308,16.3349229972,flowering,5,258.57893981933694
2025-04-28,2025-03-07,51.54678445,-0.2406672,flowering,5,235.12613983154404
2025-04-28,2025-03-07,53.946568191,-1.0580138948,flowering,5,174.58255157470808
2025-04-28,2025-03-07,53.9464521612,-1.0582206271,flowering,5,174.58255157470808
2025-04-28,2025-03-07,53.9466156252,-1.0582547542,flowering,5,174.58255157470808
2025-04-28,2025-03-07,48.8285700604,2.3802562337,flowering,5,298.6338043212902
2025-04-28,2025-03-07,47.0759683333,15.44853,flowering,5,204.29744720459087
2025-04-28,2025-03-07,46.9368216667,16.0650721667,flowering,5,278.6883346557628
2025-04-28,2025-03-07,48.1895895442,15.6213641726,flowering,5,230.31445312500102
2025-04-28,2025-03-07,48.1898028217,15.6215710379,flowering,5,230.31445312500102
2025-04-28,2025-03-07,50.0208333333,14.4911616667,flowering,5,201.93670501709084
2025-04-28,2025-03-07,48.1895891065,15.6219176239,flowering,5,230.31445312500102
2025-04-28,2025-03-07,48.1894788,15.6211743,flowering,5,230.31445312500102
2025-04-28,2025-03-07,48.19024313,15.62137506,flowering,5,230.31445312500102
2025-04-28,2025-03-07,48.1900417859,15.6216019605,flowering,5,230.31445312500102
2025-04-28,2025-03-07,50.2183318374,15.8542547217,flowering,5,226.00934295654395
2025-04-28,2025-03-07,49.82288503,18.1696897,flowering,5,222.26270294189544
2025-04-28,2025-03-07,45.4928616729,15.5552683398,flowering,5,306.90065765380973
2025-04-28,2025-03-07,45.4928616729,15.5552683398,flowering,5,306.90065765380973
2025-04-28,2025-03-07,45.4915733333,15.549895,flowering,5,306.90065765380973
2025-04-26,2025-03-07,-43.7648378787,173.0114621954,flowering,5,462.48485717773553
2025-04-28,2025-03-07,-43.5271083333,172.5904533333,flowering,5,507.9551742553723
2025-04-28,2025-03-07,54.9451557314,-1.3636348955,flowering,5,160.38348083496192
2025-04-28,2025-03-07,49.81346075,18.34095772,flowering,5,230.30645751953216
2024-04-26,2024-02-29,49.7913568657,18.1712302343,flowering,5,240.25841064453232
2025-04-26,2025-03-07,52.5591456,13.2017185,flowering,5,204.98238830566504
2025-04-28,2025-03-07,49.846113574,18.1570337535,flowering,5,222.26270294189544
2025-04-28,2025-03-07,45.4920813922,15.5525556626,flowering,5,306.90065765380973
2025-04-27,2025-03-07,52.4598199035,13.3485008187,flowering,5,208.0728286743174
2025-04-27,2025-03-07,47.68268438,-122.33939602,budding,5,227.30570983886832
2025-04-26,2025-03-07,49.28109673,-122.850832185,flowering,5,169.62787170410252
2025-04-26,2025-03-07,49.27978046,-122.8457062233,flowering,5,159.20031280517662
2025-04-27,2025-03-07,49.2434444698,-122.9359224904,flowering,5,193.0126586914073
2025-04-27,2025-03-07,48.4390921472,-123.4771459178,flowering,5,152.2951461792003
2025-04-27,2025-03-07,42.2600167588,-77.7811118121,flowering,5,152.6768569946296
2025-04-27,2025-03-07,53.5299108378,-2.5556666989,flowering,5,189.46349487304792
2025-04-27,2025-03-07,51.4546533333,-0.73722,flowering,5,222.74296875000107
2025-04-27,2025-03-07,42.9764007,-81.2732948,flowering,5,145.73824615478577
2025-04-27,2025-03-07,37.909705,-122.2652916667,flowering,5,408.16146392822384
2025-04-26,2025-03-07,37.8087083333,-122.24897,flowering,5,395.45229492187616
2025-04-27,2025-03-07,34.0218555,-118.2808,flowering,5,538.0723068237317
2025-04-27,2025-03-07,37.8043133333,-122.1461111667,flowering,5,393.59320373535274
2025-04-27,2025-03-07,50.1349131839,8.6515345797,flowering,5,225.65805358886826
2025-04-26,2025-03-07,54.7644607356,56.0124245145,flowering,5,113.26963958740282
2025-04-27,2025-03-07,48.1910333333,15.9463933333,flowering,5,224.2058380126963
2025-04-27,2025-03-07,43.0945917411,-79.121512774,flowering,5,139.19100952148506
2025-04-27,2025-03-07,50.1411433323,8.6289252341,flowering,5,221.4351440429698
2025-04-27,2025-03-07,52.4311485278,13.3509330556,flowering,5,207.46167602539163
2025-04-26,2025-03-07,50.0369102047,14.478745863,flowering,5,191.53314514160252
2025-04-27,2025-03-07,48.2277481999,16.5029432459,flowering,5,279.1346496582041
2025-04-27,2025-03-07,46.7514075031,15.8296063181,flowering,5,273.81203613281355
2025-04-27,2025-03-07,54.1808656203,25.0055173348,flowering,5,160.2558197021491
2025-04-27,2025-03-07,59.325397,18.104765,flowering,5,74.37412414550852
2025-04-27,2025-03-07,25.7829857191,-100.31182274,flowering,5,957.1516830444348
2025-04-27,2025-03-07,47.5335034,19.0535318997,flowering,5,276.9907913208018
2025-04-27,2025-03-07,47.5295218997,19.0517752,flowering,5,276.9907913208018
2025-04-27,2025-03-07,56.3434333333,-2.80863,flowering,5,133.522541809083
2025-04-27,2025-03-07,49.8102166667,6.0935111111,flowering,5,176.30874633789165
2025-04-27,2025-03-07,51.1307540997,3.6711863997,flowering,5,270.2317825317393
2025-04-27,2025-03-07,56.4697518998,-2.989240475,flowering,5,108.78246459961031
2025-04-27,2025-03-07,51.1322257667,3.6611702611,flowering,5,270.2317825317393
2025-04-27,2025-03-07,45.4914234392,15.5515217967,flowering,5,298.24329986572377
2025-04-27,2025-03-07,47.058337731,15.5330378562,flowering,5,195.04209442138767
2025-04-27,2025-03-07,42.109162691,2.3626261577,flowering,5,204.17377624511823
2025-04-27,2025-03-07,47.06247757,15.43493549,flowering,5,197.10226287841897
2025-04-27,2025-03-07,52.5139652509,13.3540782503,flowering,5,204.7647689819346
2025-04-27,2025-03-07,49.67814,6.1295983333,flowering,5,183.28082275390727
2025-04-27,2025-03-07,46.7620966583,15.8523505647,flowering,5,281.291276550294
2025-04-27,2025-03-07,49.18721818,16.59676756,flowering,5,231.20466156005955
2025-04-27,2025-03-07,50.206899824,8.7435200733,flowering,5,210.99593353271587
2025-04-27,2025-03-07,-37.8394944444,145.2323083333,flowering,5,703.9209701538098
2025-04-27,2025-03-07,52.8592995239,-2.2575905419,flowering,5,179.65737915039165
2025-04-27,2025-03-07,48.285803,15.2679521,flowering,5,184.48545989990328
2025-04-27,2025-03-07,48.1908966667,16.45488,flowering,5,279.1346496582041
2025-04-27,2025-03-07,48.2414966667,15.6687633333,flowering,5,224.4412826538096
2025-04-27,2025-03-07,53.4037888889,-2.2834361111,flowering,5,193.69616088867292
2025-04-27,2025-03-07,52.7337472997,-1.5208875997,flowering,5,187.25312957763776
2025-04-27,2025-03-07,52.5135505792,13.3548184644,flowering,5,204.7647689819346
2025-04-27,2025-03-07,50.2817790862,8.5105560813,flowering,5,168.65185852050877
2025-04-27,2025-03-07,52.7822206635,-1.9651377853,flowering,5,180.6246032714854
2025-04-25,2025-03-07,48.388257,11.624237,flowering,5,193.43740997314546
2025-04-27,2025-03-07,49.8662500531,6.0399904068,flowering,5,173.30098724365337
2025-04-27,2025-03-07,52.5745291504,13.4081890315,flowering,5,204.40615692138772
2025-04-27,2025-03-07,46.0744466667,14.542525,flowering,5,238.72856903076274
2025-04-26,2025-03-07,49.7536680045,6.1671985845,budding,5,165.60135498046975
2025-04-27,2025-03-07,49.4765873628,6.0218165446,flowering,5,196.86231994629009
2025-04-26,2025-03-07,50.1340465193,8.7005237379,flowering,5,217.22693786621198
2025-04-27,2025-03-07,49.6154208835,6.126458526,flowering,5,187.94434356689555
2025-04-27,2025-03-07,41.7241787352,12.995229587,flowering,5,308.1152679443371
2025-04-27,2025-03-07,49.9774053835,6.0743054541,flowering,5,163.35286712646587
2025-04-27,2025-03-07,51.5111426861,9.8980777693,flowering,5,161.9008666992197
2025-04-18,2025-03-07,47.0786579205,15.5814294918,flowering,5,135.73065948486408
2025-04-27,2025-03-07,-37.8052205779,144.9734952395,flowering,5,737.2011215209973
2025-04-26,2025-03-07,37.26945,-121.9505416667,flowering,5,439.17751464843866
2025-04-26,2025-03-07,49.279856,-123.2422231,flowering,5,
2025-04-26,2025-03-07,46.5264207056,14.102140367,flowering,5,101.97718200683664
2025-04-26,2025-03-07,47.7554555556,-122.2865916667,flowering,5,207.8084701538097
2025-04-25,2025-03-07,43.4448158887,-80.49653247,flowering,5,98.98839874267628
2025-04-24,2025-03-07,43.3458256997,-123.2358212,flowering,5,223.73567810058694
2025-04-26,2025-03-07,49.269706864,-122.9161362906,flowering,5,169.62787170410252
2025-04-26,2025-03-07,49.2766638889,-123.1233277778,flowering,5,149.4086151123056
2025-04-26,2025-03-07,49.3350233997,-123.1067103997,flowering,5,149.4086151123056
2025-04-26,2025-03-07,49.3350286,-123.1067074,flowering,5,149.4086151123056
2025-04-05,2025-03-07,43.53,5.2999999997,flowering,5,188.3016662597663
2025-04-26,2025-03-07,49.1746361111,-123.1964388889,flowering,5,
2025-04-26,2025-03-07,48.4358243,-123.4732446,flowering,5,147.01196441650495
2025-04-26,2025-03-07,50.0649766502,14.4477721676,flowering,5,198.65265197754002
2025-04-26,2025-03-07,-16.6493944444,-68.2938638889,flowering,5,151.607896423341
2025-04-26,2025-03-07,52.9597549307,-1.9868062464,flowering,5,162.41699829101663
2025-04-26,2025-03-07,49.1711073594,-123.0932462245,flowering,5,175.34571838379009
2025-04-26,2025-03-07,50.089736,19.943007,flowering,5,210.9074829101571
2025-04-26,2025-03-07,50.087789,19.94742,flowering,5,210.9074829101571
2025-04-26,2025-03-07,52.4158966667,-1.4531916667,flowering,5,192.77117156982524
2025-04-26,2025-03-07,52.5243152997,-1.5127436,flowering,5,188.06460571289165
2025-04-26,2025-03-07,53.9476730805,-1.0532882274,flowering,5,158.64503326416116
2025-04-26,2025-03-07,53.9484885993,-1.057445381,flowering,5,148.29099426269624
2025-04-26,2025-03-07,47.0862898139,11.4676065818,flowering,5,0.08336944580082672
2025-04-26,2025-03-07,47.7375889617,-122.6410573629,flowering,5,210.72280120849723
2025-04-26,2025-03-07,-16.6492933333,-68.293705,flowering,5,151.607896423341
2025-04-26,2025-03-07,47.7944922591,-122.5061297206,flowering,5,
2025-04-26,2025-03-07,51.3842861111,-0.288425,flowering,5,221.69258270263776
2025-04-26,2025-03-07,49.2172247673,-122.9098978403,flowering,5,187.04490661621196
2025-04-26,2025-03-07,47.2887466833,11.1703689131,flowering,5,33.141067504883154
2025-04-26,2025-03-07,48.3318579284,16.088063253,flowering,5,242.50243682861424
2025-04-26,2025-03-07,45.3310064692,15.6761001796,flowering,5,271.0283828735362
2025-04-26,2025-03-07,49.2792777778,-122.8502731111,flowering,5,169.62787170410252
2025-04-26,2025-03-07,49.2801176502,-122.8498829913,flowering,5,169.62787170410252
2025-04-25,2025-03-07,49.2358639997,-122.8917933997,flowering,5,178.45310821533303
2025-04-26,2025-03-07,52.4932778669,13.3284095521,flowering,5,202.6981246948252
2025-04-26,2025-03-07,53.9477788276,-1.0552838995,flowering,5,158.64503326416116
2025-04-26,2025-03-07,53.9498229186,-1.0586389406,flowering,5,148.29099426269624
2025-04-26,2025-03-07,49.12678034,-123.05549928,flowering,5,
2025-04-26,2025-03-07,53.9511346519,-1.0505393419,flowering,5,149.09520111084078
2025-04-26,2025-03-07,49.12710679,-123.0552252,flowering,5,
2025-04-26,2025-03-07,49.12700902,-123.05580716,flowering,5,
2025-04-26,2025-03-07,48.1857309501,15.6258526817,flowering,5,217.54982452392676
2025-04-26,2025-03-07,51.5072555278,9.9136028056,flowering,5,157.51085052490328
2025-04-26,2025-03-07,45.3251566667,15.6976716667,flowering,5,271.0283828735362
2025-04-26,2025-03-07,48.2437,16.3587,flowering,5,262.6904342651377
2025-04-26,2025-03-07,46.5982034969,13.8992589835,flowering,5,121.69121093750084
2025-04-26,2025-03-07,52.2862664703,-1.5156741531,flowering,5,193.85408782959087
2025-04-26,2025-03-07,49.25737,-123.0952833333,budding,5,149.4086151123056
2025-04-25,2025-03-07,49.2832472222,-122.8711055556,flowering,5,161.2645889282236
2025-04-26,2025-03-07,53.56034931,-3.04645476,flowering,5,204.55562896728622
2025-04-26,2025-03-07,50.1204867355,14.4624676555,flowering,5,204.69865722656345
2025-04-26,2025-03-07,47.07319405,15.4419568,flowering,5,190.08350830078223
2025-04-26,2025-03-07,47.5351137997,19.0515247997,flowering,5,269.4396423339854
2025-04-26,2025-03-07,53.9476583333,-1.0455366667,flowering,5,162.22401275634866
2025-04-26,2025-03-07,47.5314016,19.0523039997,flowering,5,269.4396423339854
2025-04-26,2025-03-07,49.782555,18.1673,flowering,5,211.8991821289071
2025-04-26,2025-03-07,48.2336307,16.2910596,flowering,5,245.6060440063486
2025-04-25,2025-03-07,47.2923733333,11.5473068333,flowering,5,27.770005798340094
2025-04-26,2025-03-07,52.7881916667,-2.1197388333,flowering,5,174.73255004882913
2025-04-26,2025-03-07,51.5289561,9.9522174,flowering,5,158.68027648925874
2025-04-24,2025-03-07,48.1940766078,16.2860076874,flowering,5,233.22206115722747
2025-04-26,2025-03-07,52.5376608,13.1818372,flowering,5,206.67789154052832
2025-04-26,2025-03-07,47.5289198997,19.0515788,flowering,5,269.4396423339854
2025-04-26,2025-03-07,47.5289503997,19.0519071997,flowering,5,269.4396423339854
2025-04-26,2025-03-07,47.5285375997,19.0513808,flowering,5,269.4396423339854
2025-04-26,2025-03-07,47.5266833,19.0504876,flowering,5,269.4396423339854
2025-04-26,2025-03-07,47.5227617997,19.0479413997,flowering,5,261.16100158691506
2025-04-26,2025-03-07,51.5133460934,9.9239872336,flowering,5,157.51085052490328
2025-04-25,2025-03-07,51.5291286682,9.9306629725,flowering,5,152.5517044067392
2025-04-26,2025-03-07,47.5213844,19.046942,flowering,5,261.16100158691506
2025-04-23,2025-03-07,42.7553116667,-0.7092333333,flowering,5,52.48563995361371
2025-04-26,2025-03-07,53.9467183873,-1.0273238551,flowering,5,162.22401275634866
2025-04-26,2025-03-07,52.6756087873,16.8141907559,flowering,5,203.33033599853604
2025-04-26,2025-03-07,47.31477623,11.14366207,flowering,5,23.975154113769804
2025-04-26,2025-03-07,48.192501,15.6235795997,flowering,5,217.54982452392676
2025-04-26,2025-03-07,48.9727867213,14.4840963185,flowering,5,182.75069580078218
2025-04-26,2025-03-07,53.7309666667,-0.398155,flowering,5,167.55714416504009
2025-04-26,2025-03-07,49.6312012723,6.1290900613,flowering,5,180.14311065673928
2025-04-26,2025-03-07,47.2486624831,11.325571248,flowering,5,21.123471069336233
2025-04-25,2025-03-07,54.3930845,10.1790405,flowering,5,144.45483551025484
2025-04-26,2025-03-07,49.8059627088,18.2361239288,flowering,5,211.8991821289071
2025-04-26,2025-03-07,-43.5318291,172.6642926,flowering,5,502.0377365112316
2025-04-26,2025-03-07,-43.5334866667,172.5899666667,flowering,5,488.1737457275402
2025-04-26,2025-03-07,-43.469545,172.5719683333,flowering,5,488.1737457275402
2025-04-25,2025-03-07,48.2060683445,16.360366568,flowering,5,255.3718368530283
2025-04-25,2025-03-07,48.0033817515,16.276079826,flowering,5,235.4545303344736
2025-04-25,2025-03-07,49.2688966667,-123.1997683333,flowering,5,
2025-04-25,2025-03-07,34.2843285,-118.870162,flowering,5,442.9769973754894
2025-04-25,2025-03-07,-40.4631716667,175.2209966667,flowering,5,
2025-04-25,2025-03-07,43.1574472494,-77.4783230065,flowering,5,136.37391510009832
2025-04-25,2025-03-07,44.63660074,-123.05705749,flowering,5,233.61616973877062
2025-04-25,2025-03-07,47.67483616,-122.34565756,flowering,5,211.7011993408214
2025-04-25,2025-03-07,47.6837632,-122.3394922,flowering,5,211.7011993408214
2025-04-25,2025-03-07,49.2754641,-122.7506115,flowering,5,150.9171081542977
2025-04-25,2025-03-07,50.8041064,8.8096191,flowering,5,171.62847900390716
2025-04-25,2025-03-07,49.3089115288,-123.0171908493,flowering,5,145.50481567382906
2025-04-25,2025-03-07,49.67983251,-124.89890661,flowering,5,
2025-04-25,2025-03-07,49.1634916667,-123.16938,flowering,5,
2025-04-25,2025-03-07,45.4915547,-122.8353984997,flowering,5,239.7954833984386
2025-04-25,2025-03-07,50.088203,19.9422169722,flowering,5,206.90988464355553
2025-04-25,2025-03-07,49.121187959,-123.1716462468,flowering,5,
2025-04-25,2025-03-07,49.1642063397,-123.1701552318,flowering,5,
2025-04-25,2025-03-07,49.163977295,-123.1700806144,flowering,5,
2025-04-25,2025-03-07,49.163738852,-123.1701639736,flowering,5,
2025-04-25,2025-03-07,49.1638188395,-123.1700231282,flowering,5,
2025-04-25,2025-03-07,49.11096252,-123.1229648641,flowering,5,
2025-04-25,2025-03-07,49.2796542777,-122.8483259787,flowering,5,150.9171081542977
2025-04-25,2025-03-07,53.9491619468,-1.0439697895,budding,5,143.87764739990325
2025-04-25,2025-03-07,49.11097968,-123.1228371711,flowering,5,
2025-04-25,2025-03-07,50.8119029878,4.4057491373,flowering,5,241.0476943969736
2025-04-25,2025-03-07,47.3018037156,-122.52169244,flowering,5,235.33556213379018
2025-04-25,2025-03-07,49.1638233968,-123.1701657208,flowering,5,
2025-04-25,2025-03-07,49.3061888889,-123.0020333333,flowering,5,145.50481567382906
2025-04-25,2025-03-07,53.9477166854,-1.0434184329,flowering,5,156.55962066650488
2025-04-25,2025-03-07,49.1550670688,-123.1480167434,flowering,5,166.70313873291116
2025-04-25,2025-03-07,37.7990138889,-122.2588694444,flowering,5,
2025-04-25,2025-03-07,37.7990138889,-122.2588694444,flowering,5,
2025-04-25,2025-03-07,45.512177167,-122.6748676817,flowering,5,248.50904541015734
2025-04-22,2025-03-07,37.6152578943,-122.4133814871,flowering,5,342.76578826904404
2025-04-25,2025-03-07,45.5266581941,15.5984929763,flowering,5,282.7369262695323
2025-04-25,2025-03-07,47.711484,-122.379424,flowering,5,221.18509521484486
2025-04-25,2025-03-07,55.8678079997,-3.4578408,flowering,5,105.43984069824307
2025-04-25,2025-03-07,50.11746729,8.67033984,flowering,5,209.38116455078227
2025-04-25,2025-03-07,48.2007328135,15.6202031924,flowering,5,211.74949188232517
2025-04-25,2025-03-07,55.8912232,-3.7741406333,flowering,5,112.08958282470792
2025-04-25,2025-03-07,47.5778158669,19.0523492457,flowering,5,252.74775390625098
2025-04-25,2025-03-07,48.8131526,2.14341063,flowering,5,252.97364959716901
2025-04-25,2025-03-07,53.94784173,-1.0557825956,flowering,5,153.06364898681738
2025-04-25,2025-03-07,48.204994452,15.6159016863,flowering,5,211.74949188232517
2025-04-25,2025-03-07,52.459175,13.3059166667,flowering,5,197.4831192016611
2025-04-25,2025-03-07,53.0148227997,-2.2283495,flowering,5,167.62967376709082
2025-04-25,2025-03-07,45.8007552997,16.0069388,flowering,5,277.0967727661143
2025-04-25,2025-03-07,53.6022361,-2.3984817,flowering,5,144.96199340820408
2025-04-25,2025-03-07,48.1982713253,15.633793377,flowering,5,211.74949188232517
2025-04-25,2025-03-07,53.9477407997,-1.0483902,flowering,5,156.55962066650488
2025-04-25,2025-03-07,46.9706335483,15.4002172108,flowering,5,201.84580841064553
2025-04-25,2025-03-07,46.9768805879,15.9965755418,flowering,5,242.68822326660256
2025-04-25,2025-03-07,49.80663302,18.23158709,flowering,5,206.97986145019615
2025-04-25,2025-03-07,53.2097984338,-2.9019546043,flowering,5,196.569694519044
2025-04-25,2025-03-07,53.9477916667,-1.0556445,flowering,5,153.06364898681738
2025-04-25,2025-03-07,53.9477216667,-1.0557916667,flowering,5,153.06364898681738
2025-04-25,2025-03-07,49.80655,18.2315483333,flowering,5,206.97986145019615
2025-04-25,2025-03-07,47.26696231,11.44870845,budding,5,37.859765625000364
2025-04-25,2025-03-07,45.8200975,16.0161605,flowering,5,277.0967727661143
2025-04-25,2025-03-07,47.29237304,11.54729416,flowering,5,27.770005798340094
2025-04-25,2025-03-07,47.2976752,11.5727433,flowering,5,19.601251220703375
2025-04-25,2025-03-07,-43.4316383333,172.70296,flowering,5,
2025-04-25,2025-03-07,53.9449757535,10.2897917162,flowering,5,156.9167709350595
2025-04-24,2025-03-07,49.0310740751,-122.8653404956,flowering,5,
2025-04-25,2025-03-07,-37.8241406707,145.1607280133,flowering,5,684.7488021850597
2025-04-05,2025-03-07,46.9485104403,16.1039422272,flowering,5,113.02449951171934
2025-04-23,2025-03-07,47.6552414779,-122.2929725283,flowering,5,196.85361633300886
2024-07-01,2024-02-29,54.6842493445,25.2946175718,flowering,5,850.4289764404318
2025-04-24,2025-03-07,50.3450598759,5.0284767151,flowering,5,192.79391784668064
2025-04-24,2025-03-07,48.3069648611,16.2990913333,flowering,5,244.16157531738372
2025-04-24,2025-03-07,47.6933799931,7.6260927266,flowering,5,176.56800689697366
2025-04-24,2025-03-07,43.8619913717,3.9059990644,flowering,5,289.12977447509877
2025-04-24,2025-03-07,55.7637758369,-3.9159505103,flowering,5,110.11262207031336
2025-04-24,2025-03-07,51.3380761744,20.0098156929,flowering,5,208.71608886718832
2025-04-18,2025-03-07,44.5527861387,34.0723806566,flowering,5,133.71923675537175
2025-04-24,2025-03-07,50.8047758974,8.8070846815,budding,5,166.0640625000009
2025-04-24,2025-03-07,52.5347482,-2.4134552997,flowering,5,162.25348815918062
2025-04-24,2025-03-07,41.0683219914,29.0367327451,flowering,5,295.3548095703136
2025-04-24,2025-03-07,48.2519832383,16.3920294824,flowering,5,251.40522766113372
2025-04-24,2025-03-07,46.97101,15.4015883333,flowering,5,195.18350677490332
2025-04-24,2025-03-07,46.970228387,15.4001028836,flowering,5,195.18350677490332
2025-04-08,2025-03-07,52.5038516682,13.5298357357,flowering,5,62.70751190185604
2025-04-18,2025-03-07,37.770145,-122.4547416667,flowering,5,
2025-04-23,2025-03-07,41.0694137122,-3.5198913887,flowering,5,90.25357818603572
2025-04-23,2025-03-07,41.2445633333,-81.438125,flowering,5,224.38860015869216
2025-04-23,2025-03-07,48.4163472222,9.9764166667,flowering,5,148.17368621826256
2025-04-23,2025-03-07,50.1315529421,8.7357256529,flowering,5,197.24499206543067
2025-04-23,2025-03-07,46.97047175,15.40048674,flowering,5,187.91176147461033
2025-04-23,2025-03-07,50.9683333333,6.8669968843,flowering,5,216.99264526367278
2025-04-20,2025-03-07,46.4068579352,-0.4255934805,flowering,5,267.5022079467783
2025-04-22,2025-03-07,44.5749047827,-123.2857478781,flowering,5,198.96844482421977
2025-04-22,2025-03-07,43.1741296021,-77.5247781851,flowering,5,115.97858581543028
2025-04-22,2025-03-07,43.173410768,-77.5259731942,flowering,5,115.97858581543028
2025-04-22,2025-03-07,47.6504807565,-122.3113470666,flowering,5,203.9316802978526
2025-04-22,2025-03-07,34.4146375,-119.8445179,flowering,5,
2025-04-02,2025-03-07,48.1188111111,16.8994611111,flowering,5,98.71731872558644
2025-04-22,2025-03-07,47.1169748716,-88.5438285583,flowering,5,1.8405883789063182
2025-04-22,2025-03-07,55.8343783333,37.5547166667,flowering,5,99.69072570800824
2025-04-22,2025-03-07,47.6831085612,17.6354246959,flowering,5,269.68667755127046
2025-04-22,2025-03-07,47.6903019275,17.6323971525,flowering,5,269.68667755127046
2025-04-22,2025-03-07,41.068275224,29.0342639261,flowering,5,282.3345657348643
2025-04-22,2025-03-07,41.0678208779,29.0342981318,flowering,5,282.3345657348643
2025-04-22,2025-03-07,41.0686365351,29.0391410095,budding,5,282.3345657348643
2025-04-22,2025-03-07,41.0683070297,29.0388109611,flowering,5,282.3345657348643
2025-04-22,2025-03-07,41.06788213,29.03433528,flowering,5,282.3345657348643
2025-04-20,2025-03-07,46.5620878945,24.5665453188,flowering,5,175.7546279907234
2025-04-22,2025-03-07,41.0689298807,29.0394191177,flowering,5,282.3345657348643
2025-04-22,2025-03-07,41.0683639992,29.0388070726,flowering,5,282.3345657348643
2025-04-19,2025-03-07,47.5861258997,16.5492625,flowering,5,181.9352905273446
2025-04-22,2025-03-07,41.0686469613,29.0381156582,flowering,5,282.3345657348643
2025-04-22,2025-03-07,41.0674516665,29.0354947124,flowering,5,282.3345657348643
2025-04-22,2025-03-07,41.0672918492,29.0352569239,flowering,5,282.3345657348643
2025-04-22,2025-03-07,41.0674022,29.035312,flowering,5,282.3345657348643
2025-03-29,2025-03-07,44.9805801953,-123.1834440876,flowering,5,84.32948608398488
2025-04-21,2025-03-07,48.43030018,-123.47218695,flowering,5,117.45769653320406
2025-04-19,2025-03-07,48.6096920846,13.1367284428,flowering,5,145.0425277709969
2025-04-21,2025-03-07,48.6035883333,13.1890333333,flowering,5,164.13602294921964
2025-04-21,2025-03-07,37.2525466667,43.2320133333,flowering,5,122.34374694824294
2025-04-21,2025-03-07,51.3304833333,12.3574866667,flowering,5,154.59629821777423
2025-04-20,2025-03-07,45.7588007,-122.5180667,flowering,5,188.7564514160166
2025-04-20,2025-03-07,45.7598459,-122.5131248997,flowering,5,188.7564514160166
2025-04-21,2025-03-07,46.30974126,-1.01150768,flowering,5,301.36157989502055
2025-04-15,2025-03-07,47.6515933405,-122.3596695124,flowering,5,159.19792022705167
2025-04-05,2025-03-07,44.0061134817,4.8771190328,flowering,5,191.5088882446296
2025-04-20,2025-03-07,48.1855340442,16.3030966278,flowering,5,193.2930389404305
2025-04-20,2025-03-07,49.2581170814,-122.7883958817,flowering,5,125.59237823486399
2025-04-20,2025-03-07,48.87380153,-123.29128693,flowering,5,
2025-04-20,2025-03-07,51.431397325,-1.9921293667,flowering,5,171.8893798828134
2025-04-20,2025-03-07,58.5207749761,31.2728659614,flowering,5,70.68033294677764
2025-04-19,2025-03-07,37.8069444444,-122.2608333333,flowering,5,
2025-04-20,2025-03-07,51.3093798212,-0.2434852347,flowering,5,177.84393920898526
2025-04-20,2025-03-07,51.3094093728,-0.2435549721,flowering,5,177.84393920898526
2025-04-20,2025-03-07,47.6868983508,-122.3419226329,flowering,5,184.12355499267676
2025-04-18,2025-03-07,48.1358642956,-122.3364131525,flowering,5,167.65143737793062
2025-04-20,2025-03-07,52.40871,-1.530285,flowering,5,159.53026428222745
2025-04-20,2025-03-07,42.6812523359,-2.0488425717,flowering,5,172.53207397461028
2025-04-20,2025-03-07,49.0368620871,9.0683607617,flowering,5,173.75444793701263
2025-04-20,2025-03-07,43.4596421057,-4.929087963,flowering,5,
2025-04-19,2025-03-07,37.8099583333,-122.2607805556,flowering,5,
2025-04-19,2025-03-07,44.639995,-123.289025,flowering,5,187.10915679931736
2025-04-19,2025-03-07,43.1535392,-77.6028052355,flowering,5,99.21441955566456
2025-04-19,2025-03-07,45.3865114395,-122.8336284837,flowering,5,200.96498413086033
2025-04-19,2025-03-07,33.8875388889,-118.3819888889,flowering,5,448.81287994384866
2025-04-19,2025-03-07,52.121805273,4.9841780216,flowering,5,184.49635772705165
2025-04-12,2025-03-07,52.0232382,5.1988362997,flowering,5,139.91527709961008
2025-04-19,2025-03-07,37.4499166667,-122.3387216667,flowering,5,305.49718322754006
2025-04-19,2025-03-07,44.5741006751,-123.2756520063,flowering,5,187.10915679931736
2025-04-15,2025-03-07,48.4247905033,-123.3043205438,flowering,5,
2025-04-18,2025-03-07,48.8397113822,2.4379171059,fruiting,5,218.49630737304778
2025-04-19,2025-03-07,52.1368743346,21.0627306472,flowering,5,158.12207946777414
2025-04-19,2025-03-07,53.6230047,-2.4219452997,flowering,5,120.2585159301766
2025-04-19,2025-03-07,53.554309845,-1.4387801886,flowering,5,129.0016799926766
2025-04-19,2025-03-07,48.9717597961,1.4566091299,flowering,5,206.61299133300872
2025-04-19,2025-03-07,48.2679716667,7.7206783333,flowering,5,194.86305236816497
2025-04-19,2025-03-07,55.8201614132,22.7636715397,flowering,5,95.15770874023485
2025-04-19,2025-03-07,40.2821245296,-8.2658952032,flowering,5,337.409521484376
2025-04-18,2025-03-07,47.6578063778,-122.3098422,flowering,5,170.48973236084078
2025-04-18,2025-03-07,46.12150288,-123.3828313997,flowering,5,144.18417053222743
2025-04-18,2025-03-07,40.8750026952,-124.0738860934,flowering,5,220.53315429687598
2025-04-12,2025-03-07,49.4375333333,8.648045,flowering,5,134.68791809082109
2025-04-18,2025-03-07,57.75770301,16.6369757429,flowering,5,
2025-04-04,2025-03-07,37.8061206843,-122.2644183593,flowering,5,
2025-04-18,2025-03-07,47.5432704622,7.8414720856,flowering,5,165.65152587890714
2025-04-18,2025-03-07,57.0043833333,18.2492333333,flowering,5,32.429972839355855
2025-04-11,2025-03-07,48.2444526519,16.2769683243,flowering,5,111.11310119628968
2025-04-17,2025-03-07,49.6639658501,10.6837766245,flowering,5,124.81650848388745
2025-04-17,2025-03-07,48.7416931179,19.0920766783,flowering,5,82.55808563232483
2025-04-14,2025-03-07,50.987996,12.998159,flowering,5,93.65493621826238
2025-04-16,2025-03-07,43.1755629452,-77.5237951969,budding,5,81.57612609863327
2025-04-17,2025-03-07,-43.9435533305,170.8434916667,flowering,5,228.81642150878997
2025-04-16,2025-03-07,32.7753803,-117.2384475,flowering,5,371.0607315063486
2025-04-16,2025-03-07,48.370984993,-123.5317576212,flowering,5,95.06986389160238
2025-04-16,2025-03-07,48.5289628,15.842893,flowering,5,135.1848556518562
2025-04-16,2025-03-07,57.0895741523,22.6642103836,flowering,5,49.46257629394563
2025-04-16,2025-03-07,49.707021297,13.4221054009,flowering,5,113.0962158203132
2025-04-16,2025-03-07,47.6591282524,-122.3123421819,flowering,5,158.9343551635751
2025-04-16,2025-03-07,45.4969883333,15.5471866667,flowering,5,192.02606658935633
2025-04-14,2025-03-07,51.309185744,-0.2434647828,flowering,5,147.06188659668044
2025-04-16,2025-03-07,45.499207404,15.551996369,flowering,5,197.14526062011805
2025-04-15,2025-03-07,43.1287557292,-77.4799388622,flowering,5,97.56172637939505
2025-04-15,2025-03-07,43.1282876482,-77.4795685238,flowering,5,97.56172637939505
2025-04-15,2025-03-07,33.89737,-118.350495,flowering,5,409.0900573730478
2025-04-15,2025-03-07,49.2266472616,-123.9477470332,flowering,5,101.7737930297859
2025-04-15,2025-03-07,47.6558278548,-122.3061764428,flowering,5,152.44813995361415
2025-04-15,2025-03-07,44.0536083333,-123.0149916667,flowering,5,163.07322235107506
2025-04-13,2025-03-07,48.12595,-124.71212,flowering,5,123.95297698974696
2025-04-15,2025-03-07,51.9499086781,7.5887760031,flowering,5,155.7359802246101
2025-04-14,2025-03-07,37.4575694444,-121.8652388889,flowering,5,316.5923675537118
2025-04-14,2025-03-07,40.6939916667,-73.45298,flowering,5,104.97364654541093
2025-03-22,2025-03-07,44.9748300853,-123.9992691151,flowering,5,38.07171020507849
2025-03-22,2025-03-07,44.9748941297,-123.9992784877,flowering,5,38.07171020507849
2025-03-22,2025-03-07,44.9749065018,-123.9991536426,flowering,5,38.07171020507849
2025-04-14,2025-03-07,43.0033378601,-78.9244689941,flowering,5,76.117178344727
2025-04-14,2025-03-07,42.8758467421,-78.7201240864,flowering,5,86.55518341064499
2025-04-14,2025-03-07,40.4325866667,-3.68053,flowering,5,192.758526611329
2025-04-12,2025-03-07,53.6926656161,-0.4502932022,flowering,5,103.87493286132883
2025-04-11,2025-03-07,50.3740966667,-4.13895,flowering,5,145.43757171630932
2025-04-11,2025-03-07,50.3743333333,-4.1389611667,flowering,5,145.43757171630932
2025-04-14,2025-03-07,47.7917805556,13.4851888889,flowering,5,42.11571807861378
2025-04-14,2025-03-07,48.122616,16.2590835,flowering,5,131.5304489135749
2025-03-22,2025-03-07,44.9744046445,-123.9991535025,budding,5,38.07171020507849
2025-03-22,2025-03-07,44.9745106258,-123.9992908321,budding,5,38.07171020507849
2025-03-22,2025-03-07,44.9746210057,-123.9989912026,budding,5,38.07171020507849
2025-03-22,2025-03-07,44.9744443699,-123.9994281591,flowering,5,38.07171020507849
2025-03-22,2025-03-07,44.9742342475,-123.9991347736,flowering,5,38.07171020507849
2025-03-22,2025-03-07,44.9742386634,-123.9991285304,flowering,5,38.07171020507849
2025-03-22,2025-03-07,44.9741053,-123.9991535,flowering,5,38.07171020507849
2025-04-13,2025-03-07,48.3317636523,16.0433505848,flowering,5,124.40001525878972
2025-04-12,2025-03-07,37.3345533333,-121.883195,flowering,5,305.6969329833993
2025-04-13,2025-03-07,49.44424578,-123.47571512,flowering,5,
2025-04-13,2025-03-07,53.59,19.56,flowering,5,57.807644653320835
2025-04-02,2025-03-07,38.5708886997,-121.489399,flowering,5,210.1967269897467
2025-03-31,2025-03-07,37.4389299236,29.96994159,flowering,5,156.58780975341847
2025-04-12,2025-03-07,49.4392416309,-123.6878182505,budding,5,
2025-04-13,2025-03-07,48.0564233333,7.9060333333,flowering,5,129.52998657226635
2025-04-13,2025-03-07,48.0373331532,16.2580885738,flowering,5,125.3363632202155
2025-04-13,2025-03-07,44.8393534887,24.9626437202,flowering,5,145.7421020507819
2025-04-13,2025-03-07,44.8394150633,24.9630799145,flowering,5,145.7421020507819
2025-04-13,2025-03-07,49.5052278619,5.9485828048,flowering,5,119.89186248779367
2025-04-13,2025-03-07,49.5049650748,5.9472425978,flowering,5,119.89186248779367
2025-04-13,2025-03-07,41.6261152,2.4788732,flowering,5,263.104847717286
2025-04-13,2025-03-07,51.329349177,12.3337828461,flowering,5,90.14050598144593
2025-04-13,2025-03-07,49.1106253093,9.0484409293,flowering,5,128.22732238769606
2025-04-13,2025-03-07,51.8725547778,4.6551208333,flowering,5,149.77634735107495
2025-04-12,2025-03-07,51.3481072058,12.3677370977,flowering,5,79.73056182861387
2025-04-12,2025-03-07,45.7147815925,-121.5066190293,flowering,5,99.54361572265691
2025-04-11,2025-03-07,47.6577472189,-122.3108822071,flowering,5,134.9188522338875
2025-04-11,2025-03-07,37.8123,-122.2858333333,flowering,5,
2025-04-11,2025-03-07,37.7992481389,-122.2611007778,flowering,5,
2025-04-07,2025-03-07,50.8120005707,4.414927901,flowering,5,124.9674438476568
2025-04-11,2025-03-07,46.3362116859,-0.4593393579,flowering,5,221.3223999023445
2025-04-11,2025-03-07,46.3346616529,-0.4559564218,flowering,5,221.3223999023445
2025-04-12,2025-03-07,39.2736583333,-120.9805055556,flowering,5,150.48983612060613
2025-04-12,2025-03-07,59.877025,17.6166002778,flowering,5,33.61086578369179
2025-04-12,2025-03-07,51.8731889,19.3895105,flowering,5,73.20668640136773
2025-04-12,2025-03-07,47.1249202458,6.9299924292,flowering,5,58.73211822509825
2025-04-12,2025-03-07,48.763864,2.393718,flowering,5,175.0754455566414
2025-04-12,2025-03-07,46.966055,11.0097527833,flowering,5,0.0
2025-04-09,2025-03-07,45.6429422652,11.2983427942,flowering,5,126.07857818603588
2025-04-12,2025-03-07,53.8126116667,-1.0819388333,flowering,5,106.8431808471687
2025-04-09,2025-03-07,55.6517010503,12.5858698413,flowering,5,
2025-04-11,2025-03-07,50.4862033333,13.6906133333,flowering,5,79.8384963989264
2025-04-11,2025-03-07,46.541882759,6.6200047477,flowering,5,148.07672271728586
2025-04-11,2025-03-07,49.2716557122,-123.2045260688,flowering,5,
2025-03-23,2025-03-07,42.0295870911,-124.2529092629,flowering,5,
2025-04-11,2025-03-07,45.5565677103,-122.8682724795,flowering,5,144.36572113037187
2025-04-09,2025-03-07,48.368118343,-124.6249603853,flowering,5,
2025-04-11,2025-03-07,47.0496166667,16.0825638333,flowering,5,116.66348876953191
2025-04-11,2025-03-07,53.3842797,-2.8142482,flowering,5,120.96743621826238
2025-04-11,2025-03-07,48.330495,14.3067716667,flowering,5,84.87798767089907
2025-04-11,2025-03-07,52.7373667997,-1.5165431,flowering,5,107.93644714355537
2025-04-05,2025-03-07,50.1073576658,14.3978010565,flowering,5,67.61800842285209
2025-03-07,2025-03-07,36.655743363,-121.800980866,flowering,5,5.146142578125023
2025-04-09,2025-03-07,37.322245,-121.8601616667,flowering,5,273.69788970947343
2025-04-10,2025-03-07,53.1589469722,6.3708500833,flowering,5,87.25977020263736
2025-04-10,2025-03-07,53.2585914332,-6.2065703049,flowering,5,
2025-04-10,2025-03-07,44.56469715,-123.32854644,flowering,5,131.85410766601638
2025-04-10,2025-03-07,46.8833461997,15.5147586,flowering,5,93.07116394043032
2025-04-10,2025-03-07,46.97668,15.812945,flowering,5,102.6657318115241
2025-04-10,2025-03-07,48.1649306137,14.1260222532,flowering,5,91.64618988037171
2025-04-10,2025-03-07,49.0057901545,8.5289375111,flowering,5,120.03787536621167
2025-03-29,2025-03-07,41.6536284133,-124.1274153069,flowering,5,83.5183532714849
2025-04-10,2025-03-07,48.1675941438,16.287876247,flowering,5,105.63604125976622
2025-04-10,2025-03-07,52.7840738076,-1.5830551833,flowering,5,101.06815948486394
2025-04-10,2025-03-07,48.5767833333,8.8773416667,flowering,5,70.51708831787164
2025-04-10,2025-03-07,53.6482123708,-2.1327118948,flowering,5,75.17945251464903
2025-04-10,2025-03-07,52.0851554871,4.8909420967,flowering,5,123.06262817382878
2025-04-09,2025-03-07,38.7186279294,-9.1506528853,flowering,5,310.5976623535164
2025-04-09,2025-03-07,47.9551945254,16.2375346385,flowering,5,87.81079101562557
2025-04-09,2025-03-07,47.95356852,16.2365749944,flowering,5,87.81079101562557
2025-03-17,2025-03-07,45.121912095,15.587649673,flowering,5,46.3736267089846
2025-04-09,2025-03-07,53.3935182019,-2.751820242,flowering,5,111.69569702148499
2025-04-09,2025-03-07,50.0512654321,7.9222008547,flowering,5,88.32455596923887
2025-04-09,2025-03-07,46.3255899768,-0.4666718468,flowering,5,200.96492156982492
2025-04-09,2025-03-07,46.3255378829,-0.4666855931,flowering,5,200.96492156982492
2025-04-09,2025-03-07,51.3807742977,12.2449835192,flowering,5,69.62205352783258
2025-04-09,2025-03-07,53.3720764798,-6.272851713,flowering,5,122.515148925782
2025-04-03,2025-03-07,39.4417614911,-8.5780339847,flowering,5,225.06808929443423
2025-04-07,2025-03-07,46.1367638333,-123.3731,flowering,5,87.03054351806702
2025-04-09,2025-03-07,52.0403055556,-2.5083555556,flowering,5,107.16350250244204
2025-04-09,2025-03-07,48.1938325,17.3167215,flowering,5,116.86470184326231
2025-04-07,2025-03-07,46.2920667139,-0.6222175062,flowering,5,186.1470092773444
2025-04-09,2025-03-07,48.1596916667,17.0628083333,flowering,5,112.14308319091856
2025-04-09,2025-03-07,46.5126639578,6.6220730716,flowering,5,134.48548736572332
2025-04-09,2025-03-07,52.9196791634,9.2458312958,flowering,5,85.3972534179693
2025-04-08,2025-03-07,48.4515555556,-123.3592444444,flowering,5,82.5729873657234
2025-04-08,2025-03-07,37.2995418465,-121.7601247877,flowering,5,250.71415405273513
2025-04-08,2025-03-07,48.7744636772,-122.4816091691,flowering,5,87.24143524169983
2025-04-08,2025-03-07,44.0523270658,-123.148263842,flowering,5,125.25814208984445
2025-04-05,2025-03-07,49.9658331145,8.283600385,flowering,5,99.967880249024
2025-04-08,2025-03-07,52.0541944444,1.1690805556,flowering,5,105.84853057861392
2025-04-08,2025-03-07,38.9261344588,-76.995095769,flowering,5,228.78310089111403
2025-04-08,2025-03-07,50.4874033333,13.66963,flowering,5,70.38970031738336
2025-04-08,2025-03-07,48.0642524461,16.3651131941,flowering,5,107.12550354003963
2025-04-08,2025-03-07,48.0642053229,16.3650797306,flowering,5,107.12550354003963
2025-04-08,2025-03-07,48.0642721401,16.3650603826,flowering,5,107.12550354003963
2025-04-08,2025-03-07,48.0646753,16.368453,flowering,5,107.12550354003963
2025-04-08,2025-03-07,48.0641088076,16.3650576677,flowering,5,107.12550354003963
2025-04-08,2025-03-07,46.6360310997,-1.8755795997,flowering,5,
2025-04-07,2025-03-07,51.3288116667,12.3922483333,flowering,5,59.99795684814501
2025-03-30,2025-03-07,46.4455638889,6.9096305556,flowering,5,14.122393798828398
2025-04-03,2025-03-07,44.565765806,-123.3299824968,flowering,5,90.33624420166075
2025-03-29,2025-03-07,51.5832495833,0.0203746177,budding,5,76.5844696044926
2025-04-06,2025-03-07,36.656271963,-121.8006736545,flowering,5,219.6731658935554
2025-04-07,2025-03-07,58.5977570573,-3.667293191,flowering,5,
2025-04-07,2025-03-07,49.26477,-123.2572633333,flowering,5,
2025-04-07,2025-03-07,46.29686,-0.6127259722,flowering,5,186.1470092773444
2025-04-03,2025-03-07,55.6859861111,12.5765805556,flowering,5,
2025-04-07,2025-03-07,51.7867758066,19.4628911465,flowering,5,65.68213195800831
2025-03-30,2025-03-07,46.4545712254,6.9051312935,flowering,5,29.12855987548869
2025-04-06,2025-03-07,41.3672991,2.1528571,flowering,5,
2025-04-07,2025-03-07,43.6345952037,0.5445893481,flowering,5,187.31489715576242
2025-04-07,2025-03-07,48.1843933333,16.2665516667,budding,5,99.86565856933646
2025-04-07,2025-03-07,48.1844266667,16.2663716667,budding,5,99.86565856933646
2025-04-06,2025-03-07,37.768255,-122.501028,flowering,5,
2025-04-05,2025-03-07,51.3384666667,12.3502133333,flowering,5,60.97843322753954
2025-04-06,2025-03-07,47.4240648997,18.5906921997,flowering,5,114.09059295654356
2025-03-24,2025-03-07,50.7115710201,11.6520318668,flowering,5,31.390792846679915
2025-04-06,2025-03-07,51.3946275758,6.7348787157,flowering,5,115.89109497070365
2025-04-05,2025-03-07,49.7224014,6.1258493997,flowering,5,82.09937744140677
2025-04-06,2025-03-07,49.6735544444,8.6910819444,flowering,5,82.58176116943412
2025-04-06,2025-03-07,50.8200693,8.826989,flowering,5,72.33697814941456
2025-04-06,2025-03-07,50.0995201316,14.4378630817,flowering,5,67.61800842285209
2025-04-01,2025-03-07,48.6089883333,17.5287433333,flowering,5,78.69067230224653
2025-04-06,2025-03-07,55.6576922348,12.5788650965,flowering,5,
2025-04-06,2025-03-07,50.8576278687,-0.105497703,flowering,5,117.23394927978575
2025-04-06,2025-03-07,47.0616504,15.4710395,flowering,5,71.05237426757867
2025-04-06,2025-03-07,55.6678973423,12.5909339894,flowering,5,
2025-04-06,2025-03-07,41.0534840729,-3.5284048878,flowering,5,33.70505065917996
2025-04-06,2025-03-07,49.8753662109,6.9466767311,flowering,5,86.8692993164068
2025-04-06,2025-03-07,59.4133747,5.2736632,flowering,5,27.780343627930165
2025-04-06,2025-03-07,42.1148194444,2.4012444444,flowering,5,77.61298370361385
2025-04-06,2025-03-07,51.7473082713,19.502810128,flowering,5,66.71618194580128
2025-04-06,2025-03-07,48.8250533,2.2554883,flowering,5,138.66515808105532
2025-04-05,2025-03-07,39.9772415,-8.4137134444,flowering,5,179.0053482055671
2025-04-05,2025-03-07,47.605733,-122.161358,flowering,5,98.35035400390689
2025-04-05,2025-03-07,44.60634821,-123.27942413,flowering,5,102.04298095703189
2025-04-05,2025-03-07,41.1081442853,-124.0080038823,flowering,5,83.73459320068423
2025-04-05,2025-03-07,43.7374872,10.4488293895,flowering,5,216.2946090698249
2025-04-05,2025-03-07,47.6557772689,-122.3063988393,flowering,5,101.9142730712897
2025-04-05,2025-03-07,46.3545955,-0.4640543997,flowering,5,157.22910614013733
2025-04-05,2025-03-07,48.8340895506,-123.6759777367,flowering,5,63.59018249511769
2025-04-05,2025-03-07,37.8041289958,-122.216415095,flowering,5,203.0812530517585
2025-04-04,2025-03-07,52.7494490766,1.4024522599,flowering,5,80.09018707275447
2025-04-05,2025-03-07,46.8713680127,-122.9709616084,flowering,5,97.52998046875064
2025-04-04,2025-03-07,37.9373063064,-122.2582460307,flowering,5,196.4237884521491
2025-04-04,2025-03-07,50.09775292,14.34063498,flowering,5,62.42429656982472
2025-04-05,2025-03-07,47.4714495556,10.7336368333,flowering,5,0.7057128906250227
2025-04-05,2025-03-07,52.7840654997,-1.5834208,flowering,5,87.71135559082086
2025-04-05,2025-03-07,51.3759831127,-2.387193729,flowering,5,105.26811828613336
2025-04-04,2025-03-07,55.83443,37.5551866667,flowering,5,26.778939819336188
2025-04-04,2025-03-07,44.5553774669,-123.2735313206,flowering,5,94.12613983154358
2025-04-04,2025-03-07,44.5555646588,-123.2744027748,flowering,5,94.12613983154358
2025-04-04,2025-03-07,45.53947,-122.834755,flowering,5,98.84823150634827
2025-04-04,2025-03-07,49.7710777778,8.4702638889,flowering,5,92.23810424804742
2025-04-04,2025-03-07,43.1473417394,-124.4030223415,flowering,5,109.19224395752019
2025-04-04,2025-03-07,42.9556322,-81.3177501,flowering,5,53.529536437988554
2025-04-04,2025-03-07,55.8349443263,37.5532741472,flowering,5,26.778939819336188
2025-04-04,2025-03-07,44.5514992924,-123.2529843124,flowering,5,103.5807540893561
2025-04-04,2025-03-07,37.2953843599,-121.8563963846,flowering,5,219.86462249755925
2025-04-04,2025-03-07,48.097432,-123.047244,flowering,5,
2025-04-04,2025-03-07,48.8224449158,14.3253746033,flowering,5,42.200796508789495
2025-04-04,2025-03-07,37.3049325357,-121.994685301,flowering,5,205.90929260253972
2025-03-31,2025-03-07,55.6728333333,12.5735861111,budding,5,
2025-03-20,2025-03-07,37.2142574624,-121.8606254909,flowering,5,69.79347076416047
2025-04-04,2025-03-07,53.5469176354,-2.634881813,flowering,5,87.63701324462943
2025-04-04,2025-03-07,49.079337752,9.4529258334,flowering,5,61.45999908447311
2025-03-30,2025-03-07,55.6116674101,37.67183401,flowering,5,13.999829101562682
2025-04-04,2025-03-07,50.10766517,14.39813409,flowering,5,65.9226791381841
2025-04-04,2025-03-07,50.1071531328,14.3982120597,flowering,5,65.9226791381841
2025-04-04,2025-03-07,50.1076506638,14.3981085532,flowering,5,65.9226791381841
2025-04-04,2025-03-07,50.1076929934,14.3982612328,flowering,5,65.9226791381841
2025-04-04,2025-03-07,50.1076667959,14.3983614613,flowering,5,65.9226791381841
2025-03-08,2025-03-07,49.7189318128,6.469525238,flowering,5,4.6854736328125455
2025-04-03,2025-03-07,40.553955,-124.1148221667,budding,5,111.1130264282233
2025-04-03,2025-03-07,40.554025,-124.1148916667,flowering,5,111.1130264282233
2025-04-03,2025-03-07,44.5656755146,-123.3348228782,flowering,5,90.33624420166075
2025-04-03,2025-03-07,44.5625,-123.329805,flowering,5,90.33624420166075
2025-04-03,2025-03-07,43.0070526795,-81.2820272452,budding,5,51.842210388183844
2025-04-03,2025-03-07,44.5718939184,-123.3311301471,flowering,5,90.33624420166075
2025-04-03,2025-03-07,44.562522569,-123.3298064578,flowering,5,90.33624420166075
2025-04-03,2025-03-07,44.5624608546,-123.3298110387,flowering,5,90.33624420166075
2025-04-03,2025-03-07,45.9688587813,9.7278779,flowering,5,0.0
2025-04-02,2025-03-07,52.0189260755,4.7406086326,flowering,5,86.73349914550829
2025-04-03,2025-03-07,44.5659554824,-123.2795174874,flowering,5,90.33624420166075
2025-04-03,2025-03-07,52.7066972222,-2.7608444444,flowering,5,71.1624084472661
2025-04-03,2025-03-07,49.999580592,10.7927269489,flowering,5,58.99129333496137
2025-04-03,2025-03-07,52.7779546,-1.5531031997,flowering,5,77.48111267089894
2025-03-30,2025-03-07,46.4644472222,6.8958333333,flowering,5,29.12855987548869
2025-04-03,2025-03-07,51.7257826626,0.4240253565,flowering,5,90.24754791259818
2025-03-30,2025-03-07,46.4664837351,6.8940466347,flowering,5,29.12855987548869
2025-04-03,2025-03-07,51.7260315582,0.4246773004,flowering,5,90.24754791259818
2025-04-03,2025-03-07,51.7255001133,0.4240928581,flowering,5,90.24754791259818
2025-04-03,2025-03-07,48.1843534513,16.2662290794,flowering,5,90.12938842773485
2024-04-12,2024-02-29,51.7555860023,19.4548689947,flowering,5,183.33835296630934
2025-04-03,2025-03-07,51.7414821688,19.5749229938,flowering,5,62.24992523193407
2025-04-03,2025-03-07,45.8625309794,12.4394716153,flowering,5,136.66167144775454
2025-03-30,2025-03-07,46.4682694444,6.8921805556,flowering,5,29.12855987548869
2025-04-03,2025-03-07,51.7071675603,19.5337933302,flowering,5,60.21988830566454
2025-04-03,2025-03-07,51.7392636306,19.5181778446,flowering,5,60.21988830566454
2025-04-01,2025-03-07,44.7327231075,-123.8416536312,flowering,5,87.66668853759825
2025-04-02,2025-03-07,45.5120703779,-122.5720544388,flowering,5,97.4743667602545
2025-04-02,2025-03-07,50.0724361667,8.2547466667,flowering,5,70.29306640625043
2025-03-30,2025-03-07,49.14970378,8.27696042,flowering,5,76.8165832519536
2025-04-02,2025-03-07,37.7735283417,-122.3933072352,flowering,5,188.5391799926764
2025-04-02,2025-03-07,51.1384361689,1.3207258063,flowering,5,
2025-04-02,2025-03-07,48.2089916667,16.3623466667,flowering,5,93.26866302490282
2025-03-27,2025-03-07,50.7223884864,-3.5269925195,flowering,5,64.91560516357458
2025-04-02,2025-03-07,51.1075304,17.0895809,flowering,5,72.04735565185592
2025-04-01,2025-03-07,46.4453034922,6.8798939935,flowering,5,14.190518188476858
2025-04-02,2025-03-07,48.2026380301,11.5790956467,flowering,5,55.11602020263717
2025-04-02,2025-03-07,49.9093660486,9.0565576076,flowering,5,63.938972473144986
2025-04-02,2025-03-07,51.450925,-2.466065,flowering,5,80.77942047119188
2025-04-02,2025-03-07,48.0095829722,16.222766,flowering,5,71.2941284179692
2025-04-02,2025-03-07,48.74668,9.645795,flowering,5,54.46681976318405
2025-04-02,2025-03-07,51.5476989746,14.7221841812,flowering,5,60.138923645019986
2025-04-02,2025-03-07,48.146562388,17.0740935285,flowering,5,97.62297210693407
2025-04-02,2025-03-07,48.1465701023,17.0741151944,flowering,5,97.62297210693407
2025-04-01,2025-03-07,49.1073857502,18.4629585966,flowering,5,43.27005462646525
2025-04-01,2025-03-07,48.46037,-123.3213883333,flowering,5,
2025-04-01,2025-03-07,48.4394584555,-123.294027652,flowering,5,
2025-03-31,2025-03-07,37.8387881961,-122.2600184754,flowering,5,
2025-03-29,2025-03-07,37.8058922265,-122.2155861983,flowering,5,155.75682525634818
2025-04-01,2025-03-07,43.6403666667,3.8632027778,flowering,5,167.11761627197325
2024-07-07,2024-02-29,41.9482,14.0287027783,flowering,5,751.5272506713891
2025-03-23,2025-03-07,46.4482375405,6.8803290309,flowering,5,13.41454772949237
2025-04-01,2025-03-07,56.4989946178,9.7519795597,flowering,5,31.240885925293355
2025-03-31,2025-03-07,47.0049506,15.4473214997,flowering,5,58.65627288818405
2025-04-01,2025-03-07,56.1393473164,10.2018860544,flowering,5,32.00382232666061
2025-03-23,2025-03-07,46.4432417046,6.8858289215,flowering,5,13.41454772949237
2025-04-01,2025-03-07,46.8719,15.8562866667,flowering,5,85.3248550415044
2025-03-31,2025-03-07,48.772904,2.2683,flowering,5,91.3545639038091
2025-03-22,2025-03-07,47.22631332,-122.4444536214,flowering,5,23.31041564941438
2025-03-31,2025-03-07,44.5678833333,-123.2829666667,flowering,5,85.1196716308599
2025-03-31,2025-03-07,44.567931958,-123.2828807766,flowering,5,85.1196716308599
2025-03-28,2025-03-07,48.2533998987,16.3740104662,flowering,5,72.16075897216831
2025-03-31,2025-03-07,53.4240164956,-2.8146955394,flowering,5,71.35817413330119
2025-03-31,2025-03-07,53.4240160964,-2.8138640946,flowering,5,71.35817413330119
2025-03-31,2025-03-07,47.111084035,15.3921488539,flowering,5,51.46633911132858
2025-03-31,2025-03-07,38.54119494,-121.50127256,flowering,5,195.62091064453182
2025-03-31,2025-03-07,46.2918762997,-0.2501179,flowering,5,112.65265808105516
2025-03-31,2025-03-07,46.2929591997,-0.2476882997,flowering,5,112.65265808105516
2025-03-22,2025-03-07,42.0688694444,-124.314575,flowering,5,46.74159393310583
2025-03-06,2025-03-07,47.7082283333,7.655145,flowering,5,1.314637756347679
2024-05-11,2024-02-29,51.8380170034,19.6200690781,flowering,5,354.51112670898567
2025-03-30,2025-03-07,42.83748,2.481656,flowering,5,82.19916076660206
2025-03-31,2025-03-07,53.8038930163,-0.4365654048,flowering,5,62.32707214355514
2025-03-31,2025-03-07,53.3809605428,-2.9337194189,flowering,5,71.90667572021528
2025-03-31,2025-03-07,51.428977771,-2.203416013,flowering,5,75.5274047851567
2025-03-23,2025-03-07,46.4488432296,6.8859632382,flowering,5,13.41454772949237
2025-03-31,2025-03-07,51.8016050486,19.3949943781,flowering,5,47.54926757812541
2025-03-31,2025-03-07,53.1058807373,8.8504590988,flowering,5,57.55669555664099
2024-04-18,2024-02-29,51.9486804477,19.6550285071,flowering,5,208.52843170166102
2025-03-31,2025-03-07,50.0903940417,8.2581264537,flowering,5,63.56233520507851
2024-06-04,2024-02-29,49.2774146552,19.9049936235,flowering,5,263.18734436035277
2025-03-27,2025-03-07,46.4568667767,6.8520367738,flowering,5,26.32672119140659
2025-03-30,2025-03-07,48.0354963429,16.2680347077,flowering,5,73.50039978027382
2025-03-31,2025-03-07,49.6241254775,6.1935124787,flowering,5,54.801380920410566
2025-03-30,2025-03-07,49.0754277778,-121.9745333333,flowering,5,28.843296813965026
2025-03-20,2025-03-07,48.2302027778,16.3163,flowering,5,33.585772705078284
2025-03-20,2025-03-07,48.230825,16.3172027778,flowering,5,33.585772705078284
2025-03-30,2025-03-07,42.4532860417,-76.5130417049,flowering,5,55.82212066650425
2025-03-29,2025-03-07,37.8038734167,-122.2156580278,flowering,5,155.75682525634818
2025-03-30,2025-03-07,49.0526156997,11.3594424,flowering,5,47.941806030273824
2025-03-25,2025-03-07,45.5920812331,-123.1925325646,flowering,5,44.26316986084021
2025-03-25,2025-03-07,45.5303105408,-123.1443674714,flowering,5,54.31915740966838
2025-03-29,2025-03-07,51.7481198,19.3881405,flowering,5,43.308869934082395
2025-03-30,2025-03-07,51.7236751526,19.4422126561,flowering,5,46.20440979003945
2025-03-30,2025-03-07,53.296313748,-1.492420816,flowering,5,53.730133056640966
2025-03-30,2025-03-07,45.7811467,8.8972259,flowering,5,70.24969940185599
2025-03-30,2025-03-07,48.3997230991,9.9740194453,flowering,5,41.088647460937864
2025-03-30,2025-03-07,48.1980083333,15.9273861111,flowering,5,63.06249542236367
2025-03-30,2025-03-07,43.1449946941,16.5958293155,flowering,5,
2025-03-30,2025-03-07,51.3499494223,-2.484135339,flowering,5,68.574681091309
2025-03-30,2025-03-07,52.7818406997,-1.5438670997,flowering,5,61.47656707763713
2025-03-29,2025-03-07,40.9464242547,-3.772191169,flowering,5,3.4261672973633495
2025-03-30,2025-03-07,44.4154571997,18.9500227997,flowering,5,107.48823547363327
2025-03-26,2025-03-07,48.790705,17.8965383333,flowering,5,38.08803863525418
2025-03-26,2025-03-07,48.7737533333,17.90079,flowering,5,38.08803863525418
2025-03-29,2025-03-07,47.6828461484,-122.25901625,flowering,5,73.1695114135747
2025-03-29,2025-03-07,51.5682533333,-0.0605183333,flowering,5,75.09409790039103
2025-03-29,2025-03-07,46.1414721667,5.977555,flowering,5,66.29746704101603
2025-03-22,2025-03-07,45.517660337,-122.9861657155,flowering,5,31.670059204101904
2025-03-29,2025-03-07,50.0960861111,14.3449222222,flowering,5,40.52882537841833
2025-03-29,2025-03-07,50.0967944444,14.3486222222,flowering,5,40.52882537841833
2025-03-29,2025-03-07,43.7729385,11.2459496,flowering,5,121.84153137207079
2025-03-19,2025-03-07,48.1475383333,17.2028766667,flowering,5,37.67693786621112
2025-03-29,2025-03-07,51.69051,4.4397547,flowering,5,74.01564331054726
2025-03-29,2025-03-07,49.4722041255,11.1014745198,flowering,5,45.201029968262105
2025-03-29,2025-03-07,50.3657150269,-3.6617264748,flowering,5,76.17347564697309
2025-03-24,2025-03-07,38.7175866667,-9.1501695,flowering,5,142.84290771484416
2025-03-28,2025-03-07,43.1732630821,-77.5291470815,flowering,5,42.86464691162132
2025-03-28,2025-03-07,43.1723693141,-77.5272948417,flowering,5,42.86464691162132
2025-03-26,2025-03-07,48.4032075,-123.3491486111,flowering,5,
2025-03-28,2025-03-07,48.6256154767,13.1676611557,flowering,5,38.65101928710976
2025-03-27,2025-03-07,53.2984243494,-1.8241555617,flowering,5,39.15812988281277
2025-03-28,2025-03-07,48.4616837425,-123.3033478365,flowering,5,
2025-03-21,2025-03-07,48.20504556,15.63583678,flowering,5,30.407644653320517
2025-03-23,2025-03-07,47.2296304002,11.9604254234,flowering,5,0.0
2025-03-28,2025-03-07,38.758734504,-9.1554567616,flowering,5,166.6047851562505
2025-03-28,2025-03-07,47.2285716667,-122.5124366667,flowering,5,65.14380798339891
2025-03-28,2025-03-07,51.5268892,-0.1614438,flowering,5,69.2402435302738
2025-03-28,2025-03-07,50.28211536,18.65868779,flowering,5,56.78825378418003
2025-03-28,2025-03-07,50.1084902939,14.4980072603,flowering,5,40.39056396484409
2025-03-28,2025-03-07,53.9451857364,-1.0748178669,flowering,5,49.2941055297855
2025-03-13,2025-03-07,47.2721111111,15.964025,flowering,5,24.645648193359534
2025-03-28,2025-03-07,51.537989817,4.6250452886,budding,5,72.67257080078161
2025-03-28,2025-03-07,49.60821249,8.3273552,flowering,5,63.79874114990275
2025-03-28,2025-03-07,47.3152739754,11.6360561874,flowering,5,0.0
2025-03-26,2025-03-07,48.4743166667,-123.326875,budding,5,
2025-03-25,2025-03-07,37.8007702778,-122.2633005556,flowering,5,
2025-03-23,2025-03-07,37.7991848626,-122.2586942004,budding,5,
2025-03-27,2025-03-07,48.43931739,-123.29361468,flowering,5,
2025-03-27,2025-03-07,48.2353783333,16.3683883333,flowering,5,68.42014312744175
2025-03-27,2025-03-07,48.2409033333,16.36858,budding,5,68.42014312744175
2025-03-21,2025-03-07,37.8109527778,-122.2610944444,flowering,5,
2025-03-26,2025-03-07,48.3083230946,24.8327902704,flowering,5,18.105531311035406
2025-03-27,2025-03-07,51.0834137,1.15403492,flowering,5,
2025-03-27,2025-03-07,49.2203773156,7.5605443887,flowering,5,53.45506896972688
2025-03-22,2025-03-07,49.0981805556,8.5532638889,flowering,5,38.44199066162139
2025-03-27,2025-03-07,50.01623378,14.48086954,flowering,5,34.33267059326204
2025-03-09,2025-03-07,52.814572346,11.1045284898,flowering,5,11.3887527465821
2025-03-26,2025-03-07,48.1342278333,-122.7633833333,flowering,5,44.59353485107465
2025-03-24,2025-03-07,40.8664892901,-124.0828396752,flowering,5,72.79800109863322
2025-03-26,2025-03-07,46.984246291,6.9039694411,flowering,5,37.79447631835967
2025-03-26,2025-03-07,53.5469072038,-2.6349826406,flowering,5,50.158827209472975
2025-03-21,2025-03-07,46.1658296181,7.2112530645,flowering,5,0.0
2025-03-21,2025-03-07,46.166625,7.211325,flowering,5,0.0
2025-03-26,2025-03-07,53.9479933805,-1.0518436879,flowering,5,40.78170471191436
2025-03-26,2025-03-07,49.2156955,16.4983724,flowering,5,43.151858520508085
2025-03-26,2025-03-07,48.1996120732,15.6301895676,flowering,5,49.67742767334016
2025-03-26,2025-03-07,48.1993895809,15.6301653998,flowering,5,49.67742767334016
2025-03-23,2025-03-07,41.0686332292,-3.526231122,flowering,5,6.467832946777435
2025-03-25,2025-03-07,38.0321471667,-122.7320166667,flowering,5,102.01218261718793
2025-03-25,2025-03-07,38.0356638333,-122.7586216667,flowering,5,101.89239349365278
2025-03-24,2025-03-07,49.29940111,-123.1211508,flowering,5,6.295382690429847
2025-03-24,2025-03-07,44.5980133333,-123.2649,flowering,5,43.054406738281614
2025-03-25,2025-03-07,38.5703389359,-123.3421099567,flowering,5,94.0862487792973
2025-03-25,2025-03-07,45.4946990914,-122.6857433841,flowering,5,54.514193725586324
2025-03-25,2025-03-07,38.1927033333,-122.2547833333,flowering,5,132.26489105224653
2025-03-22,2025-03-07,37.5639928665,-120.9916863106,flowering,5,118.84722290039099
2025-03-24,2025-03-07,45.555972403,-122.8733944148,flowering,5,39.69470367431677
2025-03-25,2025-03-07,47.5348476152,-122.3937933602,flowering,5,48.51663665771525
2025-03-25,2025-03-07,47.5846883333,-122.147575,flowering,5,41.32037658691445
2025-03-24,2025-03-07,37.8217638942,-122.2567802752,flowering,5,
2025-03-24,2025-03-07,37.8215078781,-122.2571772422,flowering,5,
2025-03-25,2025-03-07,36.9906069897,-121.927543925,flowering,5,114.0007995605473
2025-03-25,2025-03-07,38.69937784,-9.20173525,flowering,5,152.30483093261762
2025-03-25,2025-03-07,51.7890911426,19.4791004062,flowering,5,30.07120819091824
2025-03-25,2025-03-07,44.0633487,11.838962,flowering,5,77.62672729492226
2025-03-25,2025-03-07,48.6480918,2.1545242,flowering,5,67.14943084716833
2025-03-25,2025-03-07,49.89314419,14.40188901,flowering,5,31.071841430664335
2025-03-21,2025-03-07,46.2472426032,7.4180838174,flowering,5,0.0
2025-03-24,2025-03-07,43.172648708,-77.5261776944,budding,5,42.86464691162132
2025-03-24,2025-03-07,43.1728504509,-77.5257114961,budding,5,42.86464691162132
2025-03-19,2025-03-07,45.55997,-122.578444,flowering,5,25.12760467529324
2025-03-24,2025-03-07,47.1474636719,15.8874307248,flowering,5,42.63966827392608
2025-03-23,2025-03-07,43.6704323515,10.6545081749,flowering,5,99.0859176635746
2025-03-24,2025-03-07,49.1916822987,-123.0734550919,flowering,5,14.906596374511992
2025-03-24,2025-03-07,46.7169837952,-122.9721984863,flowering,5,34.95959472656284
2025-03-24,2025-03-07,46.7170219421,-122.9724960327,flowering,5,34.95959472656284
2025-03-19,2025-03-07,32.77185,-117.2399305556,flowering,5,97.3264663696292
2025-03-19,2025-03-07,46.5102888889,6.5323861111,flowering,5,33.51643218994161
2025-03-24,2025-03-07,46.5138616667,6.6212916667,flowering,5,60.27499847412139
2025-03-24,2025-03-07,53.344575,-1.4432933333,flowering,5,34.44753875732442
2025-03-19,2025-03-07,46.5126269623,6.5670290218,flowering,5,30.637989807129088
2025-03-19,2025-03-07,46.5183611111,6.5840638889,flowering,5,30.637989807129088
2025-03-20,2025-03-07,48.2342133333,16.3364583333,flowering,5,33.585772705078284
2025-03-20,2025-03-07,48.2340383333,16.33495,flowering,5,33.585772705078284
2025-03-23,2025-03-07,50.7089944444,7.1475055556,flowering,5,47.64941406250023
2025-03-23,2025-03-07,34.2232153604,-119.1702082481,flowering,5,122.36192626953164
2025-03-23,2025-03-07,53.9468421667,-1.0454529444,flowering,5,31.221725463867415
2025-03-23,2025-03-07,48.9721644,16.8626064,flowering,5,41.283195495605696
2025-03-23,2025-03-07,45.2554059774,19.8515050113,flowering,5,87.7172134399417
2025-03-23,2025-03-07,38.636721,-9.231782,flowering,5,137.18336029052773
2025-03-21,2025-03-07,51.535074157,0.6278606301,flowering,5,39.021896362304915
2025-03-23,2025-03-07,48.3997230991,9.9740194453,flowering,5,25.605459594726767
2025-03-22,2025-03-07,47.38052019,11.28537797,flowering,5,0.0
2025-03-22,2025-03-07,41.1392835,-124.1516258,flowering,5,43.83422851562534
2025-03-22,2025-03-07,45.1673443264,-123.9531512586,flowering,5,
2025-03-22,2025-03-07,42.1005861667,-124.34417,flowering,5,46.74159393310583
2025-03-22,2025-03-07,45.5128552997,-122.6789313,flowering,5,30.537931823730787
2025-03-22,2025-03-07,32.7253378184,-117.1482707225,flowering,5,126.93629608154333
2025-03-21,2025-03-07,48.3506124997,8.0787928997,flowering,5,21.529919433593932
2025-03-22,2025-03-07,48.5060288255,8.9937332316,flowering,5,21.30987243652362
2025-03-22,2025-03-07,48.4740245864,-123.3262967493,flowering,5,
2025-03-22,2025-03-07,48.2808883333,11.5851633333,flowering,5,24.65901031494161
2025-03-22,2025-03-07,52.758203,-1.584232,flowering,5,36.93019104003929
2025-03-02,2025-03-07,51.3674011424,7.4816570243,flowering,5,0.0
2025-03-22,2025-03-07,46.9493261539,15.880589039,flowering,5,40.37443847656277
2025-03-22,2025-03-07,45.220971043,25.5830974311,flowering,5,37.38288116455101
2025-03-22,2025-03-07,48.2890805556,16.3270583333,flowering,5,39.81262817382833
2025-03-22,2025-03-07,46.7154974852,15.1941460746,flowering,5,21.51299896240255
2025-03-22,2025-03-07,50.6951833333,-2.2410383333,flowering,5,47.71790466308619
2025-03-22,2025-03-07,52.7317127,-1.5140937997,flowering,5,36.102821350097884
2025-03-22,2025-03-07,52.2441416667,0.1706566667,flowering,5,42.188224792480696
2025-03-22,2025-03-07,51.34216949,-0.11294114,flowering,5,42.79730224609398
2025-03-22,2025-03-07,51.4237129566,7.0686792285,flowering,5,43.15166168212909
2025-03-21,2025-03-07,47.3205333333,16.4676383333,flowering,5,35.40196838378927
2025-03-21,2025-03-07,37.85508,-122.2973633333,flowering,5,82.83350372314487
2025-02-23,2025-03-07,34.22085,-119.0541555556,flowering,5,9.919671630859398
2025-03-21,2025-03-07,37.4283222222,-122.1736972222,flowering,5,80.45278167724643
2025-03-21,2025-03-07,37.2696818412,-121.9496331612,flowering,5,97.30422973632847
2025-03-21,2025-03-07,53.0654709876,14.2951588333,flowering,5,16.859111022949378
2025-03-21,2025-03-07,44.8343319675,-0.6552190706,flowering,5,73.35707550048858
2025-03-19,2025-03-07,47.8321649226,-3.8914394317,flowering,5,51.49808959960967
2025-03-21,2025-03-07,51.4564333333,-2.4703583333,flowering,5,36.877355957031455
2025-03-21,2025-03-07,52.7235615079,1.0135513321,flowering,5,31.84692993164083
2025-03-20,2025-03-07,48.0887378541,-123.2556475594,flowering,5,12.135003662109625
2025-03-20,2025-03-07,38.56708106,-121.32468717,flowering,5,82.49901428222688
2025-03-20,2025-03-07,46.9485104403,16.1039422272,flowering,5,36.599845886230696
2025-03-16,2025-03-07,44.9017013889,11.6606930556,flowering,5,62.214103698730696
2025-03-20,2025-03-07,51.4862660614,-3.1799398466,flowering,5,30.162519836425986
2024-02-29,2024-02-29,46.955261,16.160038,flowering,5,4.594445800781273
2025-03-20,2025-03-07,48.3966038851,9.9892178931,flowering,5,12.099061584472793
2025-03-20,2025-03-07,55.9751288167,-3.5188921167,flowering,5,12.839337158203193
2025-03-19,2025-03-07,49.9866783,7.9635033,flowering,5,17.743919372558707
2025-03-20,2025-03-07,48.50634361,9.07699084,flowering,5,11.307521057129065
2025-03-20,2025-03-07,42.366295,12.4889633333,flowering,5,77.22542419433626
2025-03-20,2025-03-07,47.9632162549,16.234733303,flowering,5,30.49211425781266
2025-03-20,2025-03-07,52.7777274,-1.5544971997,flowering,5,25.056813049316588
2025-02-01,2025-03-07,41.8912416667,12.4883083333,flowering,5,5.44819030761721
2025-03-19,2025-03-07,48.0684971667,-123.3063283333,flowering,5,11.195770263672102
2025-03-19,2025-03-07,48.0525323823,-122.2643802963,flowering,5,18.57936248779322
2025-03-14,2025-03-07,48.4065883333,-123.3525783333,flowering,5,
2025-03-14,2025-03-07,48.4085111111,-123.3667611111,flowering,5,
2025-03-14,2025-03-07,48.4085833333,-123.3667916667,budding,5,
2025-03-19,2025-03-07,50.0120361167,8.1017611667,flowering,5,17.680442810058707
2025-03-19,2025-03-07,41.4750633333,-81.2184,flowering,5,48.3226303100588
2025-03-17,2025-03-07,45.6222984496,9.8059833397,flowering,5,38.19400177001978
2025-03-15,2025-03-07,53.9464119199,-1.0561252092,flowering,5,15.187536621093841
2025-03-15,2025-03-07,48.5109138889,-123.4179611111,flowering,5,9.791319274902548
2025-03-19,2025-03-07,52.0269881483,0.2366730081,flowering,5,23.189418029785315
2025-03-15,2025-03-07,53.4095268056,6.2122168333,flowering,5,
2025-03-19,2025-03-07,53.4566217507,-1.5659418786,flowering,5,12.675978088378997
2025-03-19,2025-03-07,47.496538,8.685363,flowering,5,10.610871887207168
2025-03-15,2025-03-07,53.4095420833,6.2015471389,flowering,5,
2025-03-19,2025-03-07,52.7367754,12.3197889,flowering,5,12.52702484130873
2025-03-19,2025-03-07,47.8588333333,13.7741616667,flowering,5,12.395661926269668
2025-03-09,2025-03-07,39.1536805556,-123.2198277778,flowering,5,13.4225662231446
2025-03-18,2025-03-07,46.6291716667,14.33186,flowering,5,14.028298950195449
2025-03-16,2025-03-07,-45.2051979358,169.3565642929,flowering,5,85.74546813964866
2025-03-03,2025-03-07,50.74754987,7.0546527367,flowering,5,0.0
2025-03-18,2025-03-07,46.8089804,15.8585829997,flowering,5,37.85585632324239
2025-03-18,2025-03-07,47.2661124851,11.4063127711,flowering,5,0.0
2025-03-18,2025-03-07,48.2050020605,16.3609006201,flowering,5,36.85381774902362
2025-03-18,2025-03-07,48.2041683484,16.3614914194,flowering,5,36.85381774902362
2025-03-18,2025-03-07,48.2050830414,16.3608217058,flowering,5,36.85381774902362
2025-03-18,2025-03-07,48.2050725968,16.3609680738,flowering,5,36.85381774902362
2025-03-18,2025-03-07,48.2050834084,16.3608934544,flowering,5,36.85381774902362
2025-03-17,2025-03-07,46.4597777778,6.8394472222,flowering,5,12.77946624755873
2025-03-17,2025-03-07,48.7992027778,8.4396777778,flowering,5,10.723098754882926
2025-03-17,2025-03-07,46.9973176835,6.9419528827,flowering,5,11.302139282226676
2025-03-17,2025-03-07,45.2368459969,17.7715155932,flowering,5,68.43834838867213
2025-03-15,2025-03-07,46.4532296197,6.8584368725,flowering,5,5.813644409179801
2025-03-17,2025-03-07,49.177685,16.569285,flowering,5,24.65984497070326
2025-03-17,2025-03-07,53.1731640042,8.6215039462,flowering,5,13.834219360351653
2025-03-14,2025-03-07,46.459258,6.839727,flowering,5,12.77946624755873
2025-03-13,2025-03-07,46.4624356874,6.8352353481,flowering,5,12.77946624755873
2025-03-17,2025-03-07,50.46253208,3.95382389,flowering,5,26.593811035156364
2025-03-11,2025-03-07,46.4635472222,6.8350972222,flowering,5,12.496711730957145
2025-03-11,2025-03-07,46.4577426029,6.8480138027,flowering,5,12.496711730957145
2025-03-16,2025-03-07,38.55241268,-121.35172638,flowering,5,60.46688079834007
2025-03-16,2025-03-07,33.6460153548,-117.8428936364,flowering,5,73.36037445068382
2025-03-16,2025-03-07,47.6549240877,-122.3073118502,flowering,5,18.08644104003929
2025-03-16,2025-03-07,37.8844442219,-122.3622382452,flowering,5,57.886825561523665
2025-03-15,2025-03-07,49.7796557972,9.9711222881,flowering,5,10.745841979980582
2025-03-16,2025-03-07,36.6022683333,-121.854175,flowering,5,53.44557952880882
2025-03-16,2025-03-07,48.1651050058,-123.6976993088,flowering,5,
2025-03-16,2025-03-07,37.0947295524,-121.6445398796,flowering,5,55.25894165039085
2025-03-16,2025-03-07,54.0555936193,9.963673912,budding,5,10.565565490722747
2025-03-16,2025-03-07,50.1574979081,8.7846888229,flowering,5,16.291659545898597
2025-03-13,2025-03-07,46.258938,20.142875,flowering,5,43.95752258300797
2025-03-15,2025-03-07,47.2813331514,11.5574688662,flowering,5,0.0
2025-03-16,2025-03-07,60.2218750036,-1.6892024221,flowering,5,
2025-03-15,2025-03-07,37.8898057767,-122.2997305477,flowering,5,50.71417846679708
2025-03-08,2025-03-07,39.8947988997,32.8622844,flowering,5,6.348567199707077
2024-12-26,2024-02-29,50.099042255,13.3852978796,flowering,5,2214.3608520507732
2025-03-16,2025-03-07,48.6659527209,17.3376343084,flowering,5,34.56601257324235
2025-03-16,2025-03-07,50.1424642,14.5449194,flowering,5,17.286767578125136
2025-03-16,2025-03-07,50.6026516,7.2434115997,flowering,5,17.02957153320324
2025-03-15,2025-03-07,37.3746383333,-121.860275,flowering,5,64.37901153564474
2025-03-15,2025-03-07,54.6984244391,-1.218008548,flowering,5,12.623709106445403
2025-03-15,2025-03-07,47.6992270846,-122.8043771535,flowering,5,15.146902465820517
2025-03-15,2025-03-07,54.308431372,10.7314206194,flowering,5,7.3595794677735284
2025-03-15,2025-03-07,51.9240351961,19.4195844153,flowering,5,23.65275878906266
2025-03-15,2025-03-07,51.4887433167,0.1285416667,budding,5,22.303176879882926
2025-03-15,2025-03-07,51.4884716667,0.1283983333,flowering,5,22.303176879882926
2025-03-15,2025-03-07,53.5262366667,-1.6606783333,flowering,5,11.157284545898506
2025-03-09,2025-03-07,46.4625046126,6.8555850536,flowering,5,2.6767166137695995
2025-03-15,2025-03-07,52.6749583287,9.6731274761,flowering,5,13.87582244873056
2025-03-09,2025-03-07,46.4674861111,6.8602,flowering,5,2.6767166137695995
2025-03-08,2025-03-07,42.1029694444,2.2044527778,flowering,5,5.8040039062500455
2025-03-14,2025-03-07,37.8278366667,-122.5198366667,flowering,5,
2025-03-14,2025-03-07,48.7413663552,12.926742062,flowering,5,13.920315551757994
2025-03-14,2025-03-07,51.128667335,1.32488,flowering,5,
2025-03-14,2025-03-07,51.1301119643,1.3208453242,flowering,5,
2024-12-25,2024-02-29,49.223305,7.014389,flowering,5,2443.004434204092
2025-03-14,2025-03-07,41.0803198256,-3.5547979921,flowering,5,1.435914611816429
2025-03-14,2025-03-07,42.1352556,2.8698068997,flowering,5,43.86248474121112
2025-03-09,2025-03-07,46.4669944444,6.8606861111,flowering,5,2.6767166137695995
2025-03-09,2025-03-07,46.4688824793,6.8600825027,flowering,5,2.6767166137695995
2025-03-14,2025-03-07,43.1838432932,16.5859854408,flowering,5,
2025-03-14,2025-03-07,47.0632495879,15.4457053968,flowering,5,19.164593505859557
2025-03-14,2025-03-07,47.0637033638,15.4454560246,flowering,5,19.164593505859557
2025-03-14,2025-03-07,47.0645416653,15.4449955366,flowering,5,19.164593505859557
2025-03-14,2025-03-07,47.5529031968,21.625897754,flowering,5,45.2508590698244
2025-03-13,2025-03-07,48.1733752997,16.3326066997,flowering,5,33.585772705078284
2025-03-09,2025-03-07,46.4610889712,6.865723283,flowering,5,2.6767166137695995
2025-03-09,2025-03-07,46.4577888889,6.8569666667,flowering,5,2.6767166137695995
2025-03-14,2025-03-07,-41.2600233333,174.7700966667,flowering,5,
2025-03-12,2025-03-07,50.927665884,4.3290320411,flowering,5,23.61898651123056
2025-03-13,2025-03-07,41.8925517499,-80.1421876712,flowering,5,6.312771606445381
2025-03-13,2025-03-07,45.6902116453,-122.8647164664,flowering,5,11.88750000000016
2025-02-21,2025-03-07,51.5006722222,7.2082833333,flowering,5,6.918763732910179
2025-03-13,2025-03-07,46.9547166667,15.4302716667,flowering,5,21.915911865234534
2025-03-08,2025-03-07,37.8311732778,-122.2382510833,flowering,5,11.268603515625045
2025-03-13,2025-03-07,47.7154998778,16.2369728086,flowering,5,30.35022277832047
2025-03-08,2025-03-07,46.4861926053,6.8017226969,flowering,5,3.9686767578125455
2025-03-13,2025-03-07,40.82021404,29.92204847,flowering,5,44.475848388672034
2025-03-08,2025-03-07,46.4876305166,6.8121183068,flowering,5,3.9686767578125455
2025-03-01,2025-03-07,51.7280709501,8.7271639422,flowering,5,0.0
2025-03-09,2025-03-07,47.3887130641,-122.3762779102,flowering,5,7.004948425293037
2025-03-12,2025-03-07,48.3135711725,-124.6538434595,flowering,5,
2025-03-12,2025-03-07,48.3958549722,15.5656149722,flowering,5,22.8749176025392
2025-03-08,2025-03-07,46.4954444444,6.8120361111,flowering,5,3.9686767578125455
2025-03-12,2025-03-07,48.9440706,14.4704449,flowering,5,18.285920715332168
2025-03-12,2025-03-07,45.9434722222,11.7095444444,flowering,5,2.7276824951172784
2025-03-08,2025-03-07,46.4822740173,6.8318823745,flowering,5,3.9686767578125455
2025-03-08,2025-03-07,46.4736624883,6.835042438,flowering,5,3.9686767578125455
2025-03-12,2025-03-07,44.8084743,20.4736080997,flowering,5,45.238351440429824
2025-03-07,2025-03-07,46.4544986347,6.8631358392,flowering,5,0.11984405517580399
2025-03-04,2025-03-07,34.1104305024,-117.9495866667,flowering,5,7.937471008300804
2025-03-11,2025-03-07,38.56282,-121.4240716667,flowering,5,32.358398437500114
2025-03-11,2025-03-07,37.8071534695,-122.2549001974,flowering,5,
2025-03-11,2025-03-07,38.69925385,-9.20226042,flowering,5,39.472602844238395
2025-03-07,2025-03-07,46.4573434083,6.8678980641,flowering,5,0.11984405517580399
2025-03-11,2025-03-07,53.5468716736,-2.6348466667,flowering,5,20.51497497558603
2025-03-11,2025-03-07,49.394905085,8.6884247931,flowering,5,14.216728210449332
2025-03-11,2025-03-07,49.3950213317,8.6888788482,flowering,5,14.216728210449332
2025-03-07,2025-03-07,46.4603666792,6.8718309378,flowering,5,0.11984405517580399
2025-03-07,2025-03-07,46.4679566708,6.8653960821,flowering,5,0.11984405517580399
2025-03-05,2025-03-07,46.3843944444,6.9204444444,flowering,5,0.0
2025-03-09,2025-03-07,40.0714416389,-8.4169216111,flowering,5,15.5473220825196
2025-03-05,2025-03-07,46.3965055556,6.9284870668,flowering,5,0.0
2025-03-10,2025-03-07,37.8447846113,-122.2639255508,flowering,5,
2025-03-09,2025-03-07,46.6746482847,11.5610275267,flowering,5,0.0
2025-03-10,2025-03-07,46.8330666667,15.95873,flowering,5,17.448591613769622
2025-03-10,2025-03-07,51.6135455969,-3.6819062009,flowering,5,22.04604187011728
2025-03-10,2025-03-07,47.0800587073,15.444336868,flowering,5,8.457685852050872
2025-03-09,2025-03-07,47.3238201794,8.3768008795,flowering,5,9.6591384887696
2025-03-10,2025-03-07,47.08195813,15.4422301734,flowering,5,8.457685852050872
2025-03-10,2025-03-07,47.0815569962,15.4428486332,flowering,5,8.457685852050872
2025-03-10,2025-03-07,47.0826842155,15.4399973426,flowering,5,8.457685852050872
2025-03-10,2025-03-07,47.0827692621,15.4415904886,flowering,5,8.457685852050872
2025-03-05,2025-03-07,46.3830231662,6.8609568011,flowering,5,0.0
2025-03-05,2025-03-07,46.3875972222,6.8769527778,flowering,5,0.0
2025-01-29,2025-03-07,48.8623611111,2.3306333333,flowering,5,1.8119674682617415
2025-01-29,2025-03-07,48.8661333333,2.3173805556,flowering,5,1.8119674682617415
2025-01-29,2025-03-07,48.8663916667,2.3164361111,flowering,5,1.8119674682617415
2025-01-30,2025-03-07,48.8581777778,2.3485583333,flowering,5,0.0
2025-01-31,2025-03-07,48.8584083333,2.2952444444,flowering,5,0.0
2025-01-31,2025-03-07,48.8064888889,2.1152194444,flowering,5,0.0
2025-03-05,2025-03-07,46.3946805556,6.8889277778,flowering,5,0.0
2025-03-10,2025-03-07,50.1055605263,8.6810338844,flowering,5,12.429510498046966
2025-03-09,2025-03-07,46.9932063889,15.4026213889,flowering,5,7.884281921386787
2025-03-09,2025-03-07,45.469859176,-122.6592914565,flowering,5,7.122898864746162
2025-03-08,2025-03-07,50.8974075225,20.6650274493,flowering,5,5.748377990722702
2025-03-09,2025-03-07,45.5064955859,-122.6773655299,flowering,5,7.122898864746162
2025-03-09,2025-03-07,50.1017978298,13.8736714795,flowering,5,6.4170730590820995
2025-03-09,2025-03-07,53.4705489242,-2.9471861259,flowering,5,18.384632873535224
2025-03-09,2025-03-07,51.5107083333,-0.0581716667,flowering,5,16.509388732910224
2025-03-08,2025-03-07,46.6232254718,6.5534854237,flowering,5,6.8300048828125455
2025-03-09,2025-03-07,55.801026,-4.1081289722,flowering,5,13.905514526367256
2025-03-09,2025-03-07,45.8258176885,15.8740743622,flowering,5,12.940289306640693
2025-03-02,2025-03-07,43.6708921184,10.653155335,flowering,5,3.0895172119140852
2025-03-09,2025-03-07,47.8005386851,16.6949007288,flowering,5,17.401730346679756
2025-03-09,2025-03-07,47.8582305556,13.3520611111,flowering,5,6.130123901367256
2025-03-09,2025-03-07,48.2390008341,16.3215345517,flowering,5,14.965397644043037
2025-03-08,2025-03-07,48.238517,11.573567,flowering,5,4.222041320800827
2025-03-09,2025-03-07,46.9876433333,15.4016633333,flowering,5,7.884281921386787
2025-03-07,2025-03-07,46.4893677158,6.735396285,flowering,5,3.075898742675804
2025-03-09,2025-03-07,50.6513416667,12.329045,flowering,5,4.614834594726631
2025-03-09,2025-03-07,49.4541460072,6.6314936839,flowering,5,8.9569900512696
2025-03-09,2025-03-07,46.3900866667,6.1366805,flowering,5,6.0706680297852245
2025-03-09,2025-03-07,48.2765424674,8.8548057899,flowering,5,4.172245788574287
2025-03-09,2025-03-07,46.8766798504,15.9066793716,flowering,5,10.360279846191474
2025-02-07,2025-03-07,41.8896472222,12.4877666667,flowering,5,3.9424987792968977
2025-03-07,2025-03-07,48.1895127935,16.337784715,flowering,5,4.014375305175804
2025-03-08,2025-03-07,51.3868333333,0.0632933333,flowering,5,10.972583007812545
2025-03-03,2025-03-07,54.1797860492,12.2419285029,flowering,5,0.18494567871096024
2025-03-08,2025-03-07,51.4140305556,-0.3074055556,flowering,5,11.34627075195317
2025-03-07,2025-03-07,48.4881533333,-123.3252033333,flowering,5,
2025-03-06,2025-03-07,43.885683124,5.8917868581,flowering,5,1.770021057128929
2025-03-08,2025-03-07,51.1719318961,6.4647626489,flowering,5,10.329028320312545
2025-03-08,2025-03-07,49.5831766678,6.1295496672,flowering,5,4.823039245605514
2025-03-08,2025-03-07,49.848090462,6.111716548,flowering,5,4.6805908203125455
2025-03-08,2025-03-07,48.526603758,2.571663782,flowering,5,12.76826782226567
2025-03-08,2025-03-07,47.5865182057,16.4693975586,flowering,5,10.897669982910202
2025-03-08,2025-03-07,47.5867429722,16.4660939722,flowering,5,10.897669982910202
2025-03-08,2025-03-07,49.8303833008,0.6073607206,flowering,5,13.24580688476567
2025-03-08,2025-03-07,46.8141986294,15.6151459964,flowering,5,6.5534240722656705
2025-03-08,2025-03-07,45.9766466171,15.9361815825,flowering,5,7.4989501953125455
2025-03-08,2025-03-07,52.194235,0.126321,flowering,5,11.780200195312545
2025-03-08,2025-03-07,45.9778404934,15.9348050226,flowering,5,7.4989501953125455
2025-03-08,2025-03-07,53.6940166667,23.7945883333,flowering,5,2.331332397460983
2025-03-08,2025-03-07,51.4416890582,-0.1369733974,flowering,5,11.17830200195317
2025-03-08,2025-03-07,51.5865383333,0.5367666667,flowering,5,10.729418945312545
2025-03-02,2025-03-07,51.549045,-2.46155,flowering,5,0.0
2025-03-08,2025-03-07,50.1291561,14.3791440997,flowering,5,4.8583251953125455
2025-03-08,2025-03-07,55.8320666667,-4.2519027778,flowering,5,10.95051879882817
2025-03-06,2025-03-07,49.271360069,-123.2044855875,flowering,5,
2025-03-06,2025-03-07,49.2713426874,-123.2048721391,flowering,5,
2025-03-06,2025-03-07,47.6653089871,-122.4133012183,flowering,5,1.200013732910179
2025-02-20,2025-03-07,49.1073638333,-125.87918,flowering,5,
2025-03-06,2025-03-07,49.0049654113,-123.0721027353,flowering,5,
2025-03-06,2025-03-07,49.0070216793,-123.0710837388,flowering,5,
2025-03-06,2025-03-07,37.8110399759,-122.2619013283,flowering,5,
2025-03-07,2025-03-07,47.806218,16.1000389722,flowering,5,3.890992736816429
2025-03-06,2025-03-07,51.9702472222,8.5368638889,flowering,5,2.551942443847679
2025-03-07,2025-03-07,50.9919111526,12.9793022807,flowering,5,3.047578430175804
2025-03-07,2025-03-07,49.1724000997,16.5915509,flowering,5,3.145234680175804
2025-03-05,2025-03-07,45.4836522833,9.060908825,flowering,5,3.636445617675804
2025-03-07,2025-03-07,47.2690166931,15.6917482218,flowering,5,1.258180236816429
2025-03-07,2025-03-07,47.6893850143,7.6977871146,budding,5,2.1004425048828352
2025-03-07,2025-03-07,47.7072187194,7.6596328066,flowering,5,2.1004425048828352
2025-03-07,2025-03-07,42.3025589,14.3200327,flowering,5,3.9570480346679915
2025-03-06,2025-03-07,37.72393,-122.41967,flowering,5,
2025-03-06,2025-03-07,47.5381080698,-122.6235204072,flowering,5,1.243104553222679
2025-03-06,2025-03-07,45.896735436,-123.9626744025,flowering,5,
2024-04-12,2024-02-29,49.4619899298,8.4863157701,flowering,5,227.3114532470713
2025-03-02,2025-03-07,46.473871166,6.7843962728,flowering,5,0.0
2025-03-06,2025-03-07,38.6994546338,-9.2017595765,flowering,5,8.862901306152366
2025-03-06,2025-03-07,49.0979183556,9.0706407323,flowering,5,1.502137756347679
2025-03-06,2025-03-07,49.4938056087,5.9717730685,flowering,5,1.276551818847679
2025-03-06,2025-03-07,45.8363056881,15.9730120841,flowering,5,3.790223693847679
2025-02-02,2025-03-07,52.6962324586,0.9322449937,flowering,5,0.0
2025-03-06,2025-03-07,53.3403083333,15.01615,flowering,5,2.408387756347679
2025-03-05,2025-03-07,38.0205778333,-122.6746133333,flowering,5,5.284211730957054
2025-03-04,2025-03-07,44.8575592039,10.0240345,flowering,5,3.1650482177734602
2024-03-31,2024-02-29,48.5834246774,13.5652036965,flowering,5,90.69749298095769
2025-03-05,2025-03-07,38.4348097624,-122.6886319477,flowering,5,5.371499633789085
2025-03-05,2025-03-07,45.3895504168,-122.4604681694,flowering,5,1.8881011962890852
2025-03-05,2025-03-07,54.4020534759,10.4437671974,flowering,5,2.397187805175804
2025-03-05,2025-03-07,51.1411695,1.3181533333,flowering,5,
