observed_on,season_start,latitude,longitude,phenophase,t_base,gdd_cumulative
2025-09-20,2025-05-16,45.1582052034,5.3618823178,flowering,5,1744.5198318481416
2025-06-19,2025-05-16,43.2140504,27.9147333,flowering,5,483.4085693359383
2025-09-15,2025-05-16,45.79717921,11.71392769,flowering,5,1638.1404602050757
2025-09-15,2025-05-16,52.1841443763,5.9667895362,flowering,5,1531.8660766601547
2025-08-28,2025-05-16,50.7149853284,-1.8840699172,flowering,5,1342.6990432739258
2025-09-12,2025-05-16,52.6814219417,1.1778362731,flowering,5,1479.7264556884752
2025-09-13,2025-05-16,52.9726327312,-6.022202298,flowering,5,
2025-09-13,2025-05-16,52.1628025997,21.0478066,flowering,5,1620.1449142456036
2025-09-13,2025-05-16,40.492332,-7.593653,flowering,5,1977.9753585815392
2025-09-13,2025-05-16,43.1504564,2.5537838997,flowering,5,2181.467881774898
2025-06-17,2025-05-16,43.2140504,27.9147333,flowering,5,448.2220886230476
2025-09-12,2025-05-16,42.8103538803,-1.6463056505,flowering,5,1759.905593872068
2025-09-10,2025-05-16,42.565542978,27.6321138707,flowering,5,2122.6189773559536
2025-08-03,2025-05-16,42.6905533333,-0.30843,flowering,5,812.8963470459003
2025-08-26,2025-05-16,50.7148297479,-1.9905331334,flowering,5,1300.6112869262697
2025-09-09,2025-05-16,42.8138452506,-1.6604939103,flowering,5,1731.3440811157202
2025-09-09,2025-05-16,44.133414,5.9779445997,flowering,5,1731.4934417724585
2025-09-06,2025-05-16,53.9652533333,-1.0739305,flowering,5,1292.6271194458009
2025-09-07,2025-05-16,51.4408049833,0.2171966667,flowering,5,1458.827964782714
2025-08-31,2025-05-16,42.309409,9.149022,flowering,5,1651.5289505004862
2024-11-01,2024-01-28,42.8086172466,-1.6895108335,flowering,5,2541.740226745598
2025-09-06,2025-05-16,51.9509479955,-1.5813087299,flowering,5,1372.0851882934567
2025-09-06,2025-05-16,42.7390583333,13.9770277778,flowering,5,2130.2487472534144
2025-09-06,2025-05-16,40.9907157494,15.6440571696,flowering,5,2116.3392776489222
2025-09-05,2025-05-16,50.059195,8.1771949722,flowering,5,1545.5954254150374
2025-09-05,2025-05-16,-43.6412216667,172.47673,flowering,5,286.03384246826374
2024-11-24,2024-01-28,-42.8794861117,147.363844445,flowering,5,
2025-08-23,2025-05-16,51.5685611111,0.4330805556,flowering,5,1306.753791809082
2025-09-04,2025-05-16,54.6984244391,-1.218008548,flowering,5,1232.0697357177742
2025-09-02,2025-05-16,50.4156419722,30.557397,flowering,5,1591.2019805908185
2025-09-03,2025-05-16,46.1846048303,-1.1759364725,flowering,5,1776.3274703979469
2025-09-03,2025-05-16,46.1844555553,-1.1752985952,flowering,5,1776.3274703979469
2025-09-03,2025-05-16,46.1633858789,-1.1573043453,flowering,5,1776.3274703979469
2025-08-20,2025-05-16,53.384119,-0.006144,flowering,5,1153.74803466797
2025-08-27,2025-05-16,48.642145,-2.0200778333,flowering,5,1377.0067199707028
2025-09-02,2025-05-16,52.1934466667,0.1291333333,flowering,5,1427.4915771484366
2025-08-27,2025-05-16,51.8240869997,0.8455913,flowering,5,1347.031195068359
2025-09-01,2025-05-16,50.6123555556,-3.3994555556,flowering,5,
2025-09-01,2025-05-16,52.2128416667,0.1264138333,flowering,5,1417.1935333251945
2025-09-01,2025-05-16,50.1518426298,8.5247019678,flowering,5,1437.7323516845695
2025-08-26,2025-05-16,44.558184504,-123.2634240411,flowering,5,1459.90285949707
2025-08-30,2025-05-16,52.9710779799,0.7591458515,flowering,5,1288.909655761719
2025-08-30,2025-05-16,40.4689533333,-3.36045,flowering,5,2078.223124694821
2025-08-30,2025-05-16,40.4687616667,-3.3563333333,flowering,5,2078.223124694821
2025-08-30,2025-05-16,47.5362665,-122.3958575,flowering,5,1524.3690826416005
2025-08-30,2025-05-16,51.4549733333,-0.0183733333,flowering,5,1408.6445419311517
2025-08-30,2025-05-16,48.3322784378,16.4566285631,flowering,5,1641.2004882812485
2025-08-30,2025-05-16,43.417014621,2.9746892199,flowering,5,2001.4124252319307
2025-08-29,2025-05-16,51.4606552505,-0.0618483871,flowering,5,1390.234757995605
2025-07-28,2025-05-16,52.3598055556,4.8870861111,flowering,5,896.6021789550798
2025-08-28,2025-05-16,49.0312572604,9.0445749277,flowering,5,1497.2030029296866
2025-08-28,2025-05-16,45.36528052,5.50646221,flowering,5,1622.4284744262677
2025-08-28,2025-05-16,45.6468253997,13.7725408997,flowering,5,1706.394844055174
2025-08-27,2025-05-16,52.0810090863,0.1220059458,flowering,5,1344.4282058715821
2025-08-27,2025-05-16,52.27022907,0.19570846,flowering,5,1349.5656723022457
2025-08-25,2025-05-16,49.4665809722,0.811038,flowering,5,1330.5607482910154
2025-08-27,2025-05-16,50.0836388997,5.928243,flowering,5,1170.6377624511729
2025-08-24,2025-05-16,50.4884033333,13.6802533333,flowering,5,1387.98646697998
2025-08-24,2025-05-16,50.5780979722,30.065856,flowering,5,1404.7479187011713
2024-07-08,2024-01-28,51.6863055556,-2.3511972222,flowering,5,912.3894104003941
2025-08-26,2025-05-16,48.11764772,-122.75250556,flowering,5,1155.4628265380875
2025-08-26,2025-05-16,50.9012322008,4.5144497976,flowering,5,1399.926068115234
2025-08-26,2025-05-16,52.0974563063,-1.8318153173,flowering,5,1306.1331527709963
2025-08-24,2025-05-16,46.9202539414,15.4629943147,flowering,5,1434.2204223632807
2025-08-25,2025-05-16,55.2040641131,-6.6404833432,flowering,5,943.9783813476586
2025-08-25,2025-05-16,51.18008165,0.9428833333,flowering,5,1280.8578216552737
2025-08-23,2025-05-16,46.6855734049,6.5591514606,flowering,5,1323.0241470336919
2025-08-01,2025-05-16,39.9119965054,32.9885408448,flowering,5,1227.678250122071
2025-08-17,2025-05-16,50.454835134,4.8174787313,flowering,5,1215.5604766845713
2025-08-22,2025-05-16,52.4548516667,13.30897,flowering,5,1358.930738830566
2025-08-24,2025-05-16,52.3078527778,-0.0356166667,flowering,5,1312.0759140014648
2025-08-24,2025-05-16,49.8232181556,6.3450385917,flowering,5,1263.0664001464852
2025-08-16,2025-05-16,45.7954225,3.1177241,flowering,5,1297.276280212403
2025-08-24,2025-05-16,47.98102,16.8656033333,flowering,5,1595.3168350219712
2025-08-23,2025-05-16,51.4405583333,3.5759083333,flowering,5,
2025-07-23,2025-05-16,-43.5847277778,172.7070916667,flowering,5,206.4024856567397
2025-08-21,2025-05-16,47.9112739997,-122.092116,flowering,5,1226.3227279663092
2025-08-23,2025-05-16,49.5781069585,6.1094478606,flowering,5,1268.971427917481
2025-08-23,2025-05-16,50.87058701,12.79692476,flowering,5,1249.0365753173833
2025-08-23,2025-05-16,51.46441,-0.31694,flowering,5,1310.0004959106445
2025-08-23,2025-05-16,44.837495,11.6076366667,flowering,5,1937.9336242675754
2025-08-21,2025-05-16,52.5577680053,0.0971472636,flowering,5,1262.6372879028327
2025-06-11,2025-05-16,43.2140504,27.9147333,flowering,5,353.78885192871155
2025-08-07,2025-05-16,50.8110118997,4.3923054997,flowering,5,1093.2700561523452
2025-08-20,2025-05-16,44.8209532944,20.4044531286,flowering,5,1768.5511505126933
2025-08-20,2025-05-16,52.4558911,4.5730589,flowering,5,1187.71963043213
2025-08-19,2025-05-16,42.2032902472,2.1949695694,flowering,5,1349.3754592895507
2025-08-09,2025-05-16,47.4667138889,19.1158555556,flowering,5,1382.6861740112304
2025-08-19,2025-05-16,42.2355108,2.2802668997,flowering,5,1398.352075195312
2025-08-18,2025-05-16,48.1168111667,-122.751695,flowering,5,1040.6593856811546
2025-08-18,2025-05-16,43.29981463,5.36370388,flowering,5,1777.9048080444318
2025-08-18,2025-05-16,51.7249185658,-1.3534373045,flowering,5,1202.3476409912118
2025-08-17,2025-05-16,51.5824583333,-0.0003766667,flowering,5,1242.7544387817388
2025-08-17,2025-05-16,51.482338,-0.108185,flowering,5,1232.5472015380865
2025-08-17,2025-05-16,41.0430555185,21.2556525785,flowering,5,1318.4223846435548
2025-08-16,2025-05-16,45.7954331997,3.1177244,flowering,5,1297.276280212403
2025-08-11,2025-05-16,54.5449719518,-0.7732478844,flowering,5,869.5621154785176
2025-08-16,2025-05-16,52.2821489,10.5129374,flowering,5,1217.6544082641608
2025-08-16,2025-05-16,51.55009665,-0.1952133333,flowering,5,1212.7610824584967
2025-06-02,2025-05-16,56.0407777778,12.6193166667,flowering,5,144.15404205322307
2025-08-15,2025-05-16,42.2079832839,14.228248662,flowering,5,1382.7380630493162
2025-08-15,2025-05-16,49.0372604812,8.7058316458,flowering,5,1340.0795013427733
2025-08-15,2025-05-16,51.677529,-8.5220812,flowering,5,988.8681365966818
2025-05-16,2025-05-16,36.5740571313,4.3555739829,flowering,5,8.138780212402366
2025-08-10,2025-05-16,52.393059878,20.3156482005,flowering,5,1108.4610092163102
2025-08-14,2025-05-16,51.5305370651,-2.4178224988,flowering,5,1101.31039581299
2025-08-13,2025-05-16,52.0579847978,1.2533907674,flowering,5,1130.5031204223646
2025-08-10,2025-05-16,49.0343916667,8.6064944444,flowering,5,1255.730685424805
2025-05-17,2025-05-16,36.4207502944,4.3630793946,flowering,5,20.730776977539108
2025-08-10,2025-05-16,51.6291653,-8.5522865,flowering,5,
2025-08-10,2025-05-16,50.7253860877,-3.5308894515,flowering,5,1029.4912368774435
2025-08-10,2025-05-16,46.3264283333,6.1944633333,flowering,5,1259.8622009277346
2025-08-10,2025-05-16,43.9544589722,4.802576,flowering,5,1697.3287078857406
2024-06-28,2024-01-28,52.3377944444,4.7771388889,flowering,5,963.8935989379917
2025-08-08,2025-05-16,48.00070638,16.2877752,flowering,5,1228.6833343505864
2025-08-08,2025-05-16,39.0380638333,-84.4508366667,flowering,5,1574.0374832153311
2025-08-08,2025-05-16,51.7738521,-8.312427,flowering,5,921.2297363281269
2025-08-08,2025-05-16,55.4867874406,60.203155987,flowering,5,970.2124938964863
2025-08-07,2025-05-16,52.9755659155,-6.0349611504,flowering,5,
2025-08-07,2025-05-16,51.5802089844,11.8084636157,flowering,5,1116.769972229005
2025-08-07,2025-05-16,36.4653928227,140.4931947627,flowering,5,1580.7720016479484
2025-08-06,2025-05-16,52.1345511334,-0.2041589781,flowering,5,1052.2741516113297
2025-08-05,2025-05-16,43.8694591502,10.9149622545,flowering,5,1424.9857437133783
2025-08-05,2025-05-16,50.4594535828,30.4187507629,flowering,5,1171.6005355834968
2025-08-05,2025-05-16,52.382032061,4.8633038532,flowering,5,997.8729278564472
2025-08-02,2025-05-16,43.6488962125,10.6834141439,flowering,5,1434.6828979492184
2025-08-03,2025-05-16,48.022168,16.316451,flowering,5,1154.9980316162118
2025-08-03,2025-05-16,50.9827056088,5.0648303702,flowering,5,1069.4939270019545
2025-08-03,2025-05-16,52.2792510986,0.0740955994,flowering,5,1019.6467056274432
2025-08-02,2025-05-16,45.4824024288,6.0660969839,flowering,5,1016.3711303710955
2025-05-03,2025-05-16,41.8880919444,2.5193273611,flowering,5,10.971238708496116
2025-07-31,2025-05-16,48.3026283333,14.2709166667,flowering,5,1021.3836090087908
2025-07-31,2025-05-16,50.4635110789,4.8274129629,flowering,5,962.7791854858416
2025-07-30,2025-05-16,46.7841183922,15.5634021387,flowering,5,1100.7734008789075
2025-07-29,2025-05-16,52.1011275438,23.7701594085,flowering,5,949.7497787475603
2025-07-28,2025-05-16,53.2414664872,10.4028749093,flowering,5,907.5327056884782
2025-07-28,2025-05-16,50.0125888889,8.0020194444,flowering,5,1002.457090759279
2025-07-27,2025-05-16,52.28748175,-1.5650781667,flowering,5,897.0991561889665
2025-07-28,2025-05-16,44.848995,11.62148,flowering,5,1405.092962646484
2025-07-26,2025-05-16,42.9505847767,1.0421314929,flowering,5,955.2414886474626
2025-07-27,2025-05-16,51.4473833167,-0.11951,flowering,5,916.2295501709001
2025-07-27,2025-05-16,51.4670316667,-0.1507233333,flowering,5,939.2348144531267
2025-07-26,2025-05-16,50.4714752,8.5737304,flowering,5,913.505641174318
2025-07-27,2025-05-16,54.6984244391,-1.218008548,flowering,5,768.9508636474626
2025-07-27,2025-05-16,51.5339545,-0.4682996,flowering,5,938.4109008789079
2025-07-26,2025-05-16,50.8887089722,24.4713279722,flowering,5,875.9140502929704
2025-07-25,2025-05-16,50.4501241382,4.8752471432,flowering,5,887.4285980224626
2025-07-26,2025-05-16,43.2080811658,2.3643616143,flowering,5,1295.9110443115237
2025-07-26,2025-05-16,40.7727210997,-5.8821671997,flowering,5,1129.3788177490242
2025-07-25,2025-05-16,48.0166367255,16.3077464887,flowering,5,1029.6059432983416
2025-06-08,2025-05-16,44.3687030493,7.5503101175,flowering,5,282.2659362792974
2025-07-25,2025-05-16,50.0186886452,8.6378433992,flowering,5,1011.3837600708024
2025-07-25,2025-05-16,52.5024584581,13.3558093384,flowering,5,948.1000610351579
2025-07-25,2025-05-16,47.0745658875,15.4319648743,flowering,5,928.7741180419938
2025-06-06,2025-05-16,44.836461,-0.586195,flowering,5,281.7198516845708
2025-07-24,2025-05-16,52.2012033333,0.1421361667,flowering,5,893.8759765625016
2025-07-23,2025-05-16,49.9930783333,8.0025888833,flowering,5,933.3228820800797
2025-07-23,2025-05-16,49.993055,8.0025722167,flowering,5,933.3228820800797
2025-04-14,2025-05-16,35.9469497432,4.9280131223,flowering,5,6.100076293945335
2025-07-22,2025-05-16,50.843721,24.3074219722,flowering,5,816.1993225097672
2025-07-23,2025-05-16,51.6346459118,-0.037783538,flowering,5,894.9038070678727
2025-07-22,2025-05-16,51.7951583333,1.031825,flowering,5,
2025-07-21,2025-05-16,43.7814472222,11.2669111111,flowering,5,1167.5569641113289
2025-07-20,2025-05-16,46.6210758832,6.5476228209,flowering,5,890.7928405761734
2025-07-21,2025-05-16,50.6575208686,-1.4638911793,flowering,5,813.996394348146
2025-07-20,2025-05-16,50.7625388889,-1.8651666667,flowering,5,789.9719635009781
2025-07-19,2025-05-16,52.3729362997,-0.1478946997,flowering,5,830.2873001098648
2025-07-19,2025-05-16,49.3359249485,1.2614901736,flowering,5,851.869636535646
2025-07-19,2025-05-16,55.2716074745,14.7556977254,flowering,5,
2025-07-19,2025-05-16,52.2949248997,-1.5419974,flowering,5,793.2159271240249
2025-07-18,2025-05-16,45.5377514963,19.8566437885,flowering,5,1052.2987121582046
2025-07-18,2025-05-16,52.50684575,13.4247337,flowering,5,841.7427734375015
2025-07-17,2025-05-16,44.8505848865,13.8354117796,flowering,5,
2025-07-15,2025-05-16,48.0242638889,7.5847194444,flowering,5,926.6317535400404
2025-07-15,2025-05-16,51.8374931719,14.9764124304,flowering,5,802.4040161132826
2025-07-14,2025-05-16,50.9410555556,6.9229027778,flowering,5,764.0668258667006
2025-06-15,2025-05-16,48.5397581446,9.0349613313,flowering,5,316.78814086914133
2025-07-13,2025-05-16,52.0923433333,1.3206283167,flowering,5,708.3682769775404
2025-07-13,2025-05-16,52.4729764093,-0.201291048,flowering,5,738.9141601562513
2025-07-13,2025-05-16,51.3441644175,6.6931766644,flowering,5,773.2526992797865
2025-07-13,2025-05-16,52.7994722997,-1.4507145997,flowering,5,685.1451934814467
2025-07-11,2025-05-16,56.2438282,10.3434672,flowering,5,562.6307098388685
2025-07-10,2025-05-16,37.0256413128,-7.9464396556,flowering,5,985.8845382690442
2025-07-10,2025-05-16,52.0366361111,0.2517833333,flowering,5,674.7640701293958
2025-07-10,2025-05-16,41.4091111111,2.1935555556,flowering,5,
2025-06-22,2025-05-16,53.5572883083,24.207275225,flowering,5,380.04084472656336
2025-07-08,2025-05-16,52.4154333333,-4.0657833333,flowering,5,
2025-07-08,2025-05-16,52.1942617139,-2.2356217168,flowering,5,625.3867401123059
2025-07-08,2025-05-16,36.3413277753,49.7086112201,flowering,5,779.403845214845
2025-07-08,2025-05-16,42.2501826867,1.8653834984,flowering,5,663.5340637207044
2025-07-07,2025-05-16,52.4362820065,-4.0794587511,flowering,5,
2025-07-06,2025-05-16,51.5964283333,-0.228765,flowering,5,636.2531616210949
2025-07-06,2025-05-16,52.1128528333,-1.894005,flowering,5,606.2830841064465
2025-07-05,2025-05-16,43.0069299999,2.5249105778,flowering,5,814.1672760009777
2025-07-05,2025-05-16,51.4672449833,-0.1763633167,flowering,5,625.0396972656262
2025-07-03,2025-05-16,55.9872466667,12.0271583333,flowering,5,501.0024398803722
2025-07-02,2025-05-16,54.6984244391,-1.218008548,flowering,5,468.80697326660265
2025-07-03,2025-05-16,51.685948407,0.0316490605,flowering,5,596.1762298583996
2025-06-28,2025-05-16,51.2439979781,-1.2612400576,flowering,5,472.06197204589944
2025-07-01,2025-05-16,51.1381138334,1.3176916667,flowering,5,
2025-06-30,2025-05-16,53.66912895,23.84415703,flowering,5,470.924821472169
2025-06-29,2025-05-16,49.7494315914,21.8110915931,flowering,5,480.1433563232432
2025-06-29,2025-05-16,48.9825637372,9.1852316962,flowering,5,600.0487213134776
2025-06-29,2025-05-16,42.1214555,13.1582028333,flowering,5,560.5717010498057
2025-06-29,2025-05-16,48.107687831,3.45914145,flowering,5,616.3514709472666
2025-06-28,2025-05-16,48.8282797,2.4330972,flowering,5,597.1820358276377
2025-06-28,2025-05-16,47.2651519775,-1.5263955593,flowering,5,598.3748992919932
2025-06-27,2025-05-16,55.6851916667,12.4972,flowering,5,413.9460037231455
2025-06-27,2025-05-16,54.6984244391,-1.218008548,flowering,5,403.9491088867197
2025-06-27,2025-05-16,52.343336347,20.9447288141,flowering,5,482.40946655273535
2025-06-19,2025-05-16,54.155968892,19.404489398,flowering,5,315.2272415161141
2025-06-26,2025-05-16,48.0661412938,-2.9670559242,flowering,5,482.5817062377939
2025-06-26,2025-05-16,45.4838,12.4192916667,flowering,5,
2025-06-26,2025-05-16,55.9585968917,12.5288962014,flowering,5,395.33271331787205
2025-06-25,2025-05-16,50.6696588,6.9408397997,flowering,5,479.07663879394624
2025-06-24,2025-05-16,53.3854916667,-6.0496111667,flowering,5,
2025-06-21,2025-05-16,45.6715386417,8.1920061418,flowering,5,406.97944946289147
2025-06-23,2025-05-16,47.37433665,-122.43182049,flowering,5,445.29955139160245
2025-06-14,2025-05-16,48.5403100285,9.0356725245,flowering,5,302.5481262207038
2025-06-21,2025-05-16,52.1058343,23.7649483,flowering,5,399.8881942749032
2025-06-22,2025-05-16,48.0238613421,16.2798387653,flowering,5,468.58060913086024
2025-06-19,2025-05-16,49.4206624788,8.6686318944,flowering,5,423.93294525146564
2025-06-22,2025-05-16,49.6118378842,6.1419595563,flowering,5,408.9606597900399
2025-06-22,2025-05-16,48.62424795,9.0730484,flowering,5,424.80754547119227
2025-06-22,2025-05-16,45.91572568,-122.77075051,flowering,5,405.42311553955165
2025-06-22,2025-05-16,56.466921,-2.9559393,flowering,5,289.1935699462899
2025-06-12,2025-05-16,48.0436111111,-1.7144444444,flowering,5,310.2692840576178
2025-06-22,2025-05-16,54.08815638,13.37668522,flowering,5,392.6183135986337
2025-06-22,2025-05-16,52.2660257764,10.5361562049,flowering,5,422.44184570312586
2025-06-21,2025-05-16,47.406205,16.5023383333,flowering,5,440.52266235351647
2025-06-18,2025-05-16,43.7217166667,12.6271805556,flowering,5,490.6546691894539
2025-06-20,2025-05-16,50.41968,30.564555,flowering,5,451.0243545532235
2025-06-21,2025-05-16,43.4747884562,3.4466336388,flowering,5,600.3340103149422
2025-06-20,2025-05-16,50.4188466667,30.557195,flowering,5,451.0243545532235
2025-06-21,2025-05-16,48.9020805556,8.4716527778,flowering,5,435.0339920043954
2025-06-21,2025-05-16,51.5968366277,-0.1258257776,flowering,5,411.5589782714852
2025-06-20,2025-05-16,47.13556,15.2867916667,flowering,5,378.5429397583016
2025-06-20,2025-05-16,50.41565,30.557025,flowering,5,451.0243545532235
2025-06-20,2025-05-16,52.6330299377,1.381447196,flowering,5,366.03943786621176
2025-06-20,2025-05-16,52.0779668,23.7064545,flowering,5,387.0763107299813
2025-06-20,2025-05-16,52.9223884868,9.2507907003,flowering,5,385.82100067138754
2025-06-20,2025-05-16,48.1701790682,3.4250830952,flowering,5,450.416696166993
2025-06-20,2025-05-16,48.1931642798,16.3836105913,flowering,5,448.0024887084969
2025-06-19,2025-05-16,46.0300808545,14.5088779181,flowering,5,413.49948120117267
2025-06-14,2025-05-16,49.3005652773,13.7447472705,flowering,5,267.8915863037116
2025-06-18,2025-05-16,52.1085281533,23.7725321576,flowering,5,365.6923431396492
2025-06-12,2025-05-16,42.8314933333,-0.946385,flowering,5,263.4804656982428
2025-06-18,2025-05-16,51.3477800764,-0.2965104484,flowering,5,340.44130554199296
2025-06-17,2025-05-16,53.317525,-6.2150759722,flowering,5,
2025-06-15,2025-05-16,37.6716783333,24.326925,flowering,5,
2025-06-15,2025-05-16,49.9237333333,14.1842866667,flowering,5,303.29570922851633
2025-06-16,2025-05-16,50.8012949,8.8092348,flowering,5,311.33448333740307
2025-06-14,2025-05-16,52.0787672236,4.3932640391,flowering,5,292.71966552734443
2025-06-15,2025-05-16,50.0635454722,14.4939227222,flowering,5,325.16878662109445
2025-06-15,2025-05-16,43.7514102658,24.8707468808,flowering,5,447.6311737060554
2025-06-15,2025-05-16,51.8951298884,5.3235404938,flowering,5,317.85328063964914
2025-06-14,2025-05-16,50.1342967484,8.7005388743,flowering,5,335.8710784912116
2025-06-14,2025-05-16,50.1342872177,8.7005344667,flowering,5,335.8710784912116
2025-06-14,2025-05-16,51.4758433333,-0.0833783333,flowering,5,305.63829803466865
2025-06-14,2025-05-16,43.3610643417,5.310485512,flowering,5,479.95507049560615
2025-06-14,2025-05-16,41.9985312,2.2898182,flowering,5,400.67557525634834
2025-06-14,2025-05-16,48.1083880254,-1.690216139,flowering,5,337.30201721191474
2025-06-14,2025-05-16,52.5374412536,13.4267597197,flowering,5,322.45299530029365
2025-06-12,2025-05-16,41.0408754657,-3.5423498601,flowering,5,344.3785293579108
2025-06-11,2025-05-16,51.565826562,-0.0412160879,flowering,5,264.4485046386725
2025-06-13,2025-05-16,46.8567067194,15.5207369111,flowering,5,309.0815261840827
2025-06-09,2025-05-16,52.8571645614,8.2610168815,flowering,5,237.75968933105526
2025-06-13,2025-05-16,52.7492392053,1.4023558839,flowering,5,261.4229339599616
2025-06-10,2025-05-16,48.0173789722,16.2452259722,flowering,5,279.6776443481451
2025-06-12,2025-05-16,50.7275751058,7.0487946644,flowering,5,281.6878555297858
2025-06-12,2025-05-16,44.4440643569,4.3400280923,flowering,5,398.0111282348639
2025-06-12,2025-05-16,43.3851180997,-8.4027094,flowering,5,
2025-06-12,2025-05-16,42.5559116667,12.4177133333,flowering,5,389.77817993164126
2025-06-12,2025-05-16,51.5361408284,5.0587007683,flowering,5,278.83540802002017
2025-06-11,2025-05-16,52.5351073,13.2004712,flowering,5,285.6309539794928
2025-06-12,2025-05-16,54.0831388889,13.9058944444,flowering,5,
2025-06-12,2025-05-16,52.1459374612,-2.3258914553,flowering,5,262.3600433349616
2025-06-11,2025-05-16,45.9934255455,-1.0980012401,flowering,5,
2025-06-09,2025-05-16,48.2002527778,16.3061638889,flowering,5,277.4111175537115
2025-06-08,2025-05-16,52.5785521571,1.3009023373,flowering,5,217.95986785888726
2025-06-10,2025-05-16,54.6984244391,-1.218008548,flowering,5,198.66111907959043
2025-06-09,2025-05-16,48.6709938049,6.1483287811,flowering,5,255.13803863525447
2025-06-09,2025-05-16,46.3345803,-0.4916603,flowering,5,290.4163589477545
2025-06-06,2025-05-16,46.5194825666,6.5757612802,flowering,5,238.9407989501958
2025-06-04,2025-05-16,52.099622848,23.7636661157,flowering,5,179.26047515869186
2025-06-07,2025-05-16,50.9198380194,16.6761448399,flowering,5,213.17702941894584
2025-06-08,2025-05-16,41.0531519997,28.9331680997,flowering,5,340.5352005004888
2025-06-07,2025-05-16,48.5697680343,7.7514797822,flowering,5,256.532543945313
2025-06-07,2025-05-16,50.0703233159,14.4207618305,flowering,5,228.01459960937552
2025-06-07,2025-05-16,48.6730499267,-1.4327360389,flowering,5,222.89178161621146
2025-05-31,2025-05-16,49.1972019717,2.606355,flowering,5,164.9251342773441
2025-06-07,2025-05-16,40.1911916667,25.872635,flowering,5,331.900578308106
2025-05-27,2025-05-16,40.3660316986,-1.1868873178,flowering,5,117.00939483642605
2025-06-07,2025-05-16,37.2731416987,49.6907443553,flowering,5,337.95904235839896
2025-06-06,2025-05-16,48.853805,2.3338633333,flowering,5,244.9031707763677
2025-06-03,2025-05-16,52.6430319751,1.1609408416,flowering,5,172.5437683105473
2025-06-06,2025-05-16,37.2639195113,49.7005471587,flowering,5,323.39640350341847
2025-06-05,2025-05-16,45.6610666667,11.6840222222,flowering,5,248.9407287597661
2025-05-28,2025-05-16,48.18569918,16.3701749299,flowering,5,114.1173599243167
2025-06-04,2025-05-16,49.6736990369,18.3505445346,flowering,5,159.93505096435592
2025-06-03,2025-05-16,43.9105416667,3.3131033333,flowering,5,198.00703277587934
2025-05-24,2025-05-16,52.2808488339,4.8779323875,flowering,5,69.4634994506838
2025-05-30,2025-05-16,39.9118673716,32.7981396673,flowering,5,185.59341430664097
2025-06-03,2025-05-16,50.0661123126,22.2387398752,flowering,5,161.32539978027387
2025-05-29,2025-05-16,53.1228261077,14.3625640344,flowering,5,108.74797668457063
2025-06-02,2025-05-16,53.6530611111,-3.0096305556,flowering,5,152.80253295898478
2025-05-28,2025-05-16,49.2873611111,4.0239166667,flowering,5,114.63236694335967
2025-06-02,2025-05-16,53.0699280374,14.2952728271,flowering,5,162.52369384765666
2025-06-02,2025-05-16,53.0671502,14.2963821,flowering,5,162.52369384765666
2025-06-02,2025-05-16,52.5335226915,-2.1873270348,flowering,5,161.24043731689494
2025-06-02,2025-05-16,48.2018370343,16.5113713704,flowering,5,190.16893463134807
2025-06-01,2025-05-16,53.1039160939,-6.040564701,flowering,5,
2025-06-01,2025-05-16,37.0702501782,50.3649973869,flowering,5,235.40667266845742
2025-06-01,2025-05-16,52.7480305608,1.4041345225,flowering,5,151.3992950439457
2025-06-01,2025-05-16,50.0386576255,14.5001128382,flowering,5,140.26209564209023
2025-05-25,2025-05-16,42.2248618411,3.0923046917,flowering,5,135.24603271484398
2025-06-01,2025-05-16,50.031973,14.484242,flowering,5,140.26209564209023
2025-06-01,2025-05-16,37.6261662,22.14896299,flowering,5,161.80682678222695
2025-05-30,2025-05-16,52.5856826424,1.3094629111,flowering,5,129.30721282959018
2025-05-31,2025-05-16,49.4155296273,8.6090480429,flowering,5,163.50885925293005
2025-05-31,2025-05-16,48.05621,7.9063316667,flowering,5,152.29448089599646
2025-05-31,2025-05-16,51.5315805167,-0.4666203667,flowering,5,156.57753143310583
2025-05-31,2025-05-16,52.4005,-1.53062,flowering,5,146.73829803466833
2025-05-31,2025-05-16,37.8623163184,27.8137236089,flowering,5,250.1755691528324
2025-05-31,2025-05-16,40.327775,-3.8975533333,flowering,5,232.33620605468786
2025-05-31,2025-05-16,43.4337333333,2.0110183333,flowering,5,178.99421081543005
2025-05-31,2025-05-16,43.6716840965,10.6502138532,flowering,5,195.7668319702152
2025-05-31,2025-05-16,52.8715,11.4493805556,flowering,5,148.64534149169958
2025-05-31,2025-05-16,51.2431722848,6.3855336607,flowering,5,153.05592498779333
2025-05-28,2025-05-16,48.3962525334,15.5663910974,flowering,5,94.82828979492217
2025-05-24,2025-05-16,50.781283,-1.071455,flowering,5,
2025-05-24,2025-05-16,50.781117,-1.063832,flowering,5,
2025-05-30,2025-05-16,51.3803388889,-0.0727055556,flowering,5,135.41416931152378
2025-05-30,2025-05-16,51.5678233333,-0.3986683333,flowering,5,140.08185577392612
2025-05-30,2025-05-16,45.6698570251,11.2915935516,flowering,5,127.9333648681644
2025-05-29,2025-05-16,50.8240580174,-0.1590775655,flowering,5,
2025-05-29,2025-05-16,51.5236111111,-2.5811111111,flowering,5,130.24791564941438
2025-05-29,2025-05-16,51.0176739722,13.6937859722,flowering,5,100.09592285156282
2025-05-29,2025-05-16,51.770451579,0.0787222725,flowering,5,122.66243591308626
2025-05-29,2025-05-16,49.479925,8.4734083333,flowering,5,134.11369934082063
2025-05-29,2025-05-16,48.8382644653,2.2785596848,flowering,5,136.23369445800813
2025-05-29,2025-05-16,42.6258772239,1.1243638303,flowering,5,48.00007171630887
2025-05-27,2025-05-16,47.7693338333,16.778027,flowering,5,113.86339111328152
2025-05-27,2025-05-16,48.1420697,16.479534,flowering,5,105.64151306152371
2025-05-27,2025-05-16,47.6881881,19.1345815,flowering,5,97.23263092041043
2025-05-27,2025-05-16,47.3976182,-0.8555594,flowering,5,122.28681488037137
2025-05-27,2025-05-16,40.8332309159,29.5168153569,flowering,5,160.05305023193387
2025-05-26,2025-05-16,40.3720044916,-3.768710196,flowering,5,132.26201782226588
2025-05-24,2025-05-16,34.9053041281,3.3835533634,flowering,5,110.06546630859395
2025-05-25,2025-05-16,48.4566135743,7.9719945788,flowering,5,89.74602508544945
2025-05-25,2025-05-16,45.689624818,8.8780722767,flowering,5,99.71751403808616
2025-05-25,2025-05-16,51.0176784879,6.9628208131,flowering,5,86.94236755371116
2025-05-25,2025-05-16,41.9358088594,1.8755623962,flowering,5,110.96820831298851
2025-05-25,2025-05-16,47.9599103,7.7669809,flowering,5,89.53289031982445
2025-05-25,2025-05-16,40.8820820857,29.0687512079,flowering,5,
2025-05-24,2025-05-16,51.0774194444,1.1825638889,flowering,5,
2025-05-24,2025-05-16,39.6716616667,-0.2108983333,flowering,5,133.59844818115255
2025-05-22,2025-05-16,51.0903191556,1.1912680855,flowering,5,
2025-05-14,2025-05-16,48.903896,2.213464,flowering,5,11.908250427246116
2025-05-14,2025-05-16,48.903896,2.213464,flowering,5,11.908250427246116
2025-05-21,2025-05-16,43.76168,10.4411283333,flowering,5,65.79649505615248
2025-05-20,2025-05-16,-43.5290073369,172.6273798943,flowering,5,26.39377593994152
2025-05-19,2025-05-16,51.5256566646,-0.0383394639,flowering,5,33.663763427734466
2025-05-19,2025-05-16,50.41496,30.5611369722,flowering,5,23.24984588623056
2025-05-18,2025-05-16,39.2816499,-7.4290165,flowering,5,36.44794158935554
2025-05-18,2025-05-16,46.0146838558,9.2841493338,flowering,5,17.763806152343818
2025-05-17,2025-05-16,40.8177944444,-4.2113916667,flowering,5,14.02759857177739
2025-05-18,2025-05-16,37.0110111111,-4.5624583333,flowering,5,35.147335815429756
2025-05-17,2025-05-16,40.19636273,-3.68566082,flowering,5,21.66309661865239
2025-05-15,2025-05-16,42.1526726997,2.5416045,flowering,5,8.836442565917991
2025-05-16,2025-05-16,51.5289606327,-0.0397940788,budding,5,8.009339904785179
2025-05-15,2025-05-16,38.92403,-6.3478,flowering,5,11.351831054687523
2025-05-16,2025-05-16,45.7557384246,21.2322207168,flowering,5,6.296044921875023
2025-05-16,2025-05-16,42.4685047479,-2.4209618568,flowering,5,8.597947692871116
2025-05-08,2025-05-16,-43.6467407685,172.4588401634,flowering,5,11.226174926757835
2025-05-03,2025-05-16,40.91513056,29.35930833,flowering,5,7.3925033569336165
2025-05-14,2025-05-16,35.8826233333,14.5202833333,flowering,5,13.458886718750023
2025-05-14,2025-05-16,49.6725501944,18.3544654722,flowering,5,6.383081054687523
2025-05-07,2025-05-16,40.8310091111,14.592540761,flowering,5,10.269029235839866
2025-05-13,2025-05-16,35.7342528838,51.411036104,flowering,5,20.777192687988304
2025-05-13,2025-05-16,44.899336228,13.7869496204,flowering,5,
2025-05-11,2025-05-16,44.4241526529,11.4263390686,flowering,5,10.059869384765648
2025-05-11,2025-05-16,37.2639139078,49.7005692869,flowering,5,15.661035156250023
2025-05-10,2025-05-16,45.2977256775,9.9082975388,flowering,5,10.665696716308616
2025-05-10,2025-05-16,41.6540939114,1.8425702336,flowering,5,10.097520446777366
2024-08-04,2024-01-28,42.5810151886,0.3394384783,flowering,5,764.544279479983
2024-06-16,2024-01-28,48.9189437272,9.0219094699,flowering,5,787.8376861572295
2025-05-08,2025-05-16,41.848618977,1.8503226171,flowering,5,7.57441101074221
2025-05-06,2025-05-16,-43.3057164,172.6711205997,flowering,5,
2025-05-05,2025-05-16,35.7489944388,51.2626720592,flowering,5,14.800828552246116
2025-05-03,2025-05-16,35.7138026938,51.4219027385,flowering,5,19.47113952636721
2025-05-02,2025-05-16,42.131903,25.310683,flowering,5,11.214143371582054
2025-05-02,2025-05-16,35.7587221357,51.5415694937,flowering,5,14.406999206542991
2025-05-01,2025-05-16,41.8732021551,1.8776749614,flowering,5,8.782220458984398
2025-05-01,2025-05-16,42.1845952997,2.5023865997,flowering,5,8.280999755859398
2024-07-31,2024-01-28,42.6275444471,-0.1118365467,flowering,5,908.3817245483427
2025-05-01,2025-05-16,38.922682,-9.249109,flowering,5,9.77759704589846
2025-04-25,2025-05-16,-43.6143321667,172.5085093333,flowering,5,6.3287216186523665
2025-04-25,2025-05-16,-43.6731415333,172.4723543167,flowering,5,6.2701278686523665
2025-04-26,2025-05-16,30.6978460997,-95.6060106997,flowering,5,19.895845031738304
2025-04-30,2025-05-16,43.9598922729,3.8492944241,flowering,5,10.439286804199241
2025-04-28,2025-05-16,-43.6466204,172.4557331,flowering,5,10.83332214355471
2025-04-29,2025-05-16,42.0775813,13.9084746,flowering,5,6.591859436035179
2025-04-28,2025-05-16,39.2855212255,-7.4298349768,flowering,5,12.730485534667991
2025-04-29,2025-05-16,42.7891964554,-1.6682457986,flowering,5,9.852822875976585
2025-04-29,2025-05-16,42.7882724919,-1.6669811795,flowering,5,9.852822875976585
2025-04-29,2025-05-16,42.78817863,-1.66706575,flowering,5,9.852822875976585
2025-04-27,2025-05-16,42.1464055556,2.7821444444,flowering,5,8.235551452636741
2025-04-28,2025-05-16,37.9811243997,23.7387276,flowering,5,8.177957153320335
2025-04-26,2025-05-16,45.3368989371,14.4239018485,flowering,5,
2025-04-25,2025-05-16,40.8172611111,14.1889111111,flowering,5,
2025-04-05,2025-05-16,43.5399999997,3.79,flowering,5,9.190919494628929
2025-04-27,2025-05-16,-43.4767256817,172.7192152945,flowering,5,8.467637634277366
2025-04-26,2025-05-16,40.3822083333,-3.7503361111,flowering,5,10.432389831542991
2025-04-26,2025-05-16,48.13398279,17.10533135,flowering,5,8.230706787109398
2025-04-25,2025-05-16,42.0926888,19.1012364,flowering,5,9.43274841308596
2025-04-25,2025-05-16,42.8214924722,-1.6568733889,flowering,5,9.972268676757835
2025-04-25,2025-05-16,39.6099833167,19.7920166667,flowering,5,10.529664611816429
2025-04-25,2025-05-16,43.23521771,5.44104112,flowering,5,
2025-04-25,2025-05-16,40.4485663,-3.7266991,flowering,5,11.868829345703148
2025-04-25,2025-05-16,35.7397444444,51.1763055556,flowering,5,17.973420715332054
2025-04-25,2025-05-16,41.627995,-0.8976533333,flowering,5,12.566491699218773
2025-04-24,2025-05-16,36.3389805481,4.4667475536,flowering,5,9.199929809570335
2025-04-24,2025-05-16,36.3912855488,6.7587584556,flowering,5,6.553933715820335
2025-04-24,2025-05-16,43.4545066142,4.5772029351,flowering,5,11.468537902832054
2025-04-24,2025-05-16,35.715897166,51.3883472979,flowering,5,16.92726287841799
2025-04-22,2025-05-16,41.5826166667,1.7869483333,flowering,5,8.669694519042991
2025-04-22,2025-05-16,36.7846138318,49.4056557119,flowering,5,13.076028442382835
2025-04-22,2025-05-16,36.5209500068,49.5182139426,flowering,5,13.057359313964866
2025-04-17,2025-05-16,42.3740087367,3.1579508757,flowering,5,
2025-04-19,2025-05-16,36.33896365,4.46582453,flowering,5,10.263444519042991
2025-04-19,2025-05-16,36.33898524,4.4658306701,flowering,5,10.263444519042991
2025-04-20,2025-05-16,43.08405,6.1288,flowering,5,9.234269714355491
2025-04-20,2025-05-16,-46.11398225,168.93298222,flowering,5,6.84723815917971
2025-04-17,2025-05-16,42.0443930249,-0.5841942388,flowering,5,5.348977661132835
2024-08-16,2024-01-28,42.9810530589,-0.0908976785,flowering,5,1250.0392242431662
2025-04-15,2025-05-16,38.5894404345,22.5916857491,flowering,5,7.5598922729492415
2025-04-14,2025-05-16,40.3539613,-3.684557,flowering,5,6.775048828125023
2025-04-14,2025-05-16,42.2233555915,2.8577613999,flowering,5,9.981431579589866
2025-04-13,2025-05-16,37.0190465769,-4.5491535513,flowering,5,8.291123962402366
2025-04-12,2025-05-16,36.1373672955,-5.3510958329,flowering,5,
2024-08-16,2024-01-28,43.0331391773,-0.1039162749,flowering,5,1250.0392242431662
2025-04-11,2025-05-16,40.3426595748,-3.7691415817,flowering,5,9.177995300292991
2025-04-10,2025-05-16,42.8291624114,-1.6047096625,flowering,5,8.179795837402366
2025-04-09,2025-05-16,40.3413231559,-3.7824326045,flowering,5,9.179048156738304
2025-04-09,2025-05-16,31.7685083333,35.2251972222,flowering,5,13.022569274902366
2025-04-08,2025-05-16,43.0910883333,2.6234716667,flowering,5,8.633523559570335
2025-04-06,2025-05-16,42.5012359619,-2.4347293377,flowering,5,7.195619201660179
2024-06-02,2024-01-28,50.582875,20.5188194444,flowering,5,679.3727355957054
2025-04-04,2025-05-16,42.2882018,14.3016286,flowering,5,6.955171203613304
2025-04-02,2025-05-16,-41.3491119394,173.172010194,flowering,5,10.267053222656273
2025-03-31,2025-05-16,36.3389805481,4.4667475536,flowering,5,6.878106689453148
2025-03-02,2025-05-16,-42.89327,-71.3023133333,flowering,5,6.068750000000023
2025-03-27,2025-05-16,-40.8756179,175.0668579997,flowering,5,10.515534973144554
2024-05-03,2024-01-28,46.0404616665,29.4876718743,flowering,5,479.96930084228677
2025-03-26,2025-05-16,30.5211297204,34.6137400344,flowering,5,15.603005981445335
2025-03-18,2025-05-16,41.8543133333,12.5181833333,flowering,5,5.090570068359398
2025-03-25,2025-05-16,41.866821,12.535536,flowering,5,7.871064758300804
2025-03-24,2025-05-16,41.7655499722,12.263718,flowering,5,9.364640808105491
2025-03-16,2025-05-16,37.3562902788,-5.9335254749,flowering,5,7.938470458984398
2025-03-15,2025-05-16,36.6190111991,10.3622763231,flowering,5,10.790811157226585
2025-03-15,2025-05-16,-42.7750186997,147.0664573997,flowering,5,12.736047363281273
2025-03-14,2025-05-16,43.1802301062,16.5758531448,flowering,5,
2025-02-06,2025-05-16,-43.7646116667,172.62938,flowering,5,
2025-01-30,2025-05-16,-41.727235,174.2097883333,flowering,5,
2024-06-08,2024-01-28,50.8775966667,1.6579616667,flowering,5,720.3128479003936
2025-03-03,2025-05-16,42.8179223346,-1.6581976046,flowering,5,1.8626495361328352
2025-03-03,2025-05-16,36.7251110925,2.9918691269,flowering,5,11.890847778320335
2025-03-02,2025-05-16,-43.6887936567,172.3721932585,flowering,5,18.16444549560549
2024-08-23,2024-01-28,53.4324131796,-6.2300712045,flowering,5,1413.2586471557624
2025-03-02,2025-05-16,-41.642825,174.1499333333,flowering,5,14.73700866699221
2025-03-02,2025-05-16,-43.4686,172.709775,flowering,5,15.552468872070335
2024-08-23,2024-01-28,42.5248433333,0.825445,flowering,5,960.00199890137
2025-02-28,2025-05-16,40.3239140434,-3.7411567869,flowering,5,5.165933227539085
2025-02-28,2025-05-16,41.68552927,-1.0280803218,flowering,5,3.7677551269531477
2025-02-22,2025-05-16,41.6626624368,2.7482238784,flowering,5,7.415460205078148
2025-02-22,2025-05-16,44.607128167,14.9673505872,flowering,5,0.5667053222656477
2025-02-22,2025-05-16,40.4216091894,-3.6585087888,flowering,5,4.620294189453148
2024-09-19,2024-01-28,50.4144764321,30.5594298548,flowering,5,2480.7977859497023
2025-02-21,2025-05-16,39.5965166667,2.6526666667,flowering,5,8.032708740234398
2024-06-10,2024-01-28,51.0474638833,12.5516833333,flowering,5,769.8020584106472
2025-02-11,2025-05-16,-42.1127128333,173.6150665278,flowering,5,6.966493225097679
2024-09-03,2024-01-28,49.5247516697,8.981040608,flowering,5,1896.9891464233383
2024-04-16,2024-01-28,36.7134444444,2.9579333333,flowering,5,853.2750701904315
2025-02-19,2025-05-16,-43.56593,172.7563166667,flowering,5,15.145745849609398
2025-02-19,2025-05-16,-43.52235339,172.65930453,flowering,5,15.706292724609398
2025-02-09,2025-05-16,35.8911452202,14.5015849385,flowering,5,8.602876281738304
2024-11-04,2024-01-28,-42.4261388889,173.682725,flowering,5,1641.3018295287989
2025-02-09,2025-05-16,35.8779393283,14.483824514,flowering,5,8.602876281738304
2025-02-16,2025-05-16,37.3570379597,-5.9372644499,flowering,5,9.021607971191429
2024-06-15,2024-01-28,48.8828530126,13.4747384861,flowering,5,547.8305541992208
2025-02-14,2025-05-16,-40.4622833333,175.24278,flowering,5,
2025-02-13,2025-05-16,37.3571082344,-5.9362433665,flowering,5,6.7703720092773665
2025-02-11,2025-05-16,-39.9145764339,175.0975634285,flowering,5,11.447846984863304
2025-02-10,2025-05-16,-41.1319926676,-71.33480452,flowering,5,10.213342285156273
2024-06-11,2024-01-28,50.0160806845,14.3745991588,flowering,5,758.6308105468776
2024-09-24,2024-01-28,48.7871969037,12.9240933806,flowering,5,2299.941964721675
2025-02-08,2025-05-16,40.3434866484,-3.7665862604,flowering,5,1.780519104003929
2025-02-03,2025-05-16,41.8858089554,12.4863920733,flowering,5,4.74628601074221
2025-02-03,2025-05-16,41.8859442414,12.4855961278,flowering,5,4.74628601074221
2025-02-07,2025-05-16,41.8099901212,2.2342544174,flowering,5,0.030122375488303987
2025-02-05,2025-05-16,46.4605173527,6.8365163564,flowering,5,0.0
2025-02-04,2025-05-16,42.8048633333,-1.6599583333,flowering,5,1.4623962402343977
2025-02-03,2025-05-16,-43.5673523111,172.6274228096,flowering,5,13.362817382812523
2025-02-02,2025-05-16,-44.4863637997,169.9705323,flowering,5,9.673242187500023
2025-01-31,2025-05-16,-42.4269583997,173.6925056,flowering,5,12.156571960449241
2025-01-20,2025-05-16,-39.4853216667,176.88968,flowering,5,12.10584411621096
2025-01-28,2025-05-16,37.1473819967,-3.5981189001,flowering,5,0.44298706054689774
2025-01-27,2025-05-16,-43.53355,172.4514616667,flowering,5,8.934892272949241
2025-01-20,2025-05-16,-41.2630609752,173.2792881131,flowering,5,10.32569274902346
2025-01-23,2025-05-16,18.9780166667,-99.22937,flowering,5,8.722375488281273
2025-01-23,2025-05-16,-41.34374196,174.77033975,flowering,5,
2025-01-22,2025-05-16,40.2673984178,-3.6971503169,flowering,5,5.88141784667971
2024-09-22,2024-01-28,49.15062733,10.7110496699,flowering,5,2139.20921630859
2025-01-19,2025-05-16,-39.7213386997,176.7679230997,flowering,5,10.941056823730491
2025-01-14,2025-05-16,29.4652582008,60.8457918093,flowering,5,1.3359161376953352
2024-06-16,2024-01-28,48.411495,16.9385133333,flowering,5,1060.969496154788
2024-06-16,2024-01-28,48.411065,16.9282333333,flowering,5,1060.969496154788
2025-01-11,2025-05-16,40.435055,-3.6605666667,flowering,5,6.60462341308596
2025-01-09,2025-05-16,-43.643723615,172.4555591705,flowering,5,9.199945068359398
2024-06-13,2024-01-28,51.4695472167,11.7295138833,flowering,5,778.9592163085965
2025-01-01,2025-05-16,-45.0437103924,169.2144942284,flowering,5,9.207757568359398
2025-01-07,2025-05-16,-43.99998,170.4641416667,flowering,5,10.41755065917971
2025-01-05,2025-05-16,47.6702861111,-122.3929611111,flowering,5,2.955293273925804
2025-01-05,2025-05-16,41.5718021995,1.8108213883,flowering,5,2.727265930175804
2024-10-27,2024-01-28,38.7761653,30.5016169997,flowering,5,3014.430351257315
2024-06-19,2024-01-28,48.4512833333,17.9175566667,flowering,5,979.4599502563507
2024-06-19,2024-01-28,48.6579483333,18.0497366667,flowering,5,862.596984863284
2024-06-19,2024-01-28,48.581455,18.1938433333,flowering,5,907.4121032714872
2024-05-05,2024-01-28,40.4300914044,-3.5666204801,flowering,5,597.8973953247092
2024-06-22,2024-01-28,48.45193,16.9377649722,flowering,5,1143.0726318359402
2025-01-01,2025-05-16,-43.5505300277,172.5868171826,flowering,5,9.311265563964866
2024-12-30,2024-01-28,-41.486255,173.8475033333,flowering,5,2239.8271652221533
2024-06-13,2024-01-28,51.4753388833,11.7095388833,flowering,5,778.9592163085965
2024-12-28,2024-01-28,-45.0017532158,169.2123360559,flowering,5,949.2451263427774
2024-12-27,2024-01-28,43.35262,1.80248,budding,5,3372.1577346801614
2024-12-27,2024-01-28,48.80893894,2.13519808,flowering,5,2621.1756835937385
2024-12-20,2024-01-28,-45.0301666667,168.6571805556,flowering,5,757.5420913696324
2024-12-24,2024-01-28,39.51705814,-1.75274221,flowering,5,3759.664967346177
2024-12-22,2024-01-28,-43.5342216667,172.6383833333,flowering,5,2291.353701782211
2024-12-21,2024-01-28,-45.0405721667,169.1971133333,flowering,5,878.1593307495156
2024-12-21,2024-01-28,-43.5209966667,172.63803,flowering,5,2277.078622436508
2024-09-07,2024-01-28,48.3792933333,16.967345,flowering,5,2558.567199707027
2024-12-15,2024-01-28,45.3582116667,10.7440616667,flowering,5,3586.6752029418813
2024-12-17,2024-01-28,-39.4954911,176.8864752,flowering,5,3116.404663085917
2024-12-17,2024-01-28,-44.81201664,169.50047137,flowering,5,992.2864791870159
2024-12-16,2024-01-28,40.8185963997,14.4978608997,flowering,5,4320.621229553221
2024-12-14,2024-01-28,-45.3282219722,168.71278,flowering,5,579.5716857910187
2024-12-14,2024-01-28,-39.9909425997,176.5555866997,flowering,5,2366.96437377928
2024-12-08,2024-01-28,-36.9476216439,174.763438112,flowering,5,3276.846269226054
2024-12-07,2024-01-28,-42.898798,-71.311222,flowering,5,686.8843353271513
2024-12-09,2024-01-28,-39.6111847,176.7938852997,flowering,5,2729.369006347637
2024-12-07,2024-01-28,-43.5278234752,172.6190402604,flowering,5,2108.4579803466654
2024-12-07,2024-01-28,36.999352,-3.5725189722,flowering,5,3641.1237197875844
2024-12-06,2024-01-28,-36.8505859282,174.7333360838,flowering,5,3144.9196838378707
2024-12-05,2024-01-28,53.5796064723,9.9487370254,budding,5,2434.7530120849515
2024-12-05,2024-01-28,-39.9912028997,176.5799738,flowering,5,2248.484928894027
2024-12-04,2024-01-28,-36.8626201,174.8235752997,flowering,5,3222.044535827617
2024-12-04,2024-01-28,41.7478817652,1.8559987843,flowering,5,3493.845965576159
2024-12-04,2024-01-28,-40.0206757997,176.3537724997,flowering,5,2112.473318481431
2024-12-03,2024-01-28,40.6704,14.79779,flowering,5,4153.587144470204
2024-12-01,2024-01-28,-43.1503833333,172.7182166667,flowering,5,1821.5764358520405
2024-12-01,2024-01-28,-39.899174,176.6231315997,flowering,5,2156.5459640502772
2024-11-09,2024-01-28,44.816214,20.427118,flowering,5,3783.3199325561404
2024-11-24,2024-01-28,-38.1411882342,176.2865532454,flowering,5,2044.4741622924648
2024-04-13,2024-01-28,44.750333,20.506353,flowering,5,486.7738433837907
2024-11-27,2024-01-28,-36.8877598475,174.6991167261,flowering,5,3023.578689575176
2024-08-30,2024-01-28,50.1169807182,14.406459911,flowering,5,2033.4772567748996
2024-11-24,2024-01-28,-40.8712714112,176.2228591201,flowering,5,2444.356509399397
2024-11-25,2024-01-28,-43.2757216667,172.6887533333,flowering,5,
2024-11-24,2024-01-28,42.2039444444,-7.7347361111,flowering,5,2674.013789367666
2024-11-24,2024-01-28,-41.3284933333,173.2637833333,flowering,5,1722.6835433959855
2024-11-23,2024-01-28,41.6546940923,1.8454849565,flowering,5,3477.1396957397337
2024-11-22,2024-01-28,-41.2805810649,173.2429374754,flowering,5,1916.6975875854355
2024-11-20,2024-01-28,-45.1094083333,170.97728,flowering,5,
2024-11-11,2024-01-28,42.8125195817,-1.6457746178,flowering,5,2598.268894958488
2024-11-16,2024-01-28,42.4539354006,-2.4449736625,flowering,5,3032.9671310424706
2024-11-16,2024-01-28,-43.5617323356,172.5572931688,flowering,5,1840.4058364868047
2024-11-16,2024-01-28,-36.717595,174.7367783333,flowering,5,3047.260931396466
2024-11-01,2024-01-28,48.1235199746,16.2483668336,flowering,5,2760.1638031005773
2024-11-13,2024-01-28,-43.6507716667,172.4967333333,flowering,5,1845.2778472900268
2024-06-04,2024-01-28,39.6498591096,66.9685686283,flowering,5,893.3108505249046
2024-11-11,2024-01-28,27.7131595612,85.2881851196,flowering,5,3911.5789093017434
2024-11-10,2024-01-28,-43.5704927,172.55553434,flowering,5,1792.4416854858287
2024-11-10,2024-01-28,41.9138618119,1.9159818832,flowering,5,3168.183184814443
2024-11-09,2024-01-28,39.1043481809,-3.6232705414,flowering,5,4028.3469802856325
2024-11-09,2024-01-28,51.4212833333,0.1227916667,flowering,5,2253.6753326415947
2024-11-08,2024-01-28,47.2694664001,11.3954391479,flowering,5,1335.6473419189429
2024-09-19,2024-01-28,45.326956438,37.2968258248,flowering,5,3049.029454040521
2024-06-10,2024-01-28,48.27313237,7.70605748,flowering,5,829.2769744873077
2024-09-29,2024-01-28,51.3296111167,12.2892,flowering,5,2420.229129028315
2024-11-03,2024-01-28,53.3238883333,-3.773405,flowering,5,
2024-11-03,2024-01-28,51.4468766667,-0.4300733333,flowering,5,2250.526908874505
2024-10-31,2024-01-28,49.1450944444,16.6403833333,flowering,5,2786.398559570304
2024-11-01,2024-01-28,40.92122319,15.08072215,flowering,5,3127.882746887198
2024-10-31,2024-01-28,42.667305,2.8596416667,flowering,5,3839.2895553588746
2024-10-30,2024-01-28,-43.5394684997,172.5765613,flowering,5,1707.8934844970595
2024-07-26,2024-01-28,49.9245243001,14.1417643734,flowering,5,1344.9574874877944
2024-10-29,2024-01-28,56.1546432997,10.6912932997,flowering,5,
2024-10-27,2024-01-28,50.5557149722,30.224741,flowering,5,2753.1752990722575
2024-09-20,2024-01-28,43.6592521667,1.3639547825,flowering,5,2713.187007141107
2024-07-24,2024-01-28,49.9596677093,15.2851859852,flowering,5,1476.0801773071294
2024-10-14,2024-01-28,43.4541268,11.14898,flowering,5,3090.946018981926
2024-06-17,2024-01-28,46.164975,23.8065416667,flowering,5,1021.3882827758817
2024-10-27,2024-01-28,50.100343608,14.5548506454,flowering,5,2608.487312316887
2024-10-26,2024-01-28,50.7175666667,-3.534305,flowering,5,2075.8563323974554
2024-10-26,2024-01-28,51.4455066667,-0.31937,flowering,5,2187.4301330566345
2024-10-26,2024-01-28,48.80898072,2.1342038,flowering,5,2421.3406539916923
2024-10-25,2024-01-28,45.715645789,9.6611917199,flowering,5,2806.202729797356
2024-10-25,2024-01-28,41.5451695,1.8913371,flowering,5,3405.486979675283
2024-07-23,2024-01-28,50.1096606565,14.4373804939,flowering,5,1411.2807342529304
2024-10-08,2024-01-28,41.8382188397,44.7342266177,flowering,5,2494.889334106439
2024-10-23,2024-01-28,44.819588,7.2089893,flowering,5,1658.5948944091756
2024-09-17,2024-01-28,49.982869,7.9210919722,flowering,5,2045.5800277709932
2024-10-20,2024-01-28,40.4140580468,-3.7517662164,flowering,5,3483.2387466430573
2024-10-18,2024-01-28,44.4624492548,11.3791926205,flowering,5,3578.6703735351466
2024-10-20,2024-01-28,50.0901522791,14.4634154812,flowering,5,2563.1153533935476
2024-10-20,2024-01-28,49.4776644,6.0114676997,flowering,5,2142.7353103637643
2024-10-19,2024-01-28,47.69109,-122.389725,flowering,5,2319.8399551391544
2024-10-19,2024-01-28,42.7930324478,-1.6833252087,flowering,5,2433.74368591308
2024-10-19,2024-01-28,51.55868,-0.02532,flowering,5,2194.8955032348576
2024-10-05,2024-01-28,42.031375,-1.5298777778,flowering,5,3166.3573104858315
2024-10-18,2024-01-28,41.8849853997,12.4810996997,flowering,5,3809.0967788696184
2024-10-07,2024-01-28,42.4594341,12.41712,flowering,5,3385.2118270873943
2024-10-16,2024-01-28,53.5805966667,9.9470083333,flowering,5,2263.194975280756
2024-10-16,2024-01-28,44.1063524319,15.2399587464,flowering,5,
2024-10-15,2024-01-28,40.3727291029,-3.7173611336,flowering,5,3455.4649581909093
2024-10-14,2024-01-28,41.9996203451,1.9649075989,flowering,5,2705.0656677246025
2024-10-12,2024-01-28,49.8728465073,8.3346886928,flowering,5,2454.590354919427
2024-09-18,2024-01-28,51.527461,-0.039911,flowering,5,1939.970901489255
2024-10-11,2024-01-28,49.033284852,9.1001965765,flowering,5,2487.555955505365
2024-10-11,2024-01-28,48.6934776111,6.1837768333,flowering,5,2336.0244934081975
2024-10-07,2024-01-28,49.6392466667,17.3129783333,flowering,5,2438.496748352045
2024-10-06,2024-01-28,48.1655922604,14.2454250505,flowering,5,2623.4769042968687
2024-10-06,2024-01-28,51.4214233333,-0.3564483333,flowering,5,2051.5862533569293
2024-10-05,2024-01-28,50.1670039017,8.6971397406,flowering,5,2333.014332580561
2024-10-05,2024-01-28,34.802645,110.8006283333,flowering,5,3376.409843444815
2024-10-04,2024-01-28,42.70217628,-1.76109929,flowering,5,2462.9856475830024
2024-10-04,2024-01-28,42.71176579,-1.75772141,flowering,5,2462.9856475830024
2024-10-04,2024-01-28,42.73562119,-1.7426933,flowering,5,2411.7594329833933
2024-07-04,2024-01-28,48.7039499648,9.026528187,flowering,5,908.875277709964
2024-10-01,2024-01-28,48.4407063325,-122.3163398355,flowering,5,1962.847978210446
2024-09-13,2024-01-28,43.5730033333,104.428305,flowering,5,2124.953619384761
2024-09-29,2024-01-28,50.1292604449,14.5686258607,flowering,5,2428.294268798823
2024-09-28,2024-01-28,42.7814354102,-3.3566374195,flowering,5,2045.7523513793913
2024-09-27,2024-01-28,48.130600706,-123.1348876655,flowering,5,1755.7136032104472
2024-09-27,2024-01-28,52.5182795618,13.3357744943,flowering,5,2449.8812957763616
2024-09-25,2024-01-28,51.0654364004,17.0809027778,flowering,5,2529.0303176879825
2024-09-24,2024-01-28,39.2855211446,-7.429834858,flowering,5,3236.8838363647383
2024-06-06,2024-01-28,45.292975561,37.3700613563,flowering,5,907.1793975830102
2024-09-24,2024-01-28,42.8216171684,-3.2278590091,flowering,5,1972.435844421384
2024-09-20,2024-01-28,50.0833559233,14.4083587825,flowering,5,2314.509217834468
2024-09-20,2024-01-28,47.9067616667,106.9302666667,flowering,5,1302.3029891967772
2024-08-14,2024-01-28,47.9099083333,106.9041333333,flowering,5,1020.5824707031276
2024-09-23,2024-01-28,-43.5246630105,172.5807768571,flowering,5,1460.6554748535082
2024-09-23,2024-01-28,-43.5505828856,172.699783325,flowering,5,1434.307157897942
2024-09-22,2024-01-28,48.8764393204,9.0417068456,flowering,5,2215.454084777828
2024-09-22,2024-01-28,48.8755766578,9.0395696905,flowering,5,2215.454084777828
2024-09-22,2024-01-28,48.1593102,11.4586056,flowering,5,2147.869700622555
2024-09-22,2024-01-28,48.93716,2.01417,flowering,5,2158.978192138668
2024-09-14,2024-01-28,43.6116972222,3.8683861111,flowering,5,3021.578927612298
2024-09-20,2024-01-28,52.5324245997,23.6854826,flowering,5,2278.020713806148
2024-09-19,2024-01-28,48.8799666667,2.3674555556,flowering,5,2187.7660690307575
2024-09-12,2024-01-28,49.4123437605,8.6986961999,flowering,5,2235.5943496704067
2024-09-08,2024-01-28,51.823398,-1.290459,flowering,5,1691.3149826049794
2024-09-18,2024-01-28,51.9909283333,1.2824366667,flowering,5,1945.6019653320286
2024-09-14,2024-01-28,44.4115586791,26.0348333622,flowering,5,3159.2040100097597
2024-09-18,2024-01-28,-43.3875306095,172.6636679234,flowering,5,
2024-06-09,2024-01-28,52.4732381917,13.1251611743,flowering,5,832.7451004028346
2024-09-15,2024-01-28,52.1174444444,0.1706888889,flowering,5,1823.0849334716777
2024-09-05,2024-01-28,42.7739738835,0.6053901255,flowering,5,1198.1126708984393
2024-09-15,2024-01-28,42.311835,-1.2418919722,flowering,5,2585.0250549316356
2024-09-15,2024-01-28,52.9354019165,1.1653313637,flowering,5,1716.302783203124
2024-09-14,2024-01-28,51.5101766667,0.0541883333,flowering,5,1908.3538238525366
2024-09-13,2024-01-28,53.3099734,34.2885307,flowering,5,2020.5892883300749
2024-08-25,2024-01-28,41.7553632734,12.2899714958,flowering,5,2940.496514892572
2024-09-12,2024-01-28,41.7049917,-0.9262104,flowering,5,3236.509207153313
2024-09-11,2024-01-28,47.9113966667,106.897445,flowering,5,1274.3428741455082
2024-09-11,2024-01-28,46.8219550141,15.2282913868,flowering,5,1836.8699111938458
2024-09-10,2024-01-28,46.9485104403,16.1039422272,flowering,5,2489.6902740478477
2024-08-29,2024-01-28,53.8774906027,25.2594821523,flowering,5,1782.496292114256
2024-08-20,2024-01-28,51.0877632984,10.0300605664,flowering,5,1607.6449096679685
2024-09-08,2024-01-28,52.2219044491,10.4099938273,flowering,5,2063.366098022458
2024-08-20,2024-01-28,51.0963842307,10.0381611086,flowering,5,1607.6449096679685
2024-09-07,2024-01-28,40.5294916667,-3.7867533333,flowering,5,2810.7720977783156
2024-09-07,2024-01-28,50.032347,15.7667,flowering,5,2188.0677810668913
2024-07-03,2024-01-28,54.5381054183,13.08832148,flowering,5,
2024-09-06,2024-01-28,27.28602,91.5236533333,flowering,5,2516.9297378539977
2024-09-04,2024-01-28,51.5779253332,-0.1168470414,flowering,5,1785.369705200194
2024-09-04,2024-01-28,51.5778623803,-0.1171206872,flowering,5,1785.369705200194
2024-09-05,2024-01-28,45.77730658,3.14321621,flowering,5,1835.3226577758774
2024-09-05,2024-01-28,50.8131861111,12.1000277778,flowering,5,1988.7786041259742
2024-09-03,2024-01-28,49.0752295934,29.4418187812,flowering,5,2230.774198913571
2024-09-04,2024-01-28,53.0088641401,18.585281074,flowering,5,2045.2613098144502
2024-09-02,2024-01-28,46.1377757979,-1.1632586271,flowering,5,
2024-08-18,2024-01-28,42.240166,19.083865,flowering,5,2517.0606231689417
2024-09-02,2024-01-28,46.1372946574,-1.1535460129,flowering,5,
2024-08-17,2024-01-28,45.7522950997,106.2678841,flowering,5,1495.2746429443355
2024-09-01,2024-01-28,50.0336721667,14.4818133333,flowering,5,2016.5477371215793
2024-09-01,2024-01-28,49.9824248349,14.3655698374,flowering,5,2020.1973648071262
2024-08-30,2024-01-28,47.65197,-122.329645,flowering,5,1728.7656356811517
2024-08-29,2024-01-28,48.8344980505,2.3388648051,flowering,5,1928.581153869627
2024-08-09,2024-01-28,49.4494441313,8.935835402,flowering,5,1512.5579132080084
2024-07-27,2024-01-28,42.1535225754,-0.3443688154,flowering,5,1616.8171875000003
2024-06-30,2024-01-28,51.823398,-1.290459,flowering,5,849.8790847778354
2024-08-27,2024-01-28,54.3202039997,10.1219032997,flowering,5,1588.862167358398
2024-08-10,2024-01-28,41.8991639412,-1.7352182418,flowering,5,2092.441070556639
2024-08-28,2024-01-28,50.48933,13.6817966667,flowering,5,2009.1508316040017
2024-08-26,2024-01-28,51.5416966667,0.6403783333,flowering,5,1760.7532791137683
2024-08-26,2024-01-28,52.5346316667,13.350615,flowering,5,1984.925817871091
2024-08-19,2024-01-28,44.6137616667,11.67392,flowering,5,2691.313508605953
2024-08-25,2024-01-28,48.1672959889,15.1108345333,flowering,5,2123.8474349975563
2024-08-25,2024-01-28,50.3110121,9.2959621,flowering,5,1728.4622589111318
2024-08-24,2024-01-28,48.221443,16.31407,flowering,5,2228.7009994506807
2024-08-23,2024-01-28,42.8934097661,-0.1118152589,flowering,5,909.0171234130889
2024-08-23,2024-01-28,42.8940002587,-0.1111386716,flowering,5,909.0171234130889
2024-08-21,2024-01-28,55.2887777778,11.627625,flowering,5,1384.154598999024
2024-08-20,2024-01-28,50.9712009738,6.966369208,flowering,5,1805.5213058471668
2024-08-19,2024-01-28,49.4279403687,0.2341666669,flowering,5,1675.7160186767574
2024-08-14,2024-01-28,51.5851773021,-0.1207382976,flowering,5,1517.6341613769537
2024-08-03,2024-01-28,44.4792483,11.2978333,flowering,5,2248.535224914548
2024-08-17,2024-01-28,53.1556966507,8.2245753031,flowering,5,1645.4598800659173
2024-08-17,2024-01-28,43.0564036,-6.1029124845,flowering,5,1026.2864868164097
2024-08-09,2024-01-28,48.28545,2.4226566667,flowering,5,1638.0105194091793
2024-06-09,2024-01-28,29.6150140652,102.1055706141,flowering,5,302.39840698242347
2024-08-15,2024-01-28,53.5807105484,9.947482122,flowering,5,1610.458361816406
2024-08-15,2024-01-28,48.5543395997,13.3758327,flowering,5,1788.5697631835928
2024-06-14,2024-01-28,44.0959709643,3.0222344483,flowering,5,614.6711486816433
2024-08-14,2024-01-28,57.3716066667,9.7107433333,flowering,5,
2024-07-29,2024-01-28,49.5676419134,8.8320779443,flowering,5,1336.671803283693
2024-08-14,2024-01-28,51.5759939813,-0.0398720767,flowering,5,1536.027139282227
2024-08-11,2024-01-28,47.9537816051,106.9262041111,flowering,5,979.2631683349634
2024-08-14,2024-01-28,52.3733711111,84.4150237778,flowering,5,1602.3415344238274
2024-06-26,2024-01-28,43.8459209262,5.9846244074,flowering,5,979.0041229248079
2024-08-13,2024-01-28,43.0287379,1.3864853997,flowering,5,1550.4084503173835
2024-08-13,2024-01-28,55.6726338062,12.3766505811,flowering,5,1292.639324951173
2024-08-13,2024-01-28,51.700094922,25.9840383008,flowering,5,1729.244767761229
2024-08-12,2024-01-28,54.6961138889,-1.2146222222,flowering,5,1187.6083541870144
2024-08-10,2024-01-28,51.4722615548,11.7586035177,flowering,5,1674.4358734130856
2024-07-20,2024-01-28,51.5891401309,-0.0516271818,flowering,5,1159.108885192874
2024-08-11,2024-01-28,54.6981861111,-1.225425,flowering,5,1173.754226684573
2024-08-04,2024-01-28,47.7890326819,106.697609956,flowering,5,1010.2433486938501
2024-08-11,2024-01-28,46.7334747193,23.4791414067,flowering,5,1587.6852752685545
2024-08-10,2024-01-28,51.7883258754,12.1155273914,flowering,5,1757.8517364501945
2024-08-10,2024-01-28,45.5959624903,-122.7481500059,flowering,5,1739.8834030151365
2024-08-01,2024-01-28,48.0375,-1.7091666667,flowering,5,1462.3189926147465
2024-08-09,2024-01-28,42.3234566972,-0.2559176087,flowering,5,1485.5194610595713
2024-08-10,2024-01-28,47.1180930006,15.6087962281,flowering,5,1621.3611877441408
2024-08-07,2024-01-28,42.636505,2.69013,flowering,5,2086.5122879028295
2024-08-09,2024-01-28,47.1081945,15.2961603,flowering,5,1520.2669281005865
2024-08-08,2024-01-28,42.3528237497,2.1673914022,flowering,5,832.280857849124
2024-08-07,2024-01-28,42.9359474167,1.7546579722,flowering,5,1280.177618408205
2024-06-05,2024-01-28,48.1935266111,17.1317349722,flowering,5,860.1578567504911
2024-08-06,2024-01-28,48.188275,16.3408133333,flowering,5,1874.030447387694
2024-08-06,2024-01-28,53.3864070162,-3.1997399584,flowering,5,
2024-07-29,2024-01-28,36.7701646877,-5.174139287,flowering,5,2199.4878524780243
2024-08-04,2024-01-28,48.5929561689,-1.9774831762,flowering,5,1504.5252151489258
2024-08-04,2024-01-28,51.6405283333,-0.526665,flowering,5,1333.2030075073258
2024-08-03,2024-01-28,42.6692802013,-2.0256914198,flowering,5,1539.3578598022468
2024-08-03,2024-01-28,47.0905943001,6.8138653849,flowering,5,1067.1660308837918
2024-07-26,2024-01-28,40.4765472222,-3.6381916667,flowering,5,1898.6373275756823
2024-08-04,2024-01-28,43.3231388889,21.8968722222,flowering,5,2100.048719787596
2024-08-04,2024-01-28,43.6432596014,-5.8534091328,flowering,5,1705.3928298950182
2024-08-03,2024-01-28,52.7088570818,1.2969752298,flowering,5,1269.0877365112328
2024-08-03,2024-01-28,48.8055031997,16.6365155997,flowering,5,1792.0594345092763
2024-07-30,2024-01-28,42.2734861111,2.9462138889,flowering,5,2034.5485382080055
2024-07-30,2024-01-28,42.2719694444,2.9513972222,flowering,5,2107.9583663940402
2024-07-27,2024-01-28,49.4038760222,8.8569704958,flowering,5,1391.7478515625012
2024-08-02,2024-01-28,43.1518138333,-5.8540416667,flowering,5,1120.994209289554
2024-07-30,2024-01-28,52.445188,1.6387259722,flowering,5,1198.4425079345729
2024-08-01,2024-01-28,50.4150738,-5.06022576,flowering,5,
2024-08-01,2024-01-28,42.4728,3.1467527778,flowering,5,2081.3498336791968
2024-07-30,2024-01-28,50.5369829722,30.217043,flowering,5,1600.5370651245116
2024-07-30,2024-01-28,50.543536,30.2104089722,flowering,5,1600.5370651245116
2024-07-28,2024-01-28,37.15388817,-4.2070324505,flowering,5,2210.8247726440404
2024-07-31,2024-01-28,51.6395611256,11.4477518946,flowering,5,1335.4006088256851
2024-07-31,2024-01-28,44.5555285438,33.9560898766,flowering,5,1608.6048324584963
2024-07-30,2024-01-28,43.6467604997,0.5891290997,flowering,5,1791.7057189941393
2024-07-30,2024-01-28,50.9315903997,-0.2864171997,flowering,5,1257.324237060549
2024-07-30,2024-01-28,48.661555,7.6557833333,flowering,5,1492.7997467041023
2024-06-26,2024-01-28,43.6170994671,4.5904114021,flowering,5,1567.0196624755858
2024-07-29,2024-01-28,47.1236436022,6.9244069503,flowering,5,967.7993621826203
2024-05-30,2024-01-28,47.8374382778,18.0968866667,flowering,5,881.6350326538112
2024-07-20,2024-01-28,51.8525000035,-1.3609966667,flowering,5,1008.7160873413123
2024-07-29,2024-01-28,36.82679593,-5.38610265,flowering,5,2258.9428085327118
2024-07-28,2024-01-28,53.747925,-0.3493083,flowering,5,1109.1899200439484
2024-06-04,2024-01-28,46.9451740486,16.0811305633,flowering,5,767.4535293579129
2024-07-27,2024-01-28,43.2245209627,0.4112341069,flowering,5,1498.4201339721685
2024-07-26,2024-01-28,53.3857616667,-6.05037,flowering,5,1106.1873764038119
2024-07-26,2024-01-28,37.0136647398,-7.9244386777,flowering,5,2391.0303741455023
2024-07-25,2024-01-28,49.2377326,8.3498493,flowering,5,1505.1135818481453
2024-07-25,2024-01-28,49.716,7.7513425926,flowering,5,1244.6000915527366
2024-07-02,2024-01-28,42.7371555556,-3.4121944444,flowering,5,865.7685791015658
2024-07-21,2024-01-28,44.5139051275,4.7822641242,flowering,5,1649.3382659912108
2024-07-25,2024-01-28,46.8061531056,-1.4249429852,flowering,5,1429.5946090698249
2024-07-25,2024-01-28,52.50192,13.4164616667,flowering,5,1470.995562744141
2024-07-25,2024-01-28,51.5630305186,-0.0256716739,budding,5,1243.2493148803733
2024-07-25,2024-01-28,51.5619023145,-0.0201811921,flowering,5,1243.2493148803733
2024-07-25,2024-01-28,51.5619885059,-0.0202433817,flowering,5,1243.2493148803733
2024-07-22,2024-01-28,48.2657724,16.3560653,flowering,5,1678.8118423461915
2024-07-24,2024-01-28,48.0864305,17.1240611667,flowering,5,1765.7000854492185
2024-07-24,2024-01-28,48.732102381,10.1314343637,flowering,5,1140.997438049319
2024-07-24,2024-01-28,46.1092211658,12.9030313343,flowering,5,1591.4585128784183
2024-07-23,2024-01-28,51.8995783333,-8.4528883333,flowering,5,1033.7923538208047
2024-07-22,2024-01-28,48.1592107409,11.766241406,flowering,5,1328.1805389404312
2024-07-23,2024-01-28,51.2123609325,-1.1999055278,flowering,5,1093.83475646973
2024-07-17,2024-01-28,43.2671992,-4.6321294997,flowering,5,1141.7267868042022
2024-06-15,2024-01-28,48.0883191,16.97857632,flowering,5,1041.0393966674833
2024-07-22,2024-01-28,52.4155236381,-4.0657569017,flowering,5,
2024-07-21,2024-01-28,43.2497444444,-4.8752416667,flowering,5,950.0331512451207
2024-07-20,2024-01-28,43.57782,4.9977916667,flowering,5,1977.474952697752
2024-07-21,2024-01-28,47.7691352142,-3.5877103731,flowering,5,1336.912942504884
2024-07-18,2024-01-28,42.4277893615,1.9301567947,flowering,5,829.9178787231475
2024-07-21,2024-01-28,43.9162569926,2.0240930247,flowering,5,1563.3869338989261
2024-07-21,2024-01-28,42.936279676,0.9077653103,flowering,5,739.7462722778349
2024-06-28,2024-01-28,37.1627080035,-3.6859450429,flowering,5,1702.9858596801755
2024-06-22,2024-01-28,42.9750305556,-2.2967805556,flowering,5,864.3608474731478
2024-07-19,2024-01-28,45.8198423251,4.9440560062,flowering,5,1434.007571411134
2024-07-19,2024-01-28,53.6742319677,10.0505709092,flowering,5,1187.5299072265648
2024-07-09,2024-01-28,49.4821227705,8.8893224933,flowering,5,1046.2168395996127
2024-07-12,2024-01-28,47.6938962767,-2.7572130124,flowering,5,1224.4184295654318
2024-07-18,2024-01-28,53.3885664,-1.472716,flowering,5,869.2495910644567
2024-07-17,2024-01-28,50.0961237063,14.4194540754,flowering,5,1309.7766052246106
2024-07-17,2024-01-28,52.58192665,-2.597897325,flowering,5,879.9466323852574
2024-07-16,2024-01-28,40.2647166667,-3.6849216667,flowering,5,1805.5221771240226
2024-07-02,2024-01-28,48.8143722948,-3.4596100822,flowering,5,1081.3798858642608
2024-07-16,2024-01-28,48.219995,16.3682483333,flowering,5,1564.317684936524
2024-07-16,2024-01-28,50.5461609722,30.2183139722,flowering,5,1348.61660308838
2024-05-26,2024-01-28,42.0099527778,-4.5203861111,flowering,5,545.3697967529321
2024-07-15,2024-01-28,40.0562388889,116.4181138889,flowering,5,1853.568652343749
2024-07-15,2024-01-28,53.7557009328,-0.3548572585,flowering,5,935.0953659057654
2024-07-15,2024-01-28,52.6644,-3.1425555556,flowering,5,843.8517868042027
2024-07-11,2024-01-28,51.7166301832,-1.358012459,flowering,5,959.0457656860387
2024-07-14,2024-01-28,42.6770277461,-1.8945923354,flowering,5,1256.120867919924
2024-07-14,2024-01-28,43.58869818,1.12606871,flowering,5,1501.0550521850591
2024-06-07,2024-01-28,50.413105,30.560552,flowering,5,672.9160125732442
2024-06-07,2024-01-28,50.4128439722,30.560468,flowering,5,672.9160125732442
2024-07-13,2024-01-28,51.6552716667,-0.1502283333,flowering,5,1012.887803649906
2024-07-09,2024-01-28,50.529915,30.1983169722,flowering,5,1185.236747741701
2024-07-09,2024-01-28,50.530804,30.200616,flowering,5,1185.236747741701
2024-07-12,2024-01-28,48.0007318966,16.2875694874,flowering,5,1418.4387802124033
2024-07-12,2024-01-28,54.9679048372,-1.5814659745,flowering,5,796.926422119144
2024-07-12,2024-01-28,54.9755053376,-1.5862134844,flowering,5,796.926422119144
2024-06-21,2024-01-28,49.4357070097,8.8558299112,flowering,5,868.5762344360382
2024-07-10,2024-01-28,51.3419059739,-2.2522945345,flowering,5,915.3698303222692
2024-06-25,2024-01-28,44.0609283333,7.1292466667,flowering,5,376.8461975097674
2024-07-07,2024-01-28,51.0456361111,13.7083083333,flowering,5,1106.56892089844
2024-07-09,2024-01-28,41.7156433333,2.5409066667,flowering,5,1489.9117111206056
2024-07-03,2024-01-28,51.57945,-0.043182,flowering,5,976.4214004516637
2024-07-03,2024-01-28,51.577582,-0.052572,flowering,5,963.0397445678745
2024-07-09,2024-01-28,51.28235622,-0.3430008888,flowering,5,967.3901397705114
2024-07-08,2024-01-28,51.5373166667,-0.1523916667,flowering,5,1005.3529617309606
2024-07-07,2024-01-28,41.1378396395,-2.8226755823,flowering,5,1104.709222412112
2024-07-08,2024-01-28,50.4146379722,30.56145,flowering,5,1179.4423431396503
2024-07-08,2024-01-28,51.48441944,-0.22770195,flowering,5,1005.3529617309606
2024-07-06,2024-01-28,51.582297,-0.003748,flowering,5,1007.8376190185583
2024-07-08,2024-01-28,54.3117111111,-1.6277583333,flowering,5,732.0087402343783
2024-07-06,2024-01-28,51.578446,0.007788,flowering,5,1007.8376190185583
2024-07-07,2024-01-28,37.6545783333,-85.542795,flowering,5,1832.0702285766588
2024-07-07,2024-01-28,52.9292916667,1.3023638889,flowering,5,879.872943115238
2024-07-07,2024-01-28,44.8360176086,20.4186782837,flowering,5,1746.7084747314448
2024-07-07,2024-01-28,51.58806813,-0.05314524,flowering,5,1003.3748489379918
2024-07-07,2024-01-28,42.2934366667,-2.5284166667,flowering,5,887.8569595336946
2024-06-25,2024-01-28,53.9482545938,-1.044631118,flowering,5,720.8840347290071
2024-07-06,2024-01-28,42.5861766428,-2.8460968472,flowering,5,1070.6240905761751
2024-07-05,2024-01-28,51.50217918,-0.13275202,flowering,5,983.5416336059606
2024-07-03,2024-01-28,37.0175295027,-3.6015359623,flowering,5,1366.1854385375987
2024-07-05,2024-01-28,51.9083862305,-1.1680954695,flowering,5,881.9668731689487
2024-07-05,2024-01-28,51.52249185,-0.07072931,flowering,5,983.5416336059606
2024-07-05,2024-01-28,51.50432994,-0.05850371,flowering,5,983.5416336059606
2024-07-04,2024-01-28,42.5899577828,-2.679379362,flowering,5,1009.103898620609
2024-07-04,2024-01-28,50.6689906527,-3.3709302463,flowering,5,923.7188919067418
2024-07-04,2024-01-28,42.9782165587,-1.5112340916,flowering,5,872.8652648925814
2024-07-04,2024-01-28,51.50873162,-0.0483756,flowering,5,984.5655807495152
2024-07-04,2024-01-28,42.5081509648,-5.689665502,flowering,5,942.9364151001008
2024-07-04,2024-01-28,50.9816033333,-3.2386933333,flowering,5,813.6486801147495
2024-07-04,2024-01-28,50.0834214863,8.2589821617,flowering,5,1008.0354324340854
2024-07-03,2024-01-28,48.1231068296,17.1291222051,flowering,5,1349.7866241455094
2024-07-03,2024-01-28,42.6029310096,-2.4753708858,flowering,5,1014.3981079101598
2024-07-03,2024-01-28,51.2262246,3.8049718997,flowering,5,1069.310047912601
2024-07-03,2024-01-28,44.75931,20.473562,flowering,5,1669.3363677978514
2024-07-03,2024-01-28,49.48403,11.2082616667,flowering,5,1037.4153594970735
2024-07-03,2024-01-28,50.0876811147,8.2608048711,flowering,5,997.2693023681674
2024-07-02,2024-01-28,50.79952,-1.1725466,flowering,5,
2024-06-30,2024-01-28,54.2470196733,-0.3722945202,flowering,5,700.9356246948275
2024-06-19,2024-01-28,42.6305472222,-1.3002805556,flowering,5,899.2556900024446
2024-07-01,2024-01-28,41.2731519707,1.5042863981,flowering,5,1603.2321487426752
2024-07-02,2024-01-28,43.3026916667,-2.37258,flowering,5,1221.0342971801779
2024-07-01,2024-01-28,53.9507393321,-1.05898279,flowering,5,740.7772705078157
2024-06-01,2024-01-28,48.2984127,15.3891466,flowering,5,599.7263122558618
2024-07-01,2024-01-28,51.7764183645,0.6206380756,flowering,5,927.2375656127964
2024-06-29,2024-01-28,54.6207888384,-1.212650054,flowering,5,721.20361785889
2024-06-27,2024-01-28,52.1083818319,-2.3445698625,flowering,5,812.9323822021516
2024-06-30,2024-01-28,43.013592006,-4.1854779788,flowering,5,611.5109619140652
2024-06-30,2024-01-28,40.3051514467,-8.2307085974,flowering,5,1536.8700027465816
2024-06-23,2024-01-28,53.282872,-3.82948,flowering,5,
2024-06-30,2024-01-28,42.8540763855,-2.6341340542,flowering,5,931.9964477539097
2024-06-30,2024-01-28,43.1181052002,3.1124839559,flowering,5,1580.2771301269527
2024-06-14,2024-01-28,49.807369187,9.9224702376,flowering,5,746.862333679202
2024-06-29,2024-01-28,51.3507166667,-0.242985,flowering,5,852.5098220825229
2024-06-29,2024-01-28,44.4367716667,26.0967278333,flowering,5,1495.4333236694347
2024-06-29,2024-01-28,52.3554986436,-1.2788919266,flowering,5,786.2729141235384
2024-06-28,2024-01-28,52.5099194444,13.4993555556,flowering,5,1056.8457565307644
2024-06-28,2024-01-28,48.8356056866,15.1891592145,flowering,5,898.8712936401397
2024-06-28,2024-01-28,43.6182448775,7.0438877119,flowering,5,1375.9245498657237
2024-06-28,2024-01-28,50.7148513794,-3.527159214,flowering,5,858.7007080078158
2024-06-28,2024-01-28,48.0444639081,17.1617732782,flowering,5,1311.6946823120134
2024-06-28,2024-01-28,50.1018778333,14.5546616667,flowering,5,1035.1651290893585
2024-06-23,2024-01-28,51.133821,-4.236733,flowering,5,805.87822723389
2024-06-23,2024-01-28,51.1301083334,-4.2332883333,flowering,5,805.87822723389
2024-06-27,2024-01-28,47.988267336,16.2843470648,flowering,5,1151.5723480224633
2024-06-27,2024-01-28,53.9486366667,-1.0240805,flowering,5,706.0111907959016
2024-06-26,2024-01-28,52.3820481793,-1.5644825622,flowering,5,765.3178329467805
2024-06-27,2024-01-28,53.9490458029,-1.0553354883,flowering,5,706.8974807739289
2024-06-27,2024-01-28,48.0864971667,17.1005166667,flowering,5,1242.095429992678
2024-06-27,2024-01-28,51.5009133335,-2.5263720693,flowering,5,811.2548202514681
2024-06-25,2024-01-28,51.1351684008,-4.2430533333,flowering,5,828.0425598144565
2024-06-26,2024-01-28,51.1265970935,-4.2391187232,flowering,5,840.4450805664096
2024-06-27,2024-01-28,44.654585,10.5847516667,flowering,5,1266.530590820314
2024-06-27,2024-01-28,55.9970321655,8.1245517731,flowering,5,
2024-06-27,2024-01-28,42.3509091998,-3.7901933652,flowering,5,801.4870346069366
2024-06-27,2024-01-28,51.2395633333,-2.382655,flowering,5,767.8653320312533
2024-06-26,2024-01-28,56.2217774961,10.1701564488,flowering,5,657.1256454467799
2024-06-25,2024-01-28,51.5264932142,-2.4736209959,flowering,5,784.74668426514
2024-06-26,2024-01-28,47.6760216731,-122.2557916667,flowering,5,772.6801483154328
2024-06-26,2024-01-28,52.0694264118,1.2344219841,flowering,5,846.4997665405307
2024-06-25,2024-01-28,52.38253,-1.5640583333,flowering,5,750.6091064453157
2024-06-26,2024-01-28,52.0745656856,1.2536688449,flowering,5,854.8338119506869
2024-06-26,2024-01-28,43.6291721997,6.2252353997,flowering,5,1051.41836395264
2024-06-26,2024-01-28,51.8747867698,0.9469447685,flowering,5,869.8095581054721
2024-06-26,2024-01-28,50.4146962757,-5.05910541,flowering,5,
2024-06-26,2024-01-28,55.4835764598,9.3013113644,flowering,5,693.3801452636746
2024-06-26,2024-01-28,51.898181884,5.7688661319,flowering,5,978.849549865726
2024-06-25,2024-01-28,49.8147197441,8.9205922466,flowering,5,905.8317611694367
2024-05-24,2024-01-28,42.023711922,2.4611328671,flowering,5,651.0940643310573
2024-06-25,2024-01-28,51.4727616667,-0.256365,flowering,5,866.1334060668978
2024-06-25,2024-01-28,53.0454,13.9425305556,flowering,5,940.6812057495146
2024-06-25,2024-01-28,45.5003611059,13.5877568686,flowering,5,
2024-06-25,2024-01-28,43.2623875,16.645938,flowering,5,1499.575302124024
2024-06-25,2024-01-28,53.8078551383,-1.4865978109,flowering,5,682.953761291507
2024-06-24,2024-01-28,52.375195,4.8866216667,flowering,5,904.3427658081088
2024-06-24,2024-01-28,52.3751416667,4.88675,flowering,5,904.3427658081088
2024-05-18,2024-01-28,48.6353716667,16.30153,flowering,5,579.6785873413108
2024-06-24,2024-01-28,49.3773997,8.6987104,flowering,5,964.3121917724642
2024-06-24,2024-01-28,52.5262158997,13.4311407,flowering,5,984.5622879028349
2024-06-24,2024-01-28,53.0301545711,4.8195623737,flowering,5,814.787457275394
2024-06-24,2024-01-28,52.1002345358,-0.4258415848,flowering,5,811.180781555179
2024-06-23,2024-01-28,54.8661079167,-1.6221400556,flowering,5,593.0231140136748
2024-06-24,2024-01-28,55.7697157603,10.5504627898,flowering,5,
2024-06-24,2024-01-28,48.5701416667,16.7768633333,flowering,5,1125.4145309448268
2024-06-24,2024-01-28,55.667705,12.5432116667,flowering,5,671.1755630493187
2024-06-23,2024-01-28,57.6740941997,-3.0939038997,flowering,5,531.2102264404325
2024-06-22,2024-01-28,50.8515166667,-0.235305,flowering,5,798.8905532836947
2024-06-23,2024-01-28,47.9088638889,3.5331305556,flowering,5,973.644276428226
2024-06-23,2024-01-28,51.7654296,0.1405541833,flowering,5,786.6966857910188
2024-06-23,2024-01-28,41.72521728,2.29394924,flowering,5,1162.1494094848658
2024-06-23,2024-01-28,46.9999804997,15.4479916997,flowering,5,885.5416961669953
2024-06-22,2024-01-28,35.2600515997,-120.6677533,flowering,5,1295.85301513672
2024-06-22,2024-01-28,43.7776116667,11.2356883333,flowering,5,1209.2904205322288
2024-06-22,2024-01-28,51.0758277997,-1.8249926,flowering,5,745.7744293212922
2024-06-22,2024-01-28,44.6327514648,26.2232818604,flowering,5,1309.7082382202166
2024-06-20,2024-01-28,46.1715527778,10.0049722222,flowering,5,159.33397827148553
2024-06-21,2024-01-28,51.3132920171,-0.5746123988,flowering,5,771.0214752197297
2024-06-21,2024-01-28,45.5301480415,13.5661007278,flowering,5,
2024-06-21,2024-01-28,52.3665116667,-1.4118583333,flowering,5,697.1062011718781
2024-06-12,2024-01-28,47.7650459437,16.8561990996,flowering,5,1064.2916198730495
2024-06-12,2024-01-28,42.4897861111,-2.4044,flowering,5,912.1654235839875
2024-06-20,2024-01-28,42.6416583277,18.1053611667,flowering,5,
2024-06-20,2024-01-28,50.0842810693,14.4589885027,flowering,5,910.114938354495
2024-06-20,2024-01-28,52.45713,13.314475,flowering,5,937.6182968139676
2024-06-20,2024-01-28,43.53931171,6.46608968,flowering,5,1306.1675491333021
2024-06-20,2024-01-28,48.1460135384,17.0992656983,flowering,5,1119.365148925784
2024-06-20,2024-01-28,50.9683110355,6.8670746684,flowering,5,920.3159667968782
2024-06-19,2024-01-28,52.5817751207,-2.598169686,flowering,5,611.2538635253935
2024-06-18,2024-01-28,41.7833568019,1.2921632681,flowering,5,1159.566639709475
2024-06-20,2024-01-28,43.6994446324,5.4865360739,flowering,5,1076.9323333740267
2024-06-19,2024-01-28,51.8771466667,0.94767,flowering,5,786.3497314453157
2024-06-18,2024-01-28,48.1515947997,-123.1442518,flowering,5,
2024-06-18,2024-01-28,52.5046916667,13.29109,flowering,5,915.3693389892605
2024-06-18,2024-01-28,40.3552281871,-3.7906279594,flowering,5,1197.3443923950217
2024-06-17,2024-01-28,52.508245,13.4597033333,flowering,5,892.7670272827175
2024-06-17,2024-01-28,43.0281066895,6.1514744759,flowering,5,
2024-06-17,2024-01-28,48.2787329571,11.7749048561,flowering,5,822.0003356933622
2024-06-17,2024-01-28,51.5475616455,-0.1520053148,flowering,5,766.5116744995148
2024-06-16,2024-01-28,47.9987838585,16.300850613,flowering,5,968.8056991577179
2024-06-17,2024-01-28,42.8167127895,-1.6301364402,flowering,5,801.5184646606476
2024-06-17,2024-01-28,48.228591755,16.4143520594,flowering,5,1028.9587921142609
2024-06-01,2024-01-28,51.3902686348,1.3854606115,flowering,5,
2024-06-16,2024-01-28,44.7917666667,-0.5545533333,flowering,5,1115.4303222656276
2024-06-16,2024-01-28,52.4674666614,13.2360720401,flowering,5,895.1003326416043
2024-06-13,2024-01-28,46.2008725711,6.0863110571,flowering,5,637.290748596194
2024-06-15,2024-01-28,52.4861444444,13.3156305556,flowering,5,873.5854370117214
2024-06-13,2024-01-28,46.2050346642,6.1503017329,flowering,5,672.2374893188504
2024-06-15,2024-01-28,51.50846281,-0.05614469,flowering,5,751.1477203369171
2024-06-15,2024-01-28,51.50461966,-0.06325169,flowering,5,751.1477203369171
2024-06-15,2024-01-28,42.441405,1.9419,flowering,5,441.52075653076395
2024-06-15,2024-01-28,50.0981055997,14.0591293,flowering,5,747.7065353393581
2024-06-15,2024-01-28,51.314880931,-0.5620021764,flowering,5,710.3836334228546
2024-06-14,2024-01-28,44.8571741531,20.4295116322,flowering,5,1304.167385864259
2024-06-14,2024-01-28,47.2647738504,11.3479762338,flowering,5,281.76068725586094
2024-06-14,2024-01-28,52.5889080137,13.433730863,flowering,5,843.588990783694
2024-06-11,2024-01-28,42.8873416667,-2.5333833333,flowering,5,699.626725769046
2024-06-11,2024-01-28,51.739575,-1.20858,flowering,5,657.4769180297881
2024-04-29,2024-01-28,39.1380283,-3.6970369,flowering,5,616.9714553833029
2024-06-12,2024-01-28,43.7666378171,4.6947154496,flowering,5,1247.7665588378923
2024-06-12,2024-01-28,37.07686135,15.27621173,flowering,5,
2024-06-12,2024-01-28,45.7697745413,21.2604048662,flowering,5,1183.793261718752
2024-06-02,2024-01-28,47.73235,16.8015241667,flowering,5,899.474198913577
2024-06-11,2024-01-28,47.1233678858,6.9227213795,flowering,5,422.24239654541213
2024-06-11,2024-01-28,52.2746117,21.1035208997,flowering,5,794.6847442626977
2024-06-11,2024-01-28,41.5335412809,1.8933112058,flowering,5,1158.9741149902366
2024-06-10,2024-01-28,47.0891559858,7.1416999076,flowering,5,506.7910720825216
2024-05-19,2024-01-28,46.7750202849,23.6359517276,flowering,5,433.4460388183612
2024-06-10,2024-01-28,44.4021146855,26.1273835972,flowering,5,1087.5030502319364
2024-06-10,2024-01-28,43.6671900529,5.4298450302,flowering,5,967.9616928100617
2024-06-10,2024-01-28,51.4943724107,-0.0221300125,flowering,5,723.9675750732451
2024-06-10,2024-01-28,48.799055311,2.2957845126,flowering,5,806.689796447757
2024-06-05,2024-01-28,42.1796711827,-2.7445833598,flowering,5,440.9878402709984
2024-06-10,2024-01-28,40.1908583333,44.479625,flowering,5,646.6955078125018
2024-06-09,2024-01-28,43.6256055556,4.7118416667,flowering,5,1256.7760452270522
2024-06-08,2024-01-28,51.5304351501,-0.0662738085,flowering,5,700.7853363037138
2024-06-09,2024-01-28,43.3612633333,-1.790455,flowering,5,
2024-06-09,2024-01-28,49.18821009,16.59059907,flowering,5,773.9511535644558
2024-06-09,2024-01-28,37.9651794434,-122.0119018555,flowering,5,1241.9113754272475
2024-06-09,2024-01-28,42.007865,2.3345666667,flowering,5,834.6920944213897
2024-06-09,2024-01-28,45.588577,8.049158,flowering,5,583.207380676272
2024-06-09,2024-01-28,46.1916165008,21.3027148694,flowering,5,1091.8685668945336
2024-06-08,2024-01-28,42.8588133333,-7.6161283333,flowering,5,730.34641876221
2024-06-08,2024-01-28,50.704649527,-3.0595088038,flowering,5,657.4256317138701
2024-06-08,2024-01-28,50.7471104374,14.1804384068,flowering,5,618.8806320190452
2024-06-07,2024-01-28,47.8994588414,25.7388203591,flowering,5,581.7955749511739
2024-06-08,2024-01-28,50.1007096408,14.4454373047,flowering,5,742.7486068725611
2024-06-08,2024-01-28,46.8249267704,19.9913847126,flowering,5,1087.7859207153347
2024-06-08,2024-01-28,45.6645607127,25.5939873584,flowering,5,611.6154235839866
2024-06-08,2024-01-28,37.4728226194,-4.4241933894,flowering,5,1194.0949600219747
2024-06-08,2024-01-28,43.6158027649,6.9678936005,flowering,5,1062.0038040161162
2024-06-07,2024-01-28,51.4897283333,7.0453583333,flowering,5,787.6422851562529
2024-06-07,2024-01-28,47.2889806812,28.1881653517,flowering,5,798.7551727294945
2024-05-28,2024-01-28,52.5200066,13.404954,flowering,5,665.4296554565452
2024-06-07,2024-01-28,47.71311152,16.81412604,flowering,5,972.5419631958036
2024-06-07,2024-01-28,35.7409331974,51.1738443375,flowering,5,1061.9170639038111
2024-06-05,2024-01-28,43.5318845936,4.6996215371,flowering,5,1211.0502166748065
2024-06-03,2024-01-28,44.4846851689,11.3757379464,flowering,5,1046.8780044555692
2024-06-06,2024-01-28,52.4818716667,13.4489333333,flowering,5,776.1600387573267
2024-05-31,2024-01-28,52.5201869168,13.348505939,flowering,5,708.722514343264
2024-06-06,2024-01-28,46.90258,16.1182716667,flowering,5,794.9884140014676
2024-06-06,2024-01-28,45.0249478313,7.6381142065,flowering,5,751.3607742309599
2024-06-06,2024-01-28,46.9996002784,15.940533143,flowering,5,740.1425399780301
2024-06-05,2024-01-28,51.1367711997,1.3615732,flowering,5,
2024-06-05,2024-01-28,48.1061536818,16.2921311167,flowering,5,801.8314376831082
2024-06-06,2024-01-28,40.3622368396,-3.9090011269,flowering,5,995.0095352172881
2024-06-05,2024-01-28,45.742335,11.4212083333,flowering,5,741.4814041137723
2024-06-05,2024-01-28,43.2845783333,5.371445,flowering,5,1098.214164733889
2024-06-05,2024-01-28,43.2845466667,5.3715116667,flowering,5,1098.214164733889
2024-06-05,2024-01-28,52.4546094483,13.2715909438,flowering,5,772.7474166870142
2024-06-03,2024-01-28,43.2591346997,-4.7578941997,flowering,5,463.4714538574243
2024-06-05,2024-01-28,44.3884733333,7.8281366667,flowering,5,709.82339935303
2024-06-04,2024-01-28,42.0039728,1.51477991,flowering,5,740.193615722659
2024-06-04,2024-01-28,42.350103976,-2.4272392118,flowering,5,552.4824142456081
2024-05-16,2024-01-28,40.4724629679,-3.4185182013,flowering,5,658.1122406005884
2024-06-04,2024-01-28,42.2793490542,-0.6907553455,flowering,5,672.7025527954129
2024-05-31,2024-01-28,48.279995,17.7792216667,flowering,5,818.7171859741237
2024-06-03,2024-01-28,44.4299716667,26.0191528333,flowering,5,935.7328903198269
2024-06-04,2024-01-28,38.3273665672,33.9823034837,flowering,5,854.8448226928735
2024-06-02,2024-01-28,40.629155409,-3.9016501363,flowering,5,828.4556396484403
2024-06-03,2024-01-28,47.6626387,7.4277386997,flowering,5,601.7720672607448
2024-06-01,2024-01-28,47.7561972167,16.78280305,flowering,5,893.2037277221707
2024-06-03,2024-01-28,50.5483669722,30.213732,flowering,5,597.0806488037128
2024-06-03,2024-01-28,43.3139305114,6.6713013647,flowering,5,
2024-06-03,2024-01-28,42.4434383333,-6.242605,flowering,5,495.0044769287132
2024-06-03,2024-01-28,43.087475,6.0803316667,flowering,5,1143.769581604006
2024-06-01,2024-01-28,47.9086982997,16.2054407,flowering,5,740.6975875854519
2024-06-03,2024-01-28,50.589775,8.669995,flowering,5,620.1571746826197
2024-06-03,2024-01-28,50.5910216667,8.6689216667,flowering,5,620.1571746826197
2024-06-02,2024-01-28,40.2364142084,-3.5818490759,flowering,5,1017.1253601074247
2024-06-02,2024-01-28,51.4934984273,11.950506052,flowering,5,733.504797363284
2024-06-02,2024-01-28,44.1989613,8.3762448,flowering,5,
2024-06-02,2024-01-28,46.7035833333,15.459375,flowering,5,706.6088897705105
2024-06-02,2024-01-28,48.2301540968,16.1456177494,flowering,5,731.0681610107448
2024-06-02,2024-01-28,47.0694833333,15.4719533333,flowering,5,561.6070205688501
2024-06-02,2024-01-28,42.1890047807,-2.180820331,flowering,5,541.626393127444
2024-06-02,2024-01-28,52.3872774472,23.8448217667,flowering,5,608.7747650146504
2024-06-02,2024-01-28,47.7211974659,17.0630778876,flowering,5,935.9570709228543
2024-06-01,2024-01-28,47.9982432257,16.2812726664,flowering,5,778.7711151123074
2024-06-02,2024-01-28,44.4161083333,26.1878027778,flowering,5,926.2187515258815
2024-06-01,2024-01-28,46.7243716667,15.6655666667,flowering,5,744.7504608154323
2024-06-01,2024-01-28,47.08352792,15.4361656785,flowering,5,561.375820922854
2024-06-01,2024-01-28,52.3921273417,23.8311152028,flowering,5,596.0396102905293
2024-06-01,2024-01-28,48.4652591497,16.1688716803,flowering,5,757.2429504394557
2024-06-01,2024-01-28,41.374817,69.322282,flowering,5,808.0396621704123
2024-06-01,2024-01-28,48.2942801015,15.3985359706,flowering,5,599.7263122558618
2024-06-01,2024-01-28,48.2984330412,15.3891383484,flowering,5,599.7263122558618
2024-06-01,2024-01-28,37.2732278745,49.690836221,flowering,5,1018.4099639892605
2024-05-28,2024-01-28,47.4482357569,9.6830021992,flowering,5,382.9047073364276
2024-06-01,2024-01-28,-43.5474917586,172.6973479986,flowering,5,1092.6430450439466
2024-05-26,2024-01-28,44.7292607178,37.7615753144,flowering,5,
2024-05-31,2024-01-28,43.4977466808,5.7351650298,flowering,5,763.8486862182646
2024-05-31,2024-01-28,38.7286550925,-9.3091188376,flowering,5,1310.7012176513676
2024-05-31,2024-01-28,42.5313416667,-1.6750216667,flowering,5,760.4584182739286
2024-05-29,2024-01-28,43.9227859976,4.7845015753,flowering,5,972.5292098999051
2024-05-30,2024-01-28,46.6467716076,32.6340595633,flowering,5,755.2682937622093
2024-05-30,2024-01-28,48.9475980556,14.4689213889,flowering,5,565.0074859619164
2024-05-28,2024-01-28,42.4183019722,0.135512,flowering,5,464.46476135254125
2024-05-30,2024-01-28,52.5242065578,13.1974556344,flowering,5,704.5564758300804
2024-05-29,2024-01-28,51.1230661065,-3.010818176,flowering,5,579.5693161010769
2024-05-29,2024-01-28,49.8973822523,2.3068021949,flowering,5,658.2587539672879
2024-05-28,2024-01-28,43.5825890536,7.0086488266,flowering,5,908.0683624267606
2024-05-30,2024-01-28,46.784186,15.563692,flowering,5,687.6143798828151
2024-05-29,2024-01-28,47.2394835,11.43388573,flowering,5,150.00272369384868
2024-05-29,2024-01-28,36.4465639139,28.2228184864,flowering,5,1538.3041427612297
2024-05-29,2024-01-28,42.3549308777,-3.6711449623,flowering,5,470.4471755981468
2024-05-28,2024-01-28,52.29238,21.0546833333,flowering,5,601.7119369506856
2024-05-26,2024-01-28,49.9337165997,14.0208273,flowering,5,531.1129653930685
2024-05-14,2024-01-28,46.8393094906,20.2790615698,flowering,5,726.0900207519554
2024-05-28,2024-01-28,47.1018748726,15.4135636759,flowering,5,525.3842681884789
2024-05-28,2024-01-28,46.74917,15.5492,flowering,5,683.5012878417995
2024-05-27,2024-01-28,35.9035083333,14.3773966667,flowering,5,1395.3628326416015
2024-05-27,2024-01-28,50.1524778333,14.3655583333,flowering,5,620.3944808959984
2024-05-27,2024-01-28,51.4294426,-0.1889418,flowering,5,580.2075729370143
2024-05-27,2024-01-28,52.5005633333,13.4432366667,flowering,5,655.5779693603538
2024-05-27,2024-01-28,35.7576749254,51.3744916767,flowering,5,481.54212951660315
2024-05-26,2024-01-28,43.4441583333,-3.4606055556,flowering,5,895.5808944702176
2024-05-21,2024-01-28,52.1792067974,-2.2241461112,flowering,5,494.1199859619164
2024-05-21,2024-01-28,52.1792067974,-2.2241461112,flowering,5,494.1199859619164
2024-05-03,2024-01-28,43.9537164979,4.8061407757,flowering,5,643.7532226562522
2024-05-26,2024-01-28,46.3424570379,6.8088582601,flowering,5,145.45835418701267
2024-05-24,2024-01-28,47.1465983858,27.5776050612,flowering,5,627.2613067626974
2024-05-26,2024-01-28,36.8877029417,30.6611099242,flowering,5,
2024-05-26,2024-01-28,52.4952033333,13.3285783333,flowering,5,648.3516876220725
2024-05-26,2024-01-28,36.8909454344,30.6589946744,flowering,5,
2024-05-26,2024-01-28,44.6311004972,22.2837804258,flowering,5,607.2768783569359
2024-05-26,2024-01-28,47.9635366667,16.181175,flowering,5,656.3819931030298
2024-05-26,2024-01-28,49.8994616667,8.3381283333,flowering,5,626.7665420532252
2024-05-26,2024-01-28,49.9002633333,8.338725,flowering,5,626.7665420532252
2024-05-26,2024-01-28,48.708257669,16.1035252453,flowering,5,688.6018676757838
2024-05-26,2024-01-28,48.0247764586,16.5083484647,flowering,5,742.6575363159205
2024-05-26,2024-01-28,43.6612485444,0.5943160778,flowering,5,828.3249282836941
2024-05-26,2024-01-28,50.79369674,-1.09583887,flowering,5,
2024-05-26,2024-01-28,48.2482301977,16.0611621807,flowering,5,655.0830505371118
2024-05-26,2024-01-28,38.9980005489,-76.7387166727,flowering,5,847.3322036743186
2024-05-26,2024-01-28,38.9980394922,-76.7388193647,flowering,5,847.3322036743186
2024-05-26,2024-01-28,36.8864683333,30.660335,flowering,5,
2024-05-26,2024-01-28,36.8873057263,30.6608799583,flowering,5,
2024-05-26,2024-01-28,36.8874,30.6609116667,flowering,5,
2024-05-26,2024-01-28,36.8873254997,30.6611966107,flowering,5,
2024-05-26,2024-01-28,43.1655277152,6.51912048,flowering,5,960.583557128909
2024-05-26,2024-01-28,36.8873134247,30.6608909152,flowering,5,
2024-05-22,2024-01-28,43.5904270102,5.1905824742,flowering,5,842.9604507446315
2024-05-25,2024-01-28,52.5108452854,13.4665902214,flowering,5,628.1690536499045
2024-05-25,2024-01-28,48.2044505,16.3583046,flowering,5,734.2326980590846
2024-05-25,2024-01-28,43.6158752441,6.9730935097,flowering,5,872.0611709594754
2024-05-25,2024-01-28,43.1597971667,5.7300966667,flowering,5,915.9776214599636
2024-05-25,2024-01-28,42.7900545023,26.3945274278,flowering,5,520.2419311523458
2024-05-25,2024-01-28,47.0751968859,15.4513847918,flowering,5,487.24905242920147
2024-05-24,2024-01-28,47.0735277778,15.4116444444,flowering,5,488.3472442626976
2024-05-24,2024-01-28,41.93701738,2.2687905,flowering,5,649.6450042724636
2024-05-24,2024-01-28,46.6619019722,15.5359859722,flowering,5,609.4612167358423
2024-05-24,2024-01-28,41.8837538268,-5.0486408081,flowering,5,566.3569793701197
2024-05-22,2024-01-28,41.1027155005,29.0311574958,flowering,5,806.3246719360377
2024-05-23,2024-01-28,42.633962,-1.303319,flowering,5,572.5555068969752
2024-05-24,2024-01-28,43.6734269886,4.6368156932,flowering,5,998.096089172366
2024-05-23,2024-01-28,42.6239585875,-1.3021967408,flowering,5,572.5555068969752
2024-05-23,2024-01-28,44.42262,25.9999466667,flowering,5,765.6972671508813
2024-05-23,2024-01-28,48.80906329,2.13417137,flowering,5,605.7784957885768
2024-05-22,2024-01-28,43.6120801,7.0244125,flowering,5,836.9334197998073
2024-05-22,2024-01-28,46.1759619481,20.3598060791,flowering,5,872.346769714358
2024-05-22,2024-01-28,48.1559666667,15.6367972222,flowering,5,589.5847351074242
2024-05-22,2024-01-28,48.1638102745,16.2588137736,flowering,5,654.667324829104
2024-05-22,2024-01-28,41.3413299722,69.317822,flowering,5,702.0608795166034
2024-05-11,2024-01-28,36.0618476731,9.6007348225,flowering,5,899.3178863525414
2024-05-22,2024-01-28,48.2174735377,16.352790501,flowering,5,696.689411926272
2024-05-22,2024-01-28,48.1805214308,16.3342512458,flowering,5,654.667324829104
2024-05-21,2024-01-28,50.109149,14.456888,flowering,5,554.205308532717
2024-05-07,2024-01-28,38.730043,-9.29883,flowering,5,1014.6221633911156
2024-05-19,2024-01-28,46.5367966391,6.5788804076,flowering,5,493.9524291992212
2024-05-21,2024-01-28,36.1125335556,-5.3497051944,flowering,5,
2024-05-21,2024-01-28,44.4273716667,26.1604783333,flowering,5,750.1466964721703
2024-05-18,2024-01-28,41.873011,12.560089,flowering,5,909.1770202636744
2024-05-17,2024-01-28,44.4035332062,26.1314219981,flowering,5,700.2464141845726
2024-05-21,2024-01-28,43.3511934,-1.7805265,flowering,5,
2024-05-20,2024-01-28,48.1019363403,20.8022880553,flowering,5,637.6162429809593
2024-05-20,2024-01-28,43.7470769226,28.5785206407,flowering,5,
2024-05-18,2024-01-28,46.8411312762,9.4794973419,flowering,5,48.74357452392633
2024-05-19,2024-01-28,41.9933833333,2.2911783333,flowering,5,603.2962341308619
2024-05-19,2024-01-28,43.7919713007,7.1829259259,flowering,5,555.8920150756861
2024-05-19,2024-01-28,48.1918610023,16.3468973719,flowering,5,615.6481857299829
2024-05-19,2024-01-28,47.1721115112,27.5373191833,flowering,5,584.6607620239278
2024-05-19,2024-01-28,-41.32617267,174.81119117,flowering,5,
2024-05-18,2024-01-28,40.953365,-3.7886366667,flowering,5,287.57906341552905
2024-05-18,2024-01-28,47.9554786681,16.3206481933,flowering,5,615.4506820678735
2024-05-18,2024-01-28,43.7766415392,4.8313675107,flowering,5,857.1823074340846
2024-05-18,2024-01-28,44.4463216667,28.7334883333,flowering,5,620.9327880859397
2024-05-18,2024-01-28,41.3684849722,69.2928699722,flowering,5,640.694837951662
2024-05-18,2024-01-28,42.4787667993,-2.0821880096,flowering,5,623.7195281982447
2024-05-16,2024-01-28,42.4702710536,-2.4643522874,flowering,5,608.1679824829126
2024-05-16,2024-01-28,52.5200851857,13.4752668813,flowering,5,509.6346008300801
2024-05-16,2024-01-28,48.186066698,16.4127031714,flowering,5,623.7801086425804
2024-05-16,2024-01-28,42.4367966667,0.0774778333,flowering,5,374.0287078857441
2024-05-15,2024-01-28,48.2287063333,15.33586025,flowering,5,547.6614273071311
2024-05-15,2024-01-28,43.9545593262,4.8050231934,flowering,5,780.2756713867212
2024-05-15,2024-01-28,44.63683,22.7042533333,flowering,5,617.7494216918967
2024-05-14,2024-01-28,38.4399718792,-82.6944450104,flowering,5,770.4515136718771
2024-05-14,2024-01-28,-45.0810732934,169.1775525778,flowering,5,579.8164993286155
2024-05-13,2024-01-28,44.720424,14.891607,flowering,5,422.60740356445535
2024-05-13,2024-01-28,44.7359485086,11.6904138588,flowering,5,761.7909973144555
2024-05-12,2024-01-28,43.1021243,5.9057034,flowering,5,827.383470153811
2024-05-12,2024-01-28,43.7336170528,5.5252344733,flowering,5,581.9357757568383
2024-05-11,2024-01-28,48.1233162997,17.110983,flowering,5,588.7612136840843
2024-05-10,2024-01-28,37.974897,23.722093,flowering,5,1021.9214920043969
2024-05-09,2024-01-28,36.1320220973,50.3622695804,flowering,5,506.2365295410174
2024-05-08,2024-01-28,43.3042831,5.55423633,flowering,5,647.5730545043969
2024-05-08,2024-01-28,43.235334,5.3591930997,flowering,5,
2024-05-07,2024-01-28,43.1810845574,16.5816225763,flowering,5,
2024-05-06,2024-01-28,35.8963216667,14.44922,flowering,5,1087.7639007568378
2024-05-05,2024-01-28,43.646775,4.7195333333,flowering,5,778.5298980712913
2024-05-05,2024-01-28,42.3735866667,10.8987916667,flowering,5,
2024-05-01,2024-01-28,42.170825,0.8953638889,flowering,5,340.19150085449405
2024-05-04,2024-01-28,44.3719477253,11.3416438736,flowering,5,581.7798980712912
2024-04-28,2024-01-28,-43.5601666667,172.7271083333,flowering,5,917.7388488769552
2024-05-03,2024-01-28,43.629075,3.8338033333,flowering,5,670.7803222656272
2024-05-03,2024-01-28,41.8564016667,2.6635016667,flowering,5,665.0045501709006
2024-05-02,2024-01-28,41.6476372088,2.4243059053,flowering,5,717.4505477905295
2024-05-02,2024-01-28,45.4294090271,28.0271949768,flowering,5,567.2131851196308
2024-05-02,2024-01-28,35.7460945649,51.3618390262,flowering,5,462.95767517089996
2024-04-28,2024-01-28,-43.5600885833,172.7269234167,flowering,5,917.7388488769552
2024-05-02,2024-01-28,-43.551485723,172.647164977,flowering,5,949.6586166381858
2024-05-01,2024-01-28,37.40011,25.2669183333,flowering,5,
2024-04-25,2024-01-28,43.1192943964,6.1969620771,flowering,5,690.6611312866231
2024-04-26,2024-01-28,43.2358712085,5.4438302605,flowering,5,
2024-05-01,2024-01-28,41.9933566667,2.29119,flowering,5,452.0035354614279
2024-04-28,2024-01-28,-43.5786466667,172.63945,flowering,5,926.8080398559591
2024-04-29,2024-01-28,35.4998659722,6.472824,flowering,5,549.9422180175802
2024-04-30,2024-01-28,45.8261160389,8.8680109754,flowering,5,334.4433227539082
2024-04-29,2024-01-28,39.2855211446,-7.429834858,flowering,5,704.0793350219748
2024-04-29,2024-01-28,48.1411583333,17.10033,flowering,5,455.7064544677754
2024-04-29,2024-01-28,43.2391007,5.3676520982,flowering,5,
2024-04-27,2024-01-28,37.102472038,-8.6791695857,flowering,5,
2024-04-29,2024-01-28,35.5213166667,6.5163866667,flowering,5,549.9422180175802
2024-04-29,2024-01-28,-43.5641920986,172.7016460709,flowering,5,924.1650054931662
2024-04-26,2024-01-28,-43.5002642997,172.7018973,flowering,5,931.0408401489278
2024-04-28,2024-01-28,41.9117826596,12.539824862,flowering,5,688.1727020263693
2024-04-28,2024-01-28,41.9476966667,2.3825183333,flowering,5,440.1601181030294
2024-04-28,2024-01-28,-43.52550996,172.64472488,flowering,5,930.6214935302755
2024-04-27,2024-01-28,35.55754,6.0835499722,flowering,5,426.3553680419941
2024-04-26,2024-01-28,44.1459158733,12.2506845742,flowering,5,558.0683303833027
2024-04-27,2024-01-28,43.2977932971,5.4316263925,flowering,5,638.9152770996114
2024-04-26,2024-01-28,38.724516,-9.195443,flowering,5,911.4533386230489
2024-04-26,2024-01-28,42.1715854515,2.7656301292,flowering,5,610.265869140627
2024-04-25,2024-01-28,38.8026020961,-3.3418493485,flowering,5,590.5310958862325
2024-04-22,2024-01-28,43.6280046342,3.835141431,flowering,5,589.5965591430684
2024-04-25,2024-01-28,43.608545,7.0822166667,flowering,5,597.744467163088
2024-04-17,2024-01-28,35.9313827805,14.48238471,flowering,5,861.602487182619
2024-04-24,2024-01-28,-43.5327083333,172.452255,flowering,5,886.7654998779317
2024-04-23,2024-01-28,36.5646679833,6.4461800333,flowering,5,616.1574203491231
2024-04-20,2024-01-28,36.2544272459,6.7236899664,flowering,5,589.9187911987324
2024-04-14,2024-01-28,42.279796123,2.1478345245,flowering,5,134.30000000000098
2024-04-20,2024-01-28,40.39810586,-3.74404708,flowering,5,470.69447631836124
2024-04-12,2024-01-28,35.9169758354,14.4983332698,flowering,5,795.1856704711931
2024-04-19,2024-01-28,43.2955857972,5.5018679984,flowering,5,552.7097366333027
2024-04-12,2024-01-28,-43.53016,172.6325416667,flowering,5,820.2896972656267
2024-04-18,2024-01-28,38.1571704803,23.7270741524,flowering,5,539.1658355712908
2024-04-17,2024-01-28,48.1746233333,17.0659082778,flowering,5,381.01605834961106
2024-04-12,2024-01-28,42.676201,-2.040478,flowering,5,295.7990707397478
2024-04-15,2024-01-28,40.26458,-3.685425,flowering,5,437.3518478393572
2024-04-15,2024-01-28,36.1204505997,-5.3523336997,flowering,5,
2024-04-14,2024-01-28,42.0940269188,19.097245437,flowering,5,449.464221191408
2024-04-12,2024-01-28,46.1946949159,6.1316545308,flowering,5,198.43719635009904
2024-04-12,2024-01-28,44.9263866667,25.9953816667,flowering,5,268.3299392700209
2024-04-11,2024-01-28,43.6415283333,7.0060583333,flowering,5,439.9378890991228
2024-04-09,2024-01-28,41.9124455288,2.231211935,flowering,5,318.6132278442399
2024-04-09,2024-01-28,43.3242079722,-6.022769,flowering,5,296.13344421386876
2024-04-08,2024-01-28,42.0530608705,48.27349931,flowering,5,96.85948944091876
2024-04-08,2024-01-28,42.2926616667,-4.1291278333,flowering,5,208.94944610595826
2024-02-26,2024-01-28,-43.2323628997,171.7206304997,flowering,5,189.1471252441413
2024-04-07,2024-01-28,40.4392544,-3.7906393,flowering,5,338.5879730224625
2024-04-02,2024-01-28,31.7943611111,35.2505388889,flowering,5,524.5905319213882
2024-04-06,2024-01-28,41.5589545675,1.8920421526,flowering,5,416.38089752197425
2024-04-05,2024-01-28,44.5017601997,11.3369847997,flowering,5,392.50517272949367
2024-04-05,2024-01-28,44.5026788997,11.3357335997,flowering,5,392.50517272949367
2024-04-05,2024-01-28,42.4665212424,-2.5593430549,flowering,5,287.315226745607
2024-04-03,2024-01-28,42.7645169722,10.879291,flowering,5,456.5178863525406
2024-04-01,2024-01-28,42.3081120549,9.1478018092,flowering,5,169.57322845459112
2024-04-01,2024-01-28,43.415725,6.45185,flowering,5,376.8562774658218
2024-04-01,2024-01-28,38.8275427227,16.6304450621,flowering,5,
2024-03-31,2024-01-28,41.8071303983,-0.4518513009,flowering,5,329.9211257934585
2024-03-31,2024-01-28,35.9033508301,14.3753385544,flowering,5,654.2683776855483
2024-03-30,2024-01-28,35.8260638081,14.4373698905,flowering,5,
2024-03-29,2024-01-28,36.137815,-5.3507166,flowering,5,
2024-03-27,2024-01-28,36.1362303,-5.3516256,flowering,5,
2024-02-26,2024-01-28,-45.0242388333,168.7340866667,flowering,5,209.34216308593818
2024-01-28,2024-01-28,42.7161232566,-2.0514258742,flowering,5,3.6399093627929915
2024-03-25,2024-01-28,43.6299123914,3.8320351994,flowering,5,352.5051010131849
2024-03-22,2024-01-28,40.3964611111,-3.6731916667,flowering,5,240.64483337402464
2024-03-21,2024-01-28,45.2520942302,19.8604240268,flowering,5,235.28480987548937
2024-03-18,2024-01-28,-43.6343160997,172.4903731997,flowering,5,601.3242431640637
2024-03-17,2024-01-28,43.4447047213,-3.4651207645,flowering,5,327.044647216798
2024-03-17,2024-01-28,41.1033971667,16.8741716667,flowering,5,359.339813232423
2024-03-16,2024-01-28,40.3221118863,-3.770581109,flowering,5,176.61719055175888
2024-02-17,2024-01-28,-42.4196336261,173.7099482117,flowering,5,261.87894592285204
2024-03-16,2024-01-28,36.6916723415,3.0542774293,flowering,5,447.9036392211925
2024-03-15,2024-01-28,42.4692694444,14.20655,flowering,5,237.45026092529406
2024-03-14,2024-01-28,42.0626055,14.304025,flowering,5,134.077293395997
2023-10-01,2023-09-22,48.0804653606,-123.1326581756,flowering,5,74.03247070312523
2024-03-13,2024-01-28,37.3587333333,-5.9368666667,flowering,5,395.9736190795909
2024-03-11,2024-01-28,42.1325726997,-0.4212362997,flowering,5,151.19141235351663
2024-03-13,2024-01-28,-43.477980248,172.7071668616,flowering,5,563.6687255859385
2024-03-10,2024-01-28,36.3279645956,6.5821718149,flowering,5,213.64671783447363
2023-10-11,2023-09-22,51.3253473985,12.3339030005,flowering,5,236.41999053955124
2024-03-06,2024-01-28,-43.5619138515,172.659201622,flowering,5,478.7793716430673
2023-10-15,2023-09-22,49.9882583333,7.9628944444,flowering,5,253.57108917236383
2023-12-17,2023-09-22,-45.2934533333,168.760575,flowering,5,179.50721588134877
2024-03-05,2024-01-28,-43.5207857122,172.6603540027,flowering,5,473.81564788818446
2024-03-04,2024-01-28,40.4994698048,-3.697399646,flowering,5,123.50246429443439
2024-02-11,2024-01-28,-44.363619,171.2511949,flowering,5,
2023-12-20,2023-09-22,-44.84283,170.64473,flowering,5,555.526739501955
2024-02-18,2024-01-28,41.388315,1.568723,flowering,5,133.4472915649419
2024-02-11,2024-01-28,-44.3694081968,171.2463307376,flowering,5,163.51555633544956
2024-02-27,2024-01-28,35.897535,14.508045,flowering,5,298.93831787109445
2024-02-27,2024-01-28,35.878505,14.4845083333,flowering,5,298.93831787109445
2024-02-25,2024-01-28,41.5496828409,1.897938245,flowering,5,174.58974304199285
2024-02-24,2024-01-28,41.368319,2.166296,flowering,5,
2024-02-23,2024-01-28,-43.52969846,172.61731581,flowering,5,336.94947357177796
2024-01-21,2024-01-28,43.2413730434,-5.7804818527,flowering,5,1.876161193847679
2024-02-17,2024-01-28,35.9543101325,14.4196346802,flowering,5,
2024-02-16,2024-01-28,35.9746366667,14.34303,flowering,5,
2024-02-17,2024-01-28,-41.2014465332,173.3542938232,flowering,5,262.0257354736333
2024-02-17,2024-01-28,-38.6069350701,178.1913888082,flowering,5,301.8003250122075
2024-02-16,2024-01-28,42.2117074,-2.2395803,flowering,5,57.529846191406705
2024-02-15,2024-01-28,36.6916830953,3.053952882,flowering,5,185.0521377563481
2024-02-14,2024-01-28,41.5513849485,1.900199119,flowering,5,105.74436645507853
2024-02-11,2024-01-28,-40.3678416685,175.5905270628,flowering,5,173.09629821777378
2023-10-06,2023-09-22,50.939325,1.891945,flowering,5,173.85614776611362
2024-02-09,2024-01-28,-45.0747028333,169.1309971667,flowering,5,107.49839477539092
2024-02-07,2024-01-28,43.6176533546,3.8626931235,flowering,5,64.12651977539088
2024-02-04,2024-01-28,19.2257096691,-99.2017518729,flowering,5,35.27577667236346
2024-01-28,2024-01-28,43.9435802162,4.8250097037,flowering,5,3.9710021972656477
2024-02-04,2024-01-28,-41.4631989169,173.9244981045,flowering,5,95.45938568115253
2024-01-30,2024-01-28,-41.1303956979,-71.3513856637,flowering,5,37.20825653076179
2024-01-31,2024-01-28,37.0140084349,-4.5546825021,flowering,5,26.084791564941497
2024-01-28,2024-01-28,43.9438104216,4.825084837,budding,5,3.9710021972656477
2024-01-28,2024-01-28,43.9438104216,4.825084837,flowering,5,3.9710021972656477
2023-12-30,2023-09-22,41.8865158056,2.5201995556,flowering,5,706.2984069824241
2024-01-28,2024-01-28,43.9441083333,4.8271333333,flowering,5,3.9710021972656477
2024-01-27,2024-01-28,-43.67908706,172.90082292,flowering,5,13.261415100097679
2024-01-27,2024-01-28,37.3559255768,-5.9340109304,flowering,5,10.683389282226585
2024-01-27,2024-01-28,40.3207140002,-3.7739420113,flowering,5,5.583856201171898
2024-01-25,2024-01-28,43.6272222222,3.8313888889,flowering,5,6.7782760620117415
2024-01-26,2024-01-28,-43.2326011656,171.7211456297,flowering,5,8.039842224121116
2024-01-21,2024-01-28,41.6365013997,2.3032366754,flowering,5,2.9277282714843977
2024-01-19,2024-01-28,35.7413528245,51.1784389615,flowering,5,0.10610351562502274
2024-01-18,2024-01-28,41.5445913507,1.8737418089,flowering,5,9.335748291015648
2024-01-16,2024-01-28,41.684795,2.4825133333,flowering,5,4.6973434448242415
2023-12-29,2023-09-22,-42.414781,173.674095,flowering,5,803.3843750000023
2024-01-13,2024-01-28,43.8933019637,5.8625595644,flowering,5,0.0
2024-01-12,2024-01-28,43.6220343333,1.4564023722,flowering,5,0.0
2024-01-10,2024-01-28,43.2155854874,3.0930064246,flowering,5,0.0
2024-01-10,2024-01-28,-43.5185051186,172.7229728428,flowering,5,16.17633209228518
2024-01-08,2024-01-28,-42.9697704318,172.7039368451,flowering,5,13.865693664550804
2024-01-08,2024-01-28,-42.9707595785,172.7031482756,flowering,5,13.865693664550804
2024-01-07,2024-01-28,42.3069677603,9.1474961591,flowering,5,0.0
2024-01-07,2024-01-28,-43.5672909,172.74624522,flowering,5,13.859239196777366
2024-01-03,2024-01-28,45.4639491096,4.508488588,flowering,5,2.3504119873047102
2024-01-03,2024-01-28,-40.1795465057,175.4315157607,flowering,5,12.999131774902366
2023-12-31,2023-09-22,-41.2965783333,173.1351611667,flowering,5,905.9285064697289
2024-01-01,2024-01-28,41.96848186,12.04109547,flowering,5,7.5615402221679915
2023-12-31,2023-09-22,45.0494333333,38.9971866667,flowering,5,750.6468338012716
2023-12-28,2023-09-22,47.4386277001,8.3463247075,flowering,5,412.6010116577164
2023-12-28,2023-09-22,28.16104062,-16.6366713122,flowering,5,1125.5331848144538
2023-12-26,2023-09-22,-43.4604015952,172.5772075488,flowering,5,816.1582122802756
2023-12-26,2023-09-22,45.9426305556,-0.8494277778,flowering,5,803.4797286987325
2023-12-26,2023-09-22,45.7028961111,9.6481599722,flowering,5,513.5290054321306
2023-12-26,2023-09-22,-43.5194197,172.6216925997,flowering,5,816.1582122802756
2023-12-23,2023-09-22,41.6502734,2.7371093,flowering,5,
2023-12-20,2023-09-22,-45.049382,169.2071779722,flowering,5,348.54470977783365
2023-10-22,2023-09-22,39.911278,32.9474767,flowering,5,347.41631469726633
2023-12-17,2023-09-22,-43.5507528556,172.5750442967,flowering,5,695.2342102050801
2023-12-11,2023-09-22,41.5853145499,1.7810370866,flowering,5,826.6898513793964
2023-12-03,2023-09-22,-45.0871548534,169.161861433,flowering,5,274.4544296264661
2023-12-02,2023-09-22,39.942633,32.838862,flowering,5,643.5437942504898
2023-12-02,2023-09-22,-41.2157727389,175.4641552778,flowering,5,539.9548065185563
2023-12-02,2023-09-22,-43.6545116667,172.5612333333,flowering,5,529.3743011474626
2023-12-01,2023-09-22,-43.5703249629,172.5858334824,flowering,5,519.1421676635758
2023-11-13,2023-09-22,41.4147476389,2.0950343889,flowering,5,749.1868179321301
2023-11-28,2023-09-22,43.7598033333,5.0795695,flowering,5,662.8948013305679
2023-11-27,2023-09-22,40.4437046997,-3.7886255,flowering,5,665.0759155273453
2023-11-26,2023-09-22,52.09527073,9.95862861,flowering,5,408.7609069824232
2023-11-26,2023-09-22,42.1286805556,-0.40935,flowering,5,674.0234542846695
2023-10-26,2023-09-22,44.6528133333,37.6986316667,flowering,5,418.621383666993
2023-11-20,2023-09-22,47.268738406,11.2655214054,flowering,5,217.91595916748133
2023-11-19,2023-09-22,51.5020666667,-0.3476716667,flowering,5,433.3416198730482
2023-11-18,2023-09-22,43.923801403,0.6212553105,flowering,5,704.7419174194349
2023-11-11,2023-09-22,57.9481235493,55.8995070308,flowering,5,128.0837432861333
2023-11-16,2023-09-22,41.6348451623,-0.9296398982,flowering,5,740.5855957031263
2023-11-16,2023-09-22,-43.5197066667,172.6552,flowering,5,397.09713897705205
2023-11-11,2023-09-22,51.4466982991,-0.4942517018,flowering,5,397.13884124755975
2023-11-10,2023-09-22,-38.0321111111,175.3401333333,flowering,5,415.9696731567394
2023-11-08,2023-09-22,35.8901527778,14.4183194444,flowering,5,896.5998809814464
2023-11-06,2023-09-22,48.16452,15.63743,flowering,5,406.8026748657237
2023-10-17,2023-09-22,42.228255,14.39093,flowering,5,395.26739654541075
2023-11-01,2023-09-22,37.3561744919,-5.9358049929,flowering,5,716.8706222534189
2023-10-30,2023-09-22,46.6831579722,15.584409,flowering,5,400.9928726196298
2023-10-31,2023-09-22,-43.5513,172.699555,flowering,5,250.33736419677825
2023-10-30,2023-09-22,-33.4587670928,-70.634566918,flowering,5,258.73271026611417
2023-10-26,2023-09-22,41.3411488319,2.0331643894,flowering,5,559.1679458618172
2023-10-30,2023-09-22,36.3207833618,59.41113621,flowering,5,400.4429000854501
2023-10-29,2023-09-22,41.5469681467,1.8752009561,flowering,5,560.8444335937509
2023-10-28,2023-09-22,36.294635978,59.6109332889,flowering,5,420.8290206909188
2023-10-27,2023-09-22,47.259148,11.307133,flowering,5,209.89259185791093
2023-10-25,2023-09-22,50.5078083333,14.9583866667,flowering,5,301.44984283447343
2023-10-07,2023-09-22,47.9007915472,8.7534276769,flowering,5,146.45587310791052
2023-10-20,2023-09-22,48.0000825805,16.2776332621,flowering,5,322.6294845581061
2023-10-20,2023-09-22,44.819588,7.2089893,flowering,5,230.50458374023503
2023-10-20,2023-09-22,51.5114066667,0.0162266667,flowering,5,293.34838714599675
2023-10-19,2023-09-22,52.2166532971,0.0941032916,flowering,5,280.24890594482486
2023-10-12,2023-09-22,47.2586243911,11.3094068966,flowering,5,155.34748229980516
2023-10-17,2023-09-22,52.2184866306,0.0997740694,flowering,5,261.0350814819342
2023-10-04,2023-09-22,51.411306,24.7880919722,flowering,5,164.9409454345706
2023-10-17,2023-09-22,55.0717744254,82.9102009466,flowering,5,76.81865081787157
2023-10-16,2023-09-22,41.613905,-3.9636283333,flowering,5,354.6136856079107
2023-10-16,2023-09-22,56.8834648132,60.6156044006,flowering,5,114.39697113037153
2023-10-16,2023-09-22,43.2713339228,-4.0590604007,flowering,5,361.3521041870123
2023-10-14,2023-09-22,48.1232050811,16.2497311458,flowering,5,272.8197448730474
2023-10-13,2023-09-22,44.8262040263,10.378206633,flowering,5,340.41514892578175
2023-10-12,2023-09-22,54.0250939142,11.5362807695,flowering,5,
2023-10-12,2023-09-22,52.3490226686,-0.1688504219,flowering,5,231.48404846191454
2023-10-10,2023-09-22,48.1809871015,16.4443572611,flowering,5,242.70649566650434
2023-09-29,2023-09-22,51.859491322,-2.2557139533,flowering,5,77.39227752685565
2023-10-08,2023-09-22,51.230184327,9.5797802026,flowering,5,168.29809112548867
2023-10-09,2023-09-22,48.1827166667,11.1918,flowering,5,188.54261474609416
2023-10-08,2023-09-22,48.1504388889,-123.1527527778,flowering,5,
2023-10-08,2023-09-22,51.8533816667,87.10181,flowering,5,38.72324981689485
2023-10-06,2023-09-22,51.3783361111,-0.0741305556,flowering,5,159.59007263183628
2023-10-06,2023-09-22,51.8164710833,107.6487121389,flowering,5,54.1296890258792
2023-10-07,2023-09-22,47.9284018393,106.9276955076,flowering,5,10.376168823242324
2023-10-05,2023-09-22,51.3078059722,-0.2396089722,flowering,5,144.82642211914094
2023-10-03,2023-09-22,53.3690242795,83.7148348332,flowering,5,30.013287353515807
2023-10-02,2023-09-22,40.8346733333,14.2513783333,flowering,5,
2023-10-01,2023-09-22,43.2984683333,5.983615,flowering,5,134.0157623291018
2023-09-26,2023-09-22,50.7564972476,25.3919753827,flowering,5,71.74033355712902
2023-09-29,2023-09-22,48.4317233333,-123.3978933333,flowering,5,
2023-09-29,2023-09-22,48.0780016726,15.3765689607,flowering,5,91.8464401245119
2023-09-28,2023-09-22,47.1537833419,27.6043396443,flowering,5,112.27729339599625
2023-09-27,2023-09-22,51.583923,-0.052513,flowering,5,64.55497894287123
2023-09-27,2023-09-22,51.5849133333,-0.0548138333,flowering,5,64.55497894287123
2023-09-27,2023-09-22,46.0238475865,-118.4072485195,flowering,5,69.18850097656264
2023-09-27,2023-09-22,57.1531138333,65.608855,flowering,5,50.28124389648451
2023-09-25,2023-09-22,36.3413917808,49.7086470947,flowering,5,58.03860321044931
2023-09-23,2023-09-22,50.1085361667,14.3841166667,flowering,5,20.643954467773483
2023-09-22,2023-09-22,45.3833597,5.41212472,flowering,5,10.908662414550804
