observed_on,season_start,latitude,longitude,phenophase,t_base,gdd_cumulative
2025-09-19,2025-04-04,38.4208869036,-78.8388142238,fruiting,5,2576.592932128901
2025-09-17,2025-04-04,43.1170524366,-77.4956145928,fruiting,5,2204.427099609371
2025-09-17,2025-04-04,40.4427612511,-8.7607116516,fruiting,5,2347.3591140747017
2025-09-13,2025-04-04,38.1547154,-121.2887736,fruiting,5,2714.915921020501
2025-09-13,2025-04-04,43.3250478998,2.5277117201,fruiting,5,2521.1041229247994
2025-05-25,2025-04-04,48.6573887703,6.2017472094,flowering,5,382.67393798828243
2025-09-10,2025-04-04,52.1114717633,-2.3250223261,fruiting,5,1732.1377182006809
2025-09-12,2025-04-04,41.0765018395,-80.7396328015,fruiting,5,2261.7852203369093
2025-09-09,2025-04-04,37.5274933828,-77.4144072645,fruiting,5,2810.1812194824156
2025-09-05,2025-04-04,36.5658833333,136.64055,fruiting,5,2596.6365737914994
2025-09-04,2025-04-04,43.1287791649,-77.4771450643,fruiting,5,2077.8287796020477
2025-08-26,2025-04-04,37.2350416561,-80.4211265214,fruiting,5,2276.6592483520467
2025-09-04,2025-04-04,38.2647646754,-79.5585864322,fruiting,5,2009.46144866943
2025-09-04,2025-04-04,37.96758494,-91.77622228,flowering,5,2631.6320404052685
2025-09-02,2025-04-04,38.1530222222,-121.2888333333,fruiting,5,2522.8893005371037
2025-09-02,2025-04-04,41.5451695,1.8913371,fruiting,5,2353.7325851440387
2025-09-01,2025-04-04,43.1646317295,-77.4474627572,fruiting,5,1915.8762893676735
2025-09-01,2025-04-04,44.4738,-77.312721,fruiting,5,1860.5766967773416
2025-08-30,2025-04-04,43.0446916667,-76.069375,fruiting,5,1921.265277099607
2025-08-30,2025-04-04,51.44964,-0.026005,fruiting,5,1636.0069107055647
2025-08-24,2025-04-04,46.95057,16.08175,fruiting,5,1835.3014389038062
2025-08-25,2025-04-04,35.5600070265,-90.7129863042,fruiting,5,2808.846205139155
2025-06-01,2025-04-04,41.266834,-72.929587,flowering,5,470.6649185180677
2025-08-25,2025-04-04,45.7702749997,3.2414401997,fruiting,5,1777.8639434814431
2025-08-21,2025-04-04,52.2217333565,7.7582144781,fruiting,5,1556.2463836669913
2024-05-25,2024-03-14,33.71682479,-82.0337663907,fruiting,5,1052.6605804443375
2025-05-15,2025-04-04,51.0903110862,17.049982287,flowering,5,282.31256713867276
2025-06-12,2025-04-04,43.2626305556,141.966375,flowering,5,352.1817077636732
2025-08-07,2025-04-04,50.7152560355,7.0799806532,fruiting,5,1402.552278137207
2025-08-06,2025-04-04,48.6272794295,13.1708978317,flowering,5,1375.8417709350583
2025-08-02,2025-04-04,42.172701,-80.093252,fruiting,5,1418.260974121094
2025-08-02,2025-04-04,45.6012849459,-73.5084212298,fruiting,5,1414.820347595215
2025-05-27,2025-04-04,42.9435881684,-85.585333866,flowering,5,370.2240020751964
2025-08-03,2025-04-04,39.0504364,-76.5081693997,fruiting,5,1989.4107772827128
2025-08-03,2025-04-04,35.0544619281,-88.2338636835,flowering,5,2271.8578674316373
2025-06-10,2025-04-04,43.9290218627,-78.8302110681,flowering,5,422.24080810547014
2025-05-28,2025-04-04,49.8900946997,-119.531548,flowering,5,393.33025360107547
2025-07-25,2025-04-04,43.1923424359,-77.5123291442,fruiting,5,1275.8071701049817
2025-07-18,2025-04-04,48.29488964,15.44380463,fruiting,5,1041.912130737307
2025-07-14,2025-04-04,43.1646834039,-77.4472750957,fruiting,5,1062.3563858032248
2025-07-13,2025-04-04,38.1673692,-85.7859279,fruiting,5,1531.1655975341796
2025-07-12,2025-04-04,41.5451695,1.8913371,fruiting,5,1370.7387390136723
2025-07-10,2025-04-04,35.5472333333,-82.4720783333,fruiting,5,1337.3980529785163
2025-07-08,2025-04-04,37.56567804,-77.54227007,fruiting,5,1568.860879516601
2025-05-21,2025-04-04,42.2745883333,-83.699555,flowering,5,351.4872695922861
2025-06-11,2025-04-04,42.7057216667,-86.202055,flowering,5,408.1884384155287
2025-06-06,2025-04-04,50.1312588512,-119.5039967578,flowering,5,356.81906738281384
2025-06-05,2025-04-04,43.0425864125,-82.6031394303,flowering,5,448.8914810180677
2025-07-03,2025-04-04,45.269729105,-76.2503426763,fruiting,5,789.6433975219745
2025-06-27,2025-04-04,54.702973,20.515671,fruiting,5,578.5800003051776
2025-04-18,2025-04-04,38.6315127803,-121.2713639448,flowering,5,174.10561370849643
2025-07-03,2025-04-04,47.7129364011,142.0239105222,flowering,5,
2025-07-02,2025-04-04,43.1922761518,-77.5122060143,fruiting,5,842.4668487548847
2025-07-02,2025-04-04,38.1781583559,-84.9039869383,fruiting,5,1276.5650100708017
2025-06-25,2025-04-04,45.1936722222,141.1545269444,flowering,5,410.9235733032243
2025-06-29,2025-04-04,40.0070694444,-75.0422783333,fruiting,5,1162.929252624513
2025-05-04,2025-04-04,44.8765869139,20.6314182281,flowering,5,299.7862686157233
2025-06-27,2025-04-04,37.1737632,-118.2985215,fruiting,5,1012.934536743166
2025-06-17,2025-04-04,45.4312365386,-73.4819387281,flowering,5,595.9614974975601
2025-06-20,2025-04-04,48.4118921,-2.0888264,flowering,5,746.2719161987322
2025-06-20,2025-04-04,43.1923152042,-77.5121641659,fruiting,5,620.3282424926774
2025-06-09,2025-04-04,44.5286899954,-89.5031078615,flowering,5,457.8261550903334
2025-06-19,2025-04-04,49.4066047997,-123.5327462997,flowering,5,
2025-06-01,2025-04-04,46.8316,-120.7144383333,flowering,5,365.96451110839973
2025-06-18,2025-04-04,44.2949289536,-72.3050204956,flowering,5,459.7756652832046
2025-06-04,2025-04-04,43.860981,-79.2111154,flowering,5,338.37905731201295
2025-06-17,2025-04-04,43.1926803489,-77.5129101167,fruiting,5,571.6055282592789
2025-06-15,2025-04-04,44.7200446054,-77.3928132637,flowering,5,477.16301422119284
2025-06-16,2025-04-04,43.9748383333,-78.1837,flowering,5,507.7795059204117
2025-06-03,2025-04-04,36.0855603736,-81.8284590301,flowering,5,568.514443969728
2025-06-14,2025-04-04,45.9751396885,-66.6552060843,flowering,5,426.03132934570453
2025-06-14,2025-04-04,45.9748638075,-66.655090414,budding,5,426.03132934570453
2025-06-13,2025-04-04,43.9137966141,-69.8155898028,flowering,5,454.5108993530288
2025-06-13,2025-04-04,43.0142609217,-81.2639719807,flowering,5,548.7781341552749
2025-06-11,2025-04-04,45.4765691899,-89.7299658754,flowering,5,439.24297790527476
2025-05-10,2025-04-04,44.4213590167,7.7308673921,flowering,5,266.73518676757897
2025-05-20,2025-04-04,39.4968533333,-121.2783883333,flowering,5,502.4321166992198
2025-06-10,2025-04-04,44.5940301,-89.6287487,flowering,5,476.9597930908217
2025-05-21,2025-04-04,34.9888805556,136.3123555556,flowering,5,472.4717071533214
2025-06-08,2025-04-04,43.9970491357,-72.1215860723,flowering,5,409.6896896362317
2025-06-10,2025-04-04,43.7864532471,142.3069458008,flowering,5,368.54753265380987
2025-06-04,2025-04-04,44.2995163171,-78.3164972222,flowering,5,380.76933288574344
2025-05-19,2025-04-04,49.0834314567,-119.5280091988,flowering,5,251.76197204589948
2025-06-06,2025-04-04,36.3400983333,138.6401316667,flowering,5,502.5558044433608
2025-06-08,2025-04-04,43.645413,-72.949816,flowering,5,403.1713195800794
2025-06-08,2025-04-04,43.1923139637,-77.5123963348,fruiting,5,451.9480285644545
2025-06-09,2025-04-04,43.1927512,131.9249767,budding,5,
2025-05-30,2025-04-04,49.9044380188,-119.3902816772,flowering,5,381.81647033691536
2025-06-04,2025-04-04,47.1523524903,7.0031381906,flowering,5,300.250038146974
2025-06-08,2025-04-04,42.3274583333,-76.4182527778,flowering,5,473.26198425293103
2025-06-08,2025-04-04,43.5610688758,-70.3706482799,flowering,5,425.07756042480605
2025-06-04,2025-04-04,42.305736402,-71.58735034,flowering,5,509.93280944824346
2025-06-08,2025-04-04,45.4339716667,9.1341721667,fruiting,5,758.119767761232
2025-06-07,2025-04-04,38.68547095,-9.14837625,fruiting,5,811.4649276733413
2025-05-29,2025-04-04,41.9397479979,-87.6923464244,flowering,5,339.06648254394645
2025-06-07,2025-04-04,43.4679533333,-80.6026,flowering,5,416.800753784181
2025-06-06,2025-04-04,47.4524728552,-122.4570786953,flowering,5,506.6215881347671
2025-06-03,2025-04-04,49.4171038235,-120.2589367294,flowering,5,154.66789398193453
2025-06-06,2025-04-04,43.1923354824,-77.512453789,fruiting,5,428.8261917114271
2025-06-01,2025-04-04,53.35877143,13.0735747469,flowering,5,406.2588455200208
2025-05-31,2025-04-04,42.8956628925,-70.8843882009,flowering,5,418.86034698486446
2025-06-05,2025-04-04,40.69561,-77.7659639722,flowering,5,510.27826232910286
2025-06-05,2025-04-04,48.1150695,-122.7586283333,flowering,5,390.27395324707174
2025-06-05,2025-04-04,39.6002166667,-104.9608533333,flowering,5,430.871212768556
2025-05-08,2025-04-04,37.243175,-118.1936555556,flowering,5,233.92487792968825
2025-06-05,2025-04-04,42.90520567,-83.65978737,flowering,5,484.56226043701304
2025-06-05,2025-04-04,35.59192101,-82.60535925,fruiting,5,695.0483520507827
2025-06-05,2025-04-04,47.6864956459,20.4748946428,fruiting,5,590.6250610351576
2025-06-05,2025-04-04,47.6612098329,20.583570879,fruiting,5,589.8129577636732
2025-06-05,2025-04-04,44.4591111111,-73.169075,flowering,5,399.02923431396607
2025-06-05,2025-04-04,48.8331336975,14.3107299805,flowering,5,375.9573348999037
2025-06-05,2025-04-04,44.4853833333,-73.2042833333,flowering,5,399.02923431396607
2025-06-05,2025-04-04,43.0130883971,-81.2795702839,flowering,5,436.6625137329114
2025-06-04,2025-04-04,43.1922739234,-77.512371177,flowering,5,402.34391937255987
2025-06-04,2025-04-04,43.4513818645,-88.6312140897,flowering,5,416.75826110839967
2025-06-03,2025-04-04,50.6836916667,-119.2045366667,flowering,5,356.09985198974744
2025-06-03,2025-04-04,42.716757951,-83.1573802763,flowering,5,457.3999343872083
2025-06-03,2025-04-04,43.0179412,-81.1979903,flowering,5,406.5654037475598
2025-06-02,2025-04-04,42.18362,-71.8610783333,flowering,5,453.04610290527467
2025-05-12,2025-04-04,49.2867063781,-122.9233538119,flowering,5,231.81584014892667
2025-06-02,2025-04-04,47.8374633333,-117.8483716667,flowering,5,443.46465148925915
2025-06-02,2025-04-04,43.1187051039,-77.5928454094,flowering,5,430.5599670410169
2025-06-02,2025-04-04,49.2337722778,-123.1272659302,flowering,5,397.5770111083998
2025-06-02,2025-04-04,41.9646874326,-87.6747851484,flowering,5,353.3356689453137
2025-05-26,2025-04-04,41.8172942096,-74.0551539539,flowering,5,415.45548553466904
2025-06-02,2025-04-04,48.4246334,-123.3455265,flowering,5,
2025-05-13,2025-04-04,44.063543058,-123.1016303693,flowering,5,286.4560089111337
2025-06-02,2025-04-04,42.5377894,-85.3027564,flowering,5,437.4075210571301
2025-06-02,2025-04-04,51.76459117,19.53940135,flowering,5,393.8934310913098
2025-06-02,2025-04-04,42.299872,2.1661912,flowering,5,249.99627685547
2025-06-01,2025-04-04,47.0320663452,-122.7588119507,flowering,5,450.2725662231459
2025-06-01,2025-04-04,38.978605,-92.74491,flowering,5,698.5738967895521
2025-06-01,2025-04-04,42.4514916667,-76.4840916667,flowering,5,401.9643127441418
2025-06-01,2025-04-04,41.6225591392,-80.4497748613,flowering,5,450.58739776611446
2025-05-30,2025-04-04,41.2504873997,-75.8872029997,flowering,5,429.2830276489269
2025-05-31,2025-04-04,44.0226866958,-92.4525180459,flowering,5,402.3104736328137
2025-06-01,2025-04-04,43.0316581484,-88.0238255114,flowering,5,285.07888183593866
2025-06-01,2025-04-04,43.0797298997,-88.1581695997,flowering,5,352.21041564941527
2025-06-01,2025-04-04,42.4613994163,-76.5189372113,flowering,5,401.9643127441418
2025-06-01,2025-04-04,46.3060516667,-92.8061783333,budding,5,364.69287261963007
2025-05-31,2025-04-04,44.727245,-92.8407583333,flowering,5,419.38596801757933
2025-06-01,2025-04-04,42.834681,-89.237984,flowering,5,428.88966064453246
2025-06-01,2025-04-04,43.1812578475,-89.8091683901,flowering,5,433.85821380615357
2025-06-01,2025-04-04,41.5646705627,-81.3722305298,flowering,5,433.0783477783215
2025-05-10,2025-04-04,40.8721829,-73.924776,flowering,5,314.3010848999031
2025-06-01,2025-04-04,42.5094739827,-70.9385349901,flowering,5,419.70699768066527
2025-06-01,2025-04-04,49.8406088906,24.0154205636,flowering,5,341.3876464843762
2025-06-01,2025-04-04,43.1907577515,-71.535987854,flowering,5,411.6023513793957
2025-06-01,2025-04-04,42.9552081244,-120.7867909616,flowering,5,316.43097229004036
2025-06-01,2025-04-04,51.1009278333,14.9447283333,flowering,5,376.98188171386846
2025-06-01,2025-04-04,36.40303,-81.4641033333,flowering,5,543.3404815673841
2025-06-01,2025-04-04,42.64123,-83.55493,flowering,5,434.43037261963013
2025-06-01,2025-04-04,44.92575394,-93.51839137,flowering,5,459.8286514282239
2025-06-01,2025-04-04,44.92127584,-93.52498175,flowering,5,459.8286514282239
2025-06-01,2025-04-04,49.9993766525,19.8368464785,flowering,5,373.057637023927
2025-05-31,2025-04-04,37.7082138889,120.4393277778,flowering,5,650.103863525392
2025-04-14,2025-04-04,36.6036843479,-118.066753668,flowering,5,78.2577819824221
2025-05-31,2025-04-04,43.1925117834,-77.5128877767,flowering,5,358.0511276245129
2025-05-31,2025-04-04,48.5602060574,-117.9145847097,flowering,5,403.59788818359505
2025-05-31,2025-04-04,47.5063216667,-122.235925,flowering,5,405.56548767089976
2025-05-31,2025-04-04,42.1136699338,-85.5448543467,flowering,5,414.37756500244257
2025-05-25,2025-04-04,47.4159722222,-122.2081722222,flowering,5,335.80541534423946
2025-05-31,2025-04-04,41.7431072967,-71.3780949461,flowering,5,471.10127868652467
2025-05-31,2025-04-04,50.8989734,11.6140485,flowering,5,372.41739807129034
2025-05-31,2025-04-04,44.4186630291,-123.3245025223,flowering,5,448.11050109863413
2025-05-31,2025-04-04,44.0532982769,-123.2910434437,flowering,5,450.3212097167982
2025-05-31,2025-04-04,44.6583242814,6.6334933237,flowering,5,47.069166564941725
2025-05-30,2025-04-04,42.9339666667,-72.2881383333,flowering,5,370.90943145752067
2025-05-30,2025-04-04,43.1925083333,-77.512855,budding,5,350.87824401855585
2025-05-30,2025-04-04,43.1924350183,-77.5126857392,flowering,5,350.87824401855585
2025-05-30,2025-04-04,45.1179316997,-93.1522424,flowering,5,423.4432418823254
2025-05-30,2025-04-04,47.6522024302,-122.6175539811,flowering,5,403.16530151367317
2025-05-30,2025-04-04,45.0060672308,-93.1566109881,flowering,5,424.58834533691527
2025-05-29,2025-04-04,43.1925249051,-77.5125747028,flowering,5,339.7132720947277
2025-05-29,2025-04-04,43.1256649141,-77.5777339792,budding,5,394.9220367431652
2025-05-29,2025-04-04,43.1189643234,-77.5929898021,budding,5,394.9220367431652
2025-05-29,2025-04-04,43.6757339722,-93.389463,flowering,5,413.7628799438488
2025-05-28,2025-04-04,46.2937546065,-117.6540633979,flowering,5,281.98298034668085
2025-05-28,2025-04-04,41.7867666667,-73.64383,flowering,5,410.6661895751964
2025-05-28,2025-04-04,43.21574267,-71.54413817,flowering,5,370.66717987060656
2025-05-17,2025-04-04,40.549883157,-74.1126779704,flowering,5,
2025-05-21,2025-04-04,37.97442495,127.27321035,flowering,5,342.5393463134776
2025-05-28,2025-04-04,44.84084775,-93.23438353,flowering,5,408.08317718505975
2025-05-28,2025-04-04,45.4203980713,4.5122138411,flowering,5,294.3907836914075
2025-05-01,2025-04-04,40.9605873864,28.8360024468,flowering,5,158.70864562988345
2025-05-28,2025-04-04,42.9044631257,-77.7434162423,flowering,5,381.08271636963
2025-05-26,2025-04-04,42.2176295362,-83.7172526115,flowering,5,387.7280532836925
2025-05-28,2025-04-04,49.0129170573,9.0708890246,flowering,5,418.1228408813489
2025-05-22,2025-04-04,41.2884416667,-122.3219,flowering,5,202.04014587402446
2025-05-25,2025-04-04,49.8424866667,-119.47615,flowering,5,215.717596435548
2025-05-27,2025-04-04,42.6003354612,-73.8076248685,flowering,5,405.01312713623156
2025-05-27,2025-04-04,45.753291804,-108.5561787191,flowering,5,382.359344482423
2025-05-27,2025-04-04,53.2261441774,6.5508271381,flowering,5,338.70134582519654
2025-05-27,2025-04-04,51.1813485167,-0.7523915833,flowering,5,376.23164978027467
2025-05-26,2025-04-04,42.3015005115,-71.2080705654,flowering,5,412.02666015625107
2025-05-25,2025-04-04,42.0612379,-80.1726319,flowering,5,319.90965118408303
2025-05-26,2025-04-04,42.613788344,-0.3298132159,flowering,5,226.18039398193469
2025-05-25,2025-04-04,40.3233388889,-77.0217194444,flowering,5,505.6654739379894
2025-05-24,2025-04-04,42.6996159,-73.8432292,flowering,5,382.54646301269634
2025-05-26,2025-04-04,41.05893519,-75.21636787,flowering,5,415.26529998779404
2025-05-26,2025-04-04,42.7774887085,-71.0758132935,flowering,5,379.92233581543076
2025-05-22,2025-04-04,36.0240730387,127.6701336363,flowering,5,422.3899185180675
2025-05-26,2025-04-04,42.02006565,-86.54286655,flowering,5,329.169938659669
2025-05-18,2025-04-04,49.6377866667,6.1563416667,flowering,5,284.14145660400493
2025-05-25,2025-04-04,43.1923786813,-77.5122036721,budding,5,304.95076141357526
2025-05-25,2025-04-04,41.3185283333,-78.0846721667,flowering,5,348.9356155395518
2025-05-25,2025-04-04,47.6617366667,-117.43567,flowering,5,347.80451354980585
2025-05-24,2025-04-04,51.3170245491,11.8287297033,flowering,5,339.14978637695424
2025-05-25,2025-04-04,40.5709716667,-79.9763033333,flowering,5,462.76745605468864
2025-05-25,2025-04-04,51.2132914167,-0.8013952667,flowering,5,359.3491699218762
2025-05-05,2025-04-04,38.444117263,-122.7164171859,flowering,5,317.84338684082104
2025-05-25,2025-04-04,48.914685,8.474032,flowering,5,368.5082046508801
2025-05-24,2025-04-04,49.4913588344,-119.5731007313,flowering,5,295.5227371215832
2025-05-24,2025-04-04,48.6154758121,13.1398317611,flowering,5,344.75697174072377
2025-05-24,2025-04-04,41.0859138333,-82.3148883333,flowering,5,417.02027130127055
2025-05-24,2025-04-04,44.9205498997,-93.0109726,flowering,5,345.51957244873154
2025-05-24,2025-04-04,41.9655841358,-86.3714504464,flowering,5,336.8785461425791
2025-05-22,2025-04-04,45.688975,-121.36245,flowering,5,326.5695251464855
2025-05-24,2025-04-04,45.5067194905,15.5439816043,flowering,5,410.0736541748058
2025-05-12,2025-04-04,44.0901971576,10.4649405554,flowering,5,246.1687530517587
2025-05-24,2025-04-04,41.5625664959,14.6575071663,fruiting,5,411.4924224853527
2025-05-23,2025-04-04,43.1925589334,-77.5129152697,budding,5,293.72647705078225
2025-05-23,2025-04-04,43.192446079,-77.5121826604,budding,5,293.72647705078225
2025-05-23,2025-04-04,43.1922431719,-77.5123144933,budding,5,293.72647705078225
2025-05-23,2025-04-04,42.9145783333,-85.6294866667,flowering,5,337.688427734376
2025-05-22,2025-04-04,41.7255193249,-83.6227556119,budding,5,399.0315292358408
2025-04-27,2025-04-04,41.7248864193,12.9952505417,budding,5,169.63725891113336
2025-05-23,2025-04-04,50.3444205572,30.9732712805,flowering,5,324.7484481811533
2025-05-22,2025-04-04,53.2563927977,10.433390066,flowering,5,318.9584014892589
2025-05-22,2025-04-04,41.1663063,-8.5816798997,flowering,5,492.595281982423
2025-05-22,2025-04-04,48.9150733947,8.6704378128,flowering,5,339.91992797851674
2025-05-22,2025-04-04,36.8196428525,128.0204790831,flowering,5,401.8936340332042
2025-05-22,2025-04-04,49.44449778,7.96123336,flowering,5,328.04920806884877
2025-05-22,2025-04-04,49.44439888,7.9615603,flowering,5,328.04920806884877
2025-05-15,2025-04-04,44.7019300633,-123.2144569036,flowering,5,284.5674163818369
2025-05-21,2025-04-04,48.1588278333,13.859625,flowering,5,346.56640777587995
2025-05-21,2025-04-04,46.0461623851,-118.3639549837,flowering,5,397.7070358276378
2025-05-17,2025-04-04,42.4279277778,-123.3471305556,flowering,5,332.86765899658303
2025-05-21,2025-04-04,40.13855,-79.2845083333,flowering,5,368.60820312500095
2025-03-28,2025-04-04,51.3904211781,12.2662653856,fruiting,5,1.8417449951172102
2025-05-20,2025-04-04,45.3396524735,-118.0800911639,flowering,5,186.43688049316506
2025-05-19,2025-04-04,35.0843695,126.1197805,flowering,5,
2025-05-20,2025-04-04,50.129075,14.36717,flowering,5,308.95982360839946
2025-05-20,2025-04-04,49.602495,6.1253733333,flowering,5,304.5377532958995
2025-05-20,2025-04-04,42.790833854,-1.616105698,flowering,5,328.3577224731456
2025-05-17,2025-04-04,40.6970305544,-79.6396693182,flowering,5,393.86371917724705
2025-05-19,2025-04-04,44.0721619722,-122.966103,flowering,5,313.1502395629893
2025-05-17,2025-04-04,45.6624716667,-121.0357583333,flowering,5,323.2828659057627
2025-05-17,2025-04-04,39.4866333333,-119.71073,flowering,5,316.59013061523535
2025-05-18,2025-04-04,39.5786743164,-119.1213684082,flowering,5,425.6559448242198
2025-05-18,2025-04-04,41.7357193878,-72.7985359356,flowering,5,375.47495422363374
2025-05-16,2025-04-04,53.1526546739,8.2192067314,flowering,5,272.6554977417002
2025-05-18,2025-04-04,45.686469,8.9498643997,budding,5,395.1488647460948
2025-05-17,2025-04-04,41.900300024,-72.6803483602,flowering,5,359.4617691040048
2025-05-17,2025-04-04,45.7098999023,-121.4566040039,flowering,5,304.1258605957041
2025-05-16,2025-04-04,45.5356046185,-122.4933879265,flowering,5,328.5601623535166
2025-05-17,2025-04-04,46.764572731,-2.0258231175,flowering,5,408.63111724853616
2025-05-17,2025-04-04,45.7591083333,11.7235416667,flowering,5,272.6161392211924
2025-05-17,2025-04-04,52.8233000843,11.4384208247,flowering,5,312.4102828979502
2025-05-17,2025-04-04,36.062154,120.333637,flowering,5,404.20411529541116
2025-05-17,2025-04-04,41.3126221208,-8.0171758685,flowering,5,314.0765823364268
2025-05-16,2025-04-04,47.8273721129,1.9123052367,flowering,5,369.77047424316504
2025-05-16,2025-04-04,41.9893,-71.5273133333,budding,5,334.0902450561532
2025-05-16,2025-04-04,45.56427194,-122.69877941,flowering,5,346.23126678466895
2025-05-16,2025-04-04,40.1373274,-79.89263419,flowering,5,406.0895858764658
2025-05-16,2025-04-04,42.2089677724,-73.8742139005,flowering,5,317.90605468750084
2025-05-16,2025-04-04,46.0437768441,-118.4643638134,flowering,5,371.82543640136817
2025-05-11,2025-04-04,38.71875723,-9.14138421,flowering,5,424.9754455566415
2025-05-16,2025-04-04,41.0143623352,28.9627475739,flowering,5,305.11191253662207
2025-05-16,2025-04-04,36.33931892,137.9100682867,flowering,5,251.734503173829
2025-05-15,2025-04-04,49.0793983,-119.5227055997,flowering,5,229.71946258545017
2025-05-15,2025-04-04,44.0063919707,-123.0325937561,flowering,5,290.08835144043064
2025-05-15,2025-04-04,48.3641319722,15.638861,flowering,5,267.5895690917978
2025-04-17,2025-04-04,36.43935,-115.3597916667,flowering,5,206.82756652832063
2025-04-17,2025-04-04,36.43935,-115.3597916667,flowering,5,206.82756652832063
2025-04-17,2025-04-04,36.4388638889,-115.3600833333,flowering,5,206.82756652832063
2025-05-15,2025-04-04,46.0770738023,-118.2544174303,flowering,5,331.5718566894541
2025-05-13,2025-04-04,46.9933588564,15.7734183697,flowering,5,277.2130172729501
2025-05-15,2025-04-04,42.388,-71.0774083333,flowering,5,310.8726974487313
2025-05-15,2025-04-04,41.1080471667,29.0560778333,flowering,5,297.72655792236424
2025-05-14,2025-04-04,39.0443411636,-84.4588137914,flowering,5,409.6605758667001
2025-05-14,2025-04-04,40.415755,-80.0035638833,flowering,5,364.0450195312509
2025-05-14,2025-04-04,52.4257992,13.5457604,flowering,5,288.23651123046966
2025-05-14,2025-04-04,46.0768,-118.2546916667,flowering,5,323.96982727050874
2025-05-13,2025-04-04,42.0775813,13.9084746,flowering,5,238.94182281494227
2025-05-12,2025-04-04,46.3044566422,-1.3020481914,flowering,5,
2025-05-01,2025-04-04,41.14465,-7.7410666667,flowering,5,209.7199600219733
2025-05-14,2025-04-04,44.0235557751,-123.0075806391,flowering,5,284.5400329589853
2025-05-14,2025-04-04,41.1389333333,29.0305,flowering,5,289.6685272216806
2025-05-14,2025-04-04,39.8220946128,-104.8648965732,fruiting,5,270.4435455322274
2025-05-13,2025-04-04,48.0337449418,17.199267062,flowering,5,328.70802764892665
2025-05-08,2025-04-04,45.6844888997,-121.3950387,flowering,5,229.08758544921955
2025-05-13,2025-04-04,43.1228706879,-77.5794114245,budding,5,253.61363220214923
2025-05-13,2025-04-04,39.0312576294,-84.5942153931,flowering,5,389.2399032592782
2025-05-02,2025-04-04,38.8937111198,-76.5409095104,flowering,5,
2025-05-13,2025-04-04,43.6420433936,-79.3233486445,fruiting,5,90.54398193359441
2025-05-13,2025-04-04,47.1025346171,15.4264928028,flowering,5,245.79712219238365
2025-05-13,2025-04-04,37.902795,-84.3597633333,flowering,5,429.0589752197275
2025-05-03,2025-04-04,31.084774199,115.7850552513,flowering,5,386.39493560791084
2025-05-12,2025-04-04,40.9344383502,-73.1458218592,flowering,5,303.3291198730477
2025-05-13,2025-04-04,48.1977561511,15.763097629,flowering,5,270.3933380126962
2025-05-13,2025-04-04,36.5687805556,136.6355611111,flowering,5,334.6154479980478
2025-05-12,2025-04-04,40.6185916667,-74.115925,flowering,5,364.95593566894615
2025-05-10,2025-04-04,48.7782086377,2.0999453162,flowering,5,295.34064788818444
2025-05-12,2025-04-04,35.4572916667,133.84485,flowering,5,
2025-05-08,2025-04-04,35.6156294102,139.4329203665,flowering,5,333.543746948243
2025-05-10,2025-04-04,45.5541754874,4.601806663,flowering,5,237.36244506836022
2025-05-11,2025-04-04,39.8537366667,-75.7076333333,flowering,5,368.1575469970711
2025-05-11,2025-04-04,44.4386508034,11.4418822751,flowering,5,353.72436218261805
2025-05-10,2025-04-04,40.608125,-73.9575416667,flowering,5,330.73548889160236
2025-05-11,2025-04-04,38.8795759622,-76.4981434936,flowering,5,
2025-05-11,2025-04-04,42.2440681,14.0186311,flowering,5,234.95292053222738
2025-05-11,2025-04-04,40.4365277778,-74.2781333333,flowering,5,361.16265258789144
2025-05-11,2025-04-04,39.5179205995,-119.8222921982,flowering,5,244.30465087890707
2025-05-11,2025-04-04,44.9316321178,7.6042315364,flowering,5,297.3229873657235
2025-05-11,2025-04-04,45.5814254287,8.0507972091,flowering,5,236.25497131347743
2025-05-11,2025-04-04,35.7278630603,139.3272325971,flowering,5,373.1529891967782
2025-05-11,2025-04-04,45.5188631068,9.6189383993,flowering,5,340.16249542236415
2025-05-10,2025-04-04,51.0175445563,6.9703548029,flowering,5,266.9213058471688
2025-05-10,2025-04-04,47.0429229736,15.4423189163,flowering,5,245.5788284301766
2025-05-10,2025-04-04,42.1309826728,14.3800685182,flowering,5,315.8208343505868
2025-05-10,2025-04-04,42.1309284682,14.380411841,flowering,5,315.8208343505868
2025-05-09,2025-04-04,45.7871383233,15.8785496283,flowering,5,285.0554031372078
2025-05-10,2025-04-04,36.1545766667,120.6178816667,flowering,5,286.5893737792977
2025-05-09,2025-04-04,48.876105,2.263305,flowering,5,299.30135498046957
2025-05-05,2025-04-04,38.2475111111,-75.8300305556,flowering,5,366.6189834594734
2025-05-06,2025-04-04,38.0162916667,-77.9204333333,flowering,5,419.6204650878914
2025-05-03,2025-04-04,33.9570166667,130.9635783333,flowering,5,
2025-05-08,2025-04-04,50.7666389463,4.4498080141,flowering,5,257.4174880981453
2025-05-08,2025-04-04,50.8090314923,4.4001300323,flowering,5,257.4174880981453
2025-05-07,2025-04-04,51.0240633287,3.7441828955,flowering,5,259.0088714599617
2025-05-07,2025-04-04,51.0084836263,3.7726831772,flowering,5,256.8961700439461
2025-05-09,2025-04-04,48.8235644922,8.1899032742,flowering,5,263.34983978271566
2025-05-09,2025-04-04,44.7053560919,8.0371908513,flowering,5,308.92026672363363
2025-05-09,2025-04-04,43.8245849609,5.7946829796,flowering,5,260.623483276368
2025-05-08,2025-04-04,39.0057177925,-94.5273022726,flowering,5,367.27108764648517
2025-05-08,2025-04-04,40.0239195,-75.34343,flowering,5,341.28213806152417
2025-05-06,2025-04-04,39.0343427169,-84.3709599227,flowering,5,315.1036865234382
2025-05-08,2025-04-04,39.1777168852,-86.5747936009,flowering,5,320.8328979492195
2025-05-08,2025-04-04,50.9522916667,5.9968777778,flowering,5,247.19918060302814
2025-05-08,2025-04-04,47.008175,-1.8190383333,flowering,5,309.59066772461017
2025-05-05,2025-04-04,35.6873721908,139.5244980743,flowering,5,305.77427215576245
2025-05-08,2025-04-04,49.3557503661,8.6215353995,flowering,5,262.06124114990314
2025-05-08,2025-04-04,40.1935254993,-8.4556411207,flowering,5,346.35172271728595
2025-05-03,2025-04-04,47.7286111111,17.5973055556,flowering,5,263.97214202880923
2025-05-07,2025-04-04,36.5112533333,-4.8835233333,flowering,5,391.2317413330086
2025-05-07,2025-04-04,45.564725,-122.69777,flowering,5,267.9114746093758
2025-05-06,2025-04-04,40.2339361111,-74.9927641667,flowering,5,304.68228912353584
2025-05-07,2025-04-04,45.8236392075,15.9689769521,flowering,5,277.19646759033276
2025-05-07,2025-04-04,34.90215353,135.22094716,flowering,5,289.7951492309578
2025-05-03,2025-04-04,38.2782488834,-76.569559199,flowering,5,342.02374267578193
2025-05-06,2025-04-04,39.9252759733,-76.38291284,flowering,5,306.8333984375007
2025-05-06,2025-04-04,42.3437770641,3.1248850843,flowering,5,320.5427597045906
2025-05-06,2025-04-04,50.4124849722,30.5657229722,fruiting,5,207.82040557861387
2025-05-06,2025-04-04,38.9017809266,-94.3198431283,flowering,5,333.0442932128914
2025-05-06,2025-04-04,38.889944096,-94.2441008985,flowering,5,333.9073837280281
2025-05-06,2025-04-04,47.9225730169,16.7621574551,flowering,5,277.7527862548835
2025-05-03,2025-04-04,38.6257033333,-76.67571,flowering,5,336.8119888305671
2025-05-05,2025-04-04,42.08399785,14.3207523,flowering,5,231.1431655883796
2025-05-03,2025-04-04,46.4572992328,6.8568237042,flowering,5,137.71222534179753
2025-05-04,2025-04-04,-36.0585972222,146.9847361111,fruiting,5,383.10315856933664
2025-05-04,2025-04-04,39.9463,-75.2035966667,flowering,5,292.21140136718816
2025-05-03,2025-04-04,38.3001809244,-83.3842015359,flowering,5,307.5458129882819
2025-04-29,2025-04-04,33.5534533333,-117.76712,flowering,5,267.82696685791075
2025-04-29,2025-04-04,33.5532283333,-117.7679283333,flowering,5,267.82696685791075
2025-05-04,2025-04-04,45.9831415024,15.2959268913,fruiting,5,223.88126068115298
2025-05-04,2025-04-04,40.8519055556,-74.0056333333,flowering,5,247.05339508056704
2025-05-04,2025-04-04,36.3379632655,120.7068156993,flowering,5,
2025-04-27,2025-04-04,34.5616321647,-118.4893906665,flowering,5,237.21196594238336
2025-04-28,2025-04-04,37.8001448151,-122.2618491956,flowering,5,
2025-05-03,2025-04-04,38.7586729565,-93.7752944828,flowering,5,312.69415283203193
2025-05-01,2025-04-04,39.0124638833,-77.3533633333,flowering,5,283.9717208862311
2025-04-27,2025-04-04,40.5993958149,-122.4924873715,flowering,5,249.58119812011773
2025-05-02,2025-04-04,42.0775813,13.9084746,flowering,5,158.3745605468756
2025-05-03,2025-04-04,40.12115552,-8.49064828,flowering,5,287.5384521484382
2025-05-03,2025-04-04,34.7813716667,135.374405,flowering,5,296.71571350097724
2025-05-03,2025-04-04,36.161232384,120.502622053,flowering,5,239.26737213134834
2025-05-03,2025-04-04,35.6091578357,139.5564176993,flowering,5,301.5439300537116
2025-05-02,2025-04-04,39.0338604102,-77.2473554654,flowering,5,304.22929229736394
2025-05-02,2025-04-04,37.9163970947,-85.6876296997,flowering,5,322.7819198608405
2025-05-02,2025-04-04,38.9164902234,-77.1402141656,flowering,5,307.3376831054694
2025-05-01,2025-04-04,36.9989853034,-122.0014275517,flowering,5,206.48244934082095
2025-04-27,2025-04-04,33.8883984,-84.4461986,flowering,5,313.3115600585943
2025-05-01,2025-04-04,38.6834587302,-75.9527402854,flowering,5,292.80178527832095
2025-05-01,2025-04-04,38.2681249687,-122.6273863111,flowering,5,259.601719665528
2025-04-25,2025-04-04,37.0713227408,-118.2485103297,flowering,5,147.54647979736376
2025-05-01,2025-04-04,46.1552842653,3.4104565904,flowering,5,211.44412689209048
2025-05-01,2025-04-04,43.5721484,1.4406636,flowering,5,258.66950683593814
2025-05-01,2025-04-04,45.442305,9.1325111667,flowering,5,264.51420288086
2025-05-01,2025-04-04,45.4918045,9.4444016,flowering,5,241.01137237548892
2025-04-26,2025-04-04,37.3808361111,-118.4046777778,flowering,5,202.92583160400443
2025-04-29,2025-04-04,39.0531244172,-77.0402547607,flowering,5,242.52479553222713
2025-04-30,2025-04-04,38.913495,-76.9447116667,flowering,5,275.6617691040045
2025-04-30,2025-04-04,39.9488866667,-75.198045,flowering,5,226.0523818969732
2025-04-30,2025-04-04,38.8787868302,-77.2106807886,flowering,5,273.2745086669928
2025-04-30,2025-04-04,45.7637113055,11.7410259694,flowering,5,143.86100158691465
2025-04-27,2025-04-04,37.5960336703,-77.4743720445,flowering,5,282.8029006958013
2025-04-26,2025-04-04,38.9524914069,-76.9993801799,flowering,5,217.96593017578175
2025-04-30,2025-04-04,38.2253116667,-85.5175333333,flowering,5,275.81698150634827
2025-04-30,2025-04-04,47.0601654053,15.4731044769,fruiting,5,156.92117767334037
2025-04-30,2025-04-04,36.1622047422,120.4986572264,budding,5,211.51534576416077
2025-04-29,2025-04-04,37.554485,-84.2413433333,flowering,5,268.7632614135748
2025-04-29,2025-04-04,39.0471058559,-76.4564135671,flowering,5,
2025-04-27,2025-04-04,49.4982970868,6.3560443979,fruiting,5,125.69677581787164
2025-04-28,2025-04-04,46.6969439327,15.9572845184,budding,5,190.4942062377935
2025-04-28,2025-04-04,43.3473820338,-1.5184233338,flowering,5,190.28564453125057
2025-04-28,2025-04-04,37.565395,-122.0667805,flowering,5,
2025-04-28,2025-04-04,38.1143111667,-85.71443,flowering,5,246.77561187744197
2025-04-28,2025-04-04,40.5924,-122.4033944444,flowering,5,280.21655273437557
2025-04-28,2025-04-04,38.7452539528,-77.2040169686,flowering,5,253.53259277343807
2025-04-25,2025-04-04,37.2089883333,-112.9784866667,flowering,5,169.89594268798874
2025-04-28,2025-04-04,38.17997545,-85.55405099,flowering,5,237.5842361450201
2025-04-24,2025-04-04,42.2007352395,14.2295386132,flowering,5,111.63528289794965
2025-04-28,2025-04-04,38.152392721,-122.5710599041,flowering,5,213.40963745117244
2025-04-28,2025-04-04,38.9361283333,-76.6763383333,flowering,5,241.9526901245123
2025-04-26,2025-04-04,50.5695979722,30.221965,fruiting,5,134.91330108642615
2025-04-28,2025-04-04,38.15561766,-85.7922463,flowering,5,239.81726074218807
2025-04-27,2025-04-04,38.893175,-77.0836055556,flowering,5,229.9353393554693
2025-04-26,2025-04-04,37.20428,-112.9810866667,flowering,5,178.74283752441454
2025-04-28,2025-04-04,39.0039166667,-76.8911222222,flowering,5,234.12264099121148
2025-04-28,2025-04-04,35.1729166667,-93.6265866667,flowering,5,317.9595108032232
2025-04-23,2025-04-04,45.4152480556,-71.8972786268,fruiting,5,28.822973632812705
2025-04-26,2025-04-04,46.1297482511,7.0908855793,flowering,5,8.665333557129088
2025-04-28,2025-04-04,44.9162516667,8.1079783333,flowering,5,226.5409011840826
2025-04-27,2025-04-04,37.9561608314,-121.8649406304,fruiting,5,248.24960174560601
2025-04-27,2025-04-04,38.0019388833,-122.6074216667,flowering,5,185.8495239257818
2025-04-27,2025-04-04,38.0849892997,-85.7761459,flowering,5,234.57256164550836
2025-04-27,2025-04-04,36.0764555,-94.1377528333,flowering,5,268.3609359741216
2025-04-27,2025-04-04,40.4943194247,-122.4648381284,flowering,5,254.5901473999029
2025-04-27,2025-04-04,37.1398068918,-76.726536071,flowering,5,292.00942840576226
2025-04-27,2025-04-04,42.9454716667,-81.1301195,budding,5,91.07060394287146
2025-04-27,2025-04-04,38.8663910346,-77.2844410279,flowering,5,230.10101928710992
2025-04-27,2025-04-04,38.9153833333,-121.0241861667,flowering,5,238.70245971679742
2025-04-27,2025-04-04,38.9866352818,-76.8150125071,flowering,5,226.67538299560601
2025-04-27,2025-04-04,38.61677,-9.045226,flowering,5,257.3685440063482
2025-04-27,2025-04-04,45.795169876,15.8344961719,budding,5,173.58047943115287
2025-04-27,2025-04-04,40.5920864056,-122.4087864032,flowering,5,268.97511901855523
2025-04-27,2025-04-04,35.4250716028,-82.4961225086,flowering,5,242.15053405761773
2025-04-14,2025-04-04,34.6241066029,-86.6484570587,flowering,5,121.48032531738306
2025-04-26,2025-04-04,35.6459108175,139.4548675418,flowering,5,215.10108642578177
2025-04-27,2025-04-04,45.5687399997,11.4670547,flowering,5,195.59657897949273
2025-04-26,2025-04-04,35.118,-106.6579533333,flowering,5,239.34275512695365
2025-04-26,2025-04-04,36.6482284333,-85.2886542091,flowering,5,264.20386199951224
2025-04-26,2025-04-04,38.5707469722,-78.1908779722,flowering,5,219.05670471191456
2025-04-26,2025-04-04,38.1598247775,-79.0621864455,flowering,5,216.4720886230474
2025-04-26,2025-04-04,35.9622632,-81.1203671,flowering,5,257.3379562377935
2025-04-25,2025-04-04,38.9678083333,-77.1395333333,flowering,5,203.57054443359425
2025-04-26,2025-04-04,35.0011523073,-82.3685106588,flowering,5,286.666691589356
2025-04-26,2025-04-04,38.9214133333,-77.39733,flowering,5,223.40772705078177
2025-04-26,2025-04-04,46.9443169623,16.0801771584,fruiting,5,161.5582061767583
2025-04-26,2025-04-04,38.39848259,-76.5065281279,flowering,5,228.05347137451224
2025-04-23,2025-04-04,36.7279853821,-118.1489334106,flowering,5,204.25289916992233
2025-04-24,2025-04-04,38.9274466667,-77.2027366667,flowering,5,194.16994628906298
2025-04-26,2025-04-04,36.3578092045,120.7077315167,flowering,5,
2025-04-26,2025-04-04,36.9193202,-86.4392492,flowering,5,260.571362304688
2025-04-24,2025-04-04,37.7863990143,-87.2025709973,flowering,5,215.5319381713872
2025-04-25,2025-04-04,36.0017487534,-94.1346087664,flowering,5,239.13488922119188
2025-04-25,2025-04-04,34.215155,-118.2567283333,flowering,5,255.95780487060597
2025-04-25,2025-04-04,37.5065268341,-94.5704881847,flowering,5,242.02440185546925
2025-04-24,2025-04-04,40.6659456212,-122.640293017,flowering,5,178.37993011474657
2025-04-25,2025-04-04,40.6482529218,-122.6287937164,flowering,5,200.32488555908253
2025-04-25,2025-04-04,43.1814598906,-77.509990882,fruiting,5,77.82099304199255
2025-04-25,2025-04-04,38.8035216776,-120.892635333,flowering,5,217.95138092041066
2025-04-25,2025-04-04,38.7880138889,-77.3040055556,budding,5,211.7836410522466
2025-04-25,2025-04-04,38.54745076,-90.4947414,flowering,5,214.7452423095708
2025-04-25,2025-04-04,34.84605,-85.4904527778,flowering,5,257.7840606689458
2025-04-25,2025-04-04,38.9824840435,-77.4850935562,flowering,5,205.20173950195363
2025-04-17,2025-04-04,35.8720475,-97.4241315,flowering,5,158.18435516357454
2025-04-25,2025-04-04,37.89168,-121.9932333333,flowering,5,214.3684799194341
2025-04-25,2025-04-04,38.149445,-85.7777172,flowering,5,214.37203521728566
2025-04-25,2025-04-04,38.8051079722,-77.11557,flowering,5,212.62608642578175
2025-04-25,2025-04-04,38.9553260173,-77.0489277322,flowering,5,203.57054443359425
2025-04-24,2025-04-04,38.6654966667,-121.0976028333,flowering,5,228.63861236572313
2025-04-24,2025-04-04,38.4542028829,-75.7558712467,flowering,5,199.22852478027391
2025-04-17,2025-04-04,42.805065,-1.6956683333,budding,5,93.35969390869172
2025-04-10,2025-04-04,33.7190789793,-82.0426409014,flowering,5,105.74281616210953
2025-04-24,2025-04-04,35.6563647173,139.4466205402,flowering,5,192.36462554931688
2025-04-24,2025-04-04,35.6489688315,139.4639560884,flowering,5,196.4651885986333
2025-04-23,2025-04-04,36.12944035,-94.1683697328,flowering,5,210.45808258056684
2025-04-23,2025-04-04,37.763342,-87.4017319722,flowering,5,200.64758300781295
2025-04-23,2025-04-04,36.9519185997,-88.1962998,flowering,5,223.6503067016606
2025-04-23,2025-04-04,44.8173700137,20.5024922267,flowering,5,160.43550567626994
2025-04-22,2025-04-04,40.5766116667,-122.5362083333,flowering,5,203.1075119018559
2025-04-22,2025-04-04,36.62501759,-88.30688307,flowering,5,210.51919403076215
2024-04-28,2024-03-14,36.5653533333,32.1359833333,flowering,5,369.0118270874034
2025-04-22,2025-04-04,34.7492888617,-94.8045845983,flowering,5,223.3761123657231
2025-04-22,2025-04-04,37.5245865373,-77.4726471739,flowering,5,216.33940734863324
2025-04-22,2025-04-04,35.6875193374,-83.5012814257,flowering,5,161.68223419189496
2025-04-22,2025-04-04,37.7368831996,-92.1170127088,flowering,5,174.63704528808637
2025-04-22,2025-04-04,34.1478614807,-117.7246246338,flowering,5,213.40936126709028
2025-04-22,2025-04-04,35.43523984,-81.73031347,flowering,5,226.22320404052778
2025-04-21,2025-04-04,35.1167416667,-106.6457277778,flowering,5,182.6654022216801
2024-06-02,2024-03-14,46.6709938049,-120.7190856934,flowering,5,399.2491088867205
2025-04-21,2025-04-04,35.7772254339,-94.2543166784,flowering,5,182.95001678466838
2025-04-21,2025-04-04,37.3082917889,-83.4223481083,flowering,5,177.36446838378947
2025-04-20,2025-04-04,36.2562866667,-92.2399533333,flowering,5,180.80882568359414
2025-04-20,2025-04-04,34.62892317,-86.48384729,flowering,5,202.49634857177773
2025-04-20,2025-04-04,38.61903,-121.30725,flowering,5,197.00982971191445
2024-05-25,2024-03-14,42.8688866667,-72.5594416667,flowering,5,321.31755218505975
2025-04-19,2025-04-04,36.4391783333,-115.3624116667,flowering,5,223.57968292236365
2025-04-16,2025-04-04,35.854731097,-92.3198350441,flowering,5,116.41587524414092
2025-04-18,2025-04-04,36.1282910997,-94.1467379997,flowering,5,143.25190582275422
2025-04-18,2025-04-04,36.9159736633,-118.2556152344,flowering,5,58.50268249511748
2025-04-15,2025-04-04,33.3341638889,-84.8399888889,flowering,5,140.627543640137
2025-04-16,2025-04-04,41.8763851597,12.4895446748,flowering,5,109.87714080810576
2025-04-15,2025-04-04,42.4066301223,12.0592070371,budding,5,81.69295806884793
2025-04-15,2025-04-04,50.0897305556,14.3967111111,fruiting,5,53.75057220459007
2025-04-14,2025-04-04,35.949775,-83.9409116667,flowering,5,106.55846557617213
2025-04-14,2025-04-04,34.3616917215,-87.1166652726,flowering,5,126.82010040283228
2025-04-13,2025-04-04,38.569675,-121.3667833333,budding,5,115.73159790039085
2025-04-13,2025-04-04,42.2729421454,12.6227024384,budding,5,60.490951538086165
2025-04-12,2025-04-04,48.1144,16.94697,fruiting,5,32.8406097412111
2025-04-12,2025-04-04,34.0117903317,-117.1058920713,flowering,5,117.03318634033224
2025-04-11,2025-04-04,34.7780083333,-82.3587333333,flowering,5,93.13881378173846
2025-04-09,2025-04-04,50.0967611111,14.3523472222,fruiting,5,11.416555786132903
2025-04-09,2025-04-04,42.9510794494,-81.2201817534,fruiting,5,4.1514465332031705
2025-04-06,2025-04-04,34.1504422468,-89.6902300229,flowering,5,52.712391662597724
2025-04-05,2025-04-04,38.0091125099,-121.7288439443,flowering,5,18.707263183593795
2025-04-05,2025-04-04,33.8016662598,-118.3803100586,flowering,5,
2025-04-04,2025-04-04,33.6250777,-81.9654128,flowering,5,19.778771972656273
2025-04-04,2025-04-04,34.918775,-80.2531366667,budding,5,20.013520812988304
2025-03-08,2025-04-04,47.4292996913,-122.4517740002,fruiting,5,2.8048797607422102
2024-11-01,2024-03-14,50.1057294246,8.6275992012,fruiting,5,2448.313333129875
2025-03-28,2025-04-04,45.3850283333,-75.7014616667,fruiting,5,0.0
2025-03-27,2025-04-04,45.5098302925,-73.4409652194,fruiting,5,0.0
2025-03-26,2025-04-04,38.8503424516,-79.487235177,fruiting,5,0.0
2025-03-23,2025-04-04,43.0406528333,-81.2161866667,fruiting,5,0.0
2025-03-23,2025-04-04,50.5546059722,30.192862,fruiting,5,2.0607467651367415
2025-03-23,2025-04-04,50.559302,30.190784,fruiting,5,2.0607467651367415
2025-03-22,2025-04-04,45.4136534088,-72.7062382928,fruiting,5,0.0
2025-03-22,2025-04-04,41.86215195,-71.4391911,fruiting,5,2.527131652832054
2025-03-18,2025-04-04,42.1074722222,-78.746225,fruiting,5,0.37282714843752274
2025-03-18,2025-04-04,44.3114709948,11.2185992953,fruiting,5,0.0
2025-03-17,2025-04-04,43.1811021768,-77.5102806176,fruiting,5,1.3422790527343977
2025-03-14,2025-04-04,45.1920083333,-67.277405,fruiting,5,0.0
2025-03-12,2025-04-04,44.3535698803,-79.7206260636,fruiting,5,0.0
2025-03-09,2025-04-04,43.683195,-79.764253,fruiting,5,0.0
2025-03-09,2025-04-04,43.2376604528,-77.5208318603,fruiting,5,0.0
2025-03-09,2025-04-04,43.1490133564,-77.6128201578,fruiting,5,0.0
2025-03-01,2025-04-04,43.1923929706,-77.5123309669,fruiting,5,0.0
2025-03-01,2025-04-04,42.3620919541,-71.2595240743,fruiting,5,1.2366424560547102
2025-03-01,2025-04-04,45.6556583333,9.5732616667,fruiting,5,0.9954467773437727
2025-02-28,2025-04-04,43.2197834257,-77.4420243701,fruiting,5,0.0
2025-02-26,2025-04-04,44.5344466729,-89.5692283333,fruiting,5,0.0
2025-02-18,2025-04-04,47.2666506,11.3408064,fruiting,5,0.0
2025-02-17,2025-04-04,39.008114979,-77.0075695082,fruiting,5,0.0
2024-05-12,2024-03-14,35.272896904,-0.783306621,fruiting,5,778.8815307617201
2025-02-06,2025-04-04,-43.5057478,172.6811304997,fruiting,5,12.048585510253929
2025-01-24,2025-04-04,47.3885349744,-122.4577215325,fruiting,5,0.0
2025-02-01,2025-04-04,43.1071809503,-79.2475346848,fruiting,5,0.0
2025-01-31,2025-04-04,45.0512021113,39.1759932819,fruiting,5,0.44544372558596024
2024-05-05,2024-03-14,45.1938123041,5.7921395487,flowering,5,173.1336135864267
2024-09-12,2024-03-14,49.7462616532,34.1853779655,fruiting,5,2466.733943176265
2025-01-23,2025-04-04,35.3894466667,-83.5615083333,fruiting,5,0.0
2024-10-06,2024-03-14,50.493131128,30.4971576772,fruiting,5,2662.422111511224
2025-01-20,2025-04-04,42.4608527521,-76.5095557844,fruiting,5,0.0
2025-01-19,2025-04-04,41.8511352,-72.6400918,fruiting,5,0.0
2025-01-19,2025-04-04,40.2748646062,-75.4823201169,fruiting,5,0.0
2025-01-19,2025-04-04,51.9332151662,19.6558190882,fruiting,5,0.0
2025-01-17,2025-04-04,43.8023642819,18.2195693175,fruiting,5,0.0
2025-01-16,2025-04-04,38.9070035405,-79.7126569984,fruiting,5,0.0
2025-01-14,2025-04-04,48.0681833,16.7374693997,fruiting,5,0.0
2025-01-15,2025-04-04,38.97348,-77.0992805,fruiting,5,0.0
2025-01-11,2025-04-04,47.0658237,15.3824257,fruiting,5,0.0
2025-01-11,2025-04-04,43.2038058172,-87.8983288811,fruiting,5,0.0
2025-01-10,2025-04-04,41.6920126997,-71.363578,fruiting,5,0.0
2024-06-18,2024-03-14,48.5826216667,18.00292,fruiting,5,795.0209533691427
2025-01-06,2025-04-04,53.96497,27.5737366667,fruiting,5,0.0
2025-01-05,2025-04-04,41.3522416667,-81.5917805556,fruiting,5,0.0
2025-01-04,2025-04-04,48.0190421641,16.3269978762,fruiting,5,0.0
2025-01-02,2025-04-04,40.0367916667,-74.9793944444,fruiting,5,0.0
2025-01-01,2025-04-04,43.181357461,-77.5102083988,fruiting,5,0.0
2024-12-28,2024-03-14,43.217684115,-77.4444590109,fruiting,5,2829.671063232411
2024-12-28,2024-03-14,44.94162,-93.20752,fruiting,5,2869.5271209716693
2024-12-27,2024-03-14,46.7459719798,-71.2157605826,fruiting,5,2243.0121810913006
2024-12-22,2024-03-14,44.3459858,-78.2864502997,fruiting,5,2555.4342803954987
2024-08-08,2024-03-14,48.169685,17.06673,fruiting,5,1837.0587417602524
2024-12-19,2024-03-14,38.8977632976,-76.4173592494,fruiting,5,
2024-12-18,2024-03-14,43.1928379489,-77.5128289909,fruiting,5,2842.2110626220597
2024-12-18,2024-03-14,45.0512147366,-76.2490848452,fruiting,5,2453.809207153312
2024-12-17,2024-03-14,41.9434583333,-82.5148083333,fruiting,5,3060.8112854003793
2024-12-13,2024-03-14,43.2449690944,-79.7383657451,fruiting,5,2819.8483551025283
2024-12-14,2024-03-14,43.2384535004,-77.5213060729,fruiting,5,2840.153161621083
2024-12-14,2024-03-14,43.2382922579,-77.5213721278,fruiting,5,2840.153161621083
2024-04-29,2024-03-14,44.6530861111,10.8973083333,flowering,5,382.27800292968857
2024-12-07,2024-03-14,41.014938,-74.7479714,fruiting,5,3051.45178375243
2024-12-03,2024-03-14,45.67707018,13.86429026,fruiting,5,2991.8980361938366
2024-10-13,2024-03-14,48.507325,17.019125,fruiting,5,2783.821321105949
2024-09-15,2024-03-14,56.7173881389,38.8306731944,fruiting,5,1741.5554336547825
2024-11-19,2024-03-14,52.919784544,26.4071929508,fruiting,5,2406.0586212158123
2024-11-17,2024-03-14,43.2177564829,-77.4414127274,fruiting,5,2802.016101074209
2024-11-14,2024-03-14,43.2384188198,-77.5210503123,fruiting,5,2806.4306320190335
2024-11-14,2024-03-14,43.2381607656,-77.5210483126,fruiting,5,2806.4306320190335
2024-10-26,2024-03-14,44.7420268553,-123.1344279182,fruiting,5,2505.7822891235282
2024-11-11,2024-03-14,43.2029048597,-77.4843729947,fruiting,5,2803.3514358520415
2024-11-10,2024-03-14,43.1810422829,-77.5103441663,fruiting,5,2796.5483947753814
2024-11-09,2024-03-14,47.5778388889,-117.6924277778,fruiting,5,2511.3395156860283
2024-11-07,2024-03-14,42.2476083333,-83.6246416667,fruiting,5,2960.2428283691306
2024-10-01,2024-03-14,44.9937366667,39.080965,fruiting,5,3326.616404724113
2024-11-05,2024-03-14,43.5576631498,18.4742137553,fruiting,5,2090.76915893554
2024-10-30,2024-03-14,43.2373193232,-77.5227395894,fruiting,5,2713.1484298705973
2024-10-30,2024-03-14,43.2386867261,-77.5207636475,fruiting,5,2713.1484298705973
2024-10-27,2024-03-14,-37.70921358,176.11793236,flowering,5,1725.1208160400329
2024-10-26,2024-03-14,43.2383171906,-77.5210626536,fruiting,5,2684.794648742668
2024-10-26,2024-03-14,43.2382617687,-77.5212324218,fruiting,5,2684.794648742668
2024-09-11,2024-03-14,45.2889389894,37.3589137682,fruiting,5,2877.3083831787053
2024-10-23,2024-03-14,38.512825,-78.4341583333,fruiting,5,2902.680194091788
2024-10-26,2024-03-14,39.3473181207,-8.5287728906,fruiting,5,3488.491862487782
2024-10-24,2024-03-14,-34.0338637569,23.0150196609,flowering,5,2320.3308334350477
2024-10-25,2024-03-14,43.1922346892,-77.5126954215,fruiting,5,2679.1148071288985
2024-10-26,2024-03-14,-41.0815447,175.46420823,flowering,5,1328.1506790161134
2024-10-19,2024-03-14,-35.2798138889,149.1429888889,flowering,5,1119.6457336425815
2024-10-07,2024-03-14,42.7324561843,12.7410554994,fruiting,5,2827.002888488763
2024-10-07,2024-03-14,42.6469353,12.7303952,fruiting,5,2855.3519714355402
2024-10-16,2024-03-14,45.4405800997,-121.163869,fruiting,5,2253.5708358764596
2024-09-29,2024-03-14,44.36079606,7.44610736,flowering,5,2196.026359558101
2024-10-13,2024-03-14,51.497209,-0.039902,fruiting,5,2005.7431625366162
2024-10-10,2024-03-14,-33.5680295063,18.7867721098,flowering,5,2013.776895141591
2024-10-05,2024-03-14,50.10606,-119.463676,fruiting,5,1884.2951049804656
2024-07-29,2024-03-14,46.9520408101,16.0735162401,fruiting,5,1596.3068435668943
2024-10-06,2024-03-14,45.6166973933,-73.544214797,fruiting,5,2421.795381164545
2024-10-06,2024-03-14,-32.9347283333,150.6119083333,flowering,5,1687.3375885009714
2024-10-05,2024-03-14,43.2380345311,-77.5219651683,fruiting,5,2525.291275024408
2024-10-05,2024-03-14,54.8570944,24.0444272,fruiting,5,2216.101405334467
2024-09-17,2024-03-14,40.6553139218,-73.9972351297,fruiting,5,2674.7998703002872
2024-10-02,2024-03-14,42.2475355997,-83.6245866,fruiting,5,2657.2559570312433
2024-09-25,2024-03-14,52.369948351,24.2799345234,fruiting,5,2327.6084106445264
2024-09-23,2024-03-14,50.18345,-119.3333805556,fruiting,5,2075.9272018432584
2024-06-23,2024-03-14,45.2455120613,37.2763107983,fruiting,5,1171.263697814943
2024-09-22,2024-03-14,-25.7753227,28.2802585997,flowering,5,2185.1218154907137
2024-09-23,2024-03-14,43.2047122314,-77.4837115502,fruiting,5,2366.517239379878
2024-09-23,2024-03-14,42.2461366667,-83.6116166667,fruiting,5,2530.764762878412
2024-09-23,2024-03-14,42.2461143,-83.6117128,fruiting,5,2530.764762878412
2024-09-22,2024-03-14,-26.05433,27.8774033333,budding,5,1906.440403747552
2024-09-22,2024-03-14,-26.0542866667,27.877445,flowering,5,1906.440403747552
2024-09-22,2024-03-14,50.30422,57.165053,fruiting,5,2098.1508911132764
2024-09-21,2024-03-14,45.2933128184,-75.7084296744,fruiting,5,2142.379714965816
2024-09-20,2024-03-14,38.6189567113,-121.3072820753,fruiting,5,3312.692987060539
2024-09-18,2024-03-14,54.221415,24.57725,fruiting,5,2057.304597473141
2024-08-25,2024-03-14,43.5562084522,39.7925366887,fruiting,5,2138.9932693481414
2024-09-12,2024-03-14,48.4703356534,22.3572377488,fruiting,5,2455.199861145015
2024-09-10,2024-03-14,43.5684273655,-70.3587626194,fruiting,5,1963.939605712888
2024-09-12,2024-03-14,44.7632716667,20.4136916667,fruiting,5,3029.3512847900324
2024-09-12,2024-03-14,45.1118481177,-93.0504460558,fruiting,5,2152.298684692379
2024-09-10,2024-03-14,45.5853006728,-73.5298345238,fruiting,5,2081.8207473754846
2024-09-08,2024-03-14,43.8711810493,-79.4896298647,fruiting,5,1952.8814147949188
2024-09-04,2024-03-14,41.5451695,1.8913371,fruiting,5,2481.5955276489212
2024-09-03,2024-03-14,37.5591166667,-77.945375,fruiting,5,2899.623724365228
2024-09-02,2024-03-14,45.5597383676,-73.2079228386,fruiting,5,1937.6541320800752
2024-08-01,2024-03-14,36.2830009991,-121.8146967086,fruiting,5,1279.5365921020516
2024-08-26,2024-03-14,52.3121541675,20.9537162259,fruiting,5,1986.975183105466
2024-08-25,2024-03-14,36.212212782,120.5930140552,fruiting,5,2301.4111846923797
2024-08-21,2024-03-14,44.39338689,-89.82537229,fruiting,5,1743.612667846678
2024-08-20,2024-03-14,36.7263404376,-3.5790760141,flowering,5,
2024-06-26,2024-03-14,43.8471956234,6.2227874702,flowering,5,749.2164245605492
2024-08-08,2024-03-14,47.1147454215,13.1368663162,fruiting,5,464.4642868042009
2024-08-08,2024-03-14,40.4592895508,-78.4097824097,fruiting,5,1710.1973388671863
2024-08-04,2024-03-14,45.5756445644,-73.2592901587,fruiting,5,1522.2248947143553
2024-07-31,2024-03-14,49.1424878407,20.7947447151,flowering,5,1128.748777770998
2024-07-27,2024-03-14,37.3715444444,-77.3635861111,fruiting,5,2142.189424133298
2024-07-24,2024-03-14,48.86351208,16.76034807,fruiting,5,1494.4101257324219
2024-07-16,2024-03-14,35.7963071,-105.8011674,flowering,5,774.3241455078146
2024-07-18,2024-03-14,38.9711288503,-77.3856419139,fruiting,5,1792.157667541503
2024-07-15,2024-03-14,44.85999977,-93.37502006,fruiting,5,1235.0832672119154
2024-07-13,2024-03-14,38.6395078698,-79.3320138998,fruiting,5,1332.7728408813482
2024-05-19,2024-03-14,50.0572083337,7.7648998894,flowering,5,362.8512222290053
2024-07-05,2024-03-14,50.9115219722,24.445232,fruiting,5,1059.9710968017598
2024-07-08,2024-03-14,37.14726214,-76.7174517,fruiting,5,1749.551104736327
2024-07-07,2024-03-14,45.2357724014,37.2745734152,fruiting,5,1460.1025711059574
2024-07-03,2024-03-14,36.1614055556,120.6229444444,fruiting,5,1178.8036437988299
2024-07-03,2024-03-14,42.806007385,13.9065790175,flowering,5,
2024-06-30,2024-03-14,41.5350190158,1.8910796079,fruiting,5,1193.3014968872085
2024-06-30,2024-03-14,41.5350190158,1.8910796079,fruiting,5,1193.3014968872085
2024-04-26,2024-03-14,37.9167103256,-85.6572188717,flowering,5,363.1424194335947
2024-06-09,2024-03-14,41.859348,-69.953201,budding,5,
2024-04-21,2024-03-14,36.0258402884,-97.076248791,flowering,5,418.45385437011805
2024-06-18,2024-03-14,38.5710301542,-121.5409628876,fruiting,5,1327.044932556153
2024-06-17,2024-03-14,44.4410694444,11.3751944444,fruiting,5,1011.9349380493186
2024-06-24,2024-03-14,45.2673975739,11.9982112572,fruiting,5,1187.236157226564
2024-06-17,2024-03-14,44.4447266667,11.3740416667,fruiting,5,1011.9349380493186
2024-05-10,2024-03-14,47.2723553428,9.5785303184,flowering,5,201.42249145507913
2024-05-10,2024-03-14,47.2724426987,9.5785946914,flowering,5,201.42249145507913
2024-06-20,2024-03-14,50.7822216667,-119.33445,flowering,5,527.8446441650411
2024-05-27,2024-03-14,35.45243,-83.09295,flowering,5,594.5978851318375
2024-04-14,2024-03-14,34.6486917409,-85.391625613,flowering,5,279.84136505127026
2024-06-16,2024-03-14,44.90435717,-93.15364219,fruiting,5,737.2978897094744
2024-06-15,2024-03-14,49.9132778858,-119.4929523022,flowering,5,562.612306213381
2024-06-15,2024-03-14,44.5345479251,-89.5697160065,flowering,5,662.4381362915055
2024-06-15,2024-03-14,47.5510366667,-123.0387583333,flowering,5,499.02778472900604
2024-06-13,2024-03-14,49.23706166,-122.80507785,flowering,5,521.2987777709982
2024-06-12,2024-03-14,44.3377059316,-72.281859798,flowering,5,437.7426910400404
2024-04-29,2024-03-14,38.2396383333,-85.504295,flowering,5,389.73436431884863
2024-06-12,2024-03-14,49.1857026289,-122.5413855538,flowering,5,442.04889373779497
2024-04-24,2024-03-14,44.9958599622,7.4571490636,flowering,5,231.72347412109468
2024-06-10,2024-03-14,49.3189109722,-123.02284,flowering,5,449.0304153442403
2024-06-10,2024-03-14,44.21093,-71.7878633333,flowering,5,408.1862930297864
2024-05-25,2024-03-14,47.7057467199,-122.363112997,flowering,5,408.23549346923994
2024-06-10,2024-03-14,47.762909,16.779907,flowering,5,871.6396911621114
2024-06-10,2024-03-14,44.4940599692,-89.5746425539,flowering,5,591.4599639892593
2024-06-09,2024-03-14,34.9162533333,-80.2301166667,fruiting,5,1251.8874481201178
2024-04-28,2024-03-14,37.5541493018,-84.2419728265,flowering,5,380.0362426757822
2024-06-09,2024-03-14,43.6439552688,-79.3214798095,flowering,5,415.9132598876969
2024-04-16,2024-03-14,35.1169805,-85.1977916667,flowering,5,310.99244537353593
2024-05-22,2024-03-14,50.544457,30.1312269722,flowering,5,410.46531372070456
2024-05-22,2024-03-14,50.5460059722,30.1160969722,flowering,5,410.46531372070456
2024-05-22,2024-03-14,50.550927,30.115448,flowering,5,401.24675445556784
2024-05-22,2024-03-14,50.5517899722,30.1203849722,flowering,5,401.24675445556784
2024-05-22,2024-03-14,50.5513229722,30.121088,flowering,5,401.24675445556784
2024-05-22,2024-03-14,50.5513479722,30.1212839722,fruiting,5,401.24675445556784
2024-06-08,2024-03-14,53.920558,27.612514,fruiting,5,525.8905868530289
2024-06-08,2024-03-14,41.6684283333,-70.2185833333,flowering,5,426.61580505371273
2024-06-07,2024-03-14,49.3266533333,-124.3073883333,flowering,5,452.51325378418164
2024-06-07,2024-03-14,43.9344164,-69.8883110997,flowering,5,417.6358413696304
2024-06-06,2024-03-14,44.7895,-117.8310866667,flowering,5,339.4186340332046
2024-06-06,2024-03-14,47.6179094483,-117.3630148204,flowering,5,473.9572525024432
2024-06-06,2024-03-14,34.1480356,-116.9812376997,flowering,5,703.3701766967791
2024-06-06,2024-03-14,49.1778902812,-122.8310039325,flowering,5,447.3652954101582
2024-06-06,2024-03-14,46.73786782,-117.18274932,flowering,5,429.5968292236345
2024-06-05,2024-03-14,35.72670645,-81.66128511,fruiting,5,960.6545928955097
2024-06-02,2024-03-14,44.0413890016,-72.0795439653,flowering,5,373.40819091797005
2024-05-28,2024-03-14,44.3022805556,-78.3178555556,flowering,5,398.34716186523565
2024-04-19,2024-03-14,38.611886,-121.310789,flowering,5,313.9254791259774
2024-06-02,2024-03-14,38.99693,-77.2517,fruiting,5,829.2556213378924
2024-06-03,2024-03-14,49.306713,-123.0621883997,flowering,5,379.827113342287
2024-06-03,2024-03-14,49.3062402997,-123.0626136997,flowering,5,379.827113342287
2024-06-03,2024-03-14,49.8641519722,-119.5625699722,flowering,5,363.3939788818376
2024-06-03,2024-03-14,44.5172843933,-89.5912475586,flowering,5,499.67245483398574
2024-06-02,2024-03-14,49.2843767938,-119.5195118387,flowering,5,272.41282958984516
2024-06-02,2024-03-14,49.8420483457,-119.4799278725,flowering,5,252.9414321899427
2024-05-12,2024-03-14,36.2222625703,-81.7801435037,flowering,5,405.55550842285277
2024-05-17,2024-03-14,50.76034925,25.9714526944,flowering,5,368.96718139648567
2024-06-01,2024-03-14,45.6824084764,-73.5218811052,flowering,5,443.1581878662123
2024-06-01,2024-03-14,45.1982416667,-92.76922,flowering,5,471.8458450317396
2024-06-01,2024-03-14,45.6836361111,-73.6927555556,flowering,5,437.8220184326185
2024-06-01,2024-03-14,49.1390711,-122.9994382997,flowering,5,427.077926635744
2024-06-01,2024-03-14,49.8466033936,-119.4658660889,flowering,5,245.26739654541143
2024-06-01,2024-03-14,52.852806493,27.1711897953,flowering,5,497.08099975586094
2024-06-01,2024-03-14,49.1990080197,-122.8554921785,flowering,5,413.31333923340026
2024-05-31,2024-03-14,49.3071899414,-123.0637130737,flowering,5,358.58265533447445
2024-05-30,2024-03-14,40.1960966667,-105.2081966667,flowering,5,323.2404983520522
2024-05-31,2024-03-14,43.5720416667,-71.4315633333,flowering,5,329.6026992797864
2024-05-31,2024-03-14,43.8491053571,-72.680891566,flowering,5,337.9298416137707
2024-05-31,2024-03-14,45.1981583333,-92.7694166667,flowering,5,457.4971496582044
2024-05-31,2024-03-14,49.1702156067,-123.9380340576,flowering,5,398.5929702758807
2024-05-30,2024-03-14,49.8424444444,-119.4763805556,flowering,5,229.87569274902467
2024-05-30,2024-03-14,49.8429416667,-119.4722444444,flowering,5,229.87569274902467
2024-05-31,2024-03-14,43.43036739,-80.3169807,flowering,5,457.96107635498186
2024-05-30,2024-03-14,47.62576378,-117.42956868,flowering,5,410.10866241455244
2024-05-30,2024-03-14,45.5462861111,-73.2164277778,flowering,5,421.3607559204114
2024-05-30,2024-03-14,45.5655859721,-73.5391817101,flowering,5,431.29225463867317
2024-05-30,2024-03-14,44.05673694,-123.34904149,flowering,5,468.4613906860369
2024-05-29,2024-03-14,42.32412555,-81.84128474,flowering,5,410.6880081176771
2024-04-08,2024-03-14,33.995833922,-96.3207828152,flowering,5,288.50309143066465
2024-05-29,2024-03-14,41.0872111667,-72.3832116667,flowering,5,
2024-05-28,2024-03-14,49.4914583333,-119.57235,flowering,5,348.56915435791166
2024-05-28,2024-03-14,49.4914472222,-119.5723583333,flowering,5,348.56915435791166
2024-05-29,2024-03-14,52.4999545,23.8660452997,flowering,5,514.494313049318
2024-05-21,2024-03-14,36.8458251481,122.3647177219,flowering,5,
2024-05-28,2024-03-14,45.01295555,-93.352325,flowering,5,443.7009353637708
2024-05-19,2024-03-14,40.5321535694,-3.6685053045,flowering,5,545.4660675048843
2024-05-28,2024-03-14,47.4298655301,-122.1754572666,flowering,5,398.7996765136736
2024-05-28,2024-03-14,49.2065609164,-123.9699853255,flowering,5,327.19178161621267
2024-05-28,2024-03-14,48.4827433276,-2.0052462819,flowering,5,514.5871673584002
2024-05-27,2024-03-14,49.4917222222,-119.5744638889,flowering,5,338.573852539064
2024-05-26,2024-03-14,49.2866883333,-122.7532583333,flowering,5,334.74420623779463
2024-05-27,2024-03-14,47.6231081158,-122.3523575759,flowering,5,
2024-05-27,2024-03-14,42.3241775521,-71.7940178141,flowering,5,406.2457595825209
2024-05-27,2024-03-14,41.1428709722,70.125461,flowering,5,349.7050933837904
2024-05-27,2024-03-14,42.5603866667,-71.29715,flowering,5,413.45876770019674
2024-05-27,2024-03-14,43.6069616667,-115.9527716667,flowering,5,257.3668426513684
2024-05-27,2024-03-14,49.8707099352,-119.4320018963,flowering,5,321.99149932861485
2024-05-27,2024-03-14,45.048439,7.6686720278,flowering,5,546.5540222167986
2024-05-24,2024-03-14,46.9989499124,6.9431803106,flowering,5,337.58357696533335
2024-05-02,2024-03-14,38.9613810203,-77.2593234479,flowering,5,395.6895950317394
2024-05-26,2024-03-14,43.0984142889,-82.1197092472,budding,5,389.95517730713016
2024-05-25,2024-03-14,51.457965,-0.1147751,flowering,5,445.4908264160173
2024-05-18,2024-03-14,46.326573,-0.4653959722,flowering,5,494.45597229004056
2024-05-26,2024-03-14,50.230211,-119.278208,fruiting,5,309.71548614502103
2024-05-01,2024-03-14,43.148545323,-0.1086989615,flowering,5,275.84511108398544
2024-05-25,2024-03-14,45.4432666667,-122.5288166667,flowering,5,430.9244506835954
2024-05-26,2024-03-14,43.1294297312,-77.6331565867,flowering,5,474.81106414795056
2024-05-26,2024-03-14,42.38207,-71.093711,flowering,5,391.93403320312643
2024-05-26,2024-03-14,53.9122576394,27.6105780456,flowering,5,353.85672302246223
2024-05-26,2024-03-14,42.4187616667,13.5456366667,flowering,5,391.9412902832047
2024-05-16,2024-03-14,45.9908222222,24.8662611111,flowering,5,345.45118865966924
2024-05-16,2024-03-14,49.194229,-119.547791,flowering,5,230.11114349365346
2024-05-25,2024-03-14,42.94424,-81.3159133333,flowering,5,452.4160888671888
2024-05-25,2024-03-14,51.7636856721,-0.3573754571,flowering,5,400.80222015381025
2024-05-24,2024-03-14,47.662005,-117.4361116667,flowering,5,353.79676971435697
2024-05-24,2024-03-14,49.8871472222,-119.4884611111,flowering,5,351.6921218872086
2024-05-24,2024-03-14,44.787322998,-93.602432251,flowering,5,422.8655975341809
2024-04-08,2024-03-14,34.170676,-84.1675649722,flowering,5,229.70059356689512
2024-05-21,2024-03-14,52.114075,28.2109833333,flowering,5,368.4781402587904
2024-05-24,2024-03-14,45.0003852844,-93.2766036987,flowering,5,406.6886703491223
2024-05-23,2024-03-14,44.9164616667,-93.1384805,budding,5,394.1765991210949
2024-05-23,2024-03-14,42.3300170898,-72.6354675293,flowering,5,399.6614654541029
2024-05-22,2024-03-14,40.59925,-74.0543361667,flowering,5,515.0682846069351
2024-05-11,2024-03-14,38.6396583333,34.8452416667,flowering,5,338.36445465088
2024-05-22,2024-03-14,50.7107266691,-121.9247173704,flowering,5,136.368814086915
2024-05-22,2024-03-14,36.1646879484,-81.7797152588,flowering,5,515.5620162963882
2024-05-22,2024-03-14,53.1306175335,30.8145804236,budding,5,312.2126098632825
2024-05-21,2024-03-14,52.8741716511,30.0213836838,budding,5,310.07428283691536
2024-05-22,2024-03-14,43.3495309776,5.6039959565,fruiting,5,545.2449798584
2024-05-21,2024-03-14,49.2843383333,-119.5194083333,flowering,5,206.32318878173942
2024-05-19,2024-03-14,42.1069365245,-86.4158855056,flowering,5,406.5123092651379
2024-05-21,2024-03-14,42.20560157,-79.83493849,flowering,5,373.04632873535274
2024-05-21,2024-03-14,43.0065066667,1.1846483333,flowering,5,443.4054382324234
2024-05-18,2024-03-14,46.5523862567,6.5861646023,flowering,5,327.0133728027356
2024-05-18,2024-03-14,46.551290334,6.5853073451,flowering,5,327.0133728027356
2024-05-20,2024-03-14,35.9729416667,-81.9371716667,flowering,5,534.2972625732436
2024-05-16,2024-03-14,41.1076055556,-73.8652944444,budding,5,369.0403915405286
2024-05-20,2024-03-14,49.782774,24.0623183,flowering,5,415.9066757202162
2024-05-20,2024-03-14,49.4807732603,6.0737094113,flowering,5,383.88477478027494
2024-05-20,2024-03-14,41.8561500404,14.2175248079,flowering,5,321.62839508056777
2024-05-19,2024-03-14,50.7792582816,-121.0793332991,flowering,5,179.39914703369243
2024-05-19,2024-03-14,39.189446,-121.079734,flowering,5,537.550170898439
2024-05-19,2024-03-14,35.6953283333,-105.9142083333,flowering,5,261.47400665283317
2024-05-19,2024-03-14,49.55714,11.108372,flowering,5,423.0021301269545
2024-05-17,2024-03-14,50.461938,30.536346,flowering,5,354.1009719848646
2024-05-19,2024-03-14,50.457725,30.395555,flowering,5,376.22685241699355
2024-05-13,2024-03-14,34.1920050024,-118.0886695,flowering,5,537.1758438110365
2024-05-01,2024-03-14,37.9028163189,-84.3597786704,flowering,5,416.26411437988384
2024-05-01,2024-03-14,37.9028163189,-84.3597786704,flowering,5,416.26411437988384
2024-05-18,2024-03-14,36.397575,-81.4069283333,flowering,5,516.9545455932631
2024-05-18,2024-03-14,43.6238959758,-116.2350664941,flowering,5,325.2737472534193
2024-05-18,2024-03-14,52.0832551008,23.7064909196,flowering,5,376.2750961303724
2024-05-09,2024-03-14,45.4730989722,9.4991269722,flowering,5,400.83204193115364
2024-05-18,2024-03-14,42.0194966946,-91.6115740369,flowering,5,452.3296173095715
2024-05-15,2024-03-14,50.412326,30.566249,flowering,5,345.5285736083997
2024-05-09,2024-03-14,52.5096470904,13.2608117671,flowering,5,346.2763580322277
2024-05-17,2024-03-14,34.3231443567,-111.4543290809,flowering,5,483.7625823974623
2024-05-17,2024-03-14,42.9824743101,-81.2572015822,flowering,5,332.1723480224621
2024-04-20,2024-03-14,35.925055,-82.86245,flowering,5,269.597457885743
2024-05-16,2024-03-14,38.9884616183,-79.5313952035,flowering,5,368.42516479492303
2024-05-17,2024-03-14,45.4459057077,4.5073777073,flowering,5,269.1229904174817
2024-04-27,2024-03-14,37.3774066667,-78.7970383333,flowering,5,394.10678863525493
2024-05-17,2024-03-14,51.53375214,46.01908056,flowering,5,327.8756072998058
2024-05-15,2024-03-14,36.6372027778,127.2022194444,flowering,5,515.950624084474
2024-05-17,2024-03-14,48.0947411918,3.4517139195,flowering,5,423.5338973999038
2024-05-16,2024-03-14,39.2087783333,-121.0694666667,flowering,5,494.56809539795063
2024-05-16,2024-03-14,42.4276428223,-123.3440322876,flowering,5,362.19044036865375
2024-05-16,2024-03-14,46.512375,0.1458305,flowering,5,443.7922195434585
2024-05-16,2024-03-14,51.7997087717,19.4855465767,flowering,5,377.62872161865357
2024-05-15,2024-03-14,43.6342588494,-116.2378331804,flowering,5,290.0799636840833
2024-05-15,2024-03-14,34.0213305,-116.9921033333,flowering,5,567.748738098146
2024-05-14,2024-03-14,38.2650996001,-104.6556137078,flowering,5,372.39866485595826
2024-05-14,2024-03-14,45.4827775091,-122.626860364,flowering,5,372.9117462158217
2024-05-14,2024-03-14,52.379091675,23.8273898806,flowering,5,325.36228637695433
2024-05-13,2024-03-14,37.1733503806,-118.3077977676,flowering,5,262.5248184204112
2024-05-13,2024-03-14,37.1697641615,-118.2900940303,flowering,5,262.5248184204112
2024-05-12,2024-03-14,35.527669,-82.961352,flowering,5,416.2085266113294
2024-05-11,2024-03-14,50.423225,30.490794,flowering,5,327.13844604492306
2024-05-11,2024-03-14,38.0133989045,-122.6716421558,flowering,5,433.27417602539197
2024-05-12,2024-03-14,52.5357366667,13.6029783333,flowering,5,374.4327026367199
2024-05-11,2024-03-14,34.687603054,125.4472751251,flowering,5,
2024-05-12,2024-03-14,40.513655,-80.2089216667,flowering,5,428.9392181396496
2024-05-12,2024-03-14,46.1149177972,-0.5015294999,flowering,5,443.974273681642
2024-05-12,2024-03-14,50.08786749,8.66114675,flowering,5,365.04512481689585
2024-05-12,2024-03-14,50.35460475,30.4911194254,flowering,5,329.67239837646605
2024-05-11,2024-03-14,45.8400155947,9.5472552338,flowering,5,302.9812896728529
2024-05-12,2024-03-14,51.8418151729,19.5091109723,flowering,5,341.3811187744152
2024-04-27,2024-03-14,37.6024866667,-77.5020616667,flowering,5,400.67542266845805
2024-04-27,2024-03-14,37.604095,-77.504045,flowering,5,400.67542266845805
2024-05-12,2024-03-14,48.1082559997,15.530392,flowering,5,350.0595138549817
2024-05-12,2024-03-14,50.0153614443,36.1639189677,flowering,5,364.5070083618176
2024-05-10,2024-03-14,37.94622778,-121.84635278,fruiting,5,502.11578063964976
2024-05-11,2024-03-14,38.9325783333,-76.5063466667,flowering,5,
2024-04-27,2024-03-14,37.6024366667,-77.50432,flowering,5,400.67542266845805
2024-05-10,2024-03-14,41.3810565214,-81.5697443419,flowering,5,374.71691436767685
2024-05-11,2024-03-14,45.4717813641,9.3185962737,flowering,5,448.02969207763806
2024-05-11,2024-03-14,39.3044426898,-76.9668937661,flowering,5,471.86969757080203
2024-05-11,2024-03-14,39.437125,-77.1819216667,flowering,5,460.1010589599622
2024-05-09,2024-03-14,35.9181330557,139.2283907533,flowering,5,384.0318756103527
2024-05-10,2024-03-14,43.8477232695,6.0081877559,flowering,5,346.6146133422865
2024-05-09,2024-03-14,46.9095783333,15.215515,flowering,5,236.84840240478616
2024-04-26,2024-03-14,44.7770906303,-77.2215856743,fruiting,5,50.60825958251996
2024-05-07,2024-03-14,39.2171808746,-84.7280811047,flowering,5,486.9563964843761
2024-05-09,2024-03-14,39.23573,-123.1764366667,flowering,5,373.56149444580205
2024-05-09,2024-03-14,43.87739735,-78.93275518,fruiting,5,171.37296142578214
2024-05-09,2024-03-14,42.3010882445,9.1503490135,flowering,5,361.7522537231458
2024-05-09,2024-03-14,45.97473939,4.02604358,flowering,5,319.0515274047864
2024-05-08,2024-03-14,52.5530785997,13.3992038,flowering,5,332.2154052734386
2024-05-06,2024-03-14,39.8643964071,-86.3013666396,flowering,5,405.90143127441513
2024-05-08,2024-03-14,52.5256555556,13.3568972222,flowering,5,334.98839263916125
2024-05-08,2024-03-14,42.3461697731,9.1553145042,flowering,5,353.18206939697393
2024-05-08,2024-03-14,44.0050666667,4.8725083333,flowering,5,483.2945343017591
2024-05-06,2024-03-14,39.8755716667,-86.30487,flowering,5,405.90143127441513
2024-05-07,2024-03-14,38.3303375244,-122.6271209717,flowering,5,452.76811981201297
2024-05-05,2024-03-14,39.2795127042,-75.4816958033,flowering,5,413.01685333252067
2024-05-06,2024-03-14,51.3540033333,12.37347,flowering,5,319.67162017822375
2024-05-07,2024-03-14,43.6415112834,7.0091858134,flowering,5,456.1984481811536
2024-05-06,2024-03-14,41.9079416667,2.1949983333,flowering,5,356.28726043701295
2024-05-07,2024-03-14,36.3620833333,127.2981633333,flowering,5,435.16551055908326
2024-05-06,2024-03-14,37.3550333333,-118.4555777778,flowering,5,233.82857360839932
2024-05-06,2024-03-14,47.66070029,-117.44136339,fruiting,5,191.84399108886828
2024-05-06,2024-03-14,39.8520623803,-86.0878073507,flowering,5,413.6988037109386
2024-05-06,2024-03-14,39.3360888889,-76.1310555556,flowering,5,423.8057891845715
2024-05-06,2024-03-14,34.6770439148,-118.7800445557,flowering,5,328.59253692627067
2024-05-06,2024-03-14,39.066025,-77.0058666667,flowering,5,434.3188934326183
2024-05-04,2024-03-14,48.4158070766,16.4788286785,flowering,5,353.3320938110363
2024-05-06,2024-03-14,39.5745198995,-75.9805904153,flowering,5,406.8762130737316
2024-05-06,2024-03-14,49.4386363765,32.0879869702,flowering,5,343.7506729125987
2024-05-06,2024-03-14,39.4414827833,-75.700820284,flowering,5,420.2659088134777
2024-05-06,2024-03-14,39.4413779257,-75.7007409912,flowering,5,420.2659088134777
2024-05-06,2024-03-14,39.0493469238,-84.5687561035,flowering,5,460.6841857910167
2024-05-05,2024-03-14,38.950394,-77.0517765,flowering,5,438.889505004884
2024-05-06,2024-03-14,39.9355593883,-85.8739738819,flowering,5,406.44281311035263
2024-05-06,2024-03-14,46.2479248047,-119.2303314209,flowering,5,394.2381729125989
2024-05-06,2024-03-14,42.7084583,26.3272725,flowering,5,372.04577178955196
2024-05-06,2024-03-14,51.5855484009,16.8469104767,flowering,5,348.7996994018565
2024-05-05,2024-03-14,38.0149925972,-84.8900692083,flowering,5,485.3389648437511
2024-04-27,2024-03-14,37.8774833333,-78.9165888889,flowering,5,318.54184417724707
2024-05-05,2024-03-14,42.6162,8.90597,flowering,5,
2024-05-05,2024-03-14,34.9834170306,-84.5412508742,flowering,5,481.86195678711056
2024-05-05,2024-03-14,44.4097222222,11.5913888889,flowering,5,450.1531265258801
2024-04-30,2024-03-14,43.6980283,1.3909458,flowering,5,377.45746307373156
2024-05-04,2024-03-14,42.3073542954,-1.9673134759,flowering,5,364.2176773071301
2024-05-05,2024-03-14,44.1243270118,10.4566639289,flowering,5,270.7482467651379
2024-05-05,2024-03-14,41.2717056111,14.335371,flowering,5,406.0705535888684
2024-04-26,2024-03-14,38.9969033333,-77.2516333333,flowering,5,304.3033020019541
2024-05-05,2024-03-14,40.19272003,-8.42102222,flowering,5,515.3276412963879
2024-05-05,2024-03-14,42.15519427,12.20840808,flowering,5,426.8613327026379
2024-05-03,2024-03-14,38.2210194444,-84.5386805556,flowering,5,435.91171569824326
2024-04-26,2024-03-14,38.6147532092,-77.2743487284,flowering,5,340.7274520874033
2024-05-04,2024-03-14,37.8183002863,-84.7404929717,flowering,5,478.54190673828236
2024-05-04,2024-03-14,48.1711586661,16.4781192318,flowering,5,376.29965362548944
2024-05-04,2024-03-14,51.8498407135,19.5242517069,budding,5,283.4817916870127
2024-05-04,2024-03-14,48.163894,7.543985,flowering,5,313.94298858642696
2024-05-04,2024-03-14,42.9730331,11.3178905,flowering,5,439.5882904052746
2024-05-04,2024-03-14,44.2381537,11.1856277,flowering,5,312.3649688720715
2024-05-03,2024-03-14,37.2089,-112.978225,flowering,5,242.9471557617196
2024-05-03,2024-03-14,38.706294356,-77.2458867576,flowering,5,442.5256332397472
2024-05-03,2024-03-14,39.2949216667,-121.2059466667,flowering,5,361.9213256835949
2024-05-02,2024-03-14,39.3961479,-76.4510384,flowering,5,363.1874572753917
2024-05-03,2024-03-14,40.4597129822,-86.9372177124,flowering,5,348.9184020996104
2024-05-03,2024-03-14,38.9991616667,-76.9327216667,flowering,5,410.5245040893566
2024-05-03,2024-03-14,37.9378083302,-82.9757226539,flowering,5,459.1120422363292
2024-05-03,2024-03-14,38.0353611111,-84.5136444444,flowering,5,435.4721084594737
2024-04-28,2024-03-14,44.2796333333,-78.3433527778,fruiting,5,86.16695556640684
2024-04-23,2024-03-14,33.76633,-84.33908,flowering,5,427.3685241699228
2024-05-02,2024-03-14,37.5747909722,-84.3222949722,flowering,5,441.04345855712995
2024-05-02,2024-03-14,39.67475,-86.1479555,flowering,5,365.4242919921885
2024-04-30,2024-03-14,36.7405488892,-83.2619957787,flowering,5,380.38665161132917
2024-05-02,2024-03-14,38.1966466667,-84.5569166667,flowering,5,422.6784606933604
2024-04-24,2024-03-14,37.3170128139,-77.0986247622,flowering,5,388.55055541992283
2024-05-01,2024-03-14,45.851425,12.16685,flowering,5,284.782537841798
2024-04-29,2024-03-14,38.944383,-92.292336,flowering,5,391.0523681640635
2024-04-28,2024-03-14,38.7958309855,-77.3103764609,flowering,5,339.6206115722666
2024-04-29,2024-03-14,38.8442888889,-77.0641638889,flowering,5,363.477165222169
2024-05-01,2024-03-14,39.4616555556,-86.56825,flowering,5,353.7398254394541
2024-05-01,2024-03-14,48.0162720029,37.8528141973,flowering,5,358.22316284179783
2024-05-01,2024-03-14,33.5528501775,-117.7752184031,flowering,5,462.70670166015736
2024-04-30,2024-03-14,39.0383502436,-77.0313526069,flowering,5,363.33415374755964
2024-04-29,2024-03-14,38.6871016667,-76.5431316667,flowering,5,
2024-04-29,2024-03-14,39.326655,-76.6255716667,flowering,5,308.5037063598643
2024-04-29,2024-03-14,38.39564,-76.429346,flowering,5,374.8854156494151
2024-04-29,2024-03-14,39.0547170028,-77.0376040889,flowering,5,331.8985641479502
2024-05-01,2024-03-14,41.0133999593,29.0489702961,flowering,5,402.76155700683705
2024-05-01,2024-03-14,41.0135638889,29.0484833333,flowering,5,402.76155700683705
2024-04-30,2024-03-14,38.5997352449,-121.5436592582,flowering,5,463.3612792968761
2024-04-29,2024-03-14,38.0541733333,-84.5275833333,flowering,5,372.26770324707127
2024-04-07,2024-03-14,34.4884981172,-92.6090105241,flowering,5,249.7601394653326
2024-04-30,2024-03-14,36.1709899902,-85.5974273682,flowering,5,460.27853698730576
2024-04-30,2024-03-14,39.0517852196,-77.2855641498,flowering,5,348.306755065919
2024-04-30,2024-03-14,37.9594347501,-84.5027614966,flowering,5,388.8961227417002
2024-04-29,2024-03-14,40.6299383333,-122.5514,flowering,5,286.0951599121104
2024-04-28,2024-03-14,38.8915716667,-77.1568361667,flowering,5,332.0898498535166
2024-04-30,2024-03-14,38.7802734375,-77.2604827881,flowering,5,375.7228713989268
2024-04-30,2024-03-14,38.9186216667,-77.076885,flowering,5,367.98716125488386
2024-04-30,2024-03-14,38.8344916667,-77.318855,flowering,5,375.7228713989268
2024-04-30,2024-03-14,38.90002,-77.1518333333,flowering,5,368.3913284301768
2024-04-27,2024-03-14,37.9562116667,-121.8649883333,flowering,5,391.8648834228526
2024-04-29,2024-03-14,38.9876488,-76.9220875,flowering,5,341.44942474365337
2024-04-28,2024-03-14,37.0047569167,-2.9441070556,flowering,5,313.592871093751
2024-04-30,2024-03-14,39.0901960325,-76.860945016,flowering,5,346.49010314941506
2024-04-30,2024-03-14,39.3284873962,-76.5670547485,flowering,5,325.9575347900401
2024-04-30,2024-03-14,36.4499240321,-94.3362186849,flowering,5,483.53740386963
2024-04-30,2024-03-14,39.1265736334,-84.2478880194,flowering,5,367.932307434083
2024-04-27,2024-03-14,47.1151603389,15.4064647818,budding,5,212.10831756591892
2024-04-30,2024-03-14,38.8627383333,-86.5023583333,flowering,5,391.31884460449317
2024-04-30,2024-03-14,38.0384938885,-84.4946131111,flowering,5,388.8961227417002
2024-04-30,2024-03-14,38.98311618,-92.34510152,flowering,5,402.02382812500105
2024-04-30,2024-03-14,38.0544589414,-78.4963361175,flowering,5,416.90434570312607
2024-04-29,2024-03-14,39.1501331885,-86.2279604649,flowering,5,354.71657714843843
2024-04-30,2024-03-14,38.792275,-77.59182,flowering,5,380.80195770263776
2024-04-29,2024-03-14,39.172371583,-86.2217705729,flowering,5,354.71657714843843
2024-04-28,2024-03-14,43.3202832997,11.3344333,flowering,5,349.3659988403331
2024-04-30,2024-03-14,42.1754833333,1.3200138889,flowering,5,178.17100067138767
2024-04-29,2024-03-14,39.3348349489,-76.624490258,flowering,5,308.5037063598643
2024-04-29,2024-03-14,39.0727052691,-77.4640409957,flowering,5,342.8430389404307
2024-04-27,2024-03-14,36.9532562323,-82.0550719276,flowering,5,309.4394012451181
2024-04-29,2024-03-14,34.0880861667,-117.7984616667,flowering,5,420.76623077392685
2024-04-29,2024-03-14,35.697351166,-82.5594921851,flowering,5,355.0843734741221
2024-04-29,2024-03-14,35.6885222939,-82.5708385745,flowering,5,355.0843734741221
2024-04-29,2024-03-14,38.8863916667,-77.1205528333,flowering,5,349.54505157470805
2024-04-29,2024-03-14,38.02862435,-78.55730856,flowering,5,395.66252288818464
2024-04-29,2024-03-14,37.903055312,-84.6496303165,flowering,5,391.739582824708
2024-04-29,2024-03-14,38.911390415,-77.1072492716,flowering,5,349.54505157470805
2024-04-29,2024-03-14,39.1402387759,-76.7624154781,flowering,5,331.7664260864268
2024-04-29,2024-03-14,38.8684233333,-77.2712,flowering,5,347.87466430664165
2024-04-29,2024-03-14,38.8673616667,-77.27094,flowering,5,347.87466430664165
2024-04-29,2024-03-14,38.9928383333,-77.2114633333,flowering,5,343.44124603271587
2024-04-29,2024-03-14,38.8547124485,-76.995618062,flowering,5,351.90335083007915
2024-04-28,2024-03-14,38.8611612095,-77.4025125371,flowering,5,332.1890396118174
2024-04-27,2024-03-14,45.6076080895,-73.5914606198,fruiting,5,76.03497161865289
2024-04-29,2024-03-14,38.9847116667,-77.0100638833,flowering,5,344.87837219238384
2024-04-29,2024-03-14,38.8295263997,-77.3049024,flowering,5,357.613769531251
2024-04-29,2024-03-14,38.9017928774,-77.0887771074,flowering,5,349.54505157470805
2024-04-29,2024-03-14,37.4819916667,-82.5200666667,flowering,5,412.57546997070415
2024-04-29,2024-03-14,37.4083633333,-76.6517416667,flowering,5,434.9954711914073
2024-04-29,2024-03-14,39.1437568702,-77.56863839,flowering,5,339.43018951416116
2024-04-29,2024-03-14,38.2030965049,-84.8742352054,flowering,5,387.3864334106455
2024-04-29,2024-03-14,39.2525609026,-76.6309382021,flowering,5,308.5037063598643
2024-04-29,2024-03-14,38.9000548376,-77.1577027627,flowering,5,350.117187500001
2024-04-29,2024-03-14,38.0003361117,-84.5410866667,flowering,5,374.5693466186533
2024-04-29,2024-03-14,37.7945166667,-76.7293783333,flowering,5,423.80805511474716
2024-04-29,2024-03-14,35.6906198,-82.5533731997,flowering,5,355.0843734741221
2024-04-29,2024-03-14,39.146523946,-84.5110115503,flowering,5,357.7460876464853
2024-04-29,2024-03-14,38.0202382014,-78.5318030565,flowering,5,403.7495742797862
2024-04-29,2024-03-14,38.001830061,-84.5330862143,flowering,5,374.5693466186533
2024-04-29,2024-03-14,38.8673516183,-77.1254132582,flowering,5,349.54505157470805
2024-04-28,2024-03-14,38.0430805,-84.56868,flowering,5,361.87307281494236
2024-04-29,2024-03-14,45.4816400185,-73.7536302186,fruiting,5,93.02694244384827
2024-04-29,2024-03-14,39.1516418457,-84.4678878784,flowering,5,359.37957153320406
2024-04-29,2024-03-14,47.0655975342,31.9040603638,flowering,5,336.0821533203135
2024-04-29,2024-03-14,38.15923393,-85.78738621,flowering,5,390.72841339111426
2024-04-28,2024-03-14,45.6078632873,-73.5080375522,fruiting,5,88.11091613769588
2024-04-29,2024-03-14,38.8486702656,-77.1027820994,flowering,5,363.477165222169
2024-04-29,2024-03-14,36.9003611878,-76.3037073437,flowering,5,447.86175842285263
2024-04-29,2024-03-14,43.62714096,3.83164816,flowering,5,387.5943710327159
2024-04-29,2024-03-14,38.16153972,-85.78847801,flowering,5,390.72841339111426
2024-04-29,2024-03-14,38.1894700626,-84.8445717364,flowering,5,386.02721099853613
2024-04-29,2024-03-14,38.7789670984,-77.0521604364,flowering,5,363.477165222169
2024-04-29,2024-03-14,43.0556441849,-2.1751048788,flowering,5,297.70485229492294
2024-04-29,2024-03-14,43.6269033333,7.0763666667,flowering,5,399.69850463867294
2024-04-29,2024-03-14,38.8601872369,-77.1219969908,flowering,5,349.54505157470805
2024-04-29,2024-03-14,38.6438674927,-77.2415542603,flowering,5,385.5783325195323
2024-04-27,2024-03-14,36.0094222167,-83.413095,flowering,5,390.7092956542979
2024-04-29,2024-03-14,35.59583649,-82.50597374,flowering,5,333.04723205566506
2024-04-29,2024-03-14,37.668805,-77.547975,flowering,5,435.5285217285167
2024-04-28,2024-03-14,38.1846383333,-85.56617,flowering,5,368.68800659179783
2024-04-28,2024-03-14,35.0862319026,-106.6765780313,flowering,5,330.74688568115334
2024-04-28,2024-03-14,38.9155758754,-76.9107310546,flowering,5,337.1462615966807
2024-04-28,2024-03-14,38.9156460833,-76.910794824,flowering,5,337.1462615966807
2024-04-28,2024-03-14,36.4959178578,-82.690228223,flowering,5,373.11180725097756
2024-04-28,2024-03-14,39.29835,-121.0860833333,flowering,5,274.7684768676768
2024-04-28,2024-03-14,36.3013779722,-82.364877,flowering,5,364.0197280883799
2024-04-28,2024-03-14,35.0590055,-106.6595533333,flowering,5,330.74688568115334
2024-04-28,2024-03-14,37.3031002,-76.550139,flowering,5,414.51164398193464
2024-04-28,2024-03-14,36.6311533333,-80.2580866667,flowering,5,394.41013488769636
2024-04-28,2024-03-14,37.55345,-91.8870694444,flowering,5,393.17217254638774
2024-04-28,2024-03-14,48.1878808,16.3344649,flowering,5,280.51551055908305
2024-04-28,2024-03-14,45.3742708359,-122.6012836398,fruiting,5,252.48901519775495
2024-04-28,2024-03-14,36.642345,-82.0479805,flowering,5,311.6758605957041
2024-04-28,2024-03-14,35.59237,-82.4807366667,flowering,5,321.09216003418067
2024-04-28,2024-03-14,38.34386095,-85.4254531,flowering,5,366.54236145019627
2024-04-28,2024-03-14,47.2669765855,11.3833255693,budding,5,50.87769012451213
2024-04-28,2024-03-14,38.8801679437,-76.9473424992,budding,5,337.1462615966807
2024-04-28,2024-03-14,38.85447296,-77.04653685,flowering,5,333.75436248779397
2024-04-28,2024-03-14,38.2008936169,-84.8732836917,flowering,5,370.9050704956064
2024-04-28,2024-03-14,37.1465950012,-76.7390213013,flowering,5,433.6275497436534
2024-04-28,2024-03-14,45.3258883333,26.3578666667,flowering,5,266.7459259033212
2024-04-26,2024-03-14,37.21632,-76.7844083333,flowering,5,406.94766845703225
2024-04-28,2024-03-14,38.8805167765,-76.9464971083,flowering,5,337.1462615966807
2024-04-27,2024-03-14,38.2887671907,-85.6798726185,flowering,5,357.6703964233408
2024-04-28,2024-03-14,48.368537,15.6182028,flowering,5,245.3793594360361
2024-04-26,2024-03-14,35.9243249435,-81.1717235662,flowering,5,391.26522674560647
2024-04-28,2024-03-14,42.1511533333,12.1254716667,flowering,5,362.0200286865245
2024-04-27,2024-03-14,48.2270316667,17.1803883333,flowering,5,269.78133239746194
2024-04-28,2024-03-14,48.1623078324,16.3594930898,flowering,5,297.2338027954112
2024-04-28,2024-03-14,41.800035,12.7027116667,flowering,5,354.82705078125105
2024-04-28,2024-03-14,41.8547222865,12.5304607674,flowering,5,423.8401962280284
2024-04-27,2024-03-14,43.7018578596,-79.3162407236,fruiting,5,61.07563781738338
2024-04-27,2024-03-14,38.4308398,-122.8647006,flowering,5,350.3215713500987
2024-04-27,2024-03-14,36.1054,-82.4470388889,flowering,5,290.60296020507906
2024-04-25,2024-03-14,39.1170805,-121.3079133333,flowering,5,362.1842163085947
2024-04-27,2024-03-14,38.8156856,-76.9379121,flowering,5,330.04887084961035
2024-04-27,2024-03-14,37.3022109997,-75.9328856997,flowering,5,340.66658782959087
2024-04-27,2024-03-14,37.589971548,-77.6169745104,flowering,5,402.85703277587993
2024-04-26,2024-03-14,38.2112184451,-85.7103168625,flowering,5,338.1809082031259
2024-04-27,2024-03-14,37.0418210746,-79.6953345774,flowering,5,394.53667449951274
2024-04-27,2024-03-14,36.1054222222,-82.4470583333,flowering,5,290.60296020507906
2024-04-27,2024-03-14,38.2133517997,-85.7115488997,flowering,5,354.9490447998056
2024-04-27,2024-03-14,39.0479601737,-76.515061073,flowering,5,
2024-04-26,2024-03-14,36.9255181726,-80.0266870308,flowering,5,371.02823486328225
2024-04-27,2024-03-14,36.4139395402,-82.4920475542,flowering,5,350.2742279052744
2024-04-27,2024-03-14,37.329855,-79.1548305,flowering,5,395.3854141235362
2024-04-26,2024-03-14,48.1752775003,16.4881554116,budding,5,288.20322113037207
2024-04-27,2024-03-14,37.7830894594,-83.6821787484,flowering,5,359.845359802247
2024-04-27,2024-03-14,38.0560196083,-84.5278027325,flowering,5,340.0662307739267
2024-04-27,2024-03-14,36.9054616667,-76.0985028333,flowering,5,
2024-04-25,2024-03-14,37.23055,-76.5025166667,flowering,5,383.3004959106455
2024-04-27,2024-03-14,38.2377845229,-85.7040842526,flowering,5,354.9490447998056
2024-04-27,2024-03-14,38.2020634484,-84.8810655986,flowering,5,354.36855468750093
2024-04-27,2024-03-14,38.2399655487,-85.6993665174,budding,5,354.9490447998056
2024-04-27,2024-03-14,37.9032533333,-84.3603666667,flowering,5,354.9482284545908
2024-04-27,2024-03-14,38.8483775385,-77.5064424335,flowering,5,329.03825073242285
2024-04-26,2024-03-14,38.9351084726,-77.5776749824,flowering,5,312.4964477539072
2024-04-27,2024-03-14,37.2706069946,-80.0142440796,flowering,5,328.80170135498145
2024-04-27,2024-03-14,47.998231994,16.2823348214,flowering,5,275.3249725341807
2024-04-24,2024-03-14,38.5596966667,-121.4016283333,flowering,5,386.50476379394627
2024-04-21,2024-03-14,36.3732259406,-86.1695044488,flowering,5,370.8531250000009
2024-04-27,2024-03-14,36.7975640204,-76.3091134374,flowering,5,418.6891479492198
2024-04-27,2024-03-14,45.4768944444,-73.7618138889,fruiting,5,77.64576721191463
2024-04-26,2024-03-14,38.1845536481,-84.8489899188,flowering,5,337.28663635254
2024-04-27,2024-03-14,38.3491316667,-85.6307266667,flowering,5,358.6255508422861
2024-04-27,2024-03-14,43.6782395095,10.6404690373,flowering,5,377.55931091308696
2024-04-27,2024-03-14,38.29025171,-85.68110335,flowering,5,357.6703964233408
2024-04-27,2024-03-14,45.6946782742,9.5919807628,flowering,5,251.16424560546977
2024-04-27,2024-03-14,36.6689033333,-79.8103016667,flowering,5,408.85178375244243
2024-04-26,2024-03-14,45.5265639898,15.5626320094,flowering,5,308.51756896972756
2024-04-27,2024-03-14,43.27799955,5.48470686,flowering,5,358.88117980957134
2024-04-10,2024-03-14,38.6343069745,-121.2167311007,flowering,5,211.85609893798892
2024-04-27,2024-03-14,48.26119075,16.3287316,flowering,5,279.88716735839944
2024-04-26,2024-03-14,35.6099783333,-82.4277716667,flowering,5,287.19809875488374
2024-04-26,2024-03-14,36.4163068518,-82.4492686073,flowering,5,343.0386154174814
2024-04-26,2024-03-14,37.050575,-122.0702138333,flowering,5,322.87801208496194
2024-04-24,2024-03-14,39.2173821225,-123.1716993079,flowering,5,272.1266799926767
2024-04-26,2024-03-14,48.2020084228,16.4479179824,flowering,5,279.8648803710947
2024-04-25,2024-03-14,37.5636941502,-84.2324325442,flowering,5,339.86720123291104
2024-04-26,2024-03-14,37.5300400921,-77.468541896,flowering,5,394.31307067871194
2024-04-17,2024-03-14,33.909897616,-84.4485566075,flowering,5,353.88024139404376
2024-04-26,2024-03-14,37.2086257935,-76.4724273682,flowering,5,389.92967071533303
2024-04-26,2024-03-14,35.3895164207,-83.2956590445,flowering,5,319.1010162353525
2024-04-22,2024-03-14,47.913862,20.386047,flowering,5,250.07958679199305
2024-04-26,2024-03-14,48.1802094,16.2730187997,budding,5,264.1016662597666
2024-04-26,2024-03-14,38.289359778,-77.4814657961,flowering,5,367.068457031251
2024-04-26,2024-03-14,34.222405,-118.1785966667,flowering,5,357.3423370361338
2024-04-26,2024-03-14,48.1649329997,16.3514349,budding,5,279.8648803710947
2024-04-20,2024-03-14,37.6040583333,-77.503975,flowering,5,338.46867828369227
2024-04-20,2024-03-14,37.6040583333,-77.5039283333,flowering,5,338.46867828369227
2024-04-20,2024-03-14,37.6040716667,-77.503945,flowering,5,338.46867828369227
2024-04-20,2024-03-14,37.604,-77.5038383333,flowering,5,338.46867828369227
2024-04-26,2024-03-14,48.1454195,16.367355,flowering,5,273.6915557861338
2024-04-22,2024-03-14,36.62648514,-88.30703572,flowering,5,387.2709655761728
2024-04-26,2024-03-14,36.1745926,-85.5018342,flowering,5,392.92404479980564
2024-04-26,2024-03-14,38.8965798373,-76.8588836944,flowering,5,315.28669281005955
2024-04-25,2024-03-14,43.6299746996,3.8405034598,flowering,5,353.8531768798838
2024-04-26,2024-03-14,38.15569731,-85.792053,flowering,5,340.6810302734384
2024-04-20,2024-03-14,37.5942,-77.4644383333,flowering,5,338.46867828369227
2024-04-20,2024-03-14,37.5939866667,-77.46443,flowering,5,338.46867828369227
2024-04-20,2024-03-14,37.5939116667,-77.4646,flowering,5,338.46867828369227
2024-04-26,2024-03-14,35.0900352281,-106.6792397295,flowering,5,315.28847808837986
2024-04-25,2024-03-14,38.4503432672,-77.3790657071,flowering,5,336.46339721679783
2024-04-25,2024-03-14,36.0012730131,-94.0180402787,flowering,5,396.77091674804785
2024-04-25,2024-03-14,35.09010141,-106.67931862,flowering,5,305.944009399415
2024-04-25,2024-03-14,35.0900480566,-106.6792854358,flowering,5,305.944009399415
2024-04-25,2024-03-14,45.684552904,-121.3948432804,budding,5,171.83394165039158
2024-04-25,2024-03-14,38.6174656,-121.3115716,flowering,5,390.5989501953135
2024-04-25,2024-03-14,38.0543540681,-84.5277645439,flowering,5,315.39389495849696
2024-04-25,2024-03-14,37.3702267092,-77.5761784986,flowering,5,395.7361877441416
2024-04-25,2024-03-14,42.2401998751,1.9575562701,budding,5,185.0069335937509
2024-04-25,2024-03-14,35.8272524322,-84.0479381527,flowering,5,390.60549468994236
2024-04-25,2024-03-14,37.4385533855,-77.6459435095,flowering,5,395.7361877441416
2024-04-25,2024-03-14,35.6182565214,-82.5533756521,flowering,5,294.8096328735361
2024-04-24,2024-03-14,37.5650155,-77.8000116,flowering,5,380.6245910644541
2024-04-24,2024-03-14,34.1898174411,-118.1021170691,flowering,5,326.16984863281345
2024-04-24,2024-03-14,36.6134103997,-88.3281419,flowering,5,409.515071105958
2024-04-24,2024-03-14,38.021651371,-84.4562688579,flowering,5,312.30673522949303
2024-04-24,2024-03-14,36.8570666667,-86.0557028333,flowering,5,382.2966079711923
2024-04-24,2024-03-14,35.4808957997,-89.7209176,flowering,5,453.6699630737314
2024-04-24,2024-03-14,34.7651283333,-89.9631366667,flowering,5,462.330500793458
2024-04-24,2024-03-14,35.4594916664,-82.1930341982,flowering,5,350.16088409423924
2024-04-24,2024-03-14,37.6626366667,-77.5539466667,flowering,5,371.76222534179783
2024-04-24,2024-03-14,37.1455265806,-76.7329042491,flowering,5,391.4442779541025
2024-04-24,2024-03-14,37.2316133333,-77.4251783333,flowering,5,392.6575576782236
2024-04-23,2024-03-14,36.1292111667,-86.8167633333,flowering,5,389.4176788330087
2024-04-20,2024-03-14,34.9579383333,-81.1841716667,flowering,5,406.3429077148446
2024-04-24,2024-03-14,35.9547916667,-83.9319583333,flowering,5,347.9257980346689
2024-04-24,2024-03-14,38.3999633789,-85.5908050537,flowering,5,327.72326354980555
2024-04-24,2024-03-14,37.5559138889,-84.2383194444,flowering,5,333.5057418823251
2024-04-24,2024-03-14,37.5366821289,-77.9547119141,flowering,5,385.8776504516611
2024-04-17,2024-03-14,37.4206866667,-122.1679083333,flowering,5,255.0525894165047
2024-04-23,2024-03-14,37.5431777778,-84.1798805556,flowering,5,319.69636840820397
2024-04-20,2024-03-14,36.0722348,-79.8088372,flowering,5,349.4547698974618
2024-04-23,2024-03-14,37.8878498075,-87.5525070727,flowering,5,363.359519958497
2024-04-23,2024-03-14,37.41203,-122.1654361667,flowering,5,313.22268066406343
2024-04-23,2024-03-14,37.7182054115,-83.9672887368,flowering,5,335.52442779541104
2024-04-23,2024-03-14,38.572945,-92.1555028333,flowering,5,333.60195922851653
2024-04-23,2024-03-14,38.3569966667,-121.9833133333,flowering,5,361.24031219482515
2024-04-23,2024-03-14,38.1989041539,-85.4850224713,flowering,5,317.1437408447274
2024-04-23,2024-03-14,38.2138125413,-85.7273313963,flowering,5,315.35676879882897
2024-04-21,2024-03-14,37.7586914746,-80.9048973438,budding,5,217.17219085693432
2024-04-06,2024-03-14,34.780666,-97.293564,flowering,5,244.52852478027398
2024-04-22,2024-03-14,37.5877723745,-77.533356002,flowering,5,353.0927429199228
2024-04-22,2024-03-14,38.8447858933,-77.4155192045,budding,5,283.91510467529383
2024-04-21,2024-03-14,34.4034546,-86.2024708,flowering,5,389.46432342529386
2024-04-21,2024-03-14,40.7984408851,14.1805078089,flowering,5,
2024-04-21,2024-03-14,38.1297673427,-87.9350299761,flowering,5,344.49955444336024
2024-04-21,2024-03-14,35.6418283333,-81.7507116667,flowering,5,330.6696304321298
2024-04-21,2024-03-14,33.9105061526,-84.4484208178,flowering,5,411.3302520751962
2024-04-21,2024-03-14,37.1050856649,-79.7288114452,flowering,5,331.5591339111337
2024-04-21,2024-03-14,34.684455,-83.4256283333,flowering,5,388.20086517334073
2024-04-21,2024-03-14,48.1719716628,16.4765454456,flowering,5,276.3033721923837
2024-04-20,2024-03-14,45.8191654,15.9652527,flowering,5,285.38092498779383
2024-04-20,2024-03-14,38.6413194444,-90.2779027778,flowering,5,317.3626129150399
2024-04-16,2024-03-14,38.5871181344,-121.3312841821,flowering,5,276.55946197509843
2024-04-20,2024-03-14,36.0459697748,-94.0393586746,flowering,5,351.45414428711024
2024-04-20,2024-03-14,37.57372943,-77.4729667,flowering,5,338.46867828369227
2024-04-17,2024-03-14,34.4034546,-86.2024708,flowering,5,338.3500976562508
2024-04-20,2024-03-14,35.0509541412,-85.2927316136,flowering,5,352.3118255615243
2024-04-20,2024-03-14,48.2194502848,16.3533728988,flowering,5,268.23642272949303
2024-04-20,2024-03-14,37.6854138889,-77.9225277778,flowering,5,344.3813598632821
2024-04-20,2024-03-14,47.170852124,18.4202435162,flowering,5,273.20994110107506
2024-04-20,2024-03-14,37.3886986974,-77.3158428605,flowering,5,351.903187561036
2024-04-20,2024-03-14,37.2468533333,-76.504395,flowering,5,340.66891937255946
2024-04-20,2024-03-14,37.1588082053,-79.9017289002,flowering,5,307.0321456909188
2024-04-19,2024-03-14,38.209506132,-85.7091317698,flowering,5,293.39548187255934
2024-04-19,2024-03-14,37.2269354211,-76.7801326221,flowering,5,344.52558441162194
2024-04-19,2024-03-14,37.5202633333,-77.41918,flowering,5,326.542445373536
2024-04-19,2024-03-14,38.2363798,-85.7025382,flowering,5,293.39548187255934
2024-04-18,2024-03-14,35.0834695,-85.1285638333,flowering,5,350.8822952270516
2024-04-14,2024-03-14,35.9992466667,-94.249145,flowering,5,277.36049957275463
2024-04-18,2024-03-14,37.5314694444,-77.477075,flowering,5,317.4417434692391
2024-04-17,2024-03-14,35.8187861111,-92.9734583333,flowering,5,294.6867675781258
2024-04-19,2024-03-14,37.2664901801,-76.7061722372,flowering,5,335.1961547851571
2024-04-17,2024-03-14,35.0522795038,-78.8783775643,flowering,5,375.7992019653328
2024-04-19,2024-03-14,38.1556685,-85.79215893,flowering,5,295.28427581787184
2024-04-18,2024-03-14,35.4386616667,-82.24675,flowering,5,312.4933334350594
2024-04-19,2024-03-14,43.0534619679,-2.1753212612,flowering,5,263.39438934326256
2024-04-19,2024-03-14,48.1564981436,16.3266295073,flowering,5,253.5746017456063
2024-04-18,2024-03-14,35.0959242262,-85.1127803487,flowering,5,350.8822952270516
2024-04-18,2024-03-14,37.2513716667,-76.7099,flowering,5,325.6464859008797
2024-04-15,2024-03-14,36.0262597041,-94.2060647234,flowering,5,292.7670715332039
2024-04-18,2024-03-14,37.2094116211,-79.6559371948,flowering,5,296.2082687377938
2024-04-18,2024-03-14,37.8620135573,-87.5801003989,flowering,5,323.96163177490314
2024-04-18,2024-03-14,35.0155361167,-85.3855533333,flowering,5,332.6296401977547
2024-04-18,2024-03-14,36.6737128575,-78.5903066634,flowering,5,342.8193069458016
2024-04-18,2024-03-14,35.0219039917,-85.4071884155,flowering,5,332.6296401977547
2024-04-17,2024-03-14,37.0260111667,-76.33667,flowering,5,314.900566101075
2024-04-17,2024-03-14,36.1749572754,-97.4638824463,flowering,5,368.24944000244216
2024-04-17,2024-03-14,38.1489365,-85.7929368,flowering,5,277.8079330444343
2024-04-17,2024-03-14,37.0260361667,-76.3366616667,flowering,5,314.900566101075
2024-04-16,2024-03-14,33.66752,-84.6659216667,flowering,5,343.1392425537117
2024-04-16,2024-03-14,37.9463055556,-121.8471527778,flowering,5,247.96086730957109
2024-04-15,2024-03-14,43.3840041222,-1.796001792,flowering,5,
2024-04-17,2024-03-14,36.9855083333,-2.859875,flowering,5,250.4915130615242
2024-04-17,2024-03-14,37.24680922,-76.5042303131,flowering,5,306.3413848876961
2024-04-17,2024-03-14,38.2287890325,-85.5391297583,flowering,5,267.2458053588874
2024-04-15,2024-03-14,33.789276,-84.323048,flowering,5,323.4537246704109
2024-04-16,2024-03-14,40.5948111601,-122.4397604261,flowering,5,253.70145263671952
2024-04-16,2024-03-14,36.0256221667,-78.9211116667,flowering,5,317.9184402465828
2024-04-16,2024-03-14,34.150475,-93.7144466667,flowering,5,367.67094268798905
2024-04-16,2024-03-14,35.7787513733,-78.7964782715,flowering,5,332.28236999511796
2024-04-16,2024-03-14,34.6694717407,-82.8268127441,flowering,5,333.67519226074296
2024-04-16,2024-03-14,44.2793436898,11.5947225317,flowering,5,301.0493759155281
2024-04-16,2024-03-14,42.496397,12.3138369722,flowering,5,308.0190948486336
2024-04-16,2024-03-14,39.776384,2.70539,flowering,5,
2024-04-15,2024-03-14,33.5489873541,-82.0365365336,flowering,5,370.6403244018562
2024-04-16,2024-03-14,35.0507083333,-85.3245383333,flowering,5,293.6591094970711
2024-04-15,2024-03-14,34.86952,-92.5894916667,flowering,5,345.79335479736403
2024-04-15,2024-03-14,38.5593422,-90.0938991,flowering,5,260.10378570556713
2024-04-15,2024-03-14,36.0270482126,-94.2077514697,flowering,5,292.7670715332039
2024-04-15,2024-03-14,36.0558318788,-94.166946917,flowering,5,297.3799636840828
2024-04-15,2024-03-14,43.682542,4.1404,flowering,5,301.6117828369148
2024-04-13,2024-03-14,35.2082437904,-82.237758743,flowering,5,260.47132263183664
2024-04-13,2024-03-14,33.4119305997,-117.2146764,flowering,5,248.6992431640632
2024-04-11,2024-03-14,45.6845373054,-121.3949311273,budding,5,97.45869903564517
2024-04-13,2024-03-14,35.98308708,-95.78823601,flowering,5,314.33707580566477
2024-04-12,2024-03-14,35.3374555605,-90.0400825962,flowering,5,300.40299987793037
2024-04-12,2024-03-14,37.0646283902,-87.6499777023,flowering,5,242.70192565918035
2024-04-12,2024-03-14,35.3376196718,-90.0420161953,flowering,5,300.40299987793037
2024-04-12,2024-03-14,33.9309616667,-84.48697,flowering,5,283.05899810791084
2024-04-12,2024-03-14,35.6546325684,-97.4720993042,flowering,5,291.74395751953193
2024-04-12,2024-03-14,33.7802092485,-84.221581897,flowering,5,287.58219146728584
2024-04-12,2024-03-14,33.9261731459,-83.3857112937,flowering,5,306.9766845703132
2024-04-04,2024-03-14,32.2985193153,-96.6333601432,flowering,5,269.7632095336919
2024-04-10,2024-03-14,47.4812632688,-122.4820693778,fruiting,5,119.78503875732486
2024-04-11,2024-03-14,36.5051799628,-89.2556692692,flowering,5,262.1106018066413
2024-04-11,2024-03-14,34.0143624085,-91.3439111039,flowering,5,318.3466934204108
2024-04-11,2024-03-14,38.6718737697,16.5568877069,flowering,5,
2024-04-10,2024-03-14,34.0664,-84.0705416667,flowering,5,258.6120269775397
2024-04-10,2024-03-14,34.0725330612,-84.5738891741,flowering,5,256.9023635864264
2024-04-10,2024-03-14,45.2300635809,19.854824245,flowering,5,231.82749633789126
2024-04-10,2024-03-14,33.720655,-84.401695,flowering,5,265.33894805908267
2024-04-10,2024-03-14,33.8993383333,-84.4615866667,flowering,5,260.40227203369204
2024-04-10,2024-03-14,41.5363627052,1.8893726249,flowering,5,235.77702789306704
2024-04-08,2024-03-14,35.4474472222,-94.973975,flowering,5,263.19957122802793
2024-04-08,2024-03-14,34.3889055556,-94.0188,flowering,5,237.31753692627012
2024-04-02,2024-03-14,32.6446215673,-80.2540309807,flowering,5,243.39175415039108
2024-04-09,2024-03-14,33.94823,-83.3767916667,flowering,5,268.77910919189515
2024-04-04,2024-03-14,35.0731729,-97.2348455997,flowering,5,207.4980728149419
2024-04-08,2024-03-14,36.9561533333,-89.0928333333,flowering,5,210.52855072021543
2024-04-06,2024-03-14,37.0720710753,-5.808766365,flowering,5,276.2653945922857
2024-04-06,2024-03-14,34.7947166667,-92.375855,flowering,5,223.30428161621148
2024-04-08,2024-03-14,34.772598,-87.6983469997,flowering,5,240.38175354003965
2024-04-07,2024-03-14,34.7560216667,-92.3031466667,flowering,5,240.95167541503963
2024-04-06,2024-03-14,35.450675,-94.9802166667,flowering,5,234.89692535400445
2024-04-07,2024-03-14,33.60502,-83.8626333333,flowering,5,234.97092437744197
2024-04-07,2024-03-14,32.3309509329,-83.3034571633,flowering,5,282.98815917968807
2024-04-07,2024-03-14,36.1585476997,-96.2548740997,flowering,5,229.40034484863338
2024-04-06,2024-03-14,36.0744403521,-92.2488981011,flowering,5,192.7405380249029
2024-04-07,2024-03-14,33.778595,-93.6780383333,flowering,5,265.9038467407232
2024-04-06,2024-03-14,33.9417568,-83.3666431997,flowering,5,237.72014465332086
2024-04-06,2024-03-14,35.1926116599,-89.8436009792,flowering,5,222.3907608032232
2024-04-05,2024-03-14,33.9988109821,-83.206538278,flowering,5,236.07532196044974
2024-04-04,2024-03-14,35.1194028333,-89.8283533333,flowering,5,203.3066665649419
2024-04-04,2024-03-14,33.9472916667,-83.357795,flowering,5,226.29056854248097
2024-04-04,2024-03-14,33.9398383333,-81.25615,flowering,5,233.6031524658208
2024-04-03,2024-03-14,33.8900916667,-93.3157972222,flowering,5,219.69322357177782
2024-04-03,2024-03-14,33.7046689931,-90.7988692759,flowering,5,224.71790466308641
2024-04-03,2024-03-14,33.8900966667,-93.3158116667,flowering,5,219.69322357177782
2024-04-03,2024-03-14,34.8220966667,-90.000519445,flowering,5,203.03446350097704
2024-03-30,2024-03-14,42.19419,14.2197172,budding,5,83.79379577636757
2024-04-01,2024-03-14,46.6299777778,-120.6632194444,fruiting,5,54.3107940673832
2024-04-02,2024-03-14,35.1636581421,-79.4059677124,flowering,5,192.55222320556686
2024-03-31,2024-03-14,33.625433,-81.964907,flowering,5,190.45149688720744
2024-04-01,2024-03-14,33.9483642578,-83.3771209717,flowering,5,189.8672775268559
2024-03-31,2024-03-14,50.5491049722,30.1634199722,fruiting,5,38.396348571777594
2024-03-30,2024-03-14,32.85392,-95.8132633333,flowering,5,176.6422378540043
2024-03-28,2024-03-14,45.0742605,-93.0970515,fruiting,5,4.995982360839889
2024-03-29,2024-03-14,44.9208367265,-93.1134292139,fruiting,5,6.257443237304756
2024-03-28,2024-03-14,31.2974233,-93.8248241,flowering,5,177.47273254394565
2024-03-27,2024-03-14,47.6950808522,-117.496358771,fruiting,5,37.143241882324446
2024-03-28,2024-03-14,39.603356109,-8.4161530528,flowering,5,156.24915313720737
2024-03-22,2024-03-14,45.6410123,-73.3313206709,fruiting,5,1.486239624023483
2024-03-20,2024-03-14,40.2951466667,-74.7194583333,fruiting,5,40.20323333740248
2024-03-18,2024-03-14,31.073978541,-93.1471912555,flowering,5,75.1543655395509
2024-03-13,2024-03-14,30.0790615244,-95.7425223834,flowering,5,16.578515625000023
2024-03-14,2024-03-14,39.0576207773,-8.1767128012,fruiting,5,8.209024047851585
2024-03-14,2024-03-14,31.3318583333,-91.3595416667,budding,5,17.534394836425804
2024-03-13,2024-03-14,51.8530209561,19.5157115534,fruiting,5,1.400453186035179
2024-02-29,2024-03-14,43.7429052674,-79.4828766973,fruiting,5,0.0
2024-02-24,2024-03-14,-33.6376691284,-71.0060250387,fruiting,5,17.934495544433616
2024-02-19,2024-03-14,44.8646053022,-93.1740461608,fruiting,5,0.0
2024-02-17,2024-03-14,50.5686079722,30.215208,fruiting,5,0.0
2024-02-12,2024-03-14,43.475005,-79.6988366667,fruiting,5,0.0
2024-02-10,2024-03-14,41.6268283333,-86.9585116667,fruiting,5,0.0
2024-02-08,2024-03-14,48.4591674309,15.9583205357,fruiting,5,4.148919677734398
2024-02-06,2024-03-14,43.1670490179,-77.448632671,fruiting,5,0.0
2024-02-04,2024-03-14,39.8329027778,-75.0603166667,fruiting,5,0.0
2024-02-04,2024-03-14,43.47535,-79.6933366667,fruiting,5,0.0
2024-02-01,2024-03-14,41.7068195971,-0.9528292716,fruiting,5,5.0775314331054915
2024-01-23,2024-03-14,39.8288717467,-75.108408401,fruiting,5,0.0
2024-01-22,2024-03-14,50.4124699722,30.5658859722,fruiting,5,0.0
2024-01-21,2024-03-14,45.8451360676,8.821339793,fruiting,5,0.0
2024-01-10,2024-03-14,-36.911898,-71.4219338997,flowering,5,5.90461120605471
2024-01-05,2024-03-14,41.665500675,-86.1826799167,fruiting,5,0.0
2024-01-05,2024-03-14,43.2632666667,-79.9173883333,fruiting,5,0.0
2024-01-03,2024-03-14,44.2956365,-78.2695432,fruiting,5,0.0
2023-10-21,2023-09-24,44.3080155778,-80.1932024389,fruiting,5,213.3435943603522
2023-12-14,2023-09-24,-36.8895251724,174.8279587179,fruiting,5,875.2130386352558
2023-12-29,2023-09-24,39.9404305556,-75.2044222222,fruiting,5,561.5955047607439
2023-12-29,2023-09-24,40.2411188984,-75.3952151393,fruiting,5,522.5874542236345
2023-12-28,2023-09-24,42.33255,-82.9137633333,fruiting,5,418.52612762451326
2023-12-28,2023-09-24,42.333195,-82.9139383333,fruiting,5,418.52612762451326
2023-12-26,2023-09-24,40.1690944444,-75.2531583333,fruiting,5,509.7561203002946
2023-12-26,2023-09-24,44.3340008889,-78.3262168611,fruiting,5,327.88417358398544
2023-12-22,2023-09-24,43.1922635768,-77.5120688164,fruiting,5,417.19990386963036
2023-12-18,2023-09-24,46.4109663259,-81.0538988425,fruiting,5,228.08744659423905
2023-12-17,2023-09-24,43.96503399,-79.17940929,fruiting,5,325.311964416505
2023-12-16,2023-09-24,44.3093873511,-77.2297277016,fruiting,5,350.4104034423839
2023-12-16,2023-09-24,40.2592986812,-75.38139001,fruiting,5,479.6736541748062
2023-12-15,2023-09-24,41.1272272955,-76.7496394899,fruiting,5,384.65148315429815
2023-12-04,2023-09-24,39.839875,-77.240555,fruiting,5,502.0017745971694
2023-12-04,2023-09-24,39.83976667,-77.24069167,fruiting,5,502.0017745971694
2023-11-29,2023-09-24,40.5930098392,-74.5442613846,fruiting,5,466.7040161132826
2023-12-08,2023-09-24,40.30288143,-75.2441794526,fruiting,5,469.61493072509904
2023-12-06,2023-09-24,48.4587775862,-123.3241614509,fruiting,5,
2023-11-08,2023-09-24,32.3224033333,-90.17668,fruiting,5,732.0334106445323
2023-11-30,2023-09-24,40.7332126479,-75.351299066,fruiting,5,394.7392654418958
2023-11-28,2023-09-24,43.192359945,-77.5120654054,fruiting,5,398.2410797119153
2023-11-16,2023-09-24,40.9626977399,-76.8963844117,fruiting,5,363.70205535888783
2023-11-27,2023-09-24,39.8392126384,-77.2410901264,fruiting,5,488.3685150146498
2023-11-25,2023-09-24,43.1998166667,-79.911575,fruiting,5,358.61189270019645
2023-11-24,2023-09-24,42.4481527778,-79.1633333333,fruiting,5,321.4623260498058
2023-11-19,2023-09-24,40.4566781901,-78.5495823249,fruiting,5,319.93889617920036
2023-11-19,2023-09-24,43.2653576527,-79.7770368385,fruiting,5,389.51240539550895
2023-11-18,2023-09-24,43.7811977188,-79.2815983973,fruiting,5,370.20442199707145
2023-11-16,2023-09-24,40.4511678318,-3.7213205919,fruiting,5,572.0113357543958
2023-11-08,2023-09-24,44.3537111111,-78.2822944444,fruiting,5,312.5129028320322
2023-09-24,2023-09-24,44.51462524,-73.17269563,fruiting,5,12.306375122070335
2023-11-08,2023-09-24,42.9263916667,-81.2311783333,fruiting,5,329.0908615112314
2023-11-08,2023-09-24,44.3532666667,-78.2819833333,fruiting,5,312.5129028320322
2023-11-06,2023-09-24,43.5978683,-79.5124779,fruiting,5,369.1627990722666
2023-11-07,2023-09-24,45.0793699997,-80.0023810997,fruiting,5,300.19169921875095
2023-11-07,2023-09-24,43.9592622826,-79.6525236459,fruiting,5,309.54412841796966
2023-11-03,2023-09-24,43.2168499931,-77.4429420806,fruiting,5,354.6993011474618
2023-11-02,2023-09-24,43.1924679126,-77.5121627851,fruiting,5,352.22438507080165
2023-11-02,2023-09-24,44.35306424,-78.28210753,fruiting,5,304.12488708496176
2023-11-01,2023-09-24,44.3533027778,-78.2821305556,fruiting,5,304.12488708496176
2023-10-25,2023-09-24,-36.7534105192,-73.187656422,budding,5,
2023-10-25,2023-09-24,-36.7526049,-73.1850815,flowering,5,
2023-10-25,2023-09-24,-36.7513474182,-73.1874847606,budding,5,
2023-10-31,2023-09-24,43.5214822074,5.5128219724,fruiting,5,484.289288330079
2023-10-27,2023-09-24,-34.4507675698,-71.5543197538,flowering,5,290.5566162109383
2023-10-27,2023-09-24,-33.5351694444,-70.8131333333,fruiting,5,297.87235870361405
2023-10-28,2023-09-24,45.3105681623,4.7854839172,fruiting,5,394.9210205078133
2023-10-28,2023-09-24,-35.46995701,-71.55611074,flowering,5,297.2657012939461
2023-10-27,2023-09-24,44.4788978997,11.2974458,fruiting,5,508.6140502929695
2023-10-27,2023-09-24,43.4735638889,-80.5324055556,fruiting,5,280.1192230224617
2023-10-25,2023-09-24,43.5290216667,-71.4686883333,fruiting,5,246.5882522583015
2023-10-24,2023-09-24,45.2943774267,-122.7008901538,fruiting,5,319.8415237426765
2023-10-21,2023-09-24,44.41632,-78.2595533333,fruiting,5,252.91250305175845
2023-10-21,2023-09-24,-33.4670349661,150.1849435701,flowering,5,259.727696228028
2023-10-18,2023-09-24,46.9989298834,6.9431846511,fruiting,5,235.090194702149
2023-10-17,2023-09-24,45.3997526798,-75.805435934,fruiting,5,234.92175903320367
2023-10-12,2023-09-24,45.6591972362,-73.5430602064,fruiting,5,199.01206054687543
2023-10-09,2023-09-24,-33.8727865544,-70.9328023813,flowering,5,75.5776458740238
2023-10-10,2023-09-24,51.349822998,-2.3654921055,fruiting,5,174.3482925415043
2023-10-08,2023-09-24,43.1923937942,-77.5123410355,fruiting,5,195.07294464111362
2023-10-05,2023-09-24,44.4093027778,-78.7638944444,fruiting,5,159.66300506591824
2023-10-04,2023-09-24,40.048858983,116.0846651141,fruiting,5,125.68257293701197
2023-10-01,2023-09-24,45.6484397039,-73.5463568391,fruiting,5,84.20870666503924
2023-09-24,2023-09-24,-34.0829682001,151.0117755,flowering,5,10.035371398925804
2023-09-27,2023-09-24,47.1316693956,-88.6174798385,fruiting,5,44.26065673828134
2023-09-27,2023-09-24,49.1726875671,-119.5989973033,fruiting,5,26.545584106445403
2023-09-25,2023-09-24,42.2476212024,-83.6246238649,fruiting,5,25.027835083007858
2023-09-24,2023-09-24,-33.5417288884,-70.8117824793,fruiting,5,8.698388671875023
2023-09-24,2023-09-24,-33.541695,-70.8124616667,budding,5,8.698388671875023
2023-09-23,2023-09-24,39.8597219203,-76.9864908832,fruiting,5,9.844354248046898
2023-09-23,2023-09-24,51.526951,9.858573,fruiting,5,8.568208312988304
