observed_on,season_start,latitude,longitude,phenophase,t_base,gdd_cumulative
2025-09-18,2025-02-09,52.469129485,9.6253162622,fruiting,5,1973.9514083862268
2025-09-17,2025-02-09,55.9335255,-3.3998565,fruiting,5,1343.097474670411
2025-07-29,2025-02-09,46.4941297,6.4778855997,fruiting,5,1586.3057708740234
2025-07-29,2025-02-09,46.4918790997,6.4802707,fruiting,5,1586.3057708740234
2025-09-15,2025-02-09,50.976304434,-3.1464522531,fruiting,5,1801.155949401853
2025-09-12,2025-02-09,50.550147,30.2399939722,fruiting,5,2016.6876831054656
2025-09-14,2025-02-09,46.8854583333,15.9552516667,fruiting,5,2225.618658447261
2025-08-24,2025-02-09,42.9886389973,-1.9049454108,fruiting,5,1764.7772048950183
2025-09-13,2025-02-09,51.7937233167,-0.1165583333,fruiting,5,1920.6632751464813
2025-09-13,2025-02-09,47.2893409729,10.4321146011,fruiting,5,690.9116485595731
2025-09-08,2025-02-09,52.6330479176,-2.1599946629,fruiting,5,1731.7699523925762
2025-09-12,2025-02-09,42.8067366667,-1.6954966667,fruiting,5,2226.950781249996
2025-09-10,2025-02-09,54.6984244391,-1.218008548,flowering,5,1603.7742156982413
2025-09-09,2025-02-09,52.1921,0.1248,fruiting,5,1910.6108810424776
2025-09-09,2025-02-09,47.0948599856,14.4101971015,fruiting,5,1205.5387191772475
2025-09-07,2025-02-09,51.4432683167,0.2303266667,fruiting,5,1857.594114685056
2025-09-07,2025-02-09,50.0407055408,36.2800174579,fruiting,5,2048.0742599487276
2025-09-06,2025-02-09,47.4656033333,9.1627138333,fruiting,5,1842.8332595825168
2025-09-06,2025-02-09,49.391211602,20.4031173885,fruiting,5,1460.1893264770506
2025-09-05,2025-02-09,47.0619033333,16.37854,fruiting,5,2181.1605819702113
2025-05-21,2025-02-09,44.0125313165,27.7634590119,flowering,5,545.4506088256853
2025-09-03,2025-02-09,48.586937772,9.0341942036,fruiting,5,1748.9041137695294
2025-09-03,2025-02-09,47.1560763212,15.4327845014,fruiting,5,1597.4769744873038
2025-09-03,2025-02-09,46.8001166667,15.8506883333,fruiting,5,2106.856825256344
2025-09-03,2025-02-09,47.1784625661,15.4391879029,fruiting,5,1597.4769744873038
2025-09-03,2025-02-09,47.1904377652,15.4750378952,fruiting,5,1631.8179336547837
2025-09-02,2025-02-09,46.3629286997,13.7148717997,fruiting,5,1164.5460800170918
2025-09-02,2025-02-09,48.2636351,16.3414925997,fruiting,5,2057.365455627438
2025-09-01,2025-02-09,47.0854000915,11.4648545984,fruiting,5,692.03093261719
2025-09-01,2025-02-09,51.448575,-2.0510777778,fruiting,5,1738.7409805297834
2025-08-24,2025-02-09,46.94461,16.08102,fruiting,5,1946.114071655271
2025-08-31,2025-02-09,45.3737427286,4.4832332432,fruiting,5,1687.3868759155262
2025-08-30,2025-02-09,51.4536599833,-0.0185183167,fruiting,5,1823.4266601562476
2025-08-30,2025-02-09,52.1714506661,0.0998329069,fruiting,5,1792.1636535644511
2025-08-30,2025-02-09,55.9218075511,-3.2546733166,fruiting,5,1228.01896209717
2025-08-30,2025-02-09,55.9219762879,-3.2542550739,fruiting,5,1228.01896209717
2025-08-06,2025-02-09,45.7719688333,3.0833699444,fruiting,5,1472.3613815307617
2025-08-29,2025-02-09,52.4115527778,-1.5397333333,fruiting,5,1696.2972808837876
2025-08-29,2025-02-09,50.0372724307,36.2793361768,fruiting,5,1912.8839614868143
2025-08-28,2025-02-09,50.0387718491,36.2782948092,fruiting,5,1898.6660568237285
2025-08-14,2025-02-09,48.8003853489,-3.438421842,fruiting,5,1616.5442306518548
2025-08-27,2025-02-09,48.3988418579,6.7165236473,fruiting,5,1795.6593536376931
2025-08-27,2025-02-09,48.3276883333,14.34987,fruiting,5,1779.8510620117167
2025-08-27,2025-02-09,50.0366733394,36.2791504338,fruiting,5,1886.6957107543926
2025-08-26,2025-02-09,53.3588854735,-6.3104030483,fruiting,5,1531.950332641601
2025-08-24,2025-02-09,50.0389082575,36.2733170139,fruiting,5,1856.0978363037093
2025-08-24,2025-02-09,50.0390737839,36.272895398,fruiting,5,1856.0978363037093
2025-08-26,2025-02-09,45.26767181,4.88717577,fruiting,5,2192.0762100219695
2025-08-26,2025-02-09,53.229790192,-2.8881628532,fruiting,5,1615.25623474121
2025-08-26,2025-02-09,41.7654155,13.9429552,fruiting,5,1269.6796768188487
2025-08-26,2025-02-09,48.3799021,-0.0511578997,fruiting,5,1886.3134002685524
2025-08-25,2025-02-09,53.1631404022,-2.6666086167,fruiting,5,1569.1497390747063
2025-08-26,2025-02-09,53.2299018419,-2.887557596,fruiting,5,1615.25623474121
2025-08-26,2025-02-09,51.1220849997,-2.5141941,fruiting,5,1657.731816101073
2025-08-24,2025-02-09,46.955261,16.160038,fruiting,5,2004.564833068845
2025-08-25,2025-02-09,51.345075,12.3522966667,fruiting,5,1727.154791259764
2025-08-25,2025-02-09,46.87787,16.00384,fruiting,5,1933.155393981931
2025-08-25,2025-02-09,54.2070180674,-0.8031404033,fruiting,5,1450.430223083496
2025-08-24,2025-02-09,51.0648714954,-2.6214581034,fruiting,5,1642.6333099365224
2025-07-29,2025-02-09,45.7563018611,3.2420599444,fruiting,5,1472.3387054443365
2025-08-24,2025-02-09,47.1333103065,15.5316685152,fruiting,5,1664.6978042602527
2025-08-24,2025-02-09,47.8036694444,13.4528166667,fruiting,5,1308.6123214721692
2025-08-24,2025-02-09,50.5201088,9.1773071,fruiting,5,1485.8164733886715
2025-08-24,2025-02-09,50.5660699967,21.8698119745,fruiting,5,1686.537413024901
2025-08-24,2025-02-09,53.3426785512,-1.9480235577,fruiting,5,1257.9474395751968
2025-08-23,2025-02-09,48.0226758,7.2915105,fruiting,5,1857.1180801391579
2025-08-23,2025-02-09,52.1058153335,0.2265529458,fruiting,5,1665.562268066405
2025-08-23,2025-02-09,52.0957305844,-1.8331849503,fruiting,5,1652.1025177001943
2025-08-23,2025-02-09,41.5576704442,1.5006731451,fruiting,5,2285.6503128051727
2025-08-22,2025-02-09,52.3797,-1.7022,fruiting,5,1582.8649490356438
2025-08-22,2025-02-09,45.4914801997,17.6493888,fruiting,5,1943.5428604125955
2025-06-08,2025-02-09,49.5200250611,34.4884104759,flowering,5,659.786703491213
2025-08-16,2025-02-09,55.77933166,37.76868105,fruiting,5,1404.0009979248048
2025-08-22,2025-02-09,46.8884720793,15.5131263938,fruiting,5,1785.9442535400372
2025-08-22,2025-02-09,54.661903497,-1.190119274,fruiting,5,1384.1996932983407
2025-08-22,2025-02-09,55.9375045,-3.2616557,fruiting,5,1145.705320739749
2025-08-21,2025-02-09,52.2861829,-2.8072015,fruiting,5,1474.2608428955077
2025-08-21,2025-02-09,50.0362196013,36.2793807685,fruiting,5,1815.0471496582018
2025-08-21,2025-02-09,49.0630629997,18.2867379997,fruiting,5,1555.1740859985348
2025-08-08,2025-02-09,54.935525,21.9493583333,fruiting,5,1228.385643005373
2025-08-20,2025-02-09,54.5207952401,-1.5810401861,fruiting,5,1293.5476181030285
2025-08-20,2025-02-09,53.592985577,-3.0546075851,fruiting,5,
2025-08-20,2025-02-09,52.4369301997,-2.8319584997,fruiting,5,1405.556321716309
2025-08-20,2025-02-09,50.0364424869,36.2795815989,fruiting,5,1798.4000228881823
2025-08-19,2025-02-09,53.1998527778,-1.06875,fruiting,5,1474.9960159301759
2025-08-17,2025-02-09,52.1780305356,-0.1579303108,fruiting,5,1618.6235702514641
2025-08-18,2025-02-09,55.8563378167,-3.3369604,fruiting,5,1112.7949447631868
2025-05-28,2025-02-09,47.8658210742,16.836956124,flowering,5,583.1640029907245
2025-08-17,2025-02-09,51.5952833333,0.0104683333,fruiting,5,1662.093450927733
2025-08-16,2025-02-09,41.2251479644,20.9031572565,fruiting,5,1632.2726196289059
2025-08-16,2025-02-09,46.8250367464,18.8651406672,fruiting,5,2080.920600891111
2025-08-15,2025-02-09,52.6136679633,1.3036524827,fruiting,5,1507.3665512084958
2025-08-09,2025-02-09,48.3023577724,16.2946669188,fruiting,5,1664.3889099121084
2025-05-03,2025-02-09,41.8919149722,2.5239276944,budding,5,373.9024810791034
2025-08-15,2025-02-09,50.0364125536,36.2793968618,fruiting,5,1727.1305297851554
2025-08-05,2025-02-09,50.7885881301,-1.0352067845,fruiting,5,
2025-08-14,2025-02-09,40.7528927448,-8.3902043073,fruiting,5,2161.7497131347627
2025-08-14,2025-02-09,45.6811218262,2.9987998009,fruiting,5,1439.241757202149
2025-08-14,2025-02-09,50.03927,36.272591,fruiting,5,1714.176777648925
2025-08-12,2025-02-09,50.9405379722,24.2884169722,fruiting,5,1420.312519836426
2025-08-12,2025-02-09,51.43475,-0.9041966667,fruiting,5,1535.484222412109
2025-08-12,2025-02-09,51.3393906167,-3.11095395,fruiting,5,
2025-08-11,2025-02-09,46.7555288565,15.3778560902,fruiting,5,1746.4195953369126
2025-08-11,2025-02-09,46.8076578,15.8887602,fruiting,5,1761.8019348144517
2025-08-10,2025-02-09,53.700562,-2.739805,fruiting,5,1260.5924514770522
2025-08-11,2025-02-09,50.0404105394,36.2739516422,flowering,5,1674.3312835693355
2025-08-04,2025-02-09,50.7352611111,7.1067611111,fruiting,5,1486.636589050293
2025-08-10,2025-02-09,40.1106563277,-7.716403529,fruiting,5,2130.803143310545
2025-08-10,2025-02-09,48.9794494891,9.2125520146,fruiting,5,1632.4094268798817
2025-05-11,2025-02-09,51.5017861167,11.90521945,budding,5,344.34889221191554
2025-08-09,2025-02-09,49.61777967,6.11637379,fruiting,5,1408.5815231323245
2025-08-07,2025-02-09,50.8103307,4.4053829,fruiting,5,1563.4350067138666
2025-08-08,2025-02-09,51.665750769,-3.9025269449,fruiting,5,1300.164112854005
2025-08-07,2025-02-09,50.8106077997,4.4164151,fruiting,5,1563.4350067138666
2025-08-07,2025-02-09,50.8092624,4.4192726,fruiting,5,1563.4350067138666
2025-08-07,2025-02-09,47.4222099977,15.8493668101,fruiting,5,1134.3152877807638
2025-08-06,2025-02-09,51.492805,-0.111889,fruiting,5,1476.1195999145507
2025-08-06,2025-02-09,53.9403199,-1.0917787,fruiting,5,1270.8773925781265
2025-08-05,2025-02-09,50.8177027997,4.3953363,fruiting,5,1537.106748962402
2025-07-30,2025-02-09,50.9836499476,5.8883711323,fruiting,5,1486.982763671875
2025-08-03,2025-02-09,53.338159,-6.2658512,fruiting,5,1157.6487289428737
2025-07-29,2025-02-09,40.0141982778,-8.3357295833,fruiting,5,1809.6391845703115
2025-07-31,2025-02-09,50.4684648767,4.8362360895,fruiting,5,1405.663932800293
2025-08-01,2025-02-09,49.0157583865,37.572545819,fruiting,5,1697.6614089965815
2025-05-31,2025-02-09,55.3913138889,10.3844694444,flowering,5,426.21162872314653
2025-07-29,2025-02-09,42.6246133333,-0.1114361667,fruiting,5,971.0201431274439
2025-07-31,2025-02-09,51.1087342,-1.4920956,fruiting,5,1357.5151397705085
2025-07-26,2025-02-09,50.896841,24.476607,fruiting,5,1170.3967834472678
2025-07-26,2025-02-09,50.897817,24.475248,flowering,5,1170.3967834472678
2025-07-29,2025-02-09,45.7563018611,3.2420599444,fruiting,5,1472.3387054443365
2025-05-27,2025-02-09,49.7444944444,6.6248944444,budding,5,431.27399139404486
2025-07-26,2025-02-09,50.9012777,24.4743428997,fruiting,5,1170.3967834472678
2025-07-29,2025-02-09,51.468404367,6.9607880339,fruiting,5,1441.2416107177737
2025-07-28,2025-02-09,56.003537,-3.515882,fruiting,5,995.8676910400424
2025-07-28,2025-02-09,43.0210822303,-7.4788813141,fruiting,5,1435.8148834228523
2025-07-26,2025-02-09,47.3589565997,19.8289615997,fruiting,5,1661.073072814941
2025-07-28,2025-02-09,50.040347017,36.2740720063,fruiting,5,1437.704164123536
2025-07-27,2025-02-09,55.9371933,-3.2602496,fruiting,5,883.0423171997103
2025-07-26,2025-02-09,50.888845,24.4708369722,fruiting,5,1170.3967834472678
2025-07-25,2025-02-09,43.844270812,10.3480535746,fruiting,5,1946.512850952147
2025-07-12,2025-02-09,38.9120521389,-9.3697366667,flowering,5,1649.546041870116
2025-07-27,2025-02-09,57.0616836548,9.9078483582,fruiting,5,1051.8354278564484
2025-07-26,2025-02-09,51.40667665,-1.5046183333,fruiting,5,1237.2080169677752
2025-07-26,2025-02-09,51.4244888889,6.7100555556,fruiting,5,1430.2361587524415
2025-07-26,2025-02-09,46.6869724791,15.9663930518,fruiting,5,1560.3142929077148
2025-07-25,2025-02-09,50.0399047263,36.2724878266,fruiting,5,1380.8216445922862
2025-07-20,2025-02-09,48.3397354251,14.309566389,fruiting,5,1232.7773269653335
2025-07-24,2025-02-09,43.9854313,3.8282107997,fruiting,5,1686.5136703491212
2025-07-24,2025-02-09,53.8265289785,-1.5179780032,fruiting,5,1080.6065551757843
2025-07-23,2025-02-09,47.1762138889,12.9252472222,flowering,5,473.4502120971698
2025-07-23,2025-02-09,52.2108616667,0.1225166667,fruiting,5,1280.9805435180679
2025-07-23,2025-02-09,51.4022722222,6.6446055556,fruiting,5,1387.3611022949226
2025-07-22,2025-02-09,50.84335,24.3076299722,fruiting,5,1116.7293289184595
2025-07-19,2025-02-09,42.051283721,13.92209723,fruiting,5,1258.9726776123061
2025-07-22,2025-02-09,50.8482569722,24.3002959722,fruiting,5,1116.7293289184595
2025-07-21,2025-02-09,50.0366757082,36.279444471,fruiting,5,1309.8977035522475
2025-05-20,2025-02-09,46.9485104403,16.1039422272,flowering,5,456.6934539794938
2025-05-22,2025-02-09,51.489451,-0.316255,flowering,5,476.87197265625184
2025-07-08,2025-02-09,43.3376416978,17.8149066157,fruiting,5,1301.4061355590839
2025-07-18,2025-02-09,50.851618,24.2721249722,fruiting,5,1056.0261199951196
2025-07-18,2025-02-09,50.8503313,24.2719903997,fruiting,5,1056.0261199951196
2025-07-18,2025-02-09,50.850932,24.2850789722,fruiting,5,1056.0261199951196
2025-07-18,2025-02-09,46.7535652505,15.373175852,fruiting,5,1363.9703170776374
2025-07-16,2025-02-09,52.0973601091,-2.3119076651,fruiting,5,1130.2714660644556
2025-07-17,2025-02-09,52.562025298,-0.2745663375,flowering,5,1179.83963775635
2025-07-16,2025-02-09,47.2787326866,14.7755331349,fruiting,5,702.6628387451194
2025-07-16,2025-02-09,51.4987838524,3.6109979823,fruiting,5,1214.9137756347673
2025-07-13,2025-02-09,44.8926013889,11.67281,fruiting,5,1754.7902038574216
2025-07-12,2025-02-09,44.7804297222,11.3721680556,fruiting,5,1764.7853958129876
2025-06-09,2025-02-09,48.0933302,16.2634088,flowering,5,658.2406845092794
2025-07-10,2025-02-09,50.0391196179,36.2732747197,fruiting,5,1100.491299438479
2025-07-09,2025-02-09,49.0385483,6.3447669,fruiting,5,1160.4030609130878
2025-07-07,2025-02-09,42.1592475715,1.7719742283,flowering,5,737.5151199340843
2025-07-05,2025-02-09,48.2116816696,16.5263121575,fruiting,5,1188.220744323732
2025-07-05,2025-02-09,51.4651066667,-0.1844883167,fruiting,5,1035.1358322143583
2025-07-04,2025-02-09,48.307943,24.8308679722,flowering,5,535.3803817749044
2025-07-03,2025-02-09,40.1034732317,22.498366995,fruiting,5,1006.568110656741
2025-06-30,2025-02-09,54.42837902,18.58226487,flowering,5,674.4530487060571
2025-07-03,2025-02-09,47.1757779375,16.3528570533,fruiting,5,1066.9993591308616
2025-07-02,2025-02-09,57.2557030979,9.6195646669,flowering,5,
2025-07-01,2025-02-09,47.0225437863,15.3975588083,fruiting,5,953.8115463256862
2025-07-01,2025-02-09,50.7220798695,7.055818364,fruiting,5,1014.3813873291043
2025-06-29,2025-02-09,45.433255,9.1347805,fruiting,5,1399.072103881837
2025-06-29,2025-02-09,41.05888735,14.4027663767,fruiting,5,1420.7960601806653
2025-06-29,2025-02-09,41.7355080997,14.0319827997,flowering,5,720.9311141967797
2025-06-28,2025-02-09,43.1848611422,-1.5079459233,fruiting,5,1091.2165374755887
2025-06-28,2025-02-09,56.0751713167,-3.1932521667,flowering,5,671.2784805297878
2025-06-28,2025-02-09,56.0750234667,-3.1980201167,flowering,5,671.2784805297878
2025-06-28,2025-02-09,48.3970533333,15.5205416667,fruiting,5,802.5727630615258
2025-06-28,2025-02-09,48.397055,15.5206033333,fruiting,5,802.5727630615258
2025-06-22,2025-02-09,46.3338139,-0.4644206,fruiting,5,1159.4491485595727
2025-06-26,2025-02-09,52.305525,-0.0084333333,fruiting,5,883.85709075928
2025-06-19,2025-02-09,49.6284263969,6.2031406548,flowering,5,714.8229537963891
2025-06-20,2025-02-09,50.8011495,8.8074425,flowering,5,694.9970458984399
2025-06-19,2025-02-09,43.379066244,-5.8659840748,flowering,5,963.7904342651397
2025-06-22,2025-02-09,42.7016987857,0.8634627608,flowering,5,257.6633682250988
2025-05-24,2025-02-09,46.9485104403,16.1039422272,flowering,5,489.43216094970876
2025-06-06,2025-02-09,52.1535972222,9.9308444444,flowering,5,573.744140625002
2025-06-23,2025-02-09,56.8622434,-2.4263032,flowering,5,491.27568969726815
2025-06-18,2025-02-09,46.4314339363,6.9399821771,flowering,5,501.1955657959005
2025-06-23,2025-02-09,45.5461492,11.5506592,fruiting,5,1145.3693008422874
2025-06-22,2025-02-09,52.5149787248,17.1427897364,flowering,5,718.9701690673851
2025-06-22,2025-02-09,47.159713716,15.4071259126,flowering,5,622.2924453735374
2025-06-22,2025-02-09,50.5544101936,30.1367086425,fruiting,5,769.5044982910179
2025-05-11,2025-02-09,44.1188707366,10.4702496529,flowering,5,348.4622451782245
2025-06-19,2025-02-09,47.0256504153,14.7311663511,flowering,5,316.04775695800924
2025-06-19,2025-02-09,47.0256504153,14.7311663511,flowering,5,316.04775695800924
2025-06-17,2025-02-09,50.9823317277,24.3632652285,flowering,5,637.9165527343771
2025-06-21,2025-02-09,55.9256728759,8.4189146385,flowering,5,562.390078735354
2025-06-21,2025-02-09,55.9691178,-3.6267383,flowering,5,585.929173278811
2025-06-16,2025-02-09,52.1004431,23.7838028,flowering,5,666.574073791506
2025-06-19,2025-02-09,47.4620730624,16.221018612,flowering,5,653.0846267700217
2025-06-20,2025-02-09,59.8700722222,17.6247222222,flowering,5,438.73740386963084
2025-06-19,2025-02-09,48.2591107255,16.117080655,flowering,5,802.6693801879906
2025-06-19,2025-02-09,52.5273,-2.7969535,flowering,5,606.2279342651391
2025-06-19,2025-02-09,47.2747644156,14.7743992048,flowering,5,384.3908172607438
2025-06-18,2025-02-09,50.8454685,24.2659528,flowering,5,641.8686431884787
2025-06-18,2025-02-09,52.0726796797,1.2546023912,flowering,5,717.7777999877954
2025-06-18,2025-02-09,54.9713897705,12.3866224289,flowering,5,528.9559997558616
2025-06-17,2025-02-09,45.8635399,8.7616208,flowering,5,859.8760574340847
2025-06-16,2025-02-09,54.6758996661,20.5733729526,flowering,5,513.6605331420919
2025-05-13,2025-02-09,52.3529162949,-1.9723431062,flowering,5,335.23277435302896
2025-06-16,2025-02-09,53.6957898,-2.8126843,flowering,5,652.4313522338892
2025-06-15,2025-02-09,50.510075,30.7133633333,flowering,5,709.8387069702169
2025-06-15,2025-02-09,50.8129065997,8.7709673997,flowering,5,629.8128723144554
2025-06-15,2025-02-09,56.6996638889,-3.7309555556,flowering,5,340.8235244750997
2025-06-14,2025-02-09,47.9318638889,13.3422944444,flowering,5,500.121452331545
2025-06-15,2025-02-09,56.2047639,15.6639841,flowering,5,394.9286926269551
2025-06-14,2025-02-09,51.3083394999,12.4249209333,flowering,5,663.7577545166038
2025-06-13,2025-02-09,41.6767141841,-2.6323526194,flowering,5,600.8141006469749
2025-06-13,2025-02-09,51.0996005378,17.2194224596,flowering,5,652.9366378784201
2025-06-13,2025-02-09,53.9211522,27.4866142997,flowering,5,457.6359970092791
2025-06-13,2025-02-09,50.036086,36.279994,flowering,5,717.2473922729513
2025-06-13,2025-02-09,43.598716571,-8.1539352704,fruiting,5,1071.2128448486355
2025-06-10,2025-02-09,53.45275,-2.3379590997,flowering,5,554.2117019653343
2025-05-16,2025-02-09,49.982063,7.901722,flowering,5,387.3332931518571
2025-06-08,2025-02-09,42.7150616667,-0.2999083333,flowering,5,242.68525085449346
2025-06-12,2025-02-09,47.2531183333,10.8949641667,flowering,5,188.64778747558705
2025-06-11,2025-02-09,47.7723580396,14.9581336097,flowering,5,380.8715179443377
2025-06-06,2025-02-09,42.0579723548,12.942287894,flowering,5,678.8421127319363
2025-06-11,2025-02-09,50.0266583167,19.2067466667,flowering,5,575.204881286623
2025-06-11,2025-02-09,52.1174016227,15.9950775281,flowering,5,641.0428909301779
2025-06-11,2025-02-09,53.91277081,27.60701281,flowering,5,444.69471740722827
2025-06-11,2025-02-09,42.4559022366,13.9304337278,flowering,5,794.8115768432643
2025-06-04,2025-02-09,53.0146472222,-4.0950916667,flowering,5,442.16356658935763
2025-06-10,2025-02-09,50.19488165,19.83093665,flowering,5,525.7708572387714
2025-06-10,2025-02-09,55.97651,-3.301975,flowering,5,472.36181945801
2025-06-09,2025-02-09,45.8180079,14.3846606,flowering,5,529.7883941650412
2025-06-09,2025-02-09,55.9476194444,-3.1266666667,flowering,5,413.4981933593772
2025-06-07,2025-02-09,52.9470606,8.2091618,flowering,5,611.8685028076193
2025-06-08,2025-02-09,50.1628337196,-5.0582970958,flowering,5,689.5136840820338
2025-05-14,2025-02-09,47.8324950933,16.8074770644,flowering,5,474.4694473266617
2025-06-01,2025-02-09,47.7369154605,16.7969229072,flowering,5,665.2715454101582
2025-06-07,2025-02-09,40.7380382,-8.0988741,flowering,5,894.2797607421902
2025-06-04,2025-02-09,53.4162645383,-2.8343608718,flowering,5,555.9402557373069
2025-06-07,2025-02-09,48.8990339078,8.7073547021,flowering,5,607.7940521240256
2025-06-03,2025-02-09,52.6437362323,1.1650510532,flowering,5,535.8432983398459
2025-06-06,2025-02-09,48.3799247742,11.7243347168,flowering,5,587.849740600588
2025-06-06,2025-02-09,41.9307330047,2.2689124718,flowering,5,698.9836532592799
2025-06-03,2025-02-09,56.1401472222,10.2080888889,flowering,5,427.2561691284201
2025-06-06,2025-02-09,47.2747735586,14.7744579155,flowering,5,247.12148742675913
2025-05-29,2025-02-09,48.24765,11.577067,flowering,5,449.42064971924015
2025-06-05,2025-02-09,46.8356166667,15.7198633333,flowering,5,627.8632995605489
2025-06-05,2025-02-09,44.1118925425,5.4105030766,flowering,5,511.03407897949444
2025-06-04,2025-02-09,51.7492425,-0.3010481997,flowering,5,583.4754989624045
2025-06-04,2025-02-09,53.95029024,-1.0570911993,flowering,5,469.7171203613302
2025-06-04,2025-02-09,53.9502817942,-1.0571023193,flowering,5,469.7171203613302
2025-06-04,2025-02-09,53.950284869,-1.0571324522,flowering,5,469.7171203613302
2025-06-04,2025-02-09,53.9502434456,-1.057193563,flowering,5,469.7171203613302
2025-06-04,2025-02-09,46.64949,32.6419916667,flowering,5,719.1111373901387
2025-06-04,2025-02-09,50.0400946491,36.2768269703,flowering,5,579.2580139160175
2025-05-18,2025-02-09,42.7225027778,-2.6991666667,flowering,5,390.7715637207052
2025-06-01,2025-02-09,40.51457975,-8.4529065833,flowering,5,1054.2822540283228
2025-06-03,2025-02-09,49.6411825171,10.7049231604,flowering,5,520.3864379882832
2025-06-02,2025-02-09,50.1880181139,15.8526647555,flowering,5,496.65083465576356
2025-06-02,2025-02-09,55.9369527,-3.2693397,flowering,5,364.1275909423848
2025-06-01,2025-02-09,41.0584570661,-3.5307141021,flowering,5,355.0785156250017
2025-06-01,2025-02-09,41.9655111111,2.3220305556,flowering,5,631.0707977294946
2025-06-01,2025-02-09,48.0456326623,16.3259355538,flowering,5,556.9198638916034
2025-05-31,2025-02-09,49.9880038129,7.8708172839,flowering,5,524.5877716064473
2025-05-31,2025-02-09,50.0386903334,36.2072999004,flowering,5,525.7894256591815
2025-05-31,2025-02-09,48.3278466667,14.3498166667,flowering,5,484.88075103759957
2025-05-31,2025-02-09,46.1541045,11.7318897,flowering,5,96.32140960693437
2025-05-30,2025-02-09,48.331077,30.5307729722,flowering,5,540.6685531616229
2025-05-30,2025-02-09,47.1724967778,20.0002689167,flowering,5,636.2277404785175
2025-05-30,2025-02-09,50.0360531363,36.2696728483,flowering,5,508.80764312744316
2025-05-30,2025-02-09,53.5064433333,-1.396895,fruiting,5,455.3207977294942
2025-05-30,2025-02-09,47.8583659722,9.4472149722,budding,5,375.37502441406434
2025-05-30,2025-02-09,47.0750527778,-1.2520555556,flowering,5,735.0594497680688
2025-05-30,2025-02-09,49.0094640876,8.4921344131,flowering,5,583.1527404785178
2025-05-28,2025-02-09,48.526605,2.571664,flowering,5,640.400230407717
2025-05-29,2025-02-09,50.034658,36.274267,flowering,5,494.7531906127947
2025-05-28,2025-02-09,48.1972381534,16.4304572695,flowering,5,533.301527404787
2025-05-28,2025-02-09,48.8348416657,2.4230858311,flowering,5,638.0111923217795
2025-05-02,2025-02-09,46.3771277,-0.0678022997,budding,5,445.5602340698259
2025-05-28,2025-02-09,50.0362443664,36.2790941074,flowering,5,482.59732818603686
2025-05-26,2025-02-09,46.58829,-0.2572996,flowering,5,658.7376205444358
2025-05-23,2025-02-09,51.4735444444,-0.2540805556,flowering,5,483.5640213012714
2025-05-28,2025-02-09,49.018177504,9.072671412,flowering,5,518.5585144042989
2025-05-23,2025-02-09,49.8775787222,19.2237586944,flowering,5,339.7340728759781
2025-04-19,2025-02-09,39.7614852323,-8.7289220095,flowering,5,525.9424972534196
2025-05-27,2025-02-09,47.5420259163,7.8623663262,flowering,5,483.5483505249043
2025-05-27,2025-02-09,48.8338775635,14.352230072,flowering,5,333.3884155273454
2025-05-27,2025-02-09,48.4572083591,36.4347299561,flowering,5,533.3782073974627
2025-05-27,2025-02-09,42.3057939997,2.170182,flowering,5,197.16127014160293
2025-05-25,2025-02-09,49.5957584,32.6602723997,flowering,5,446.5075332641618
2025-05-26,2025-02-09,48.3281216667,16.3278966667,flowering,5,498.2108322143572
2025-05-26,2025-02-09,52.200105,20.951959,flowering,5,410.90466003418135
2025-05-26,2025-02-09,50.0366113194,36.2790035829,flowering,5,450.089138793947
2025-05-26,2025-02-09,50.0363070329,36.2789338455,flowering,5,450.089138793947
2025-05-25,2025-02-09,48.016806,16.195308,budding,5,432.40885162353686
2025-05-25,2025-02-09,41.8548499768,1.937883374,flowering,5,618.3400177001977
2025-05-25,2025-02-09,50.039277,36.273339,flowering,5,432.83970184326336
2025-05-25,2025-02-09,50.0391777585,36.273548305,flowering,5,432.83970184326336
2025-05-22,2025-02-09,50.486538,30.321199,budding,5,378.8809249877945
2025-05-25,2025-02-09,44.4466333333,11.3550916667,flowering,5,708.4546554565452
2025-05-25,2025-02-09,52.40043211,11.16787715,flowering,5,437.2983230590838
2025-05-25,2025-02-09,48.4404337965,34.9939135741,flowering,5,487.6127761840837
2025-05-22,2025-02-09,50.4678479722,30.3246549722,budding,5,378.8809249877945
2025-05-24,2025-02-09,50.0339475176,14.4817252349,flowering,5,383.85899353027514
2025-05-25,2025-02-09,48.3997230991,9.9740194453,flowering,5,378.5196945190447
2025-05-25,2025-02-09,48.052295,7.9107066667,flowering,5,470.01431274414256
2025-05-25,2025-02-09,42.6956882038,-0.3247894733,fruiting,5,119.20527954101658
2025-05-24,2025-02-09,49.8325225996,34.5800216496,flowering,5,423.9514862060563
2025-05-24,2025-02-09,51.1736771167,-0.7454826333,flowering,5,470.6647918701191
2025-05-24,2025-02-09,41.75180638,2.12226035,flowering,5,534.8829498291038
2025-05-23,2025-02-09,46.9802093506,-1.0030050275,flowering,5,633.1687789917014
2025-05-23,2025-02-09,50.9662055969,3.6545681953,flowering,5,550.3620025634784
2025-05-23,2025-02-09,46.971106686,-1.299729757,flowering,5,656.6273773193382
2025-05-23,2025-02-09,42.0633728997,2.5295149,flowering,5,478.31737060547096
2025-05-23,2025-02-09,51.7364516667,0.4474866667,flowering,5,441.20350952148624
2025-05-23,2025-02-09,42.8270508067,-1.6070937204,flowering,5,515.8386016845725
2025-05-23,2025-02-09,52.2222266667,20.9759133333,flowering,5,388.2128982543961
2025-05-22,2025-02-09,49.0048141478,8.5275087356,flowering,5,504.7703887939473
2025-05-22,2025-02-09,52.8000289,-1.4570788997,flowering,5,403.49745483398624
2025-05-22,2025-02-09,49.4485439498,28.5226559266,budding,5,358.7781692504898
2025-05-22,2025-02-09,41.97538724,13.95692249,flowering,5,210.1704940795912
2025-05-21,2025-02-09,51.9609043821,5.6840686128,flowering,5,500.43504943847836
2025-05-21,2025-02-09,46.9553512197,32.0155224233,flowering,5,464.5068725585953
2025-05-21,2025-02-09,47.4981549,18.9934155,flowering,5,472.71126708984536
2025-05-17,2025-02-09,45.2442575173,1.0354327673,flowering,5,656.3870391845725
2025-05-20,2025-02-09,45.4589430447,4.5038446784,flowering,5,370.68192138672066
2025-05-20,2025-02-09,52.62229494,13.15852345,budding,5,398.24682769775563
2025-05-20,2025-02-09,45.3676773789,11.2013128001,flowering,5,686.8667938232443
2025-05-20,2025-02-09,48.9022388889,8.4719055556,flowering,5,425.95729522705255
2025-05-20,2025-02-09,55.9436694833,-3.2443570667,flowering,5,282.1632019042986
2025-05-19,2025-02-09,49.66509,8.1009025,flowering,5,389.834288024904
2025-05-20,2025-02-09,52.70340855,1.61263673,flowering,5,361.5843841552753
2025-05-20,2025-02-09,46.4574208437,6.8566060066,flowering,5,256.4869552612321
2025-05-17,2025-02-09,41.9475971182,1.0296550361,flowering,5,578.0385833740256
2025-05-18,2025-02-09,50.547839,30.164372,budding,5,342.79630889892724
2025-05-19,2025-02-09,48.2160358822,16.9773140651,flowering,5,460.881080627443
2025-05-19,2025-02-09,49.828422,8.7170269722,flowering,5,420.6779266357439
2025-05-19,2025-02-09,55.9478529,-3.1964218,budding,5,274.93470001220874
2025-05-17,2025-02-09,43.1728514773,-1.864549735,flowering,5,558.6085708618185
2025-05-18,2025-02-09,45.7012429869,9.5781963918,flowering,5,515.4103149414083
2025-05-18,2025-02-09,38.6567655804,-8.3914937451,flowering,5,892.7474121093773
2025-05-18,2025-02-09,45.5281028152,9.7306963149,flowering,5,586.262322998049
2025-05-18,2025-02-09,53.3529631997,-2.8454559,flowering,5,409.16048278808773
2025-05-18,2025-02-09,49.3155031046,8.6476394255,budding,5,477.9051025390644
2025-05-17,2025-02-09,45.6659470272,9.6430718154,flowering,5,507.03667907715044
2025-05-18,2025-02-09,52.82501788,11.45106534,flowering,5,398.22218780517744
2025-05-17,2025-02-09,51.0793388333,7.0099083333,flowering,5,474.1639007568376
2025-05-17,2025-02-09,45.7589527778,11.7236472222,flowering,5,345.11382446289235
2025-05-17,2025-02-09,51.5384983333,-0.4768116667,flowering,5,442.91050262451347
2025-05-17,2025-02-09,51.0198137493,6.9619906597,flowering,5,474.0561004638689
2025-05-13,2025-02-09,51.0631109722,24.4737059722,budding,5,302.93905029297
2025-05-13,2025-02-09,51.0642929722,24.471312,budding,5,302.93905029297
2025-05-16,2025-02-09,47.8272846471,1.9122031725,flowering,5,537.4528594970723
2025-05-16,2025-02-09,47.9284189722,16.1959449722,flowering,5,377.9902282714859
2025-05-13,2025-02-09,51.054667,24.478287,budding,5,302.93905029297
2025-05-16,2025-02-09,43.2450386029,-5.9832579643,flowering,5,291.57678375244325
2025-05-16,2025-02-09,45.7677009438,9.1469593719,flowering,5,439.1913513183613
2025-05-16,2025-02-09,50.42469011,7.5251630379,flowering,5,398.07536163330246
2025-05-10,2025-02-09,48.178906,16.307079,budding,5,358.4098434448256
2025-05-15,2025-02-09,53.7599967333,-2.70521835,budding,5,343.61670227050956
2025-05-14,2025-02-09,46.1865440738,21.3122675568,flowering,5,510.3744308471695
2025-05-14,2025-02-09,47.7000416667,16.9015,flowering,5,481.28720550537264
2025-05-13,2025-02-09,47.7325683843,16.3863402917,flowering,5,348.9910568237319
2025-05-14,2025-02-09,44.8832109524,13.8330229372,flowering,5,
2025-05-13,2025-02-09,47.2972180341,11.0738328472,flowering,5,63.43024291992242
2025-05-12,2025-02-09,50.6297670429,4.7832695022,flowering,5,407.60651245117344
2025-05-13,2025-02-09,47.2747245258,14.77436863,budding,5,118.56554412841876
2025-05-13,2025-02-09,43.9111016667,4.87211,flowering,5,668.4541992187521
2025-05-13,2025-02-09,53.7264056833,-2.7819437,flowering,5,357.9635803222674
2025-05-02,2025-02-09,48.224109,16.415476,flowering,5,328.67581634521605
2025-05-12,2025-02-09,46.9770183333,15.7325766667,budding,5,340.895857238771
2024-05-12,2024-02-16,48.9000191532,9.1027983286,flowering,5,425.4543380737323
2025-05-10,2025-02-09,51.2853857667,6.6992926167,flowering,5,411.7193496704117
2025-05-11,2025-02-09,45.5904376867,8.0527163297,flowering,5,284.0331634521499
2025-05-03,2025-02-09,42.3526638889,1.4592722222,flowering,5,114.71521148681722
2025-05-10,2025-02-09,45.5562059931,4.5916129276,flowering,5,360.9314773559588
2025-05-11,2025-02-09,44.6726914,10.6547552,flowering,5,546.4871810913105
2025-05-10,2025-02-09,54.2640676917,10.0615991095,budding,5,259.0763305664077
2025-05-10,2025-02-09,52.7823049053,-1.5852475539,budding,5,303.8486557006852
2025-05-10,2025-02-09,52.174796,-8.4643049722,flowering,5,356.44298858642765
2025-05-10,2025-02-09,42.5431965402,-1.3354604691,flowering,5,472.72948760986526
2025-05-08,2025-02-09,52.1515833333,9.9126833333,budding,5,290.73861083984514
2024-08-04,2024-02-16,42.5908571732,0.3345329207,fruiting,5,757.0671051025414
2025-04-25,2025-02-09,49.8805965997,19.2291999997,budding,5,192.99410858154386
2025-05-09,2025-02-09,53.2238921042,10.5367157912,flowering,5,300.1807540893569
2025-05-09,2025-02-09,55.9410311833,-3.2633304167,flowering,5,202.93221893310692
2025-05-09,2025-02-09,48.2551615669,16.4315426722,flowering,5,379.94770660400525
2025-05-08,2025-02-09,45.7793170749,8.7168885049,flowering,5,440.25873718261903
2025-05-08,2025-02-09,46.9380083333,-0.9990966667,flowering,5,485.35225677490416
2025-05-08,2025-02-09,48.2381790752,16.4122736827,flowering,5,373.32268371582165
2025-05-08,2025-02-09,47.2612304688,-1.5228559971,flowering,5,509.53676147461124
2025-05-07,2025-02-09,47.6257907469,19.3479045108,flowering,5,371.66895599365364
2025-05-07,2025-02-09,55.9413005833,-3.2623374,flowering,5,192.04373474121235
2025-05-07,2025-02-09,45.8228801843,15.9687345475,flowering,5,408.9127395629898
2025-04-28,2025-02-09,46.6969439327,15.9572845184,budding,5,310.98246917724725
2025-05-06,2025-02-09,47.9218104473,16.7608418316,flowering,5,395.9830154418959
2025-04-26,2025-02-09,46.9044704614,15.3990244453,budding,5,228.835906982423
2025-05-05,2025-02-09,55.92022695,-3.2522668833,flowering,5,185.78734588623183
2025-05-05,2025-02-09,45.62461518,11.5287419,flowering,5,492.75586242675956
2025-05-05,2025-02-09,48.3347954078,16.7293225229,flowering,5,374.5994659423841
2025-04-26,2025-02-09,46.903112703,15.4013173184,flowering,5,228.835906982423
2025-04-26,2025-02-09,46.9026111267,15.4022547948,budding,5,228.835906982423
2025-04-28,2025-02-09,51.5499888889,-0.0277472222,flowering,5,273.9922760009779
2025-04-28,2025-02-09,51.5612972222,-0.0369916667,budding,5,273.9922760009779
2025-04-28,2025-02-09,51.5606524765,-0.0280053676,budding,5,273.9922760009779
2025-04-28,2025-02-09,51.5590295813,-0.0250329511,budding,5,273.9922760009779
2025-04-28,2025-02-09,51.5540516145,-0.0251725121,budding,5,273.9922760009779
2025-04-28,2025-02-09,51.5536388889,-0.0239694444,budding,5,273.9922760009779
2025-05-04,2025-02-09,49.4279733333,16.579285,budding,5,267.3055389404308
2025-04-27,2025-02-09,51.5568388889,0.0230944444,budding,5,264.90692443847786
2025-05-01,2025-02-09,46.457322653,6.8567912507,flowering,5,155.38448638916134
2025-04-27,2025-02-09,51.5620880552,0.0266992354,budding,5,264.90692443847786
2025-05-03,2025-02-09,42.2248618411,3.0923046917,flowering,5,627.3121856689472
2025-04-28,2025-02-09,53.6763888889,-2.9815333333,budding,5,256.6618255615249
2025-04-26,2025-02-09,51.5193177988,-0.0146567055,budding,5,253.5340957641614
2025-05-03,2025-02-09,38.923371659,-9.2449134366,flowering,5,698.6519226074238
2025-04-26,2025-02-09,51.5212727292,-0.0432730864,budding,5,253.5340957641614
2025-04-28,2025-02-09,46.6932329623,15.9672110145,budding,5,310.98246917724725
2025-04-28,2025-02-09,46.6962208697,15.9509447147,budding,5,310.98246917724725
2025-04-29,2025-02-09,55.7597717853,13.5072965297,budding,5,138.22172393798928
2025-04-25,2025-02-09,-41.2735272395,174.7466288578,fruiting,5,873.4563995361345
2025-04-27,2025-02-09,46.94461,16.08102,budding,5,275.0566619873058
2025-05-01,2025-02-09,46.3929329997,-0.3422483,budding,5,445.37098693847827
2025-05-01,2025-02-09,46.3903172997,-0.3423781,budding,5,445.37098693847827
2025-05-01,2025-02-09,46.3903279997,-0.3423756,budding,5,445.37098693847827
2025-04-28,2025-02-09,48.190422,16.252053,budding,5,264.81473236084094
2025-04-30,2025-02-09,45.70638105,9.94887369,budding,5,262.18004150390766
2025-04-26,2025-02-09,47.0332288705,15.6529745087,budding,5,222.30391387939562
2025-04-28,2025-02-09,46.6969439327,15.9572845184,budding,5,310.98246917724725
2025-04-27,2025-02-09,48.212658,16.276798,budding,5,256.91446990966904
2025-04-26,2025-02-09,46.94461,16.08102,budding,5,267.1832473754894
2025-04-29,2025-02-09,52.3934043288,17.0021565695,budding,5,225.23342285156355
2025-04-28,2025-02-09,48.1567802222,17.0640563889,budding,5,285.2081039428722
2025-04-25,2025-02-09,48.187508,16.320325,budding,5,244.8894500732432
2025-04-25,2025-02-09,48.186899,16.318153,budding,5,244.8894500732432
2025-04-28,2025-02-09,42.8221082735,-1.6107962653,flowering,5,319.91900024414224
2025-04-28,2025-02-09,50.1340980976,8.7004620471,budding,5,255.4603469848646
2025-04-28,2025-02-09,52.5210408,-1.5236692997,budding,5,234.46984405517708
2025-04-28,2025-02-09,53.9449616667,-1.0519055,budding,5,210.71401672363413
2025-04-28,2025-02-09,47.2667661667,11.382816,budding,5,46.45622100830121
2025-04-28,2025-02-09,53.9472356,-1.0594424,flowering,5,210.71401672363413
2025-04-28,2025-02-09,50.053174,19.933441,budding,5,223.20502777099705
2025-04-28,2025-02-09,51.3988998207,-0.2817137539,budding,5,268.7332794189466
2025-04-28,2025-02-09,41.6845877068,-0.8809224219,flowering,5,547.1526382446307
2025-04-22,2025-02-09,45.6281194444,9.7628277778,budding,5,271.40984039306784
2025-04-26,2025-02-09,50.0989222222,14.3637833333,budding,5,202.80943603515732
2025-04-26,2025-02-09,46.1243198163,7.0840642039,flowering,5,10.068380737304892
2025-04-27,2025-02-09,52.4876074874,13.4130853472,budding,5,212.715335083009
2025-04-27,2025-02-09,54.91408475,9.80833395,flowering,5,
2025-04-25,2025-02-09,54.3693618768,10.1223639839,budding,5,164.19455718994254
2025-04-27,2025-02-09,51.3646138889,-0.2707166667,budding,5,259.65892944336065
2025-04-27,2025-02-09,51.3639694444,-0.285425,flowering,5,259.65892944336065
2025-04-27,2025-02-09,51.3399593456,12.4278488383,flowering,5,210.03022613525502
2025-04-27,2025-02-09,51.5461682137,0.0481665575,budding,5,260.7634368896497
2025-04-27,2025-02-09,50.065463,19.938897,budding,5,217.76960906982515
2025-04-27,2025-02-09,45.713166979,15.9596601978,budding,5,332.8131011962904
2025-04-27,2025-02-09,48.2346166667,15.684375,budding,5,232.00887298584098
2025-04-27,2025-02-09,50.7869533333,4.335745,budding,5,295.31723785400516
2025-04-27,2025-02-09,48.17360279,15.60684398,budding,5,229.9661254882824
2025-04-27,2025-02-09,52.528325,13.3552222222,budding,5,212.715335083009
2025-04-27,2025-02-09,50.0102436,5.8766120997,budding,5,176.34017486572384
2025-04-27,2025-02-09,50.2042529846,8.7244932255,budding,5,229.47766113281375
2025-04-26,2025-02-09,53.6980163024,10.0058932593,budding,5,193.9734863281261
2025-04-26,2025-02-09,44.7927579511,7.6649267719,flowering,5,290.72455444336094
2025-04-27,2025-02-09,49.8062424129,18.2351554837,budding,5,219.29660491943457
2025-04-26,2025-02-09,46.9443169623,16.0801771584,budding,5,267.1832473754894
2025-04-26,2025-02-09,51.5344671,-0.471198,budding,5,259.41354522705205
2025-04-26,2025-02-09,51.5208527778,6.6902027778,budding,5,277.8002441406262
2025-04-25,2025-02-09,47.2922091667,11.547245,budding,5,27.770005798340094
2025-04-26,2025-02-09,49.7744159494,18.1899761874,budding,5,216.02279968261814
2025-04-26,2025-02-09,50.1207395404,14.462531358,budding,5,209.39003295898544
2025-04-26,2025-02-09,48.1925505997,15.6234035,budding,5,225.6258529663097
2025-04-26,2025-02-09,46.4055587921,20.1086198294,budding,5,334.42475891113395
2025-04-25,2025-02-09,50.08597,19.941955,budding,5,211.10758056640714
2025-04-25,2025-02-09,39.6091116667,19.79102,flowering,5,593.1431747436541
2025-04-25,2025-02-09,51.5153657,-0.0231018,flowering,5,246.45874633789185
2025-04-25,2025-02-09,46.9772466667,15.996735,budding,5,246.97897644043076
2025-04-25,2025-02-09,43.3164490081,5.4474683715,flowering,5,527.4207702636736
2025-04-24,2025-02-09,55.8060022369,-4.0640338565,budding,5,148.0736297607433
2025-04-24,2025-02-09,50.3450496058,5.0286339596,budding,5,222.5189300537121
2025-04-24,2025-02-09,43.0573286682,-2.1808286029,flowering,5,383.29537353515786
2025-04-24,2025-02-09,43.3921004071,-1.2535028905,flowering,5,502.4056930542009
2025-04-24,2025-02-09,47.8440582806,2.9540261698,flowering,5,294.96167449951304
2025-04-23,2025-02-09,44.8175612291,20.5040613189,flowering,5,352.9126296997082
2025-04-23,2025-02-09,55.9413887167,-3.2607972,budding,5,125.70313720703234
2025-04-21,2025-02-09,41.0155253181,-7.8839437784,budding,5,234.44045104980626
2025-04-21,2025-02-09,55.9202195,-3.2515963,budding,5,123.4421951293956
2025-04-19,2025-02-09,52.1050988214,4.4476982382,budding,5,212.90344848632924
2025-04-20,2025-02-09,43.4551059036,-4.9409718253,budding,5,
2025-04-19,2025-02-09,40.2884106437,-8.2580219534,flowering,5,506.3367385864274
2024-08-31,2024-02-16,54.2685699895,18.6018487439,fruiting,5,1773.699085998533
2025-04-17,2025-02-09,41.4565476293,2.3781798623,flowering,5,497.2268188476578
2025-04-17,2025-02-09,47.9406666667,16.7920633333,budding,5,210.8984375000009
2025-04-17,2025-02-09,48.5100135803,0.3535340128,budding,5,231.41957550048937
2025-04-16,2025-02-09,40.7322611111,-8.567625,flowering,5,546.4831649780289
2025-04-16,2025-02-09,51.223407471,20.1817452908,budding,5,130.6310165405281
2025-04-16,2025-02-09,42.4939231873,2.8295094967,flowering,5,306.60135803222806
2025-04-12,2025-02-09,53.6930261634,-0.4473547587,budding,5,141.4177764892588
2025-04-14,2025-02-09,47.0051115844,15.9326331876,budding,5,140.37364349365316
2025-04-14,2025-02-09,43.4928652631,-1.5527452156,flowering,5,
2025-04-12,2025-02-09,45.2390136719,9.9752645493,budding,5,297.7658935546888
2024-06-19,2024-02-16,51.9178067982,19.3864921108,flowering,5,880.551748657229
2025-04-08,2025-02-09,50.4132842933,30.5666801449,budding,5,81.37472686767637
2025-04-09,2025-02-09,50.4540264326,30.5314793361,budding,5,79.194703674317
2024-07-12,2024-02-16,46.2482812133,39.5656403527,fruiting,5,1606.4915802001951
2025-04-09,2025-02-09,54.3481875405,-7.6380585507,budding,5,150.77881469726674
2024-05-29,2024-02-16,50.7320888889,20.2909194444,flowering,5,604.6587081909199
2025-04-05,2025-02-09,47.1413366667,16.13525,budding,5,109.87215118408267
2025-04-04,2025-02-09,48.3776976818,8.744300272,budding,5,74.330625915528
2025-04-02,2025-02-09,51.38605,-0.2536722222,flowering,5,121.38631591796945
2025-03-31,2025-02-09,42.223655,2.8590116667,flowering,5,269.41425476074335
2025-03-30,2025-02-09,48.0319937132,16.2696874514,budding,5,81.7089172363286
2025-03-01,2025-02-09,-43.66682905,172.7884439167,fruiting,5,248.18277893066454
2025-03-01,2025-02-09,-43.66745,172.7886166667,fruiting,5,248.18277893066454
2025-03-01,2025-02-09,-43.66743555,172.7886995833,fruiting,5,248.18277893066454
2025-03-01,2025-02-09,-43.6674509,172.788671,fruiting,5,248.18277893066454
2025-03-29,2025-02-09,51.5704683333,-0.0597133333,budding,5,106.25170593261782
2024-09-12,2024-02-16,51.9295659185,19.483176358,fruiting,5,2215.780125427242
2025-03-22,2025-02-09,55.9091410667,-3.3245123833,budding,5,48.547822570801145
2025-03-19,2025-02-09,50.9117531,6.8992796,budding,5,57.35878295898476
2024-06-08,2024-02-16,50.8758616667,1.6538116667,flowering,5,645.1875442504909
2025-03-11,2025-02-09,45.9594439722,12.6775649722,budding,5,60.21902923584037
2024-08-23,2024-02-16,42.5248166667,0.825245,fruiting,5,957.1735412597684
2025-03-01,2025-02-09,-43.6418382223,172.4187770466,fruiting,5,269.317651367188
2024-09-12,2024-02-16,59.3119472222,18.0442472222,fruiting,5,1552.380218505858
2025-02-18,2025-02-09,-33.9507408056,22.4557113611,fruiting,5,149.96822357177757
2024-11-16,2024-02-16,-44.5987638889,169.307725,flowering,5,578.0472137451203
2024-06-01,2024-02-16,50.8038616667,1.6108616667,flowering,5,
2024-05-31,2024-02-16,50.956915,1.7960566667,flowering,5,
2024-06-10,2024-02-16,51.064775,12.5596166667,fruiting,5,742.4977630615258
2025-02-09,2025-02-09,15.5249078711,-87.9625660367,budding,5,19.072106933593773
2025-02-06,2025-02-09,-43.5164159997,172.6791570997,fruiting,5,12.048585510253929
2025-02-06,2025-02-09,-45.8629798889,170.6457519531,fruiting,5,8.04328308105471
2024-06-18,2024-02-16,53.2858676134,-9.064139463,flowering,5,628.7757629394558
2025-01-29,2025-02-09,-43.7030856717,172.3483399767,fruiting,5,14.26069030761721
2024-08-20,2024-02-16,52.5141017795,13.3765542135,fruiting,5,1857.2230300903298
2024-05-22,2024-02-16,51.0556233333,2.5307116667,flowering,5,550.0434219360374
2024-04-27,2024-02-16,51.16193405,11.7954602387,flowering,5,261.21730194091936
2024-05-20,2024-02-16,50.5737283333,2.9719133333,budding,5,521.4223251342795
2024-09-12,2024-02-16,49.7439836041,34.1803163872,fruiting,5,2466.733943176265
2024-06-30,2024-02-16,40.1579183333,20.711785,fruiting,5,1120.9192520141623
2025-01-20,2025-02-09,-40.7739403082,175.1673708111,fruiting,5,10.764733886718773
2024-05-20,2024-02-16,50.5906066667,2.9859433333,flowering,5,521.4223251342795
2024-05-22,2024-02-16,48.275435,17.084765,flowering,5,612.0907470703146
2024-05-28,2024-02-16,47.9755283333,18.1365616667,flowering,5,792.913287353518
2025-01-08,2025-02-09,-27.54232,153.1110383333,flowering,5,18.193284606933616
2024-06-18,2024-02-16,48.6807633333,18.0866116667,flowering,5,800.4132644653345
2024-06-13,2024-02-16,51.4782943713,11.7099736063,flowering,5,739.9597473144555
2024-05-28,2024-02-16,48.8596976943,9.7104494984,flowering,5,498.11316528320515
2024-05-19,2024-02-16,51.4680793707,7.327986688,flowering,5,527.1660995483419
2024-08-24,2024-02-16,42.8550611111,-5.3421027778,fruiting,5,1309.474600219728
2024-06-13,2024-02-16,51.46753055,11.71453055,flowering,5,739.9597473144555
2024-05-09,2024-02-16,46.9374168582,16.0473049066,flowering,5,443.22036285400577
2024-06-18,2024-02-16,51.3536544553,12.3325617456,fruiting,5,846.3558609008815
2024-12-20,2024-02-16,-44.9560472222,168.6987916667,flowering,5,623.0134674072297
2024-12-22,2024-02-16,-27.4504520325,152.9381042719,flowering,5,4744.583222961419
2024-12-12,2024-02-16,-45.8634100925,170.508355312,flowering,5,1408.911459350587
2024-12-02,2024-02-16,-45.8900304175,170.5634122165,flowering,5,1394.344918823242
2024-06-04,2024-02-16,46.9548561263,16.0762727478,flowering,5,739.717619323733
2024-06-04,2024-02-16,51.5653762778,36.0854034167,flowering,5,544.9456420898454
2024-11-28,2024-02-16,-46.3822975,168.3593597222,flowering,5,1267.7016326904313
2024-11-14,2024-02-16,-45.0294028333,169.1091166667,flowering,5,470.11262664795174
2024-11-27,2024-02-16,-42.52718972,172.83197977,flowering,5,799.0593383789108
2024-05-05,2024-02-16,51.8003627,0.7285395997,flowering,5,329.5839157104509
2024-11-23,2024-02-16,-40.9091973467,176.2195994624,flowering,5,2184.4229919433465
2024-11-26,2024-02-16,-45.7520995493,170.5774490163,flowering,5,1281.5990982055682
2024-05-08,2024-02-16,50.6491416667,3.0606316667,flowering,5,391.46747283935736
2024-11-24,2024-02-16,-40.99022617,174.9549547,flowering,5,1907.212788391103
2024-11-21,2024-02-16,-45.8928979306,170.5683045657,flowering,5,1303.801757812501
2024-11-20,2024-02-16,-43.532773,172.451703,flowering,5,1582.1451889038053
2024-11-20,2024-02-16,-41.2964411643,173.1369568441,flowering,5,1769.3041412353436
2024-11-17,2024-02-16,-39.682791666,176.8928863094,flowering,5,2171.3594833373895
2024-11-15,2024-02-16,-43.6061333333,172.6591633333,flowering,5,1591.0409973144497
2024-11-13,2024-02-16,-43.7960373591,172.3450049319,flowering,5,1622.6766555786094
2024-05-26,2024-02-16,42.0783173867,13.4102726039,flowering,5,384.7056640625018
2024-11-13,2024-02-16,-45.8512264126,170.6366386637,flowering,5,1253.959826660158
2024-11-13,2024-02-16,-39.4462815286,174.3645920232,flowering,5,1794.6918212890537
2024-08-18,2024-02-16,52.3175165811,13.0565130338,fruiting,5,1873.0051345825177
2024-09-10,2024-02-16,50.9704491997,24.3536843997,fruiting,5,2235.1874603271444
2024-09-10,2024-02-16,50.9692074,24.3604278,fruiting,5,2235.1874603271444
2024-05-02,2024-02-16,52.3204,6.9565583333,flowering,5,338.39109954834146
2024-05-02,2024-02-16,52.32033,6.9568516667,budding,5,338.39109954834146
2024-10-08,2024-02-16,54.335374,17.3493299722,fruiting,5,2117.3979492187445
2024-11-06,2024-02-16,-43.5224409556,172.661884617,flowering,5,1600.2567718505807
2024-11-05,2024-02-16,-43.54942,172.7007616667,flowering,5,1588.7737457275339
2024-05-01,2024-02-16,52.231375,6.8699766667,budding,5,329.69932708740396
2024-10-29,2024-02-16,47.1538184472,7.0038613469,fruiting,5,1733.3652984619093
2024-10-27,2024-02-16,50.5561679722,30.2235359722,fruiting,5,2749.9974990844644
2024-10-26,2024-02-16,54.8083026928,-2.4407342163,fruiting,5,1075.28509063721
2024-07-28,2024-02-16,51.3497392579,12.3574492585,fruiting,5,1454.994990539551
2024-10-24,2024-02-16,53.86499786,27.5818741,fruiting,5,2198.6340072631774
2024-10-21,2024-02-16,50.865568,24.313324,fruiting,5,2562.2928695678634
2024-10-09,2024-02-16,-43.6407772,172.4927035997,flowering,5,1263.3100326538088
2024-08-03,2024-02-16,52.7869196829,17.7024358632,fruiting,5,1512.8714721679685
2024-10-22,2024-02-16,40.44028708,-3.7656184,fruiting,5,3425.6939987182527
2024-08-21,2024-02-16,45.0019926719,39.0553453636,fruiting,5,2561.039155578609
2024-05-01,2024-02-16,48.5120819932,-1.5132929385,flowering,5,345.7199630737322
2024-10-17,2024-02-16,-43.6719783333,172.5500033333,flowering,5,1290.825389099121
2024-05-17,2024-02-16,48.7137863,2.0691171997,flowering,5,470.2578262329122
2024-10-03,2024-02-16,50.082625,14.4072,fruiting,5,2400.201872253412
2024-10-13,2024-02-16,47.2923966667,11.414855,fruiting,5,1237.6669036865233
2024-10-12,2024-02-16,-45.644795,170.6160515997,flowering,5,871.5607040405321
2024-05-17,2024-02-16,36.9849326572,-2.8611324728,flowering,5,537.2929809570331
2024-10-04,2024-02-16,39.4320222222,39.7311472222,fruiting,5,1496.8420608520491
2024-10-01,2024-02-16,39.486175,39.9008666667,fruiting,5,2005.4715972900353
2024-07-15,2024-02-16,45.3231056764,39.1216043815,fruiting,5,1777.4997711181636
2024-07-15,2024-02-16,45.3231081775,39.1216953268,fruiting,5,1777.4997711181636
2024-10-06,2024-02-16,51.9057298,-8.6542411997,fruiting,5,1650.6574234008767
2024-10-03,2024-02-16,50.5304829722,30.209588,fruiting,5,2629.6987045288024
2024-10-01,2024-02-16,54.90215024,-2.95779747,fruiting,5,1423.2592239379874
2024-08-21,2024-02-16,51.4850849722,23.85397,fruiting,5,1901.2012115478497
2024-09-28,2024-02-16,42.0118864574,0.4231718826,fruiting,5,2777.93966827392
2024-04-26,2024-02-16,50.085,14.408,flowering,5,271.01882781982556
2024-09-29,2024-02-16,53.5872741142,-6.7358968779,fruiting,5,1587.6715637207012
2024-09-29,2024-02-16,56.0844306946,-4.540781498,fruiting,5,1229.8498321533211
2024-05-09,2024-02-16,42.1577209114,2.9374626467,flowering,5,669.3107971191425
2024-09-26,2024-02-16,52.5131640444,13.3336456586,fruiting,5,2408.1654617309514
2024-09-06,2024-02-16,54.2772069722,17.395358,fruiting,5,1809.419491577146
2024-09-24,2024-02-16,58.5846943734,-3.3965617418,fruiting,5,1227.7806365966812
2024-09-24,2024-02-16,53.4545292,-2.4535011997,fruiting,5,1565.955256652831
2024-09-21,2024-02-16,-43.5102916667,172.478565,budding,5,1139.081887817385
2024-05-29,2024-02-16,45.3232805027,39.1207430724,flowering,5,780.2124450683614
2024-09-20,2024-02-16,52.5328268583,23.6861199333,fruiting,5,2275.771200561519
2024-09-20,2024-02-16,52.8882198501,13.3360304813,fruiting,5,2229.919784545894
2024-09-20,2024-02-16,52.53305,23.6861016667,fruiting,5,2275.771200561519
2024-09-19,2024-02-16,48.1511489,11.4603534,fruiting,5,2086.4083282470665
2024-09-18,2024-02-16,45.4520904008,4.4633885127,fruiting,5,1912.6642196655248
2024-05-22,2024-02-16,43.5810138889,-1.3914805556,flowering,5,776.7791549682639
2024-09-19,2024-02-16,52.77533611,27.54221066,fruiting,5,2210.2052368164022
2024-09-18,2024-02-16,54.47292,-2.3416383333,fruiting,5,1078.8368240356476
2024-09-18,2024-02-16,54.7156416667,25.3132633333,fruiting,5,1981.3517120361294
2024-09-16,2024-02-16,54.6984244391,-1.218008548,fruiting,5,1478.9449096679687
2024-09-13,2024-02-16,52.0949552119,-2.3524292537,fruiting,5,1582.3676879882805
2024-09-15,2024-02-16,42.88347,-5.6167083333,fruiting,5,1432.7051788330077
2024-09-11,2024-02-16,52.048049062,-2.0989197271,fruiting,5,1636.2338958740224
2024-09-14,2024-02-16,54.9635416667,-2.7739883333,fruiting,5,1281.288412475587
2024-09-14,2024-02-16,54.734059,20.4461699722,fruiting,5,2049.5980606079065
2024-09-13,2024-02-16,53.9477635,-1.0437104,fruiting,5,1550.0075744628903
2024-09-11,2024-02-16,49.8647193741,-119.4603966191,fruiting,5,2084.4771835327124
2024-09-11,2024-02-16,54.376966,20.643988,fruiting,5,1979.634594726559
2024-09-11,2024-02-16,40.7205568664,-8.5398364896,fruiting,5,2620.488577270501
2024-09-09,2024-02-16,51.146279141,1.2590704577,fruiting,5,
2024-09-09,2024-02-16,46.4262632,-0.3466687,fruiting,5,2119.9645324707
2024-09-08,2024-02-16,52.1134250035,4.3058866667,fruiting,5,1881.3730178832989
2024-09-07,2024-02-16,50.8392702,12.4448963,fruiting,5,1982.685064697263
2024-09-07,2024-02-16,46.7042416667,13.4446416667,fruiting,5,1423.32626953125
2024-08-29,2024-02-16,53.8523755055,-2.1961280331,flowering,5,1164.798913574221
2024-09-05,2024-02-16,53.9428366667,-1.0467471667,fruiting,5,1480.5348831176761
2024-09-05,2024-02-16,55.7031804337,12.5616851448,fruiting,5,
2024-09-05,2024-02-16,48.2224081502,16.267315553,fruiting,5,2429.3737106323206
2024-08-21,2024-02-16,54.32997627,18.8567299667,fruiting,5,1683.2644226074208
2024-09-02,2024-02-16,56.3837527778,10.1826555556,fruiting,5,1430.3782424926758
2024-09-02,2024-02-16,53.0060295663,-3.0597051233,fruiting,5,1269.3053894042982
2024-08-31,2024-02-16,40.72075078,-8.5397489,fruiting,5,2465.015888977045
2024-08-29,2024-02-16,51.0168143583,17.1754774824,fruiting,5,2125.02002868652
2024-08-29,2024-02-16,53.4711234997,-2.3828806997,fruiting,5,1339.3154388427743
2024-08-29,2024-02-16,52.9364903997,-1.50886,fruiting,5,1417.7133514404304
2024-08-20,2024-02-16,54.5741094953,-2.7974836528,fruiting,5,926.7450103759802
2024-08-25,2024-02-16,43.1425209044,25.3706245422,fruiting,5,2405.6390899658168
2024-08-26,2024-02-16,53.5173138889,-2.2949444444,fruiting,5,1314.2943618774425
2024-08-27,2024-02-16,52.24395,4.475125,fruiting,5,1700.3834899902336
2024-04-21,2024-02-16,50.6066742517,6.5553570691,fruiting,5,221.73832092285284
2024-04-21,2024-02-16,50.7602848946,6.4701282402,flowering,5,289.74479675293117
2024-08-23,2024-02-16,53.4361333333,-6.22785,fruiting,5,1363.2003005981455
2024-08-26,2024-02-16,51.5443383333,0.609945,fruiting,5,1685.7271194457999
2024-08-26,2024-02-16,51.5413283333,0.638995,fruiting,5,1685.7271194457999
2024-08-24,2024-02-16,50.4910583333,13.6833216667,fruiting,5,1924.6365982055645
2024-08-25,2024-02-16,46.7199888889,6.5649,fruiting,5,1596.5968200683592
2024-08-24,2024-02-16,52.5423278462,-2.7938196385,fruiting,5,1195.0557098388695
2024-08-24,2024-02-16,50.83094216,12.32271459,fruiting,5,1741.6503707885731
2024-08-24,2024-02-16,59.3228149715,18.0291233584,fruiting,5,1328.5597091674808
2024-08-24,2024-02-16,42.5495219245,-9.0063083544,fruiting,5,2105.7688308715783
2024-08-23,2024-02-16,51.8722783333,1.2881783333,fruiting,5,
2024-07-30,2024-02-16,51.2959533333,-0.2890666667,fruiting,5,1159.7145370483422
2024-08-21,2024-02-16,53.0173872,-8.981336,fruiting,5,1249.4392974853536
2024-08-22,2024-02-16,51.8858343663,19.6499440446,fruiting,5,1867.0078842163066
2024-08-22,2024-02-16,53.418248,14.520442,fruiting,5,1741.7554092407208
2024-08-21,2024-02-16,46.5326847222,-0.7614763889,fruiting,5,1876.7060729980449
2024-08-21,2024-02-16,43.1629555,-1.2340033333,fruiting,5,1783.1995101928696
2024-08-21,2024-02-16,54.6479936797,-3.1997533143,fruiting,5,896.5193893432653
2024-08-17,2024-02-16,45.9516383333,10.1318466667,fruiting,5,761.3838531494166
2024-08-19,2024-02-16,53.448545,14.543823,fruiting,5,1700.6767837524399
2024-08-18,2024-02-16,51.9480435382,19.7286769375,fruiting,5,1810.04574279785
2024-08-18,2024-02-16,50.8731613159,0.0022832998,fruiting,5,1433.3767410278328
2024-08-18,2024-02-16,52.7043222222,-2.6411888889,fruiting,5,1261.965736389162
2024-08-18,2024-02-16,54.270189819,-2.8985362127,fruiting,5,1099.1737533569367
2024-08-18,2024-02-16,54.833774028,-3.1485631748,fruiting,5,1006.8420867919959
2024-05-13,2024-02-16,51.4394669,-0.0345697,flowering,5,382.8623443603534
2024-08-17,2024-02-16,53.4354347938,-2.5025069062,fruiting,5,1256.0652618408221
2024-08-16,2024-02-16,54.2257158179,-2.8741395101,fruiting,5,
2024-08-15,2024-02-16,53.7609166667,20.5289616667,fruiting,5,1593.1594635009756
2024-05-31,2024-02-16,40.9492166667,-3.7913333333,flowering,5,360.9847000122087
2024-06-06,2024-02-16,39.9507655659,9.2229027674,flowering,5,738.9065383911158
2024-08-15,2024-02-16,53.5467350954,-0.0687793301,fruiting,5,1302.0396057128924
2024-08-14,2024-02-16,53.458892,14.509138,fruiting,5,1614.7391006469716
2024-08-14,2024-02-16,57.249905,9.601195,fruiting,5,
2024-08-14,2024-02-16,52.3859422987,-1.5614868701,fruiting,5,1280.2041595459004
2024-08-12,2024-02-16,48.0297459,17.5513693997,fruiting,5,2139.325085449216
2024-08-13,2024-02-16,40.7405010888,-8.5847895643,flowering,5,2211.1189880371053
2024-08-13,2024-02-16,54.886272008,-2.9461315902,fruiting,5,1044.6850067138707
2024-07-12,2024-02-16,41.5377305556,-8.7858222222,flowering,5,
2024-08-12,2024-02-16,50.857576,24.334634,fruiting,5,1736.6918258666979
2024-08-04,2024-02-16,43.9706316997,11.7672769,fruiting,5,1728.984596252441
2024-08-12,2024-02-16,50.8588372,-0.9836605,fruiting,5,1371.9135375976575
2024-07-20,2024-02-16,51.5855704167,-0.0509512651,fruiting,5,1086.9183044433626
2024-07-20,2024-02-16,51.5910352141,-0.0465706406,fruiting,5,1101.506983947757
2024-08-04,2024-02-16,43.9370388997,11.7501353,fruiting,5,1665.9676666259766
2024-08-11,2024-02-16,52.478023,16.940097,fruiting,5,1702.2870895385731
2024-07-25,2024-02-16,48.8846466963,20.7074083,fruiting,5,1218.6377990722672
2024-08-09,2024-02-16,47.9809607997,16.0411682997,fruiting,5,1555.8736267089844
2024-02-28,2024-02-16,51.5935242092,-0.0531773518,fruiting,5,33.898361206054915
2024-08-09,2024-02-16,47.274712772,14.7743127725,flowering,5,1021.2364593505888
2024-08-09,2024-02-16,52.363702,16.914122,fruiting,5,1692.9690490722646
2024-08-09,2024-02-16,52.366183,16.914242,fruiting,5,1692.9690490722646
2024-07-28,2024-02-16,46.9485104403,16.1039422272,fruiting,5,1651.8676956176755
2024-08-08,2024-02-16,44.4477322734,4.3444544077,fruiting,5,1950.9513092041002
2024-08-08,2024-02-16,52.14189113,6.2364958583,fruiting,5,1475.4845901489261
2024-08-07,2024-02-16,49.90097,13.2695716667,fruiting,5,1403.5600875854498
2024-08-06,2024-02-16,55.2003629409,29.9689818816,fruiting,5,1341.1344863891604
2024-08-07,2024-02-16,51.8996611111,13.9729555556,fruiting,5,1746.123744201659
2024-05-15,2024-02-16,48.1139216389,17.1340883333,flowering,5,582.139242553713
2024-08-06,2024-02-16,53.7718480813,20.4308333333,fruiting,5,1469.8481857299803
2024-08-06,2024-02-16,49.1980112622,18.7502844064,fruiting,5,1342.8026245117194
2024-08-05,2024-02-16,41.7467333333,13.953575,fruiting,5,1368.5667892456067
2024-08-04,2024-02-16,51.5026402062,0.0761274621,fruiting,5,1321.8583557128923
2024-08-05,2024-02-16,54.1556816101,-2.966337204,fruiting,5,1032.2507080078162
2024-08-04,2024-02-16,45.8689791997,3.8469703,fruiting,5,1193.325196838381
2024-08-04,2024-02-16,51.6386516667,-0.5440816667,fruiting,5,1263.7903350830097
2024-08-04,2024-02-16,40.4426033333,35.3237383333,fruiting,5,1807.2702041625962
2024-08-04,2024-02-16,51.8855713414,19.6101259813,fruiting,5,1590.9672073364254
2024-08-02,2024-02-16,50.5405349722,30.2150369722,fruiting,5,1645.3779617309565
2024-08-04,2024-02-16,41.0579261044,-3.5448690411,fruiting,5,1261.970359802248
2024-08-03,2024-02-16,43.6025916667,-5.9158833333,fruiting,5,1558.9819564819331
2024-08-03,2024-02-16,41.7675917959,13.8548514247,fruiting,5,1102.8031539917015
2024-08-02,2024-02-16,49.97013232,19.15452683,fruiting,5,1563.808200073242
2024-08-01,2024-02-16,47.10085,-1.226147,fruiting,5,1447.3851577758796
2024-07-31,2024-02-16,51.49820024,-0.3390392857,fruiting,5,1236.7397705078147
2024-07-30,2024-02-16,43.8932016667,12.3419316667,fruiting,5,1774.732666015624
2024-07-30,2024-02-16,50.8145756,8.78978096,fruiting,5,1232.8213302612326
2024-07-30,2024-02-16,50.0668677,14.4119887997,fruiting,5,1493.0822891235352
2024-07-30,2024-02-16,52.0851722222,0.0487611111,fruiting,5,1169.4020553588894
2024-05-10,2024-02-16,47.3601763571,-2.1861207215,flowering,5,497.6944198608418
2024-07-30,2024-02-16,51.6272199294,-0.0133078638,fruiting,5,1239.3886215209982
2024-07-30,2024-02-16,51.6270733925,-0.0125919738,fruiting,5,1239.3886215209982
2024-07-26,2024-02-16,53.7127347446,-2.7420633224,fruiting,5,959.3407318115269
2024-07-21,2024-02-16,51.8534219526,-1.3548515239,fruiting,5,962.2669128418003
2024-05-30,2024-02-16,47.9444016667,18.19842,flowering,5,826.1826904296898
2024-05-30,2024-02-16,47.8376133333,18.0968383333,flowering,5,831.9127548217797
2024-07-27,2024-02-16,48.597168,26.339303,fruiting,5,1644.6842285156245
2024-07-26,2024-02-16,49.650364,31.051932,fruiting,5,1580.1036026000975
2024-07-26,2024-02-16,49.6651189,31.3998381,fruiting,5,1615.904434204101
2024-07-26,2024-02-16,48.2609026,16.3448345,fruiting,5,1676.1234725952145
2024-07-21,2024-02-16,46.6868,15.96874,fruiting,5,1602.6392379760741
2024-07-25,2024-02-16,51.5626,-0.0250666667,fruiting,5,1169.9171249389674
2024-07-25,2024-02-16,51.5616564313,-0.0212515611,fruiting,5,1169.9171249389674
2024-07-25,2024-02-16,51.5607900928,-0.0194916472,fruiting,5,1169.9171249389674
2024-05-23,2024-02-16,48.1552166667,17.8853916667,flowering,5,698.5088668823264
2024-07-25,2024-02-16,45.7336827692,9.7487175465,fruiting,5,1486.3714294433598
2024-07-22,2024-02-16,48.2613119,16.3600671997,fruiting,5,1630.9679946899414
2024-07-24,2024-02-16,47.2071169722,-1.141124,fruiting,5,1289.2712615966811
2024-07-24,2024-02-16,42.2177516667,2.5578466667,fruiting,5,1559.3468154907227
2024-07-21,2024-02-16,46.6925347669,15.9669756095,fruiting,5,1602.6392379760741
2024-06-13,2024-02-16,47.1898107307,11.8921953184,flowering,5,95.69164428711031
2024-07-21,2024-02-16,51.70541,-0.589905,fruiting,5,1000.3110717773471
2024-07-20,2024-02-16,48.0625471,16.3721287,fruiting,5,1559.8442962646486
2024-07-21,2024-02-16,48.2159824,16.9343758997,fruiting,5,1660.6369033813476
2024-07-21,2024-02-16,47.7590616667,16.6651166667,fruiting,5,1683.4520050048827
2024-07-17,2024-02-16,51.8499997289,-1.358766589,fruiting,5,944.6834106445345
2024-07-21,2024-02-16,53.9260474,-1.128694,fruiting,5,932.5985778808628
2024-07-21,2024-02-16,51.9029204396,19.6159725264,fruiting,5,1381.5295104980478
2024-07-19,2024-02-16,48.2142975092,11.5808133108,flowering,5,1217.9835769653341
2024-07-19,2024-02-16,44.09228097,11.28232138,fruiting,5,1410.1767471313487
2024-07-13,2024-02-16,50.1057271651,14.3602630078,fruiting,5,1218.0455963134782
2024-07-17,2024-02-16,40.7207983997,-8.5398603,flowering,5,1658.8767517089827
2024-07-17,2024-02-16,47.9667587278,16.5966033933,fruiting,5,1520.2725540161136
2024-07-16,2024-02-16,51.5919678239,-0.0207561906,fruiting,5,1043.8177536010776
2024-07-16,2024-02-16,50.546061,30.2183039722,fruiting,5,1344.739988708497
2024-07-16,2024-02-16,51.5212805556,6.6910416667,fruiting,5,1211.7895278930682
2024-07-03,2024-02-16,43.59892,1.37667,fruiting,5,1291.7460083007827
2024-07-15,2024-02-16,51.21772664,0.71239066,fruiting,5,1010.4320877075229
2024-07-14,2024-02-16,51.4837816667,0.091895,fruiting,5,1024.503472900394
2024-07-14,2024-02-16,49.1845169067,16.5649051666,fruiting,5,1276.0200225830094
2024-07-13,2024-02-16,48.2632631997,16.363983,fruiting,5,1450.931848144532
2024-07-13,2024-02-16,42.7244636184,-0.2930775192,flowering,5,512.6671951293966
2024-07-12,2024-02-16,54.9683286325,-1.5821566433,fruiting,5,756.993035888675
2024-07-12,2024-02-16,54.9683369082,-1.5821475908,fruiting,5,756.993035888675
2024-07-11,2024-02-16,40.7650759518,-8.4701248674,flowering,5,1509.1302444458001
2024-07-09,2024-02-16,51.5297259997,-0.1501139,flowering,5,946.9640792846711
2024-07-07,2024-02-16,41.1379586078,-2.8218592791,fruiting,5,1054.7941497802763
2024-07-06,2024-02-16,50.982647,24.3803209722,fruiting,5,1125.8020446777364
2024-07-07,2024-02-16,51.58550182,-0.05308895,fruiting,5,931.1842681884797
2024-07-07,2024-02-16,51.5855234888,-0.0530735601,fruiting,5,931.1842681884797
2024-07-07,2024-02-16,54.9013283333,-2.9062116667,flowering,5,675.34837188721
2024-07-03,2024-02-16,50.8649980248,12.7891705601,fruiting,5,974.0084182739286
2024-07-04,2024-02-16,47.3604883333,14.3663133333,flowering,5,302.9442016601579
2024-07-04,2024-02-16,47.4913633333,12.4221966667,flowering,5,470.4890045166035
2024-07-05,2024-02-16,47.9994364734,16.2503604591,fruiting,5,1163.6428604126
2024-07-02,2024-02-16,47.3601485509,11.1233937833,flowering,5,318.7404327392595
2024-06-11,2024-02-16,51.312961,1.352624,flowering,5,
2024-07-02,2024-02-16,46.1935424805,7.2525620461,fruiting,5,332.6468566894547
2024-06-30,2024-02-16,50.620396909,4.8034145683,flowering,5,889.3171737670929
2024-06-21,2024-02-16,53.9434677163,-1.0571946697,flowering,5,620.8377288818386
2024-06-27,2024-02-16,50.8635768942,12.7819584751,fruiting,5,894.7041488647487
2024-06-29,2024-02-16,59.3036063991,18.0457678065,flowering,5,611.4111328125017
2024-06-28,2024-02-16,47.5431962989,11.7066937567,flowering,5,365.03926849365405
2024-06-28,2024-02-16,55.51674915,-2.59354079,flowering,5,542.006874084475
2024-06-23,2024-02-16,51.1320326224,-4.2356806163,flowering,5,733.3550140380888
2024-06-28,2024-02-16,48.5990509,16.1701888997,fruiting,5,1089.957891845706
2024-06-28,2024-02-16,53.4182815278,-4.4093618333,flowering,5,686.6151123046905
2024-06-26,2024-02-16,57.074400544,-2.9779488886,flowering,5,388.2904327392596
2024-06-26,2024-02-16,42.5741279632,0.3223200515,flowering,5,295.4224227905288
2024-06-25,2024-02-16,50.2319065657,8.0331972789,flowering,5,745.0846527099636
2024-06-25,2024-02-16,59.3147198832,18.0508901551,flowering,5,551.4768234252946
2024-06-17,2024-02-16,46.83910119,16.0321056678,fruiting,5,937.4049484252957
2024-06-21,2024-02-16,42.6945371719,0.8262292751,flowering,5,202.1122375488294
2024-06-14,2024-02-16,43.1368474942,-4.8093243213,flowering,5,281.89896850586103
2024-06-24,2024-02-16,45.2691691866,12.0007409155,fruiting,5,1322.46632385254
2024-06-24,2024-02-16,50.8077119699,8.7980562917,flowering,5,752.3918853759792
2024-06-07,2024-02-16,41.7586316667,13.9098483333,flowering,5,327.20058898925936
2024-06-21,2024-02-16,49.2927625256,19.0878241137,flowering,5,551.3139373779317
2024-06-23,2024-02-16,59.0921174176,17.5658170134,flowering,5,555.9034576416032
2024-05-21,2024-02-16,53.9344009769,13.0691744183,flowering,5,464.2202789306658
2024-06-20,2024-02-16,49.8822699722,-119.395763,flowering,5,534.2887237548849
2024-06-22,2024-02-16,41.6647122878,-2.6192744585,flowering,5,687.694277954104
2024-06-22,2024-02-16,58.49468574,-4.29262741,flowering,5,421.13191070556877
2024-06-21,2024-02-16,59.8518097644,18.6374504077,flowering,5,498.6030807495132
2024-06-21,2024-02-16,55.3699968483,-1.6793672461,flowering,5,503.76114654541277
2024-06-19,2024-02-16,50.5032463503,6.3160564005,flowering,5,529.203324890139
2024-06-20,2024-02-16,46.7862166667,15.60448,fruiting,5,931.3942092895536
2024-06-20,2024-02-16,46.86913,13.349275,flowering,5,250.23114776611476
2024-06-19,2024-02-16,50.6930060423,-3.2073484022,flowering,5,662.214285278323
2024-06-17,2024-02-16,50.524354,30.2910439722,fruiting,5,809.8015441894553
2024-06-18,2024-02-16,57.98145499,-3.94615268,budding,5,392.41166229248256
2024-06-18,2024-02-16,53.9487123397,-1.0586261764,flowering,5,568.1698745727565
2024-06-18,2024-02-16,55.8401244006,37.6103262279,flowering,5,581.5657363891618
2024-06-18,2024-02-16,55.8401779468,37.6101716429,flowering,5,581.5657363891618
2024-06-18,2024-02-16,54.4391783333,-2.97425,flowering,5,412.05041961670145
2024-06-18,2024-02-16,46.8436033333,15.9839566667,fruiting,5,954.1187408447294
2024-06-18,2024-02-16,55.9432033333,-3.1646945,flowering,5,439.5890563964865
2024-06-17,2024-02-16,50.5206269722,30.27711,fruiting,5,809.8015441894553
2024-06-17,2024-02-16,47.8232119722,9.2979199722,flowering,5,678.0603652954126
2024-05-23,2024-02-16,52.5048152665,-1.4630026936,flowering,5,426.04375457763877
2024-06-16,2024-02-16,51.73737,-1.244595,flowering,5,631.0496200561549
2024-06-16,2024-02-16,48.9164584106,-0.4751999304,flowering,5,688.240295410159
2024-06-16,2024-02-16,50.5531415596,15.9065304324,flowering,5,615.364242553713
2024-06-16,2024-02-16,53.99001357,-1.11549575,flowering,5,550.8302719116236
2024-06-15,2024-02-16,55.1155771997,-3.3787215,flowering,5,464.0635879516625
2024-06-15,2024-02-16,46.76866,15.43871,fruiting,5,870.8737701416043
2024-06-14,2024-02-16,42.7139941438,-0.3180285171,flowering,5,252.44765319824364
2024-06-14,2024-02-16,58.3074537,-3.28587537,fruiting,5,361.7431716918967
2024-06-14,2024-02-16,51.25136378,-2.74945094,flowering,5,603.6498443603541
2024-06-14,2024-02-16,48.15663,16.9492516667,fruiting,5,970.8663238525418
2024-06-14,2024-02-16,53.8804313634,-2.9835762363,flowering,5,573.8120330810573
2024-06-14,2024-02-16,53.880395,-2.9834933333,flowering,5,573.8120330810573
2024-06-13,2024-02-16,50.5711116667,9.67942,flowering,5,650.4338623046899
2024-06-13,2024-02-16,42.0514644147,13.9959991397,fruiting,5,547.3224914550804
2024-06-13,2024-02-16,51.45469026,-2.54611758,flowering,5,598.9948287963892
2024-06-12,2024-02-16,43.0859550825,-2.9033008218,flowering,5,732.6277648925808
2024-06-12,2024-02-16,54.6094055176,-3.3171796799,flowering,5,386.4800048828147
2024-06-11,2024-02-16,50.7120503012,7.146181875,fruiting,5,738.7038864135768
2024-06-11,2024-02-16,41.9335216667,2.2716533333,flowering,5,786.4382308959987
2024-06-10,2024-02-16,49.6010466667,8.0644945,flowering,5,670.3428939819361
2024-06-08,2024-02-16,46.6555118259,6.4932886009,flowering,5,481.0677658081074
2024-06-09,2024-02-16,40.3852,-7.6971216667,flowering,5,706.5504150390649
2024-06-09,2024-02-16,54.4590138889,-3.0232333333,flowering,5,315.6479537963886
2024-05-22,2024-02-16,50.5444189722,30.1281959722,flowering,5,417.4160293579117
2024-06-09,2024-02-16,53.8386241997,27.6029879997,flowering,5,541.1268722534197
2024-05-27,2024-02-16,51.5419388889,-0.0203722222,flowering,5,534.7129776000999
2024-06-08,2024-02-16,52.523944736,13.2935024094,fruiting,5,774.7830001831077
2024-06-09,2024-02-16,50.8201993148,0.1774710417,flowering,5,642.0115966796901
2024-05-22,2024-02-16,50.551051,30.1227459722,flowering,5,407.7877029418961
2024-05-28,2024-02-16,50.6548005156,5.5583745986,flowering,5,583.7808670043968
2024-06-08,2024-02-16,46.7213716958,15.1803405044,flowering,5,579.3741027832052
2024-06-08,2024-02-16,51.915788223,19.5455176011,fruiting,5,738.2812606811545
2024-05-03,2024-02-16,50.8953022778,0.5144784836,flowering,5,316.17866668701345
2024-05-28,2024-02-16,48.0477777778,-1.7263888889,flowering,5,590.926339721682
2024-06-07,2024-02-16,47.999791574,16.2015262596,flowering,5,753.9951202392602
2024-06-07,2024-02-16,51.1077528333,14.7521166667,flowering,5,687.9589935302755
2024-06-07,2024-02-16,51.9043951485,19.5315724611,flowering,5,726.4524475097678
2024-06-07,2024-02-16,47.3004756,11.4821055,flowering,5,169.29622955322384
2024-05-18,2024-02-16,51.7195096562,0.66961485,flowering,5,454.8791412353536
2024-06-07,2024-02-16,47.2899639421,11.1824447103,flowering,5,175.14143371582156
2024-05-20,2024-02-16,48.0885429749,-1.6802444799,flowering,5,520.936199951174
2024-05-20,2024-02-16,48.0885627748,-1.6802940734,flowering,5,520.936199951174
2024-06-05,2024-02-16,40.7513910023,-3.9011580124,flowering,5,641.4078765869162
2024-06-06,2024-02-16,42.1776616667,2.19326,flowering,5,524.1081863403342
2024-05-27,2024-02-16,42.0559638,2.2445288,flowering,5,542.8370834350608
2024-05-23,2024-02-16,49.2482070833,4.0672965,flowering,5,536.4748184204124
2024-06-02,2024-02-16,49.8860653619,28.5731183365,flowering,5,563.4103591918964
2024-05-31,2024-02-16,45.2297747,5.8714055,flowering,5,231.77944793701306
2024-06-02,2024-02-16,50.514305,30.2557159722,flowering,5,583.7751083374042
2024-05-31,2024-02-16,48.1285373814,-1.6797587941,flowering,5,621.286009216311
2024-06-04,2024-02-16,51.0259861667,-3.2493833333,flowering,5,493.7870574951195
2024-06-04,2024-02-16,54.3292220181,-2.7533289983,budding,5,424.13984680176
2024-05-12,2024-02-16,51.7409778997,0.6743991,flowering,5,396.4334762573261
2024-05-21,2024-02-16,52.2901633333,-1.52345,flowering,5,422.05157928466997
2024-05-23,2024-02-16,50.8337466667,4.4247566667,flowering,5,550.3597061157249
2024-05-29,2024-02-16,50.749074075,-2.7137051101,flowering,5,506.97137145996317
2024-06-03,2024-02-16,49.1996219555,10.6455973908,flowering,5,580.4039016723655
2024-06-03,2024-02-16,50.5463609722,6.557621,flowering,5,485.84332580566604
2024-06-03,2024-02-16,43.5073047984,18.0368558317,flowering,5,486.6153060913106
2024-05-30,2024-02-16,45.0486555,41.9405633333,flowering,5,595.9334915161149
2024-06-03,2024-02-16,45.857025,9.8389366667,flowering,5,225.12140197754036
2024-05-18,2024-02-16,48.840044,2.427367,flowering,5,520.6110656738302
2024-05-29,2024-02-16,46.9896987557,6.9322397629,flowering,5,392.7195281982439
2024-06-02,2024-02-16,42.5922866667,-0.3097916667,flowering,5,317.19174194336097
2024-05-27,2024-02-16,50.5871089722,30.071293,flowering,5,478.03847351074387
2024-05-24,2024-02-16,51.1598522794,-3.3483037725,flowering,5,
2024-06-02,2024-02-16,50.9914723997,7.4547483,flowering,5,547.3511993408224
2024-06-02,2024-02-16,46.3040070003,-0.3420469444,flowering,5,706.4759780883813
2024-06-01,2024-02-16,51.770145,-1.2731116667,flowering,5,520.6209716796898
2024-06-01,2024-02-16,53.6208383333,-2.5450833333,flowering,5,422.77840118408415
2024-05-29,2024-02-16,41.6745580556,2.5475097222,flowering,5,787.1273559570336
2024-05-27,2024-02-16,50.575378,30.057659,flowering,5,478.03847351074387
2024-06-01,2024-02-16,51.9049708283,19.552029334,flowering,5,644.8135452270528
2024-06-01,2024-02-16,51.2375576143,-2.3212520778,flowering,5,488.76130523681866
2024-06-01,2024-02-16,51.5882056469,-0.2048940108,flowering,5,564.6163497924828
2024-05-20,2024-02-16,53.0365008,-2.1453709,flowering,5,351.81501312256046
2024-06-01,2024-02-16,45.2216661547,25.5828126108,flowering,5,493.52569427490425
2024-06-01,2024-02-16,47.9927208088,16.3061986026,flowering,5,728.8942474365258
2024-05-31,2024-02-16,48.174092,6.453368,flowering,5,529.3812240600607
2024-05-31,2024-02-16,42.820145,-1.6462966667,flowering,5,546.2902832031273
2024-05-28,2024-02-16,49.8343215,6.3468989997,flowering,5,475.24766998291227
2024-05-31,2024-02-16,51.1411083333,-3.1590527778,flowering,5,485.1486709594749
2024-05-31,2024-02-16,51.5725454,-0.8697048,flowering,5,504.8516357421897
2024-05-30,2024-02-16,51.8917283333,0.879625,flowering,5,551.0873352050804
2024-05-31,2024-02-16,48.336122562,11.8029994983,flowering,5,602.9644851684592
2024-05-31,2024-02-16,51.9007551424,19.5557904616,flowering,5,631.3352188110372
2024-05-26,2024-02-16,51.3465216667,-2.6019166667,flowering,5,422.5654922485372
2024-05-31,2024-02-16,53.9478588392,-1.0595977622,flowering,5,470.4993103027366
2024-05-26,2024-02-16,50.3650082665,30.5353431782,flowering,5,477.1152389526384
2024-05-31,2024-02-16,52.394633199,-1.8289430067,flowering,5,471.38218383789285
2024-05-31,2024-02-16,52.523761,23.6833750997,flowering,5,574.3071472167987
2024-05-13,2024-02-16,49.76467531,18.02789458,flowering,5,383.7956069946305
2024-05-31,2024-02-16,43.908445,11.6602366667,flowering,5,581.4395187377953
2024-05-31,2024-02-16,53.1756528039,-7.1856981063,flowering,5,493.3489013671898
2024-05-30,2024-02-16,48.1143330442,20.6533802301,flowering,5,664.0495590209982
2024-05-30,2024-02-16,53.3529819997,-2.8454297997,flowering,5,493.8240295410178
2024-05-23,2024-02-16,54.4667333333,-2.3376666667,flowering,5,233.3077590942396
2024-05-19,2024-02-16,40.532025,-3.668475,flowering,5,616.9307373046896
2024-05-29,2024-02-16,50.3988065191,5.0781606138,flowering,5,511.3392242431662
2024-05-29,2024-02-16,50.68939,25.84694,flowering,5,559.3388381958026
2024-05-29,2024-02-16,50.1930166667,22.0936833333,flowering,5,634.1221664428731
2024-05-28,2024-02-16,54.3295884932,-2.8651990369,flowering,5,375.4396881103536
2024-05-28,2024-02-16,52.5334991701,-2.1268898249,flowering,5,449.61548461914276
2024-05-28,2024-02-16,52.53353538,-2.1269541141,flowering,5,449.61548461914276
2024-05-28,2024-02-16,45.5980376041,8.93350596,fruiting,5,722.9076202392602
2024-05-27,2024-02-16,47.4727245278,10.7362799167,flowering,5,111.29458160400486
2024-05-27,2024-02-16,55.8743370894,-4.281058386,flowering,5,322.3546890258807
2024-05-27,2024-02-16,53.9467766667,27.7026716667,flowering,5,369.44539337158346
2024-05-27,2024-02-16,52.2065266667,20.957095,flowering,5,591.8130401611347
2024-05-27,2024-02-16,50.0406783333,20.1000933333,flowering,5,572.8563491821309
2024-05-27,2024-02-16,44.1126077942,10.4721402749,flowering,5,517.9647018432639
2024-05-27,2024-02-16,52.2270933333,20.9955066667,flowering,5,591.8130401611347
2024-05-27,2024-02-16,42.0550469082,2.2454972677,flowering,5,542.8370834350608
2024-05-27,2024-02-16,52.5028179997,-1.4663372997,flowering,5,456.63249816894745
2024-05-26,2024-02-16,53.4886831,-2.5413188997,flowering,5,427.9049392700216
2024-05-26,2024-02-16,48.8863542984,13.4862981364,flowering,5,374.4870666503922
2024-05-26,2024-02-16,42.0361391,13.2484613,flowering,5,394.587367248537
2024-05-26,2024-02-16,51.8686952,19.56803125,flowering,5,560.067266845705
2024-05-26,2024-02-16,52.46351533,13.34173474,flowering,5,617.9333251953144
2024-05-18,2024-02-16,50.4467584403,14.9180166711,flowering,5,468.2479583740252
2024-05-26,2024-02-16,51.2219877681,-2.8062660433,budding,5,468.9889862060568
2024-05-26,2024-02-16,51.2062683105,-2.3333251476,budding,5,440.60178833008024
2024-05-26,2024-02-16,48.5490857792,12.1688001013,flowering,5,569.4445404052755
2024-05-25,2024-02-16,41.6874616667,1.4905666667,flowering,5,705.3874511718773
2024-05-25,2024-02-16,51.3237533333,0.0866721667,flowering,5,466.25370330810756
2024-05-25,2024-02-16,41.192427068,-1.7824408785,flowering,5,584.2211685180686
2024-05-25,2024-02-16,54.4304452655,-2.965095074,flowering,5,282.36054077148606
2024-05-21,2024-02-16,44.3135758083,7.2072722861,flowering,5,72.52606506347718
2024-05-25,2024-02-16,42.0248265,2.4679342,flowering,5,587.4186981201194
2024-05-25,2024-02-16,54.5379698833,-5.9601908278,budding,5,366.2319259643575
2024-05-25,2024-02-16,51.0524388304,-2.4164200318,flowering,5,438.67413635254115
2024-05-25,2024-02-16,42.7071271,-0.67215114,flowering,5,286.8074279785171
2024-05-24,2024-02-16,46.9485104403,16.1039422272,flowering,5,614.0034683227561
2024-05-24,2024-02-16,50.411466,30.566071,flowering,5,458.6749053955094
2024-05-24,2024-02-16,52.4600055556,13.290025,flowering,5,589.7933761596698
2024-05-24,2024-02-16,52.4608805556,13.2896666667,flowering,5,589.7933761596698
2024-05-24,2024-02-16,50.2722188132,14.5096943155,flowering,5,570.6158935546895
2024-05-18,2024-02-16,40.3138991317,-3.5295290671,flowering,5,681.9709289550802
2024-05-24,2024-02-16,53.6872139574,10.0010645916,flowering,5,522.7804550170919
2024-05-23,2024-02-16,42.0763534184,2.2938228026,flowering,5,493.0676528930685
2024-05-24,2024-02-16,52.4813916667,13.2131583333,flowering,5,596.5810592651386
2024-05-24,2024-02-16,50.4843646568,14.2331210151,flowering,5,527.251918029787
2024-05-24,2024-02-16,52.2235793,20.9860909,flowering,5,543.4063812255878
2024-05-23,2024-02-16,53.1692616667,8.1755816667,flowering,5,547.9322906494161
2024-05-23,2024-02-16,41.9434333333,2.3162,flowering,5,569.4090499877951
2024-05-23,2024-02-16,52.8862563428,9.4530647993,flowering,5,560.6512298584005
2024-05-23,2024-02-16,46.6094207764,26.8244380951,flowering,5,529.0815460205096
2024-05-18,2024-02-16,45.0696165829,7.5923832133,flowering,5,500.9992141723653
2024-05-22,2024-02-16,50.5405349722,30.144859,budding,5,417.4160293579117
2024-05-22,2024-02-16,50.5393809722,30.149134,flowering,5,417.4160293579117
2024-05-20,2024-02-16,52.4799229722,13.4836659722,flowering,5,528.810444641115
2024-05-21,2024-02-16,46.3824130849,-0.2246179059,flowering,5,567.669647216799
2024-05-22,2024-02-16,49.4979945661,17.5228657946,flowering,5,511.04028472900575
2024-05-18,2024-02-16,50.7359443872,4.7131384537,flowering,5,486.8331787109396
2024-05-21,2024-02-16,50.5750076477,18.0128440261,flowering,5,567.2030944824238
2024-05-21,2024-02-16,51.7602806091,-1.2721819878,flowering,5,432.45589294433796
2024-05-17,2024-02-16,43.0375655472,-2.1536201747,flowering,5,460.7129745483419
2024-05-20,2024-02-16,53.6342280614,-2.810315676,budding,5,399.91300506591995
2024-05-19,2024-02-16,49.1711694444,32.2714166667,budding,5,448.3610870361342
2024-05-20,2024-02-16,43.6193566806,1.4514369278,flowering,5,681.8529052734397
2024-05-20,2024-02-16,52.4441547,13.5738839,flowering,5,540.8787292480487
2024-05-18,2024-02-16,53.9513832109,-1.0249305926,flowering,5,351.7590240478535
2024-05-19,2024-02-16,37.318590186,-8.5402074065,flowering,5,963.7839797973654
2024-05-19,2024-02-16,41.99274,2.2881366667,flowering,5,535.8595596313497
2024-05-18,2024-02-16,54.0626712808,-1.4450844122,flowering,5,352.32288818359564
2024-05-19,2024-02-16,49.547660655,11.1058973148,flowering,5,482.00129699707225
2024-05-19,2024-02-16,52.5020666667,13.2492666667,flowering,5,528.7799041748065
2024-05-19,2024-02-16,45.4735929029,9.3223915994,flowering,5,643.2332366943381
2024-05-19,2024-02-16,49.2079495825,15.8739329595,flowering,5,394.28882141113456
2024-05-18,2024-02-16,51.0190605979,6.9175233319,flowering,5,536.2736434936544
2024-05-18,2024-02-16,40.952995,-3.78978,flowering,5,258.49031982422014
2024-05-18,2024-02-16,42.1842869115,12.3789213225,budding,5,767.4805648803732
2024-05-18,2024-02-16,47.9573211669,16.3260574339,flowering,5,565.5738143920919
2024-05-18,2024-02-16,51.5813783333,0.0029333333,flowering,5,460.00032653808796
2024-05-18,2024-02-16,52.5427266,13.1760841,flowering,5,518.1001464843768
2024-05-18,2024-02-16,45.7788092415,11.730220901,flowering,5,358.5060501098651
2024-05-18,2024-02-16,53.9208946228,27.5303859711,flowering,5,260.95403137207154
2024-05-18,2024-02-16,52.6170234746,13.4845924339,flowering,5,498.17108154297046
2024-05-17,2024-02-16,40.2689895556,-8.3505248889,flowering,5,799.5109207153341
2024-05-17,2024-02-16,50.6875,7.0955909722,flowering,5,499.2698654174825
2024-05-12,2024-02-16,41.9322259129,2.2684789449,flowering,5,480.2336639404316
2024-05-17,2024-02-16,47.1092352724,15.2963827891,flowering,5,389.9261474609393
2024-05-17,2024-02-16,46.1995329056,6.1258891225,flowering,5,366.00553131103686
2024-05-17,2024-02-16,42.8260069323,-2.6608846564,flowering,5,419.63214416504104
2024-05-17,2024-02-16,53.60486,20.41907,flowering,5,349.4069305419936
2024-05-16,2024-02-16,42.0511777,13.9928484,flowering,5,289.7031784057633
2024-04-14,2024-02-16,48.1951930001,16.417947,budding,5,328.28700408935674
2024-05-16,2024-02-16,43.3312888889,-2.9702111111,flowering,5,626.7947479248068
2024-05-16,2024-02-16,42.4508633333,0.28528,flowering,5,190.66971130371212
2024-05-16,2024-02-16,47.8167419722,8.685171,budding,5,344.7968109130876
2024-05-16,2024-02-16,47.27152854,11.34630531,flowering,5,138.0210647583017
2024-05-16,2024-02-16,52.52731825,13.37474089,flowering,5,479.28539123535325
2024-05-15,2024-02-16,52.5424716667,-2.7934666667,flowering,5,285.1874374389665
2024-05-05,2024-02-16,46.9417848223,16.0774183254,flowering,5,418.138945007326
2024-05-12,2024-02-16,50.6297661922,4.7832778841,flowering,5,411.85042419433785
2024-05-11,2024-02-16,49.9431259781,8.3561411411,flowering,5,434.3532989501972
2024-05-15,2024-02-16,52.799834607,-1.4568592608,flowering,5,346.61201629638856
2024-05-08,2024-02-16,43.9158398684,5.711309868,flowering,5,363.679098510744
2024-05-14,2024-02-16,45.5457996,11.525212,flowering,5,562.6755126953145
2024-05-14,2024-02-16,47.26555,11.3822033333,flowering,5,106.98133697509843
2024-05-10,2024-02-16,53.7073307235,-2.7403920061,budding,5,280.6613006591814
2024-05-13,2024-02-16,50.7820866667,14.2230416667,flowering,5,357.2318374633803
2024-05-13,2024-02-16,48.7548,2.303225,flowering,5,470.5816848754903
2024-05-13,2024-02-16,45.4594416159,4.5183057176,flowering,5,321.3100814819352
2024-05-13,2024-02-16,50.3607628057,30.4631772065,flowering,5,337.3823852539076
2024-05-13,2024-02-16,48.211025,16.34502,flowering,5,509.00549316406443
2024-05-13,2024-02-16,43.49551888,-1.2933079548,flowering,5,674.573567199709
2024-05-13,2024-02-16,47.3852844238,26.435590744,flowering,5,376.5997253417984
2024-05-13,2024-02-16,49.4159072853,8.6767436564,flowering,5,456.6348373413106
2024-05-12,2024-02-16,50.559511,30.0926979722,budding,5,322.55102386474744
2024-05-11,2024-02-16,42.0673888643,0.064933648,flowering,5,500.00845336914256
2024-05-12,2024-02-16,47.095249176,15.400803566,flowering,5,371.1762115478533
2024-05-12,2024-02-16,46.1164559722,-0.500905,flowering,5,537.10343475342
2024-05-12,2024-02-16,46.39952452,30.268826969,flowering,5,491.6228729248062
2024-05-12,2024-02-16,48.3049100027,16.2975939206,flowering,5,520.3344177246113
2024-05-12,2024-02-16,47.8493194578,16.1161975858,budding,5,445.6010375976581
2024-05-12,2024-02-16,51.845652996,19.5076518506,flowering,5,388.9275207519547
2024-05-11,2024-02-16,45.8004643692,9.4880977649,fruiting,5,349.65874481201354
2024-05-11,2024-02-16,52.4129306,10.3284198,flowering,5,428.43646697998224
2024-05-11,2024-02-16,51.5208333333,6.6901166667,flowering,5,457.046987915041
2024-05-11,2024-02-16,48.1718978881,16.2577190397,budding,5,489.8844802856464
2024-05-11,2024-02-16,47.066398,31.910188,flowering,5,475.0430038452163
2024-05-11,2024-02-16,41.6590251,2.72248995,flowering,5,701.2076889038105
2024-05-11,2024-02-16,42.0775813,13.9084746,flowering,5,372.7143020629901
2024-05-10,2024-02-16,50.8861924997,1.6668049,flowering,5,387.71973419189646
2024-05-10,2024-02-16,48.015353626,37.8534507751,flowering,5,431.25956878662225
2024-05-10,2024-02-16,48.146836396,17.059128721,flowering,5,528.7581390380878
2024-05-10,2024-02-16,46.8784166667,15.4752216667,budding,5,395.50435028076356
2024-05-09,2024-02-16,50.0086166667,8.3428083333,flowering,5,400.55352020263854
2024-05-09,2024-02-16,47.2172383333,15.8116133333,flowering,5,379.1721710205096
2024-05-08,2024-02-16,47.0756216667,15.4364266667,flowering,5,339.0428359985368
2024-05-09,2024-02-16,51.986125,21.0849166667,budding,5,380.6643554687515
2024-05-09,2024-02-16,47.0452246849,15.4371684958,flowering,5,373.73450469970885
2024-05-09,2024-02-16,46.9772463686,15.9970727563,flowering,5,432.40722198486515
2024-05-08,2024-02-16,47.8664094198,16.837336433,flowering,5,526.8603851318378
2024-05-08,2024-02-16,47.927041,16.2155906,flowering,5,446.4853027343768
2024-05-08,2024-02-16,47.2516373,11.311335,budding,5,96.86249847412182
2024-05-06,2024-02-16,41.9093434073,2.2043452127,flowering,5,427.21393280029474
2024-05-06,2024-02-16,50.0252774,19.9009709997,flowering,5,353.92015228271634
2024-05-06,2024-02-16,52.5425795243,-2.7937094568,budding,5,209.24804687500148
2024-05-06,2024-02-16,48.8537258417,2.4135361722,flowering,5,403.7269683837909
2024-05-06,2024-02-16,48.118884,17.1106410997,flowering,5,488.1951675415057
2024-05-06,2024-02-16,51.8943306059,4.6113444306,flowering,5,385.89901580810727
2024-05-06,2024-02-16,47.9369152744,16.1019434407,flowering,5,396.674392700197
2024-05-06,2024-02-16,42.7084583,26.3272725,flowering,5,429.830282592775
2024-05-06,2024-02-16,40.8479574939,14.2368641279,flowering,5,
2024-04-29,2024-02-16,46.9485104403,16.1039422272,budding,5,359.9278686523454
2024-05-05,2024-02-16,43.0541856027,-2.1860724746,flowering,5,425.7738098144549
2024-05-05,2024-02-16,50.9859870718,6.8565731496,flowering,5,393.57599945068534
2024-05-05,2024-02-16,51.2858866667,-2.7582783333,flowering,5,284.39348144531414
2024-04-29,2024-02-16,43.606825668,1.4722596794,budding,5,480.62653198242356
2024-05-05,2024-02-16,47.1714647694,5.7277968825,flowering,5,369.66103057861505
2024-05-05,2024-02-16,51.009823744,6.8879184499,flowering,5,393.57599945068534
2024-05-04,2024-02-16,42.17228,0.0242778333,flowering,5,346.29708709716954
2024-05-04,2024-02-16,51.8492545932,19.5248894021,budding,5,331.0281936645522
2024-05-04,2024-02-16,45.8978465432,13.3969607111,flowering,5,515.2489074707049
2024-05-04,2024-02-16,45.6027819722,8.041688,flowering,5,156.25469360351667
2024-04-29,2024-02-16,50.0937519017,19.9422574331,budding,5,287.3178024292006
2024-05-03,2024-02-16,41.99869783,-1.6841325,flowering,5,507.1392410278338
2024-05-02,2024-02-16,41.1445916667,-3.577255,budding,5,196.13111267089948
2024-05-02,2024-02-16,44.6692524997,10.6089184997,flowering,5,475.80378265381034
2024-05-02,2024-02-16,48.19328478,16.38337223,flowering,5,432.3636306762712
2024-05-01,2024-02-16,50.6756827997,16.6258757,flowering,5,251.00598144531364
2024-04-29,2024-02-16,48.203687,16.360448,flowering,5,396.094720458986
2024-04-26,2024-02-16,47.030902471,15.4488921296,flowering,5,268.1506072998062
2024-04-24,2024-02-16,52.1226988383,-2.3493363142,budding,5,218.96299896240373
2024-04-28,2024-02-16,-34.018189,18.457629,flowering,5,989.3275344848649
2024-04-28,2024-02-16,48.179885,16.304723,budding,5,358.56661224365394
2024-05-01,2024-02-16,43.3771554463,-3.0058223739,flowering,5,
2024-05-01,2024-02-16,44.468687035,11.3749691295,flowering,5,567.9422012329119
2024-04-29,2024-02-16,53.9476383333,-1.0596971667,budding,5,210.2574935913101
2024-04-29,2024-02-16,46.9669451997,15.3770518,budding,5,289.72228240966956
2024-04-30,2024-02-16,48.8977447722,2.3992875861,budding,5,359.42283630371264
2024-04-30,2024-02-16,48.0154141442,16.2481009578,flowering,5,357.2972244262711
2024-04-28,2024-02-16,51.5429889044,-2.5664231931,flowering,5,253.44293212890773
2024-04-27,2024-02-16,47.0305086979,15.4496706394,budding,5,272.5098083496109
2024-04-26,2024-02-16,47.1013087,15.4291819,budding,5,246.11493072509904
2024-04-30,2024-02-16,51.4374585997,-0.5602214997,budding,5,287.16684417724764
2024-04-29,2024-02-16,49.8461147478,18.1623932971,budding,5,291.4168121337905
2024-04-29,2024-02-16,51.3760631997,-0.2750303,flowering,5,280.3914459228531
2024-04-21,2024-02-16,48.0845138833,11.8657277833,budding,5,219.1161041259777
2024-04-29,2024-02-16,42.7916039499,-8.8831815496,flowering,5,470.2393096923845
2024-04-29,2024-02-16,48.0805025424,14.8215173882,budding,5,309.31214447021637
2024-04-29,2024-02-16,42.97798949,-2.18851668,flowering,5,328.74853820800945
2024-04-29,2024-02-16,49.83434637,18.29271326,flowering,5,307.33298187256
2024-04-29,2024-02-16,47.0766851819,15.4836470716,budding,5,258.40657501220846
2024-04-29,2024-02-16,49.8102534051,18.2228979562,flowering,5,291.4168121337905
2024-04-29,2024-02-16,49.8390884332,18.1720482529,budding,5,291.4168121337905
2024-04-29,2024-02-16,48.2024315838,15.6321115326,budding,5,326.31753234863436
2024-04-28,2024-02-16,48.187616,16.313133,flowering,5,358.56661224365394
2024-04-26,2024-02-16,46.9740612,15.5120541997,budding,5,246.49058227539206
2024-04-29,2024-02-16,49.8443465165,18.1646259761,budding,5,291.4168121337905
2024-04-29,2024-02-16,49.8442006577,18.1649122015,budding,5,291.4168121337905
2024-04-29,2024-02-16,49.844155,18.1646266667,budding,5,291.4168121337905
2024-04-29,2024-02-16,49.8440882145,18.1646816991,budding,5,291.4168121337905
2024-04-29,2024-02-16,49.8443202672,18.1645868052,budding,5,291.4168121337905
2024-04-29,2024-02-16,48.334546,24.810696,budding,5,120.64570312500075
2024-04-29,2024-02-16,48.19121891,15.62829073,budding,5,326.31753234863436
2024-04-29,2024-02-16,48.191055,15.628285,budding,5,326.31753234863436
2024-04-29,2024-02-16,48.1918361877,15.6196940784,flowering,5,326.31753234863436
2024-04-29,2024-02-16,48.1917473395,15.6197784003,flowering,5,326.31753234863436
2024-04-29,2024-02-16,48.1909937611,15.621005675,budding,5,326.31753234863436
2024-04-29,2024-02-16,48.1910329918,15.6210045889,budding,5,326.31753234863436
2024-04-28,2024-02-16,51.585225,-0.0542027778,flowering,5,282.92058868408355
2024-04-29,2024-02-16,49.7928809804,18.1699107213,budding,5,291.4168121337905
2024-04-28,2024-02-16,47.988083,16.316935,flowering,5,367.68160247802894
2024-04-29,2024-02-16,48.1735199,15.6072729,budding,5,326.31753234863436
2024-04-28,2024-02-16,53.9433167176,-1.0590755939,budding,5,205.94297027588038
2024-04-27,2024-02-16,42.853762,-1.6229769722,flowering,5,284.91642150879056
2024-04-28,2024-02-16,47.2669993368,11.3834144175,budding,5,51.08022155761762
2024-04-28,2024-02-16,48.1377981482,16.3804556429,flowering,5,374.8404998779313
2024-04-28,2024-02-16,48.8636135047,2.4140380695,budding,5,343.288113403322
2024-04-26,2024-02-16,50.7185429997,16.5775244,budding,5,209.23784637451274
2024-04-28,2024-02-16,47.12608396,15.43688277,budding,5,258.01438598632956
2024-04-28,2024-02-16,49.7946116667,18.1700683333,flowering,5,280.5423065185561
2024-04-26,2024-02-16,48.224392,16.286836,budding,5,342.1527679443375
2024-04-27,2024-02-16,49.84474207,18.16171077,budding,5,271.05381011963027
2024-04-27,2024-02-16,48.9712905,14.425746,budding,5,250.24445190429822
2024-04-27,2024-02-16,48.3865722222,15.6477722222,budding,5,285.4708618164077
2024-04-19,2024-02-16,36.4939365483,6.492035299,flowering,5,511.0834335327163
2024-04-19,2024-02-16,36.4800250175,6.452403665,flowering,5,511.0834335327163
2024-04-26,2024-02-16,48.19918,15.7653,budding,5,313.221850585939
2024-04-27,2024-02-16,49.7741210045,18.1896703932,flowering,5,271.05381011963027
2024-04-27,2024-02-16,48.1137258738,14.8834062748,flowering,5,292.6138763427749
2024-04-27,2024-02-16,42.0886583333,2.8248916667,flowering,5,522.4362060546891
2024-04-27,2024-02-16,47.924545789,16.755643928,budding,5,401.25679168701333
2024-04-27,2024-02-16,47.9385013754,14.8981764632,budding,5,201.07065582275504
2024-04-27,2024-02-16,43.2218284606,76.9177398681,flowering,5,98.62506866455146
2024-04-27,2024-02-16,47.9418843147,14.8989974242,budding,5,201.07065582275504
2024-04-27,2024-02-16,47.0940969722,15.3518279722,budding,5,234.82096862793105
2024-04-26,2024-02-16,46.8147583333,15.4251833333,budding,5,332.06152191162266
2024-04-27,2024-02-16,50.7188186997,7.0952396,flowering,5,297.79083862304844
2024-04-27,2024-02-16,47.1010248997,15.4622340997,budding,5,241.74968109130998
2024-04-27,2024-02-16,48.10718355,17.11110036,flowering,5,382.2059036254899
2024-04-27,2024-02-16,48.1149166667,16.286055,budding,5,340.25914611816563
2024-04-27,2024-02-16,51.0138704596,6.9551503658,flowering,5,311.26059570312657
2024-04-27,2024-02-16,48.0172130947,14.747781262,budding,5,227.65371093750127
2024-04-27,2024-02-16,45.6120041311,11.4482609327,flowering,5,362.2387344360368
2024-04-26,2024-02-16,48.2020274916,16.4473019945,flowering,5,367.14816741943514
2024-04-26,2024-02-16,48.2311090575,16.3934189596,budding,5,367.14816741943514
2024-04-26,2024-02-16,50.0982639263,19.9379566377,budding,5,262.5803939819349
2024-04-26,2024-02-16,47.756391,16.8755786,flowering,5,414.300270080568
2024-04-26,2024-02-16,48.1802832997,16.2726821,budding,5,342.1527679443375
2024-04-26,2024-02-16,48.0144536592,14.7431943767,budding,5,222.87242889404422
2024-04-26,2024-02-16,48.1897868261,16.540113464,budding,5,382.0540237426774
2024-04-26,2024-02-16,48.01295292,14.74533718,budding,5,222.87242889404422
2024-04-26,2024-02-16,47.1904867,15.4750520997,budding,5,192.07313385009866
2024-04-26,2024-02-16,48.0144455,14.7460865,budding,5,222.87242889404422
2024-04-26,2024-02-16,48.0142982586,14.7432181411,budding,5,222.87242889404422
2024-04-26,2024-02-16,47.1867777778,15.4866583333,budding,5,192.07313385009866
2024-04-26,2024-02-16,48.0130273942,14.7435608972,budding,5,222.87242889404422
2024-04-26,2024-02-16,48.012866113,14.7433558725,budding,5,222.87242889404422
2024-04-26,2024-02-16,47.1279706614,15.3008969796,budding,5,231.26059570312634
2024-04-26,2024-02-16,47.0639559866,15.5697311232,budding,5,248.25934143066547
2024-04-26,2024-02-16,47.1251874604,15.3000196252,budding,5,231.26059570312634
2024-04-26,2024-02-16,48.2009265037,15.7664070927,budding,5,313.221850585939
2024-04-26,2024-02-16,48.19882308,15.76482788,budding,5,313.221850585939
2024-04-26,2024-02-16,48.1987257767,15.7648553979,budding,5,313.221850585939
2024-04-26,2024-02-16,46.9541358947,15.4291229247,budding,5,268.1506072998062
2024-04-26,2024-02-16,47.9189177323,14.797862554,budding,5,209.4763336181652
2024-04-26,2024-02-16,45.7233722975,9.6954982728,flowering,5,301.93499755859534
2024-04-26,2024-02-16,48.2182721023,16.3538662053,budding,5,367.14816741943514
2024-04-26,2024-02-16,46.9484367369,15.4286565781,budding,5,283.84250946045074
2024-04-26,2024-02-16,48.17704,16.3756083333,flowering,5,367.14816741943514
2024-04-26,2024-02-16,49.774145,18.1895566667,flowering,5,265.8211349487318
2024-04-26,2024-02-16,46.6092104,14.2476751,budding,5,186.9580184936534
2024-04-26,2024-02-16,43.3037309016,1.1695250125,flowering,5,434.0856109619157
2024-04-26,2024-02-16,49.7911706,18.1707085,budding,5,265.8211349487318
2024-04-24,2024-02-16,48.2348430007,4.7007208318,budding,5,272.1433120727554
2024-04-24,2024-02-16,50.9954362325,12.9805884826,budding,5,255.64264068603643
2024-04-19,2024-02-16,36.5358777867,6.4735311522,flowering,5,511.0834335327163
2024-04-15,2024-02-16,48.3592366667,15.4092883333,budding,5,195.5581039428722
2024-04-24,2024-02-16,46.7679595947,23.6018886566,budding,5,223.20964355468857
2024-04-19,2024-02-16,36.5555586565,6.5946805876,flowering,5,492.61022796631005
2024-04-23,2024-02-16,51.3185009722,-2.9826869722,flowering,5,
2024-04-23,2024-02-16,45.0475616389,7.6648478056,flowering,5,321.61754608154445
2024-04-19,2024-02-16,45.53565,10.175577,flowering,5,347.1827529907241
2024-04-22,2024-02-16,48.163894,7.543985,flowering,5,313.80262298584137
2024-04-22,2024-02-16,48.2392716667,16.2802583333,budding,5,334.26716461181786
2024-04-21,2024-02-16,48.1719336517,16.476607807,flowering,5,370.154174804689
2024-04-21,2024-02-16,47.7338189911,16.7672186997,flowering,5,396.65116119384913
2024-04-21,2024-02-16,42.12739,2.7362833333,flowering,5,444.74037170410304
2024-04-19,2024-02-16,51.75542497,19.47901669,budding,5,234.30534362793082
2024-04-15,2024-02-16,50.869407,24.362722,budding,5,213.35094757080162
2024-04-18,2024-02-16,42.1306033333,2.7490283333,flowering,5,459.1230819702163
2024-04-18,2024-02-16,42.60403,-6.7416716667,flowering,5,284.6782791137707
2024-04-17,2024-02-16,48.2193948571,16.3533757039,flowering,5,348.96579589843884
2024-04-17,2024-02-16,46.9854766667,16.1254066667,flowering,5,313.83043823242326
2024-04-17,2024-02-16,55.95017,-3.1620221667,budding,5,92.97027130127037
2024-04-17,2024-02-16,51.8935766,4.6049106997,flowering,5,282.8770767211928
2024-04-17,2024-02-16,50.8128376,4.4344331997,flowering,5,284.72437591552875
2024-04-15,2024-02-16,54.8877605669,-2.6804096036,budding,5,99.14531402587988
2024-04-14,2024-02-16,43.4441436997,-5.1267909997,flowering,5,376.70996704101697
2024-04-14,2024-02-16,51.24208,-2.7010116667,budding,5,206.74861907959098
2024-04-14,2024-02-16,41.5443097784,1.8741034432,flowering,5,426.7436431884779
2024-04-13,2024-02-16,45.59381388,9.30472496,flowering,5,294.0162246704115
2024-04-08,2024-02-16,52.1147737746,-2.3204204803,budding,5,173.26780700683696
2024-04-06,2024-02-16,44.3422064,11.11206125,flowering,5,236.95762634277457
2024-04-11,2024-02-16,46.6925347669,15.9669756095,budding,5,292.34321594238406
2024-04-10,2024-02-16,47.9977441208,16.258562403,flowering,5,275.05723876953243
2024-04-10,2024-02-16,49.8629124448,8.6597173288,flowering,5,226.15723114013792
2024-04-09,2024-02-16,51.6693158511,-2.4219080891,flowering,5,177.12665710449323
2024-04-09,2024-02-16,52.6785383333,-2.4203166667,budding,5,157.97453460693464
2024-04-09,2024-02-16,53.9473780737,-1.0454445521,budding,5,158.16562194824326
2024-04-09,2024-02-16,49.9148001944,14.7787353889,budding,5,201.8705810546885
2024-04-09,2024-02-16,53.2560689997,19.3194349997,budding,5,152.0728408813485
2024-04-09,2024-02-16,48.2143144722,16.3777348682,budding,5,279.2984939575207
2024-04-08,2024-02-16,48.381362915,15.5761365891,budding,5,200.93407135009875
2024-04-07,2024-02-16,48.2758891142,13.8417136297,budding,5,199.66752319336047
2024-04-07,2024-02-16,42.8223507269,-1.6115595058,budding,5,201.49643859863386
2024-04-05,2024-02-16,51.8889104631,19.5417091995,budding,5,140.66495056152428
2024-04-04,2024-02-16,45.2265473769,19.8471685499,budding,5,271.4027145385753
2024-04-01,2024-02-16,45.9367653961,6.1528321635,budding,5,53.56469573974664
2024-03-29,2024-02-16,40.1177635,-8.2188844444,flowering,5,241.2440002441416
2024-03-31,2024-02-16,48.0876732503,15.9140506759,budding,5,122.17028045654388
2024-03-29,2024-02-16,40.2818747701,-8.2660975126,flowering,5,305.3536499023447
2024-03-28,2024-02-16,53.946386576,-1.0506527535,budding,5,102.1462402343758
2024-03-24,2024-02-16,50.6782437,16.6314518,budding,5,55.98914031982474
2024-03-24,2024-02-16,50.6782842611,16.6318900222,budding,5,55.98914031982474
2024-03-25,2024-02-16,40.2992981095,-8.2392282021,budding,5,278.30860748291104
2024-03-17,2024-02-16,51.6150093079,-3.165189743,fruiting,5,66.3774902343755
2024-03-16,2024-02-16,44.30105231,20.530328,budding,5,121.75608520507876
2024-02-18,2024-02-16,52.0369023421,-2.4274429335,budding,5,15.912876892089912
2024-03-05,2024-02-16,41.5447198287,1.8737418089,budding,5,107.33090820312543
2024-03-03,2024-02-16,44.656292,10.904831,budding,5,77.33697052001992
2024-03-03,2024-02-16,-45.8493418764,170.5203092266,fruiting,5,164.94127960205117
2024-02-27,2024-02-16,53.9593915567,-0.977421418,budding,5,25.53637237548844
2024-02-23,2024-02-16,-45.0300839857,168.6615139246,fruiting,5,52.93775634765643
2024-02-20,2024-02-16,-43.7242938253,172.8736366054,fruiting,5,54.25808715820324
2024-02-18,2024-02-16,-45.0032366667,168.80303,fruiting,5,22.722035217285224
2024-02-16,2024-02-16,53.38686973,-2.9434699531,budding,5,4.369691467285179
2024-01-31,2024-02-16,-43.7851437775,172.8331904773,fruiting,5,12.46302185058596
2024-01-28,2024-02-16,-35.9823200464,174.439910464,fruiting,5,16.360147094726585
2024-01-22,2024-02-16,-36.5847101102,147.0933793858,fruiting,5,14.042474365234398
2024-01-14,2024-02-16,-45.8972205336,170.6673999131,fruiting,5,
2024-01-19,2024-02-16,-43.6465839722,172.4590049722,fruiting,5,19.461038208007835
2023-12-09,2023-10-27,-45.0304570256,168.7730365644,flowering,5,185.74568328857515
2023-12-05,2023-10-27,-44.0409285495,-176.6417230525,flowering,5,
2023-11-28,2023-10-27,-46.4400678,168.373396,flowering,5,210.01582794189528
2023-10-15,2023-10-27,46.2479507004,24.5345223444,fruiting,5,9.328355407714866
2023-11-30,2023-10-27,-45.8509485,170.5491935997,flowering,5,217.71878051757892
2023-11-28,2023-10-27,-44.6719681004,169.1211359328,flowering,5,160.52671356201245
2023-11-23,2023-10-27,-44.6978837729,169.0994859852,flowering,5,129.0114013671881
2023-11-16,2023-10-27,47.129502551,7.2371722227,fruiting,5,55.27924957275434
2023-11-18,2023-10-27,-40.9097730143,176.2188638002,flowering,5,197.6771438598638
2023-11-14,2023-10-27,-45.854144,170.63124,flowering,5,113.21581878662153
2023-11-06,2023-10-27,-29.8756630556,30.500005,flowering,5,120.70600280761744
2023-10-27,2023-10-27,48.5605659988,14.8788057547,fruiting,5,3.4049621582031477
2023-10-27,2023-10-27,-41.2061822381,174.9345269054,budding,5,3.3495956420898665
2023-10-17,2023-10-27,54.6205066878,-3.0691552095,fruiting,5,0.418580627441429
2023-10-14,2023-10-27,40.0107722167,32.8787133333,fruiting,5,9.438020324707054
2023-10-14,2023-10-27,56.79619012,9.52411056,fruiting,5,4.84870300292971
2023-10-08,2023-10-27,48.2573866667,16.2980533333,fruiting,5,10.763238525390648
2023-09-24,2023-10-27,48.2416958564,16.2218864288,fruiting,5,9.652001953125023
2023-10-01,2023-10-27,54.6899475991,-1.2136844918,fruiting,5,11.034822082519554
2023-09-25,2023-10-27,39.8402764712,-105.0770655135,fruiting,5,10.615655517578148
2023-10-01,2023-10-27,52.1055000035,4.3291883333,fruiting,5,13.005967712402366
2023-10-01,2023-10-27,43.3541124064,-2.6208554953,fruiting,5,
2023-09-29,2023-10-27,51.8689435,19.5546081,fruiting,5,14.931390380859398
2023-09-24,2023-10-27,47.83947295,13.03597389,fruiting,5,7.566445922851585
2023-09-23,2023-10-27,50.6646080002,-1.5707381442,fruiting,5,
