observed_on,season_start,latitude,longitude,phenophase,t_base,gdd_cumulative
2025-09-20,2025-04-25,38.4212652949,-78.4064062028,flowering,5,2382.348240661616
2024-05-19,2024-05-31,48.4631919861,8.4120864868,flowering,5,7.0693222045898665
2025-09-20,2025-04-25,35.61655,139.4196466667,flowering,5,2685.4320343017525
2025-09-16,2025-04-25,44.4394888889,-89.5032833333,flowering,5,1967.6290481567348
2025-09-19,2025-04-25,41.7419313844,-74.083399123,flowering,5,2107.6498153686484
2025-09-19,2025-04-25,40.6924514771,-74.014175415,flowering,5,2367.9612701415967
2025-09-19,2025-04-25,44.3415668578,-78.2135719727,flowering,5,2001.101521301266
2025-09-18,2025-04-25,43.2384583333,76.8981861111,flowering,5,1800.5011108398407
2024-08-02,2024-05-31,56.1389140221,69.4580102331,flowering,5,868.9252151489272
2025-09-19,2025-04-25,59.613688,59.553668,flowering,5,1224.9824096679686
2025-09-13,2025-04-25,49.3481,-123.0223222222,flowering,5,1678.0503112792953
2025-09-18,2025-04-25,40.8072366667,-77.8706583333,flowering,5,2015.7140090942344
2025-09-17,2025-04-25,41.3621022304,-83.6688649185,flowering,5,2217.631771850581
2025-09-05,2025-04-25,40.7072416667,-111.310355,flowering,5,1352.7272750854495
2025-07-29,2025-04-25,46.5012169,6.4612151997,flowering,5,1295.3313995361332
2025-09-18,2025-04-25,51.4685133333,-2.4768616667,flowering,5,1634.4798934936498
2025-09-18,2025-04-25,53.9497222222,-1.0484277778,flowering,5,1507.664059448241
2025-09-16,2025-04-25,60.359788,5.474501,flowering,5,1021.6313873291048
2025-08-29,2025-04-25,45.0258868523,-74.730345,flowering,5,1820.904811096189
2025-09-14,2025-04-25,49.9042287514,-96.9638965721,flowering,5,1874.0242248535124
2025-07-29,2025-04-25,46.4954486,6.4766747,flowering,5,1295.3313995361332
2025-09-12,2025-04-25,53.0980982824,-2.4698852897,flowering,5,1504.9218612670884
2025-09-17,2025-04-25,42.95803,-0.3368133333,flowering,5,1434.2375900268548
2025-09-17,2025-04-25,42.3195142089,-82.9456126253,fruiting,5,2188.4801147460894
2025-09-16,2025-04-25,47.99672106,7.83345749,flowering,5,1888.9655426025352
2025-08-17,2025-04-25,64.5379495932,34.7831801778,flowering,5,879.3884460449241
2025-09-16,2025-04-25,38.3082902701,-85.6494821236,flowering,5,2552.835621643061
2025-09-16,2025-04-25,47.45705,9.1714133333,flowering,5,1757.3283813476532
2025-09-16,2025-04-25,-41.2859216667,174.7672116667,flowering,5,
2025-09-13,2025-04-25,47.711675,-90.5386583333,flowering,5,1278.1165481567386
2025-09-15,2025-04-25,45.679143,-121.8689482,flowering,5,1857.1586883544896
2025-09-15,2025-04-25,54.5672916667,-5.9338388889,flowering,5,1316.842442321777
2025-09-15,2025-04-25,42.263970009,-70.8256468471,flowering,5,
2025-09-15,2025-04-25,40.8134422302,-82.0200042725,flowering,5,2239.779560852046
2025-08-08,2025-04-25,42.33389,-73.37129,flowering,5,1418.174234008789
2025-07-27,2025-04-25,46.5830806997,7.0804888,flowering,5,793.0324508667013
2025-09-15,2025-04-25,53.6914014248,-7.2947737736,flowering,5,1418.7085311889641
2025-09-15,2025-04-25,39.8920783997,-75.2601242065,flowering,5,2462.0343597412057
2025-09-15,2025-04-25,43.7554894153,-71.3968432253,flowering,5,1821.1631896972626
2025-09-15,2025-04-25,43.5627174,1.4589457,flowering,5,2296.479023742671
2025-09-15,2025-04-25,65.0607,25.4769383333,flowering,5,1238.2221572875983
2025-09-12,2025-04-25,36.1335228496,-94.5457091043,flowering,5,2712.1840454101507
2025-09-14,2025-04-25,49.1226833333,-116.62372,flowering,5,1873.9878738403295
2025-09-14,2025-04-25,49.9048934074,-96.9679404233,flowering,5,1874.0242248535124
2025-09-14,2025-04-25,58.1250558794,-135.4634935129,flowering,5,809.5463912963896
2025-09-14,2025-04-25,37.399825,-77.68318,flowering,5,2659.5237014770446
2025-08-11,2025-04-25,57.9789782023,33.2588309265,flowering,5,1082.3923736572283
2025-08-03,2025-04-25,37.36513,-84.2045583333,flowering,5,1759.544786071776
2025-06-11,2025-04-25,43.2437989497,-89.7913092497,flowering,5,503.3673599243175
2025-06-11,2025-04-25,43.376004116,-89.6390000311,flowering,5,470.55241088867297
2025-06-11,2025-04-25,43.2468092538,-89.7191526454,flowering,5,492.4538314819347
2025-09-14,2025-04-25,43.0444822944,-70.715451267,flowering,5,
2025-09-14,2025-04-25,43.0982908183,-78.9586359247,flowering,5,2077.6642349243125
2025-09-13,2025-04-25,47.6836916667,18.9806833333,flowering,5,2083.090708923336
2025-09-14,2025-04-25,41.1710243225,-81.3255157471,flowering,5,2172.180432128902
2025-09-14,2025-04-25,43.0443015804,-70.7159541391,flowering,5,
2025-09-14,2025-04-25,59.6540999722,59.712639,flowering,5,1235.631686401367
2025-09-13,2025-04-25,42.62788076,-73.13884059,flowering,5,1856.1148941040005
2025-09-13,2025-04-25,42.62575048,-73.13790938,flowering,5,1856.1148941040005
2025-09-10,2025-04-25,39.7215400997,-80.1124978997,flowering,5,2181.0910934448198
2025-09-13,2025-04-25,43.0006830413,-74.0286309035,flowering,5,2001.2153732299766
2025-09-08,2025-04-25,40.3032972222,-121.0086305556,flowering,5,1757.2695510864237
2025-09-12,2025-04-25,37.3521277667,-118.3879694333,flowering,5,2678.835960388178
2025-09-13,2025-04-25,39.7701751276,-84.0062879705,flowering,5,2313.2997390747023
2025-09-11,2025-04-25,42.4847666667,2.081075,flowering,5,1184.6310165405284
2025-09-11,2025-04-25,47.2400483333,-95.2075583333,flowering,5,1818.4901718139618
2025-09-05,2025-04-25,39.7984633333,-82.6897533333,flowering,5,2167.4353775024374
2025-09-12,2025-04-25,44.5359621276,-92.3371046745,flowering,5,2075.4065948486286
2025-09-05,2025-04-25,39.7703774199,-82.6699472219,flowering,5,2167.4353775024374
2025-09-12,2025-04-25,65.0351021,25.4646450997,flowering,5,1239.7392761230471
2025-09-11,2025-04-25,49.1703023997,-122.8107832,flowering,5,1747.189514160154
2023-10-01,2023-09-27,45.1157123997,-93.1651923997,flowering,5,80.98367309570324
2025-09-07,2025-04-25,41.2614055556,-81.56,flowering,5,2113.5427032470666
2025-09-11,2025-04-25,41.3356441956,14.6756730974,flowering,5,2280.6113739013626
2025-09-11,2025-04-25,43.4785443227,-70.6059842477,flowering,5,1944.3231506347624
2025-09-10,2025-04-25,47.6503624298,19.0558295685,flowering,5,2112.6047500610316
2025-09-10,2025-04-25,44.9953994751,-72.6679229736,flowering,5,1786.2403167724583
2025-09-10,2025-04-25,53.5886515031,23.2601440698,flowering,5,1516.1708572387683
2025-08-27,2025-04-25,45.6463883333,-61.40493,flowering,5,1353.7456619262698
2025-08-27,2025-04-25,45.9555666667,-62.7494083333,flowering,5,1397.995755004883
2025-08-28,2025-04-25,46.6248783333,-61.016,flowering,5,1207.7459732055677
2025-08-29,2025-04-25,46.1028278333,-60.7464783333,flowering,5,
2025-07-21,2025-04-25,43.2185415318,-89.6049988594,flowering,5,1218.0464981079108
2025-09-09,2025-04-25,42.031290441,-72.5940934612,flowering,5,2091.344616699215
2025-09-04,2025-04-25,35.6939158,-105.6891729,flowering,5,1358.314697265625
2025-07-04,2025-04-25,36.0094168507,-82.6092109457,flowering,5,936.7417999267594
2025-09-02,2025-04-25,44.3202833333,-68.1891416667,flowering,5,1242.7661376953133
2025-09-09,2025-04-25,47.5105667114,7.62317276,flowering,5,1757.3463180541962
2025-07-04,2025-04-25,35.9891817,-82.6014315,flowering,5,936.7417999267594
2025-09-07,2025-04-25,43.416452,-111.166577,flowering,5,1203.3116088867196
2025-09-06,2025-04-25,37.2484433153,-93.2329030707,flowering,5,2459.928031921382
2025-09-08,2025-04-25,39.8786916667,-76.7297366667,flowering,5,2266.216685485835
2025-09-08,2025-04-25,42.8696753695,-72.8760165597,flowering,5,1613.5274520874004
2025-09-08,2025-04-25,41.0684342303,-81.2283084433,flowering,5,2098.8196746826134
2025-09-08,2025-04-25,42.1530467997,-80.0135353,flowering,5,1954.2106658935518
2025-09-08,2025-04-25,52.1712534735,0.1265626308,flowering,5,1665.4029953002905
2025-07-27,2025-04-25,38.676925,-84.596575,flowering,5,1582.2197479248039
2025-09-03,2025-04-25,50.3724233344,30.4725702479,flowering,5,1726.6838256835917
2025-09-04,2025-04-25,53.1619555,22.0546888333,flowering,5,1462.1773864746087
2025-09-07,2025-04-25,51.6568682997,-115.3507072997,flowering,5,748.4737472534206
2025-09-06,2025-04-25,44.52008,-110.833396,flowering,5,929.291299438479
2025-09-01,2025-04-25,44.6602869965,11.123547256,flowering,5,2372.652008056636
2025-09-06,2025-04-25,53.7492184136,-1.4155153921,flowering,5,1482.6137008666983
2025-09-07,2025-04-25,57.3695967182,61.6476764157,flowering,5,1471.7266754150378
2025-09-07,2025-04-25,39.4030166667,-9.1833388889,flowering,5,2020.501405334469
2025-09-07,2025-04-25,55.7483100247,37.6414896604,flowering,5,1482.8794174194322
2025-08-22,2025-04-25,60.73319,33.5563116667,flowering,5,1169.6848419189464
2025-09-07,2025-04-25,59.682943,59.8352089722,flowering,5,1199.2457687377937
2025-09-02,2025-04-25,54.7718007227,56.0162854224,flowering,5,1615.6040710449201
2024-06-22,2024-05-31,46.2357707,-0.3447116,flowering,5,269.88750915527396
2025-09-03,2025-04-25,40.274608208,-76.1196164056,flowering,5,2155.840045166012
2025-09-06,2025-04-25,44.462891,-110.835909,flowering,5,929.291299438479
2025-09-06,2025-04-25,49.2427138889,-123.0001,flowering,5,1652.747993469237
2025-09-06,2025-04-25,44.75233,-93.60073,flowering,5,2061.9852371215784
2025-08-30,2025-04-25,44.0336602717,-89.5300048545,flowering,5,1858.8532836914037
2025-08-29,2025-04-25,50.4140939722,30.5694949722,flowering,5,1659.9764129638652
2025-09-05,2025-04-25,60.78405854,42.53172122,flowering,5,1242.015522766113
2025-09-03,2025-04-25,39.6154884997,-79.829086,flowering,5,1977.9654037475552
2025-09-05,2025-04-25,50.9725222563,-119.4186830574,flowering,5,1431.8681549072267
2025-09-06,2025-04-25,35.7025527954,139.4098510742,flowering,5,2531.142387390132
2025-09-05,2025-04-25,40.5791207835,-75.5925247674,flowering,5,2128.0510848998983
2025-09-05,2025-04-25,41.2621116638,-81.5574493408,flowering,5,2090.9746231079066
2025-09-05,2025-04-25,39.4019083333,-106.0649805,flowering,5,446.5421768188497
2025-08-20,2025-04-25,40.3409749088,-105.6043665111,flowering,5,719.7330123901389
2025-09-03,2025-04-25,45.2372743211,-81.5233855101,flowering,5,1307.9984542846687
2025-09-03,2025-04-25,44.349840779,-72.9687813186,flowering,5,1747.1321212768535
2025-09-05,2025-04-25,49.9599164997,5.9765699,flowering,5,1468.2125762939445
2025-09-05,2025-04-25,49.9600367,5.974592,flowering,5,1468.2125762939445
2025-09-05,2025-04-25,35.0347701,135.7688491,flowering,5,2545.716711425777
2025-09-04,2025-04-25,43.1533558291,-77.4747834879,flowering,5,1902.75951080322
2025-08-30,2025-04-25,36.1941428118,-82.4507463723,flowering,5,2081.443218994137
2025-09-04,2025-04-25,39.8393882392,-77.236334486,flowering,5,2263.9071319580034
2025-09-04,2025-04-25,39.643602909,-76.879442488,flowering,5,2208.9404647827105
2025-09-04,2025-04-25,39.6064438799,-76.8451804548,flowering,5,2229.488125610347
2025-09-04,2025-04-25,51.7117674335,21.4021477103,flowering,5,1620.5613449096663
2025-09-01,2025-04-25,40.8108868645,-81.9328009584,flowering,5,2059.729011535641
2025-09-03,2025-04-25,46.1845575939,-1.1757620796,flowering,5,2005.64444274902
2025-09-03,2025-04-25,52.9748580387,57.1018152684,flowering,5,1385.150480651855
2025-09-03,2025-04-25,47.6390383333,-122.7579883333,flowering,5,1706.934397888182
2025-08-24,2025-04-25,42.9389021458,-0.6769268587,flowering,5,1146.8197067260758
2025-08-24,2025-04-25,42.9356312038,-0.6738131493,flowering,5,1146.8197067260758
2025-08-23,2025-04-25,58.1426489382,52.6499215475,flowering,5,1220.4579010009775
2025-09-01,2025-04-25,40.5429261447,-80.0380779995,flowering,5,2064.331809997555
2025-07-10,2025-04-25,56.1215272892,47.2032194585,flowering,5,749.0594329834001
2025-08-21,2025-04-25,64.9904566667,34.790885,flowering,5,
2025-09-02,2025-04-25,60.4003358112,22.5509146973,flowering,5,1210.2164855957035
2025-09-01,2025-04-25,45.9514182613,4.9094780673,flowering,5,1951.0255279540984
2025-09-02,2025-04-25,50.81956676,-4.54438711,flowering,5,1410.8111587524409
2025-09-02,2025-04-25,62.5085220337,29.8221492767,flowering,5,1228.616293334961
2025-09-02,2025-04-25,35.64655243,139.43964719,flowering,5,2430.33015594482
2025-08-29,2025-04-25,47.9120316667,8.1100416667,flowering,5,1277.9587890625007
2025-09-01,2025-04-25,44.04762967,-103.65645001,flowering,5,1462.3248535156245
2025-09-01,2025-04-25,52.214295,0.1415221667,flowering,5,1581.0575408935529
2025-09-01,2025-04-25,39.271075,-77.2743222222,flowering,5,2245.2291870117147
2025-09-01,2025-04-25,49.505646824,5.9117910717,flowering,5,1529.3207550048814
2025-08-31,2025-04-25,39.8370555336,-77.2358142006,flowering,5,2201.7540267944296
2025-08-31,2025-04-25,39.8215070662,-77.2285720112,flowering,5,2201.7540267944296
2025-08-30,2025-04-25,-34.250755,-58.753355,flowering,5,946.7098236084013
2025-08-31,2025-04-25,45.2723966667,-66.0643221667,flowering,5,1336.02240600586
2025-08-23,2025-04-25,47.8384333333,-91.1019466667,fruiting,5,1323.2475601196293
2025-08-31,2025-04-25,50.5811383333,-96.5830216667,flowering,5,1653.1131072998032
2025-08-31,2025-04-25,44.4605154669,-93.4024127642,flowering,5,1935.4042343139618
2025-08-30,2025-04-25,50.4572301586,4.8549874127,flowering,5,1564.7773559570296
2025-08-27,2025-04-25,40.0495271997,-80.1917332997,flowering,5,2001.3041687011687
2025-08-31,2025-04-25,46.6525306667,21.0731677778,flowering,5,2092.2827285766566
2025-08-31,2025-04-25,37.3693616667,126.6488283333,flowering,5,
2025-08-31,2025-04-25,55.0338347065,83.008931838,flowering,5,1511.609384155272
2025-08-27,2025-04-25,40.0403970997,-80.1785354997,flowering,5,2001.3041687011687
2025-08-30,2025-04-25,44.6083751018,-73.8043096662,flowering,5,1645.424404907225
2025-08-30,2025-04-25,41.9860715,-72.6055496,flowering,5,1948.8215225219697
2025-08-30,2025-04-25,45.2038824341,-76.2233038705,flowering,5,1733.2335327148417
2025-08-30,2025-04-25,51.32357,12.3813583333,flowering,5,1604.1381195068343
2025-08-30,2025-04-25,43.69426689,-103.60502297,flowering,5,1550.5617553710927
2025-07-31,2025-04-25,46.3358739,7.4775875,flowering,5,593.1151687622089
2025-08-30,2025-04-25,39.4272344527,-75.7773451369,flowering,5,2266.6643951415977
2025-08-30,2025-04-25,52.1706382495,0.1017983916,flowering,5,1556.9534805297835
2025-08-30,2025-04-25,60.3504416667,-1.25528,flowering,5,845.561734008792
2025-08-30,2025-04-25,60.51595839,16.39910969,flowering,5,1199.2073303222664
2025-07-23,2025-04-25,44.2662924997,-76.6013357,flowering,5,1160.582916259767
2025-08-29,2025-04-25,43.25048775,-77.4717460619,flowering,5,1617.7108795166005
2025-08-29,2025-04-25,43.2492309422,-77.4714928267,flowering,5,1821.1003982543925
2025-08-29,2025-04-25,43.2552319608,-71.3034516933,flowering,5,1780.2908508300761
2025-08-03,2025-04-25,52.971815,-9.4273866667,flowering,5,970.8304229736351
2025-08-20,2025-04-25,64.956545,34.6479783333,flowering,5,853.6116226196311
2025-08-23,2025-04-25,44.6135888322,-124.0551304445,flowering,5,
2025-08-29,2025-04-25,46.41164852,11.65919511,flowering,5,871.4755462646511
2025-08-29,2025-04-25,53.2373733521,8.8102245331,flowering,5,1484.9527618408192
2025-08-29,2025-04-25,54.86964478,83.09340553,flowering,5,1496.5743789672838
2025-08-28,2025-04-25,49.0240528333,-122.7116866667,flowering,5,1482.6633773803705
2025-08-28,2025-04-25,37.7928,-83.30276389,flowering,5,2273.7839599609338
2025-08-28,2025-04-25,55.8188108416,42.3645890332,flowering,5,1486.8793838500965
2025-08-28,2025-04-25,55.8379850714,42.3540230212,flowering,5,1486.8793838500965
2025-06-03,2025-04-25,35.2018249,-80.83754334,flowering,5,635.2965774536142
2025-08-28,2025-04-25,40.8638732694,-81.3507250977,flowering,5,1985.1402908325167
2025-08-20,2025-04-25,64.9550916667,34.6040166667,flowering,5,853.6116226196311
2025-08-27,2025-04-25,50.548754,30.2089609722,flowering,5,1586.5936203002916
2025-08-28,2025-04-25,46.7355024193,-0.6138863923,flowering,5,1840.8752761840792
2025-08-27,2025-04-25,55.9509466667,-3.1950866667,flowering,5,1088.67207336426
2025-08-22,2025-04-25,36.1793441667,-82.0791015556,flowering,5,1732.5473480224591
2025-06-08,2025-04-25,48.415211,-123.384274,fruiting,5,
2025-08-19,2025-04-25,64.5226783333,34.758775,flowering,5,895.5694946289085
2025-08-27,2025-04-25,43.0513054997,11.9583413,flowering,5,2124.5183410644495
2025-08-23,2025-04-25,65.6837184182,-17.5411368105,flowering,5,533.8916595459006
2025-08-13,2025-04-25,43.2532535434,76.9615295157,flowering,5,1759.0811248779278
2025-08-27,2025-04-25,52.0976029126,-1.8329048427,flowering,5,1487.3109512329092
2025-05-19,2025-04-25,56.6930344,-5.1759028997,flowering,5,137.15956115722713
2025-08-27,2025-04-25,52.0962364867,-1.8333650373,flowering,5,1487.3109512329092
2025-08-24,2025-04-25,50.568395,30.0731259722,flowering,5,1533.7227890014638
2025-08-26,2025-04-25,43.2207180958,-77.4441927989,flowering,5,1775.2191528320295
2025-06-03,2025-04-25,45.5776506997,2.8662299997,flowering,5,228.93839263916107
2025-08-18,2025-04-25,64.5097416667,34.8112816667,flowering,5,888.3060806274436
2025-08-26,2025-04-25,53.0699576,14.3241209997,flowering,5,1466.6874450683586
2025-08-26,2025-04-25,50.5895793323,16.7186215147,flowering,5,1256.7838806152354
2025-08-26,2025-04-25,51.2643671,23.3230876,flowering,5,1403.1267227172848
2025-08-25,2025-04-25,43.8336978659,-72.1479747011,flowering,5,1560.5639770507805
2025-08-25,2025-04-25,41.5215577622,-81.5746899694,flowering,5,1923.365048217771
2025-08-25,2025-04-25,39.9562655108,-105.6118592008,flowering,5,646.6277633667014
2025-08-25,2025-04-25,51.16796665,0.96602665,flowering,5,1424.0478790283196
2025-06-01,2025-04-25,41.263567,-72.932362,flowering,5,370.6219833374032
2025-08-24,2025-04-25,43.793,-88.0397805556,flowering,5,1685.1493331909164
2025-08-17,2025-04-25,64.523375,34.765805,flowering,5,879.3884460449241
2025-08-24,2025-04-25,46.955261,16.160038,flowering,5,1735.6982452392558
2025-08-25,2025-04-25,52.0956695,-1.8346333333,flowering,5,1461.033810424804
2025-08-17,2025-04-25,64.53652,34.7783333333,flowering,5,879.3884460449241
2025-08-24,2025-04-25,43.2654581842,-72.7174359664,flowering,5,1526.758561706542
2025-08-24,2025-04-25,37.87419963,-79.45112605,flowering,5,2047.7534057617158
2025-08-24,2025-04-25,44.0836280556,3.0536980556,flowering,5,1633.8198272705063
2025-08-24,2025-04-25,41.59451145,-124.09972951,flowering,5,
2025-08-24,2025-04-25,50.0464131378,36.2134178728,flowering,5,1663.6041442871078
2025-08-24,2025-04-25,53.1469149379,-6.067849828,flowering,5,1149.2194854736344
2025-08-20,2025-04-25,49.3286527778,-120.0244861111,flowering,5,987.1973785400417
2025-08-23,2025-04-25,42.5968383333,-83.9486466667,flowering,5,1843.4672409057594
2025-08-23,2025-04-25,46.9725055556,-123.9196083333,flowering,5,1233.4726806640638
2025-08-23,2025-04-25,48.0301783,7.2864057997,flowering,5,1628.5248275756817
2025-08-23,2025-04-25,52.9759339753,22.2412155093,flowering,5,1321.443511962891
2025-08-22,2025-04-25,47.49607141,-121.7843247786,flowering,5,1255.413215637208
2025-08-10,2025-04-25,42.4434064015,13.5575771642,flowering,5,1124.825283813478
2025-08-22,2025-04-25,48.72442355,-120.66357949,flowering,5,604.3419311523459
2025-08-19,2025-04-25,43.4890627997,-87.8063913997,flowering,5,1377.2471954345706
2025-08-22,2025-04-25,41.73470905,-124.15118709,flowering,5,1152.1395797729506
2025-08-20,2025-04-25,51.9682768032,35.975211896,flowering,5,1381.6571136474608
2025-08-15,2025-04-25,48.6981082655,-114.3189446527,flowering,5,886.213854980471
2025-08-20,2025-04-25,36.8735852627,-83.8297549619,flowering,5,2129.3631942748993
2025-08-22,2025-04-25,47.5767548325,15.912800096,flowering,5,1119.8403167724628
2025-08-22,2025-04-25,45.6613121031,9.6285181044,flowering,5,1813.641304016111
2025-08-22,2025-04-25,52.6058128645,1.2555532107,flowering,5,1379.822128295898
2025-08-22,2025-04-25,38.0031954204,-78.3109986886,flowering,5,2245.7532653808557
2025-08-22,2025-04-25,55.1412796943,-7.4570340555,flowering,5,1104.1792907714866
2025-08-15,2025-04-25,43.4955972222,-74.3586472222,flowering,5,1365.0683380126957
2025-08-22,2025-04-25,35.6463813,139.4396556,flowering,5,2163.204994201657
2025-08-21,2025-04-25,36.43797575,-94.42147009,flowering,5,2286.420256042477
2025-08-21,2025-04-25,48.5165332997,15.5010717,flowering,5,1410.6100067138668
2025-08-21,2025-04-25,59.82860133,17.60059622,flowering,5,1175.040338134767
2025-08-21,2025-04-25,43.73069703,-79.32511765,flowering,5,1554.9385971069332
2025-08-14,2025-04-25,41.189,-81.5787194444,flowering,5,1756.1309768676742
2025-08-21,2025-04-25,35.64672782,139.43981461,flowering,5,2139.3517822265594
2025-08-20,2025-04-25,35.5494583333,139.430175,flowering,5,2095.22654418945
2025-08-20,2025-04-25,46.06432,-73.1616216667,flowering,5,1593.1969268798816
2025-08-18,2025-04-25,52.3362967098,-0.1848550656,flowering,5,1396.034478759765
2025-07-29,2025-04-25,47.9871697077,-90.1842898875,flowering,5,880.9389205932637
2025-08-20,2025-04-25,65.4072307997,26.8080043,flowering,5,981.6748306274437
2025-08-20,2025-04-25,42.5880347,1.3258349,flowering,5,945.1067962646508
2025-08-20,2025-04-25,45.0653256016,-76.6515234083,flowering,5,1552.743168640136
2025-08-20,2025-04-25,52.3336907892,-2.0692817028,flowering,5,1367.5830123901364
2025-08-20,2025-04-25,65.9197388,27.9859240997,flowering,5,858.9621322631858
2025-08-20,2025-04-25,51.6577238517,-0.2723082528,flowering,5,1407.8623855590818
2025-06-30,2025-04-25,44.6168472222,-79.94705,flowering,5,667.8277526855484
2025-08-18,2025-04-25,49.2016450124,-122.6346991752,flowering,5,1310.5045333862308
2025-08-20,2025-04-25,35.6109766714,139.3916027899,flowering,5,2115.2102172851532
2025-08-19,2025-04-25,48.3322715556,16.3256187222,flowering,5,1597.8472778320302
2025-08-12,2025-04-25,35.785115,139.893615,flowering,5,2065.0225143432594
2025-08-19,2025-04-25,48.427865,-123.4061983333,flowering,5,
2025-08-19,2025-04-25,44.341629284,-78.2135440542,flowering,5,1678.6112319946278
2025-08-19,2025-04-25,35.64659913,139.43974447,flowering,5,2091.753062438962
2025-08-18,2025-04-25,49.85561365,-97.13946913,flowering,5,1523.8951324462882
2025-07-28,2025-04-25,42.5167654198,-76.1488869041,flowering,5,1197.8484573364267
2025-08-09,2025-04-25,31.6797,110.43925,flowering,5,1402.9782135009764
2025-08-18,2025-04-25,42.6149847359,-71.7376675817,flowering,5,1745.9982391357407
2025-08-15,2025-04-25,44.5516211094,6.7270754081,flowering,5,757.8424346923848
2025-08-17,2025-04-25,44.9142216667,-91.400275,flowering,5,1639.208244323729
2025-08-17,2025-04-25,64.1537138889,-21.9904833333,flowering,5,
2025-08-17,2025-04-25,45.5488888,-122.3648153997,flowering,5,1543.9088363647452
2025-08-17,2025-04-25,37.9258055556,-79.0034027778,flowering,5,1851.3809967040993
2025-08-13,2025-04-25,45.0930555,-93.1618055,flowering,5,1674.3276077270493
2025-08-16,2025-04-25,45.82667985,-118.16180601,flowering,5,1313.0485366821295
2025-08-18,2025-04-25,35.64646262,139.4395036,flowering,5,2068.053048706052
2025-08-17,2025-04-25,36.2549216667,-94.2709366667,flowering,5,2168.6383819580046
2025-08-11,2025-04-25,44.9671178358,-84.6714627081,budding,5,1353.7410797119146
2025-08-17,2025-04-25,64.167922,-20.517464,flowering,5,532.7042098999048
2025-08-16,2025-04-25,59.9197856913,30.3372155875,flowering,5,1148.2842132568376
2025-08-16,2025-04-25,59.9474514011,30.3024648875,flowering,5,1148.2842132568376
2025-08-09,2025-04-25,52.1476777778,9.9019166667,flowering,5,1208.3770553588874
2025-08-17,2025-04-25,64.0597983333,25.6847816667,flowering,5,1004.7600433349633
2025-08-14,2025-04-25,47.1237523995,-88.2878048577,flowering,5,1157.6883712768572
2025-08-13,2025-04-25,43.6483375321,142.789083682,flowering,5,952.3614852905295
2025-08-15,2025-04-25,59.7890548952,-151.8527934081,flowering,5,532.5266815185571
2025-08-16,2025-04-25,49.2702755182,-123.2600774586,flowering,5,
2025-07-15,2025-04-25,42.7290847788,-90.5006666989,flowering,5,1189.0889465332043
2025-08-16,2025-04-25,37.8832982459,-84.3407764663,flowering,5,2031.2004379272435
2025-08-16,2025-04-25,35.64680414,139.43983787,flowering,5,2020.8404983520481
2025-08-11,2025-04-25,37.8185783333,-83.5807416667,flowering,5,1906.928266906736
2025-08-15,2025-04-25,43.9898314226,-80.7406708226,flowering,5,1448.150631713867
2025-08-13,2025-04-25,42.4060329671,1.9227271438,flowering,5,1178.1353286743179
2025-08-15,2025-04-25,39.9187365324,-86.1364981905,flowering,5,1932.8857849121068
2025-08-12,2025-04-25,26.8704111111,104.255725,flowering,5,1262.7452011108403
2025-08-12,2025-04-25,46.7810060424,-1.4281109244,flowering,5,1549.1119232177725
2025-08-15,2025-04-25,58.5337295822,31.296572372,flowering,5,1222.5320678710946
2025-08-15,2025-04-25,36.3406260532,136.6355186748,flowering,5,1695.0417907714832
2025-08-14,2025-04-25,50.9725579501,-119.4185415577,flowering,5,1105.3271209716818
2025-08-14,2025-04-25,50.9724709682,-119.4185603331,flowering,5,1105.3271209716818
2025-08-14,2025-04-25,39.6768182562,-79.3758026138,flowering,5,1582.28388519287
2025-08-09,2025-04-25,31.4730277778,110.3799305556,flowering,5,1299.7211029052742
2025-08-14,2025-04-25,46.898248307,-92.4872788853,flowering,5,1337.5727401733402
2025-08-14,2025-04-25,40.671795,-81.640625,flowering,5,1778.5367767333964
2025-08-14,2025-04-25,53.5071611111,8.1136027778,flowering,5,1242.68617553711
2025-08-14,2025-04-25,48.5035,32.2258583333,flowering,5,1630.2464401245106
2025-08-11,2025-04-25,26.8710416667,104.2550944444,flowering,5,1251.408651733399
2025-08-11,2025-04-25,26.8705527778,104.2557361111,flowering,5,1251.408651733399
2025-08-13,2025-04-25,43.2504833296,-77.4719315264,flowering,5,1364.1020217895511
2025-08-13,2025-04-25,43.2501719254,-77.4715911738,flowering,5,1364.1020217895511
2025-08-12,2025-04-25,41.1348172147,-124.1559130617,flowering,5,
2025-08-14,2025-04-25,35.64664787,139.43961004,flowering,5,1976.8594696044897
2025-08-13,2025-04-25,52.0311055,-4.838305,flowering,5,1079.4138656616233
2025-08-13,2025-04-25,46.5762786865,-85.2532501221,flowering,5,1053.8954757690453
2025-08-13,2025-04-25,54.7395259835,55.9925720541,flowering,5,1377.6327728271485
2025-08-13,2025-04-25,46.3462009624,-62.2468835858,flowering,5,
2025-08-10,2025-04-25,53.029719803,-119.234285769,flowering,5,435.89207000732597
2025-08-13,2025-04-25,39.5717021997,-105.4061741997,flowering,5,832.4783782959007
2025-08-12,2025-04-25,45.711856842,-86.6680908203,flowering,5,1064.3887390136742
2025-08-09,2025-04-25,57.9902120125,33.3582914345,flowering,5,1061.6749343872089
2025-07-18,2025-04-25,42.7432157,-88.7152715,flowering,5,1179.1719970703134
2025-08-11,2025-04-25,50.9724111767,-119.4185356148,flowering,5,1064.8985046386742
2025-08-11,2025-04-25,50.9726711192,-119.4182622138,flowering,5,1064.8985046386742
2025-08-12,2025-04-25,43.3579013103,-80.2722346219,flowering,5,1528.9969940185542
2025-08-11,2025-04-25,50.9724716627,-119.4189569059,flowering,5,1064.8985046386742
2025-08-09,2025-04-25,47.140854009,15.3575982526,flowering,5,1268.2908279418948
2025-07-18,2025-04-25,65.8254286568,44.2768102696,flowering,5,388.47109680175924
2025-07-19,2025-04-25,48.5906647119,-86.2903906154,flowering,5,409.72108306884934
2025-08-12,2025-04-25,59.8418789722,59.905079,flowering,5,953.3292907714866
2025-08-08,2025-04-25,50.9724496576,-119.4185934662,flowering,5,1020.2803588867212
2025-08-08,2025-04-25,50.9724496576,-119.4185934662,flowering,5,1020.2803588867212
2025-07-12,2025-04-25,46.1879944444,-71.5516583333,flowering,5,830.6477859497088
2025-08-09,2025-04-25,48.5271716667,-123.3657616667,flowering,5,996.5434143066431
2025-08-05,2025-04-25,50.9727135036,-119.418211252,flowering,5,988.2757766723656
2025-08-05,2025-04-25,50.9727300744,-119.4182219806,flowering,5,988.2757766723656
2025-08-05,2025-04-25,50.9725085033,-119.4186055364,flowering,5,988.2757766723656
2025-07-29,2025-04-25,39.2108472222,-106.8397527778,flowering,5,482.94868774414215
2025-08-11,2025-04-25,53.3682229293,10.5186031759,flowering,5,1225.6906036376959
2025-07-31,2025-04-25,50.972522015,-119.4186109008,flowering,5,912.7231338500999
2025-07-27,2025-04-25,50.9725051253,-119.4186082186,flowering,5,849.8084472656271
2025-08-10,2025-04-25,39.5750779997,-78.5128425,flowering,5,1776.1943634033187
2025-08-11,2025-04-25,53.83012,20.7375533333,flowering,5,1077.3462188720723
2025-08-10,2025-04-25,39.5503473997,-78.4630683,flowering,5,1776.1943634033187
2025-08-11,2025-04-25,43.1004046927,-7.5856539653,flowering,5,1323.7441543579102
2025-08-10,2025-04-25,56.2268560565,43.4095643833,flowering,5,1242.8811645507822
2025-08-10,2025-04-25,38.04524901,-104.99996288,flowering,5,1005.174436950686
2025-08-10,2025-04-25,56.8097483333,60.6479333333,flowering,5,1085.5618591308612
2024-09-25,2024-05-31,35.9649107775,138.2592643827,flowering,5,1640.1649291992167
2025-08-10,2025-04-25,42.5495512997,140.7625288,flowering,5,1375.2477508544926
2025-08-08,2025-04-25,35.4868913207,-83.0396156386,flowering,5,1455.583680725097
2025-05-25,2025-04-25,43.0428562,-72.9109334,flowering,5,204.2987594604499
2025-08-09,2025-04-25,40.7473301659,-73.8063130264,flowering,5,1737.8302871704086
2025-08-09,2025-04-25,39.889825,32.8429616667,flowering,5,1652.7799484252923
2025-08-08,2025-04-25,54.7765476394,56.0305594308,flowering,5,1298.991445922852
2025-08-08,2025-04-25,54.7712764448,56.0196505976,flowering,5,1298.991445922852
2025-08-09,2025-04-25,47.4019333,-122.4317776,flowering,5,1341.296977233887
2025-07-08,2025-04-25,51.7313111111,-3.6567722222,flowering,5,662.0228805542009
2025-08-09,2025-04-25,43.0836028333,-79.0876,flowering,5,1542.3599960327142
2025-08-08,2025-04-25,44.3609528805,-71.8978597988,flowering,5,1253.1191497802743
2025-07-29,2025-04-25,55.6810702716,-1.7964641199,flowering,5,
2025-07-29,2025-04-25,55.682722057,-1.7853143554,flowering,5,
2025-08-09,2025-04-25,66.1322047997,76.6864434997,flowering,5,567.5679199218765
2025-08-09,2025-04-25,55.7467783116,38.0519869924,flowering,5,1197.5304199218763
2025-08-08,2025-04-25,42.9319889285,-81.2293884158,flowering,5,1480.3859649658198
2025-08-08,2025-04-25,41.6036191676,-72.7958949655,flowering,5,1592.5766693115224
2025-08-02,2025-04-25,44.43157,141.316925,flowering,5,
2025-08-08,2025-04-25,39.8917716667,-76.701195,flowering,5,1755.201417541502
2025-08-08,2025-04-25,39.89228,-76.7019283333,flowering,5,1755.201417541502
2025-08-08,2025-04-25,43.78814478,-103.41374557,flowering,5,1286.5222702026376
2025-08-08,2025-04-25,42.8157946,74.6509665,flowering,5,1578.8024765014638
2025-07-23,2025-04-25,52.2289145343,87.1453386918,flowering,5,968.9909561157247
2025-08-07,2025-04-25,49.6384390367,-114.5054666222,flowering,5,636.7448226928731
2025-08-07,2025-04-25,43.4474133333,142.6490633333,flowering,5,1009.469305419924
2024-07-03,2024-05-31,42.5512521048,141.3558131084,flowering,5,
2025-07-26,2025-04-25,53.4727745056,-3.038205862,flowering,5,943.281788635256
2025-08-07,2025-04-25,40.3698524446,-80.700638853,flowering,5,1637.6165847778307
2025-08-07,2025-04-25,48.4448207682,-123.4055004259,flowering,5,
2025-08-07,2025-04-25,43.6348383333,-5.856445,flowering,5,1289.9032516479497
2025-08-07,2025-04-25,42.5088164,-70.9446865997,flowering,5,1424.904899597168
2025-08-03,2025-04-25,43.9685527778,-103.4709861111,flowering,5,1132.631436157228
2025-07-24,2025-04-25,44.25612,40.2016416667,flowering,5,991.6360244750997
2025-07-22,2025-04-25,52.2839996044,87.0401437953,flowering,5,993.407160949709
2025-07-27,2025-04-25,50.396245,10.0200611667,flowering,5,925.6810516357443
2025-07-20,2025-04-25,37.7972017579,-84.30408359,budding,5,1475.2011596679686
2025-08-05,2025-04-25,44.43803,-80.1214138333,flowering,5,1230.215678405763
2025-08-06,2025-04-25,42.5417366667,-85.6808166667,flowering,5,1515.2413085937496
2025-08-05,2025-04-25,40.8724013359,-97.9965002014,flowering,5,1751.9639633178695
2025-08-06,2025-04-25,40.7797846209,-74.3547170609,flowering,5,1661.0988983154284
2025-08-06,2025-04-25,42.2847979317,9.1264219468,flowering,5,1382.0110153198239
2025-08-02,2025-04-25,-41.2663135246,174.7753427495,flowering,5,
2025-08-06,2025-04-25,36.6985083333,138.4914866667,flowering,5,1147.8652587890642
2025-08-04,2025-04-25,42.3875,-71.1459277778,flowering,5,1487.9981491088865
2025-08-04,2025-04-25,43.1596851587,-71.2126554864,flowering,5,1408.9577972412108
2025-08-05,2025-04-25,43.6430083333,-5.8434166667,flowering,5,1258.7664459228522
2025-07-03,2025-04-25,47.4139647464,-122.4738581962,flowering,5,773.6235580444352
2025-08-05,2025-04-25,35.6475115,139.44637508,flowering,5,1777.8822448730452
2025-08-05,2025-04-25,57.01206659,60.56635198,flowering,5,1023.5018157959007
2025-08-04,2025-04-25,35.5614478997,-83.4985501,flowering,5,1363.891230773926
2025-08-04,2025-04-25,40.4601435222,-86.9464351237,budding,5,1676.8696701049794
2025-07-30,2025-04-25,44.3915068,-79.5321788,flowering,5,1277.9304382324226
2025-08-03,2025-04-25,39.6993716667,-78.9450533333,flowering,5,1430.336961364746
2025-07-13,2025-04-25,49.4689300286,-57.9566456197,flowering,5,429.536058044435
2025-08-04,2025-04-25,36.6682601997,-86.5552306997,flowering,5,1896.0496856689433
2025-08-04,2025-04-25,51.4915783333,-56.9365116667,flowering,5,488.0922912597673
2025-08-04,2025-04-25,45.4422383333,-73.6058416667,budding,5,1418.1141159057615
2025-07-03,2025-04-25,48.5586458984,-88.7440737337,flowering,5,325.15870819091924
2025-08-04,2025-04-25,48.1265333333,-114.035675,flowering,5,1050.4315673828146
2025-08-04,2025-04-25,48.1265305556,-114.035675,flowering,5,1050.4315673828146
2025-08-03,2025-04-25,56.1553950519,47.1638765788,flowering,5,1155.2760223388686
2025-08-01,2025-04-25,49.397743925,-123.2046824717,flowering,5,952.5401214599632
2025-08-02,2025-04-25,48.0220010933,16.3160830789,flowering,5,1297.598526000977
2025-08-01,2025-04-25,51.0095121311,-114.2082722493,flowering,5,925.1073364257835
2025-08-03,2025-04-25,50.906945,-113.6386416667,flowering,5,1058.9029403686545
2025-08-03,2025-04-25,39.8959366667,-76.7082366667,flowering,5,1670.193383789061
2025-08-03,2025-04-25,58.2899124699,-6.2823490798,flowering,5,763.9649368286156
2025-08-03,2025-04-25,47.4737083333,10.6992866667,flowering,5,611.1035415649435
2025-08-02,2025-04-25,41.2306742243,-73.0640360713,flowering,5,1498.4213333129878
2025-08-02,2025-04-25,41.2306742243,-73.0640360713,fruiting,5,1498.4213333129878
2025-08-03,2025-04-25,59.68128,59.815711,flowering,5,855.4558135986349
2025-08-01,2025-04-25,48.3315993302,-77.2860753395,flowering,5,930.4255294799825
2025-08-02,2025-04-25,-41.2080769909,174.9294988369,flowering,5,592.9353866577171
2025-08-02,2025-04-25,49.0853398214,-122.5181462243,flowering,5,1128.424461364748
2025-07-01,2025-04-25,48.3542719528,-88.8461579382,flowering,5,223.8264724731457
2025-07-18,2025-04-25,53.6928697997,-2.2618811997,flowering,5,703.2279739379902
2025-08-02,2025-04-25,43.1686935278,-72.4577255,flowering,5,1295.958030700684
2025-07-27,2025-04-25,35.4796116667,138.6927633333,flowering,5,1140.206388854982
2025-07-31,2025-04-25,40.0929898997,-74.8577534,flowering,5,1674.25928955078
2025-07-28,2025-04-25,37.1748704014,-93.2813480329,flowering,5,1660.0513381957999
2025-08-02,2025-04-25,41.2482491325,-73.8848631084,flowering,5,1543.0597000122066
2025-08-02,2025-04-25,39.0923171136,-84.5896390826,flowering,5,1708.8126296997057
2025-08-02,2025-04-25,42.8843166667,-5.6327783333,flowering,5,944.2293579101585
2025-07-15,2025-04-25,36.5969716667,-93.30545,flowering,5,1418.1153671264647
2025-07-27,2025-04-25,48.61144,-79.8986966667,flowering,5,849.9151641845722
2025-08-02,2025-04-25,50.0485792546,36.2093010172,flowering,5,1339.585357666016
2025-08-01,2025-04-25,44.0008213409,-72.1061376805,flowering,5,1205.6202911376963
2025-07-21,2025-04-25,67.8491497,19.0064889,flowering,5,198.25745086669997
2025-08-02,2025-04-25,38.71227,141.411897,flowering,5,1481.5192413330078
2025-07-19,2025-04-25,45.2111783333,-93.3177416667,flowering,5,1188.8627868652352
2025-07-30,2025-04-25,51.28710996,82.62919813,flowering,5,1100.4377670288104
2025-08-01,2025-04-25,42.98721413,-81.33151064,flowering,5,1355.6865982055665
2025-08-01,2025-04-25,40.9599380493,-81.3475799561,flowering,5,1506.2055953979489
2025-08-01,2025-04-25,44.3132938861,-68.2581136376,flowering,5,855.9748291015648
2025-08-01,2025-04-25,38.0288754997,-84.4813223,flowering,5,1696.9298995971667
2025-08-01,2025-04-25,38.0288893,-84.4813414,flowering,5,1696.9298995971667
2025-07-25,2025-04-25,54.7584103665,56.0041710335,flowering,5,1087.2695312500018
2025-07-25,2025-04-25,54.75894306,56.0007878754,flowering,5,1087.2695312500018
2025-08-01,2025-04-25,38.028629303,-84.4812316895,flowering,5,1696.9298995971667
2025-06-29,2025-04-25,57.146,65.57403,flowering,5,654.8702972412124
2025-08-01,2025-04-25,41.3927868418,-75.6683561305,flowering,5,1376.8335556030274
2025-07-18,2025-04-25,57.687183,39.799804,flowering,5,781.9050231933611
2025-07-31,2025-04-25,50.4674496,4.83462,flowering,5,1149.383450317384
2025-08-01,2025-04-25,46.3977943361,12.6480893791,flowering,5,744.4730361938499
2025-08-01,2025-04-25,66.5261833333,66.59928,flowering,5,462.89609985351706
2025-07-24,2025-04-25,41.8417907219,14.0618036483,flowering,5,994.9922195434591
2025-05-15,2025-04-25,49.0601058741,-122.8798217737,flowering,5,157.96088562011766
2025-07-31,2025-04-25,53.0963447997,6.0603039,flowering,5,1052.6546600341817
2025-07-30,2025-04-25,44.882992873,-94.8341848701,flowering,5,1406.0642730712889
2025-07-31,2025-04-25,53.62047,-2.5474,flowering,5,910.1356628417991
2025-07-31,2025-04-25,37.4708557129,-76.559753418,flowering,5,1869.9365509033182
2025-06-08,2025-04-25,38.1366376882,-84.9022785828,flowering,5,601.8038940429698
2025-07-31,2025-04-25,66.6981638,32.8620988997,flowering,5,640.6560699462909
2025-07-27,2025-04-25,44.9772356267,-72.1863469983,flowering,5,1105.44055786133
2025-07-30,2025-04-25,49.6879896533,-83.6669554934,flowering,5,911.9788864135761
2025-07-30,2025-04-25,37.1785283333,-104.9546583333,flowering,5,846.8003463745138
2025-07-29,2025-04-25,45.4874779769,-73.4097197291,flowering,5,1306.9877105712894
2025-07-29,2025-04-25,47.3639944444,-79.7144777778,flowering,5,948.5279907226583
2025-07-28,2025-04-25,47.1232,14.196,flowering,5,725.7816635131857
2025-07-30,2025-04-25,57.3597309389,61.6614793986,flowering,5,1026.1305480957053
2025-07-29,2025-04-25,49.90384579,-119.54387033,flowering,5,1254.8692871093758
2025-07-29,2025-04-25,46.08406,-73.16439,flowering,5,1229.6213394165047
2025-07-28,2025-04-25,47.1242586724,14.1726623849,flowering,5,725.7816635131857
2025-06-20,2025-04-25,37.4824633333,-85.6484666667,flowering,5,842.3559906005872
2025-07-29,2025-04-25,53.8558583336,-3.02775,flowering,5,930.5736251831077
2025-07-29,2025-04-25,38.12592183,-85.74981607,flowering,5,1711.6420074462876
2025-07-29,2025-04-25,52.54450668,59.643959292,flowering,5,1138.7440185546889
2025-07-27,2025-04-25,38.2767833333,-80.8486333333,flowering,5,1444.00237121582
2025-07-28,2025-04-25,47.4033371,-122.4942022997,flowering,5,1177.2458419799814
2025-07-20,2025-04-25,50.7977573989,-114.8478986626,flowering,5,293.9589294433606
2025-07-20,2025-04-25,50.797784524,-114.8478557472,flowering,5,293.9589294433606
2025-07-28,2025-04-25,40.9048388889,-74.003125,flowering,5,1519.1648483276363
2025-07-28,2025-04-25,39.3739824813,-84.7147745577,flowering,5,1598.2645797729483
2025-07-28,2025-04-25,48.5056033333,-89.6478666667,flowering,5,918.960383605959
2025-07-28,2025-04-25,35.5957051383,-83.4589139198,flowering,5,1256.985511779786
2025-07-26,2025-04-25,50.9065549722,24.477364,flowering,5,971.8945281982443
2025-07-22,2025-04-25,38.9411353,-83.3768631,flowering,5,1450.932417297363
2025-07-27,2025-04-25,44.8830416667,-94.831325,flowering,5,1345.3101028442384
2025-07-27,2025-04-25,44.4706462767,-63.6531266441,flowering,5,833.1919845581076
2025-07-27,2025-04-25,45.3993186951,-77.6393432617,flowering,5,1090.538473510744
2025-07-27,2025-04-25,34.51455,-93.1158361667,flowering,5,1918.0885757446272
2025-07-27,2025-04-25,38.9010916667,-90.5793833333,flowering,5,1687.4445938110339
2025-07-07,2025-04-25,58.00439,40.45157,flowering,5,598.9285736083999
2025-07-27,2025-04-25,41.4601666667,-73.8297666667,flowering,5,1334.6929916381841
2025-07-23,2025-04-25,39.2426207997,-84.5856768,flowering,5,1505.6045455932613
2025-07-27,2025-04-25,41.7281211422,-83.5442276672,flowering,5,1451.850172424316
2025-07-12,2025-04-25,51.3745947595,86.1194587871,flowering,5,686.0437225341814
2025-07-27,2025-04-25,55.7419170114,38.0463704467,flowering,5,999.0440948486348
2025-07-27,2025-04-25,59.9782633333,17.8745716667,flowering,5,839.6608795166036
2025-07-26,2025-04-25,42.116015286,-74.3301878636,flowering,5,1113.9503143310562
2025-07-22,2025-04-25,39.0003553399,-84.7293487158,flowering,5,1472.9431518554684
2025-07-27,2025-04-25,41.314493965,2.1153002703,flowering,5,1527.9532455444328
2025-07-24,2025-04-25,41.82353314,-87.89333836,flowering,5,1329.8784271240238
2025-07-26,2025-04-25,52.4936616183,59.9796349296,fruiting,5,1117.1535369873063
2025-07-26,2025-04-25,42.0725695,-93.6296166667,flowering,5,1473.1044128417966
2025-07-26,2025-04-25,41.6340112153,-80.4840414226,flowering,5,1311.2352340698249
2025-07-25,2025-04-25,44.0098007,-77.7420364,flowering,5,1119.064074707033
2025-07-25,2025-04-25,46.674945305,-70.69004167,flowering,5,982.8523254394552
2025-07-26,2025-04-25,44.317855835,-78.3174591064,flowering,5,1231.5403717041027
2025-07-26,2025-04-25,37.9256629944,-84.5435256958,flowering,5,1586.8810470581047
2025-05-15,2025-04-25,35.3550638889,-80.8444972222,flowering,5,322.3141723632817
2025-07-14,2025-04-25,51.5834851508,-122.8675731549,flowering,5,384.1895355224625
2025-07-26,2025-04-25,66.0716371997,76.6202202997,flowering,5,435.65459899902464
2025-07-05,2025-04-25,67.3252966667,14.4798083333,flowering,5,254.85812988281384
2025-07-26,2025-04-25,-33.810875,150.9190216667,flowering,5,715.8351562500021
2025-07-25,2025-04-25,58.3348883333,35.07145,flowering,5,852.028334045412
2025-07-25,2025-04-25,53.6654938174,-113.590510035,flowering,5,948.5803787231466
2025-07-25,2025-04-25,42.8089141997,-78.8141169,flowering,5,1239.378672790528
2025-07-25,2025-04-25,44.5578643824,-88.0368499884,flowering,5,1196.0876113891613
2025-07-05,2025-04-25,67.3155466667,14.4508283333,flowering,5,254.85812988281384
2025-07-25,2025-04-25,45.9277806038,-66.6543634498,flowering,5,1037.778613281252
2025-07-25,2025-04-25,40.7507221372,-73.9174109388,flowering,5,1467.957759094238
2025-07-22,2025-04-25,35.2102583333,137.6851966667,flowering,5,1223.1191696167002
2025-07-18,2025-04-25,35.2761916667,-83.5765138889,flowering,5,1234.4754409790048
2025-07-25,2025-04-25,55.7427133964,48.7224209979,flowering,5,1012.2476196289083
2025-07-14,2025-04-25,37.49347,-84.22646,flowering,5,1315.2439132690433
2025-07-10,2025-04-25,51.453188753,86.0473365337,flowering,5,682.7030838012712
2025-07-21,2025-04-25,46.3073435255,13.7678218337,flowering,5,726.7054489135762
2025-07-22,2025-04-25,47.2189106933,-68.7704275983,flowering,5,877.2595840454121
2025-07-24,2025-04-25,47.032677119,-122.9993085804,flowering,5,1017.3661056518575
2025-07-20,2025-04-25,46.2709786815,13.7855151313,flowering,5,713.6906845092793
2025-07-25,2025-04-25,-41.256161,174.771839,flowering,5,
2025-07-23,2025-04-25,42.0579887997,-97.4310111,flowering,5,1396.6183471679688
2025-07-24,2025-04-25,39.8877833333,-106.0841611111,flowering,5,417.26814575195453
2025-07-24,2025-04-25,43.92775268,-103.48667097,flowering,5,938.9232849121114
2025-07-24,2025-04-25,37.2005503,-94.5208848,flowering,5,1665.526414489745
2025-07-24,2025-04-25,40.8186888889,14.4296888889,flowering,5,1551.172517395019
2025-07-24,2025-04-25,38.088533525,-85.6350279273,flowering,5,1576.8546539306635
2025-07-24,2025-04-25,45.2415646557,-93.1833185669,flowering,5,1292.17007598877
2025-07-21,2025-04-25,47.23529579,-68.69785621,flowering,5,877.6744705200215
2025-07-24,2025-04-25,53.5468422363,-2.6348118715,flowering,5,895.9362197875997
2025-07-23,2025-04-25,58.8064469685,33.3825505063,flowering,5,813.8966995239275
2025-07-24,2025-04-25,48.5235277031,11.6418911538,flowering,5,1092.6083312988299
2025-07-24,2025-04-25,42.1117,13.2357916667,flowering,5,1111.019883728029
2025-07-23,2025-04-25,43.0250544496,-77.5695153901,flowering,5,1246.689483642579
2025-07-23,2025-04-25,41.5950663084,-82.7063427866,flowering,5,1338.1990890502934
2025-07-21,2025-04-25,45.9263209568,-66.7817943025,flowering,5,964.7723663330098
2025-07-23,2025-04-25,58.8127016667,33.3723766667,flowering,5,813.8966995239275
2025-07-23,2025-04-25,58.812515,33.3742116667,flowering,5,813.8966995239275
2025-07-23,2025-04-25,43.6010206633,-116.189833805,flowering,5,1348.980964660645
2025-07-23,2025-04-25,51.1671752778,4.4436092222,flowering,5,1129.4084014892592
2025-07-23,2025-04-25,38.90348,-77.0140099722,flowering,5,1586.1814346313467
2025-07-20,2025-04-25,67.9479217528,34.5384750364,flowering,5,215.11021270752065
2025-07-23,2025-04-25,35.35905261,132.75620654,flowering,5,1446.4417037963867
2025-07-21,2025-04-25,41.9726383333,-87.688935,flowering,5,1140.3139770507828
2025-07-21,2025-04-25,41.8483816667,-87.6894233333,flowering,5,1163.369793701173
2025-07-14,2025-04-25,42.2814404,-83.4701996997,flowering,5,1125.8124252319349
2025-07-22,2025-04-25,43.1504118,-4.6535748,flowering,5,760.4646942138692
2025-07-22,2025-04-25,50.8482669722,24.300305,flowering,5,914.9574111938497
2025-07-12,2025-04-25,43.1245693162,19.1213473199,flowering,5,553.2771667480486
2025-07-12,2025-04-25,43.1245693162,19.1213473199,flowering,5,553.2771667480486
2025-07-22,2025-04-25,45.4994392506,15.5454507843,flowering,5,1254.0120071411138
2025-07-21,2025-04-25,43.2503675197,-77.4716909432,flowering,5,932.21759490967
2025-07-21,2025-04-25,43.2502858492,-77.4716410468,flowering,5,932.21759490967
2025-07-21,2025-04-25,50.5448833333,-96.6125033333,flowering,5,1016.7143630981465
2025-07-21,2025-04-25,46.6304104581,-92.0437612622,flowering,5,946.5667526245137
2025-07-21,2025-04-25,47.4638745728,19.1149976285,flowering,5,1227.4795578002936
2025-07-21,2025-04-25,35.5193885997,-82.4041437997,flowering,5,1328.0494354248049
2025-07-21,2025-04-25,39.6275777778,-79.9263222222,flowering,5,1265.1975067138678
2025-07-21,2025-04-25,67.8613320997,20.2735208,flowering,5,353.0049591064467
2025-07-21,2025-04-25,52.4673187221,-1.9004077837,flowering,5,940.606037902834
2025-07-15,2025-04-25,43.0684583333,141.3438083333,flowering,5,939.6878753662128
2025-07-20,2025-04-25,37.7153718773,-84.293922722,flowering,5,1468.918208312988
2025-07-12,2025-04-25,39.1920394722,-9.0579728889,flowering,5,1136.3344482421885
2025-07-14,2025-04-25,39.1782111944,-9.052783,flowering,5,1168.9112792968758
2025-07-21,2025-04-25,39.664931,67.0361019722,flowering,5,1760.922451782225
2025-07-16,2025-04-25,41.9709116667,-87.688815,flowering,5,1050.8841979980489
2025-05-20,2025-04-25,46.9485104403,16.1039422272,flowering,5,203.21573791503965
2025-07-20,2025-04-25,35.4942158855,-82.6091606545,flowering,5,1345.4271804809573
2025-07-20,2025-04-25,41.49644227,-72.7261870354,flowering,5,1224.5934249877937
2025-07-19,2025-04-25,44.627895,-72.6832416667,flowering,5,972.2593170166035
2025-07-20,2025-04-25,61.5044157,23.8056514,flowering,5,672.5504394531267
2025-07-20,2025-04-25,44.341550063,-78.2135836317,flowering,5,1128.8980438232438
2025-07-20,2025-04-25,45.8284152998,15.9686120041,flowering,5,1224.8348800659187
2025-07-20,2025-04-25,59.9843941396,-1.2903818395,flowering,5,523.7204238891621
2025-06-19,2025-04-25,45.47559,-94.35294,flowering,5,594.0417572021497
2025-07-19,2025-04-25,51.1051528333,-115.4059616667,flowering,5,278.91626129150507
2025-07-19,2025-04-25,43.280125,-75.487,flowering,5,1071.6353164672869
2025-07-19,2025-04-25,44.8654279,-73.2972084,flowering,5,1075.397668457033
2025-07-11,2025-04-25,47.8282777778,-122.2839833333,flowering,5,776.2999618530291
2025-07-19,2025-04-25,45.33605443,-75.84101653,flowering,5,1071.8687225341814
2025-07-19,2025-04-25,53.182737477,-6.8103679,flowering,5,830.5782791137715
2025-07-07,2025-04-25,43.0237804936,-88.1886878237,flowering,5,906.0233596801775
2025-07-19,2025-04-25,40.7151171379,-73.3309322284,flowering,5,
2025-07-19,2025-04-25,40.6898145857,-74.0192731307,flowering,5,1351.8568817138676
2025-07-18,2025-04-25,41.13725,-74.1670533333,flowering,5,1236.4229660034189
2025-07-18,2025-04-25,40.5899116358,-105.0875484358,flowering,5,1023.301414489748
2025-07-18,2025-04-25,65.0310922,25.4924402,flowering,5,541.5200439453141
2025-05-04,2025-04-25,53.5177046293,-1.2885633841,flowering,5,77.06050872802757
2025-07-10,2025-04-25,37.7448447,-119.5790693,flowering,5,602.1022369384782
2025-07-13,2025-04-25,40.3958814833,-80.0238135,flowering,5,1172.0990753173837
2025-07-13,2025-04-25,59.2067009426,39.8872358644,flowering,5,645.9184234619156
2025-07-08,2025-04-25,54.7663809677,56.0099560485,flowering,5,838.0946701049821
2025-07-17,2025-04-25,46.3396014768,13.5562455457,flowering,5,784.09046020508
2025-07-17,2025-04-25,38.2378670516,-84.5742865851,flowering,5,1386.3166564941407
2025-07-16,2025-04-25,41.97295,-87.6888966667,flowering,5,1050.8841979980489
2025-07-16,2025-04-25,54.9238629722,33.2990532,flowering,5,774.6813995361346
2025-07-16,2025-04-25,42.54906994,-73.2158235,flowering,5,994.9055755615253
2025-07-16,2025-04-25,52.1698566667,21.0227933333,flowering,5,873.3192489624042
2025-07-16,2025-04-25,50.0472711134,36.2106733024,flowering,5,1031.6456726074239
2025-07-16,2025-04-25,50.0468947687,36.2109988555,flowering,5,1031.6456726074239
2025-07-13,2025-04-25,42.7905060815,-76.0073485553,flowering,5,942.5145339965839
2025-05-21,2025-04-25,45.5265080866,15.5940292776,flowering,5,241.01851959228577
2025-07-15,2025-04-25,43.1775035046,-77.5028556783,flowering,5,1020.9445602417011
2025-07-15,2025-04-25,43.3205975997,-87.9501013,flowering,5,919.1978866577167
2025-07-15,2025-04-25,40.78308167,-77.85399365,flowering,5,1065.0338775634782
2025-07-15,2025-04-25,43.65488871,-103.40735308,flowering,5,936.9378601074237
2025-07-14,2025-04-25,40.1228812715,-75.1528012016,flowering,5,1298.0208145141605
2025-07-12,2025-04-25,40.3610404687,-74.6761972457,flowering,5,1218.4336227417002
2025-07-15,2025-04-25,47.5576777778,3.6438888889,flowering,5,1081.1382858276384
2025-07-06,2025-04-25,48.2586629722,24.784925,flowering,5,471.9028625488296
2025-07-14,2025-04-25,42.4496777778,13.5540277778,flowering,5,771.4055267334003
2025-07-14,2025-04-25,50.698375,-57.4082666667,flowering,5,
2025-07-13,2025-04-25,52.0597707177,-9.9715856531,flowering,5,
2025-07-14,2025-04-25,44.341776901,-78.2135748851,flowering,5,1018.0312362670917
2025-06-05,2025-04-25,40.0743925399,-74.7488165281,flowering,5,538.6298095703135
2025-07-13,2025-04-25,60.9677799722,69.023824,flowering,5,638.3467971801772
2025-07-12,2025-04-25,51.7437311997,-120.0089344,flowering,5,576.8869979858416
2025-07-13,2025-04-25,39.0355638333,-84.366495,flowering,5,1301.7487487792973
2025-07-12,2025-04-25,64.71689666,18.26268273,flowering,5,387.36192474365384
2025-06-26,2025-04-25,45.5786545247,-74.3834956029,flowering,5,694.9396865844741
2025-07-13,2025-04-25,51.642505701,-2.6866876334,flowering,5,
2025-07-13,2025-04-25,37.1494971667,-84.62075,flowering,5,1366.7317276000977
2025-07-13,2025-04-25,45.11450528,-85.12905683,flowering,5,859.6320556640643
2025-07-13,2025-04-25,45.7624966755,-73.5998834297,flowering,5,968.7966156005878
2025-07-13,2025-04-25,40.5630427405,-75.2823764598,flowering,5,1184.303710937501
2025-07-13,2025-04-25,40.7309969478,-73.9186604287,flowering,5,1216.1322631835947
2025-07-12,2025-04-25,42.8308196171,-86.0703152615,flowering,5,933.6559661865252
2025-07-13,2025-04-25,59.097435,17.5635366667,flowering,5,668.0100845336932
2025-07-12,2025-04-25,35.6672833333,139.3377216667,flowering,5,1236.4924301147466
2025-07-12,2025-04-25,51.3048833333,-116.97863,flowering,5,346.4235504150404
2025-07-12,2025-04-25,43.84638504,-103.57776396,flowering,5,744.3414566040057
2025-07-12,2025-04-25,59.6010823684,-151.4103897815,flowering,5,
2025-07-12,2025-04-25,38.94065,-77.3179833333,flowering,5,1339.8473724365235
2025-06-11,2025-04-25,43.8254279678,-79.1705445573,flowering,5,337.9110916137706
2025-07-12,2025-04-25,38.8015460506,-77.3252226412,flowering,5,1351.4557022094727
2025-07-12,2025-04-25,40.8737056875,-73.9198216587,flowering,5,1188.2859252929698
2025-07-12,2025-04-25,43.7075616667,-71.4635383333,flowering,5,914.7537292480487
2025-07-11,2025-04-25,53.255919,50.211863,flowering,5,898.0438247680681
2025-07-12,2025-04-25,55.2439280997,54.7574028,flowering,5,872.7034484863299
2025-07-04,2025-04-25,44.936756019,-92.7891744301,flowering,5,904.1782546997086
2025-07-11,2025-04-25,50.9725321488,-119.4185277523,flowering,5,653.253414916994
2025-07-11,2025-04-25,43.2030267843,-77.4857095786,flowering,5,938.2013748168963
2025-07-11,2025-04-25,45.5068666662,-76.22657,flowering,5,907.4707458496111
2025-07-10,2025-04-25,37.1033808795,-3.3813920417,flowering,5,834.0583526611346
2025-07-11,2025-04-25,53.4739738599,84.0202617698,flowering,5,921.4837661743181
2025-06-21,2025-04-25,49.9928489819,8.2451101137,flowering,5,622.2777908325209
2025-07-10,2025-04-25,49.0899618452,-122.5150600076,flowering,5,771.4714462280291
2025-07-10,2025-04-25,35.7198619215,-80.202177465,flowering,5,1430.35225982666
2025-06-21,2025-04-25,39.792600283,32.7996702853,flowering,5,637.131954956056
2025-07-10,2025-04-25,62.2860147314,25.6253533553,budding,5,483.22012481689603
2025-07-10,2025-04-25,62.91159673,27.70261759,flowering,5,477.0737426757827
2025-07-10,2025-04-25,43.72417671,-103.83300423,flowering,5,801.7360778808611
2025-07-10,2025-04-25,61.87795,28.85252,flowering,5,519.0369522094742
2025-07-03,2025-04-25,42.6950674,-90.4235648,flowering,5,931.4418487548844
2025-07-10,2025-04-25,41.7783508,13.838835,flowering,5,652.4436431884783
2025-06-23,2025-04-25,40.9007873333,-8.2382020833,flowering,5,680.2990570068373
2025-07-09,2025-04-25,45.815300555,-122.886061985,flowering,5,803.0462280273455
2025-07-04,2025-04-25,39.9546466667,-105.6014933333,flowering,5,213.96165313720803
2025-07-06,2025-04-25,38.2751833333,-120.3074916667,flowering,5,807.5463195800797
2025-07-06,2025-04-25,44.7061934468,-63.46363549,flowering,5,615.2675140380876
2025-07-10,2025-04-25,42.8903088766,143.191216048,flowering,5,832.8648986816423
2025-06-25,2025-04-25,43.8396880045,-79.2047028266,flowering,5,541.27155609131
2025-07-09,2025-04-25,49.8095895977,-97.1400412409,flowering,5,915.8082489013689
2025-07-07,2025-04-25,45.04125734,-113.62130305,flowering,5,474.9686294555678
2025-07-09,2025-04-25,54.84011957,83.1115841899,flowering,5,824.8797866821305
2025-07-09,2025-04-25,43.81233417,-103.56607976,flowering,5,700.4427703857439
2025-07-09,2025-04-25,52.3572879645,4.959089309,flowering,5,820.4893127441424
2025-07-09,2025-04-25,42.1787641898,1.8399058655,flowering,5,694.3048706054705
2025-05-24,2025-04-25,44.12398622,10.4569546133,flowering,5,222.83568572998115
2025-07-08,2025-04-25,43.5238633333,-71.39968,flowering,5,843.8014526367205
2025-07-08,2025-04-25,57.3933081036,65.7574365288,flowering,5,780.781748962404
2025-07-09,2025-04-25,35.5753466667,139.391145,flowering,5,1183.5084625244149
2025-07-08,2025-04-25,36.4984890041,-79.7432225483,flowering,5,1339.3750762939458
2025-07-06,2025-04-25,42.805425,-1.6584616667,flowering,5,888.9241073608415
2025-07-08,2025-04-25,36.67750878,-79.37439917,flowering,5,1362.441650390625
2025-07-08,2025-04-25,33.4875386106,-86.7774104419,flowering,5,1393.1496353149414
2025-07-08,2025-04-25,47.8469866667,-122.2819666667,flowering,5,735.838439941408
2025-06-30,2025-04-25,44.9748552787,-92.8961164836,flowering,5,827.5769378662125
2025-07-07,2025-04-25,43.4303666667,-71.9938133333,flowering,5,807.2096694946306
2025-07-06,2025-04-25,50.268355,-121.4002083333,flowering,5,588.3812683105485
2025-07-08,2025-04-25,36.341518,138.63039,flowering,5,910.6956481933611
2025-07-05,2025-04-25,46.1401169,-73.7563147,flowering,5,723.1234390258805
2025-07-06,2025-04-25,45.8440722858,-68.9413378252,flowering,5,718.7281692504899
2025-07-07,2025-04-25,67.27755,14.359605,flowering,5,
2025-06-20,2025-04-25,47.9814716667,7.12495,flowering,5,501.2629348754896
2025-07-07,2025-04-25,67.27748,14.3595383333,flowering,5,
2025-06-22,2025-04-25,35.7936216667,-105.80973,flowering,5,399.91725921630984
2025-07-01,2025-04-25,37.7312341104,-85.3149129062,flowering,5,1082.049732971193
2025-07-05,2025-04-25,42.9271464781,-76.5520752776,flowering,5,863.979747009279
2025-07-07,2025-04-25,50.0385414374,36.280577369,flowering,5,836.8739456176775
2025-07-07,2025-04-25,50.0385634019,36.2806863338,flowering,5,836.8739456176775
2025-07-07,2025-04-25,48.765545,9.1322221667,flowering,5,852.6364501953142
2025-07-07,2025-04-25,57.6322517395,10.3999633789,flowering,5,
2025-07-07,2025-04-25,37.0137692833,139.7277861889,flowering,5,768.6188034057634
2025-07-06,2025-04-25,39.5782212792,-84.6681030468,flowering,5,1080.4983871459976
2025-07-06,2025-04-25,39.5366180965,-84.7654027764,flowering,5,1088.3106048584
2025-07-06,2025-04-25,49.970443863,-96.99938301,flowering,5,858.5231414794938
2025-07-06,2025-04-25,50.9726084691,-119.41834268,flowering,5,587.4522750854509
2025-07-06,2025-04-25,50.9726084691,-119.41834268,flowering,5,587.4522750854509
2025-07-06,2025-04-25,49.8519935608,-97.2759780884,flowering,5,870.1785217285172
2025-07-06,2025-04-25,50.2448914165,-96.834727934,flowering,5,847.0789352417008
2025-07-06,2025-04-25,49.4563721769,-84.6970258186,flowering,5,586.2052017211928
2025-07-04,2025-04-25,55.7263598632,60.6461131695,flowering,5,719.0650253295914
2025-07-03,2025-04-25,55.7309376234,60.6579404483,flowering,5,721.053785705568
2025-07-06,2025-04-25,51.0849305,-114.21238,flowering,5,602.6325805664079
2025-06-29,2025-04-25,42.1767964963,14.0925220853,flowering,5,714.3727432250992
2025-06-28,2025-04-25,44.9741965687,-93.3249437879,flowering,5,805.9926757812515
2025-07-06,2025-04-25,61.48601951,21.78227122,flowering,5,425.79258422851706
2025-07-05,2025-04-25,-40.41876,175.22525,flowering,5,
2025-07-05,2025-04-25,53.5112133333,-113.542275,flowering,5,706.3104202270524
2025-07-05,2025-04-25,39.3069739997,-82.3129662,flowering,5,1065.064578247072
2025-07-05,2025-04-25,50.9724740054,-119.4183263182,flowering,5,577.5206558227555
2025-07-05,2025-04-25,35.6329965592,-82.5565440954,flowering,5,1033.3594467163102
2025-07-05,2025-04-25,43.82713,-79.170395,flowering,5,699.3316223144548
2025-07-03,2025-04-25,54.7632566834,56.0395774264,flowering,5,774.0810668945328
2025-06-14,2025-04-25,39.9267682218,32.9015804542,flowering,5,558.131707763673
2025-07-05,2025-04-25,43.0601314,-72.4875506,flowering,5,795.4207565307634
2025-07-03,2025-04-25,54.761970076,56.0413368515,flowering,5,774.0810668945328
2024-06-07,2024-05-31,37.7512583333,-84.3730866667,flowering,5,128.81493072509784
2025-07-04,2025-04-25,39.9775901,-105.5105829997,flowering,5,309.04982910156366
2025-07-05,2025-04-25,40.1346638889,-93.985225,flowering,5,1158.7454406738293
2025-07-05,2025-04-25,53.5299204151,-113.627192136,flowering,5,706.8915283203141
2025-07-05,2025-04-25,40.7724455969,-73.7694698664,flowering,5,1036.7720214843766
2025-07-05,2025-04-25,56.1270370483,-4.1742739677,flowering,5,500.3371994018571
2025-07-05,2025-04-25,40.1602471667,-75.2311466667,flowering,5,1087.3549072265637
2025-07-04,2025-04-25,43.7244372988,-116.248726733,flowering,5,856.2469421386735
2025-07-04,2025-04-25,50.9073370951,-119.6016517885,flowering,5,736.7795654296891
2025-07-04,2025-04-25,42.8086151997,-78.8178726997,flowering,5,849.8360763549821
2025-07-04,2025-04-25,38.88348,-84.7530133333,flowering,5,1108.9869094848646
2025-07-04,2025-04-25,40.3543966667,-75.4834533333,flowering,5,1020.1954666137711
2025-07-04,2025-04-25,42.8086477,-78.8169903,flowering,5,849.8360763549821
2025-06-26,2025-04-25,47.5684616667,-84.9709466667,flowering,5,211.73053894043085
2025-06-30,2025-04-25,38.7854638889,-82.6194444444,flowering,5,1005.7491180419937
2025-07-04,2025-04-25,47.1002278333,-122.8023616667,flowering,5,765.8590179443376
2025-07-04,2025-04-25,42.3237811895,-88.5838132411,flowering,5,939.3216110229508
2025-06-26,2025-04-25,44.3313713072,-66.1174926756,flowering,5,483.79031066894674
2025-07-04,2025-04-25,69.2530640358,17.5325829957,flowering,5,128.3104125976572
2025-07-04,2025-04-25,55.6969349,37.5397186,flowering,5,598.0051803588882
2025-07-04,2025-04-25,61.47012354,21.77516006,flowering,5,408.21260986328264
2025-06-03,2025-04-25,42.6600722222,-82.5438277778,flowering,5,361.05294036865325
2025-07-02,2025-04-25,43.1770368708,-77.5362488699,flowering,5,772.4381088256852
2025-07-03,2025-04-25,42.0217992821,-86.4881063619,flowering,5,858.0085067749039
2025-07-02,2025-04-25,43.1238711382,-79.129101541,flowering,5,822.3010620117203
2025-07-03,2025-04-25,46.49653655,-63.9666538,flowering,5,568.1069763183609
2025-07-03,2025-04-25,49.5562604716,30.5152918026,flowering,5,772.4220352172867
2025-07-02,2025-04-25,62.6437706,17.9622934,flowering,5,
2025-06-22,2025-04-25,56.8233468589,43.8632506291,flowering,5,497.6723556518567
2025-06-21,2025-04-25,39.9082565122,-75.1800626145,flowering,5,826.8308532714857
2025-07-02,2025-04-25,39.6394240951,-106.3667979749,flowering,5,182.28859863281332
2025-07-01,2025-04-25,53.5065533333,-113.5415583333,flowering,5,650.6671264648453
2025-07-02,2025-04-25,38.0335033333,-84.5059566667,flowering,5,1057.2426361084
2025-06-21,2025-04-25,49.9930386012,8.2459521116,flowering,5,622.2777908325209
2025-07-02,2025-04-25,59.5947299997,65.87128,flowering,5,598.2472045898452
2025-04-22,2025-04-25,38.0177164823,-122.8004250593,flowering,5,7.8273788452148665
2025-07-01,2025-04-25,60.977176,69.0536309722,flowering,5,484.66133117675895
2025-06-28,2025-04-25,49.6384616667,-110.3285833333,flowering,5,484.5389007568374
2025-07-02,2025-04-25,35.700274941,139.8406511861,flowering,5,1108.441168212892
2023-10-15,2023-09-27,35.5627546,-83.4984981,flowering,5,172.45210113525434
2025-07-01,2025-04-25,43.2993412731,-77.7724221971,flowering,5,639.4911010742203
2025-07-02,2025-04-25,45.1750261111,141.1429430556,flowering,5,
2025-07-01,2025-04-25,43.0042809755,-81.2682659871,flowering,5,802.8074005126969
2025-07-01,2025-04-25,45.6691980826,-75.6877153078,flowering,5,684.9326370239273
2025-07-01,2025-04-25,53.2237897363,44.8786244484,flowering,5,660.5057998657242
2025-07-01,2025-04-25,44.58195,-75.2120972222,flowering,5,774.5909469604508
2025-07-01,2025-04-25,48.0580555,-122.1634361667,flowering,5,654.1624649047867
2025-07-01,2025-04-25,39.71667354,-105.24669748,flowering,5,634.2711990356461
2025-07-01,2025-04-25,42.1032416667,-82.47203,flowering,5,804.0109985351578
2025-06-27,2025-04-25,41.5615401194,-8.4392996188,flowering,5,803.27477874756
2025-06-21,2025-04-25,40.143025,-79.95883,flowering,5,729.4363677978529
2025-06-27,2025-04-25,52.4110349722,60.343037,flowering,5,700.6442306518569
2025-06-12,2025-04-25,41.9823770529,140.6703574955,flowering,5,310.2867630004894
2025-06-08,2025-04-25,35.4757893977,-82.5025855121,flowering,5,561.8035430908213
2025-06-19,2025-04-25,43.7047216667,-79.2385633333,flowering,5,386.06329498291143
2025-06-30,2025-04-25,49.6363415,-114.4994676,flowering,5,270.8955520629894
2025-06-30,2025-04-25,49.6363415,-114.4994676,flowering,5,270.8955520629894
2025-06-29,2025-04-25,37.9911861111,-87.6103166667,flowering,5,1107.3369384765638
2025-06-30,2025-04-25,43.2475169329,-77.4685850258,flowering,5,735.8929092407242
2025-06-30,2025-04-25,43.247330902,-77.4686469264,budding,5,735.8929092407242
2025-06-28,2025-04-25,42.4476531657,-78.8799242908,flowering,5,713.2875976562515
2025-06-30,2025-04-25,43.6959223513,-73.50632089,flowering,5,703.1820785522476
2025-01-05,2025-04-25,-41.3010379722,174.8294899722,flowering,5,
2025-06-28,2025-04-25,41.2521820068,-73.5726776123,flowering,5,810.002822875978
2025-06-30,2025-04-25,42.2491577046,-76.0500260867,flowering,5,751.300837707521
2025-06-30,2025-04-25,49.9402,-93.5028083333,flowering,5,648.1405395507827
2025-06-30,2025-04-25,60.2391957,24.9751158997,flowering,5,428.2140716552748
2025-06-30,2025-04-25,55.7492262703,37.6434271361,flowering,5,556.5261703491225
2025-06-30,2025-04-25,47.3640972222,-79.7152166667,flowering,5,526.4096145629896
2025-06-29,2025-04-25,48.2686107,-121.68374326,flowering,5,445.2764602661148
2025-06-30,2025-04-25,44.7647971834,-81.1332570389,flowering,5,531.1501159667984
2025-06-30,2025-04-25,42.90496332,-72.84951689,flowering,5,620.018579101564
2025-06-29,2025-04-25,52.8227194444,-118.0552305556,flowering,5,93.44671020507883
2025-06-29,2025-04-25,52.7817666667,-118.0764166667,flowering,5,93.44671020507883
2025-06-30,2025-04-25,45.4134963477,-75.7143344383,flowering,5,748.0511047363296
2025-06-30,2025-04-25,52.1105676564,26.1052831169,flowering,5,587.3360397338882
2025-06-30,2025-04-25,38.1600826997,-85.6799429997,flowering,5,1055.2606002807634
2025-06-29,2025-04-25,35.74885,-93.9796166667,flowering,5,1030.0070968627945
2025-06-28,2025-04-25,44.707665717,-77.2418555855,flowering,5,673.2230834960952
2024-08-04,2024-05-31,51.835105,-120.0506528333,flowering,5,552.3877334594741
2025-06-28,2025-04-25,49.1578491557,-121.951466538,flowering,5,572.9331283569351
2025-06-29,2025-04-25,45.28733,-75.7172466667,flowering,5,719.9398284912124
2025-06-25,2025-04-25,42.8828233333,-72.1852783333,flowering,5,638.9170104980483
2025-06-29,2025-04-25,40.4314527778,-87.035525,flowering,5,959.7652145385757
2025-06-29,2025-04-25,44.1357265215,-78.4563390166,flowering,5,707.4040542602554
2025-06-29,2025-04-25,43.1493654491,-77.6170970066,flowering,5,795.7312179565445
2025-06-29,2025-04-25,35.9245587091,-80.080427259,flowering,5,1167.5500427246102
2025-06-26,2025-04-25,42.2863850997,-83.7311227997,flowering,5,763.8077285766616
2025-06-30,2025-04-25,35.8069811,139.3082741,flowering,5,967.4818832397476
2025-03-11,2025-04-25,-42.33598,171.2639783333,flowering,5,8.567124938964866
2025-06-29,2025-04-25,44.5750611111,-73.5141194444,flowering,5,713.3561798095718
2025-06-29,2025-04-25,39.22425598,-106.86447982,flowering,5,191.41747589111412
2025-06-28,2025-04-25,41.0119861167,-96.2898166667,flowering,5,1016.0778350830093
2025-06-29,2025-04-25,65.0235641997,25.5095376997,flowering,5,322.2019531250012
2025-06-27,2025-04-25,45.5053982,-122.8978405997,flowering,5,689.9508728027358
2025-06-29,2025-04-25,42.9116634501,23.7888914,flowering,5,695.5092254638687
2025-06-28,2025-04-25,44.8299919612,-81.3192229718,flowering,5,448.76592712402487
2025-06-28,2025-04-25,45.0194194636,-93.6365976557,flowering,5,795.9937210083023
2025-06-28,2025-04-25,45.1676216667,-116.8743533333,flowering,5,439.3196807861341
2025-06-06,2025-04-25,45.6066638889,-73.2005083333,flowering,5,394.34044342041113
2025-06-17,2025-04-25,45.4286308764,-73.4865403717,flowering,5,552.64578857422
2025-06-28,2025-04-25,43.841161,-73.873243,flowering,5,628.3381652832046
2025-06-26,2025-04-25,55.4315700678,38.7162960693,flowering,5,562.6430648803724
2025-06-23,2025-04-25,42.62384109,1.5617205575,flowering,5,241.2303817749032
2025-06-28,2025-04-25,53.8226225835,-1.6423079202,flowering,5,565.346427917482
2024-11-01,2024-05-31,42.0643794,2.2427335,flowering,5,2010.3125457763613
2025-06-28,2025-04-25,51.5386483333,-0.20388,flowering,5,687.9380722045913
2025-06-28,2025-04-25,63.6194915,24.4013816,flowering,5,329.9823333740246
2025-06-28,2025-04-25,35.6492842495,139.3804595809,flowering,5,946.6596450805679
2025-06-28,2025-04-25,37.424255,136.998595,flowering,5,807.4923477172866
2025-06-28,2025-04-25,35.0729069326,138.113071148,flowering,5,802.8592300415054
2025-06-26,2025-04-25,44.0296388333,-79.5364833333,flowering,5,670.0963714599624
2025-06-27,2025-04-25,50.9723916768,-119.4186078961,flowering,5,479.5518936157241
2025-06-20,2025-04-25,44.3034717952,-78.315131499,flowering,5,561.5932723999036
2025-06-26,2025-04-25,49.2639113317,-123.23045432,flowering,5,
2025-06-27,2025-04-25,43.2506282241,-77.4718605488,flowering,5,511.80412139892724
2025-06-27,2025-04-25,43.2505424712,-77.4717803675,flowering,5,511.80412139892724
2025-06-27,2025-04-25,43.2504622945,-77.4717219937,budding,5,511.80412139892724
2025-06-27,2025-04-25,43.2503744186,-77.4715678294,flowering,5,511.80412139892724
2025-06-27,2025-04-25,43.250270052,-77.4716031622,flowering,5,511.80412139892724
2025-06-27,2025-04-25,43.8472989031,-79.1606873331,flowering,5,570.4661392211929
2025-06-21,2025-04-25,44.3220883429,-78.2762,flowering,5,576.4843490600599
2025-06-24,2025-04-25,45.826395277,-71.1785566114,flowering,5,554.5162734985365
2025-06-27,2025-04-25,39.2767916667,-86.57823,flowering,5,955.2700942993179
2025-06-27,2025-04-25,41.3176808477,-81.6157971695,flowering,5,833.8074859619155
2025-06-24,2025-04-25,33.2497162945,-88.7925255995,flowering,5,1161.132890319825
2024-07-14,2024-05-31,46.2982356722,-73.545311566,flowering,5,652.8533020019541
2025-05-16,2025-04-25,44.1094848608,10.4626288265,flowering,5,163.28629608154347
2025-06-27,2025-04-25,35.6272380556,139.4478680556,flowering,5,926.4867233276382
2025-06-19,2025-04-25,38.8709848433,-120.0247958146,flowering,5,323.6166809082042
2025-06-18,2025-04-25,39.6549697542,-79.7370425239,flowering,5,609.2938156127942
2024-09-22,2024-05-31,47.0018835807,-122.1953648781,flowering,5,1386.1722564697257
2025-06-26,2025-04-25,39.83555579,-105.42988408,flowering,5,339.07243347168094
2025-06-26,2025-04-25,45.9355178306,-66.6573324054,flowering,5,579.4672363281264
2025-06-19,2025-04-25,48.600955,-96.34572,flowering,5,591.4969161987317
2025-06-14,2025-04-25,44.3613510618,-79.808235135,flowering,5,439.2862716674816
2025-06-26,2025-04-25,49.2533440162,-99.0291655355,flowering,5,616.4290542602553
2025-06-26,2025-04-25,46.00671187,-66.66751596,flowering,5,572.7116668701186
2025-06-26,2025-04-25,43.3618322632,22.5811451511,flowering,5,513.7962539672866
2025-06-26,2025-04-25,65.0306242,25.4779978,flowering,5,296.680487060548
2025-06-07,2025-04-25,42.0273524904,-88.0519655719,flowering,5,420.09603729248147
2025-06-26,2025-04-25,55.3226266667,-4.3890616667,flowering,5,381.84783630371237
2025-06-26,2025-04-25,48.4933541302,-89.285847284,flowering,5,406.27226867675904
2025-06-26,2025-04-25,43.6326306987,-79.2869236699,flowering,5,471.41179351806784
2025-06-25,2025-04-25,44.3073746945,-78.3249955932,flowering,5,665.8688766479506
2025-06-11,2025-04-25,41.7596919535,140.7042810693,flowering,5,344.46256713867297
2025-06-26,2025-04-25,35.64750247,139.4468056,flowering,5,906.5180786132827
2025-06-25,2025-04-25,44.2596118046,-72.8591877222,flowering,5,574.8739273071303
2025-06-20,2025-04-25,48.0424363411,-90.3782746196,flowering,5,372.68509979248154
2025-06-25,2025-04-25,50.93928,-113.9094083333,flowering,5,544.4908477783217
2025-06-25,2025-04-25,41.666665,2.4596583333,flowering,5,847.7052947998061
2025-06-24,2025-04-25,39.02795078,-78.6570648906,flowering,5,776.9479309082045
2025-06-24,2025-04-25,36.288705,-94.1342616667,flowering,5,968.1607299804701
2025-06-06,2025-04-25,39.9661844616,34.8728204459,flowering,5,353.60205230712984
2025-06-24,2025-04-25,41.4356350183,-79.7027276089,flowering,5,691.2594696044936
2025-06-09,2025-04-25,43.0885510558,141.273724772,flowering,5,346.4016723632823
2025-06-20,2025-04-25,58.1403152155,52.6395093805,flowering,5,459.61879882812616
2025-06-24,2025-04-25,61.50005488,21.76048842,budding,5,315.70266113281366
2025-06-16,2025-04-25,45.6664783333,-121.8956133333,flowering,5,485.0039566040051
2025-06-22,2025-04-25,49.064646106,-120.7815811783,flowering,5,136.55553894043044
2025-06-23,2025-04-25,44.6260419,-63.4680116,flowering,5,390.62226715088025
2025-06-23,2025-04-25,58.5312251426,31.2793385017,flowering,5,452.0664337158215
2025-06-23,2025-04-25,48.62513842,9.06661079,flowering,5,600.922042846681
2025-06-23,2025-04-25,58.5230516829,31.2612533735,flowering,5,452.0664337158215
2025-06-17,2025-04-25,41.1092589334,-73.8372287697,flowering,5,631.2103408813489
2025-06-23,2025-04-25,41.795277206,-93.6565680904,flowering,5,839.5779876708998
2025-06-23,2025-04-25,58.49262,31.302575,flowering,5,452.0664337158215
2025-06-23,2025-04-25,53.2303967932,-2.8896857612,flowering,5,566.6975860595717
2025-06-13,2025-04-25,54.7675514265,56.0157565816,flowering,5,513.9368484497081
2025-06-13,2025-04-25,54.7660628023,56.0167482599,flowering,5,513.9368484497081
2025-06-13,2025-04-25,54.7649276741,56.0124860677,flowering,5,513.9368484497081
2025-06-11,2025-04-25,54.7687250926,56.0137466367,flowering,5,477.88442382812605
2025-06-22,2025-04-25,50.9724212604,-119.4185102825,flowering,5,435.96555175781384
2025-06-22,2025-04-25,50.9724477596,-119.4184846454,flowering,5,435.96555175781384
2025-06-22,2025-04-25,43.8747126,-69.8990835,flowering,5,527.1354888916029
2025-06-22,2025-04-25,43.0185078,-72.0197675,flowering,5,569.467291259767
2025-06-22,2025-04-25,37.99425,-120.0954138333,flowering,5,615.326502990724
2025-06-22,2025-04-25,43.76580437,-79.22457391,flowering,5,481.36977996826306
2025-06-21,2025-04-25,42.3740415161,-70.9754481804,flowering,5,
2025-06-20,2025-04-25,43.8322738888,-79.1628419675,flowering,5,447.7466537475599
2025-06-20,2025-04-25,43.8322738888,-79.1628419675,flowering,5,447.7466537475599
2025-06-22,2025-04-25,45.5127568558,-122.719273179,flowering,5,648.3238433837904
2025-06-13,2025-04-25,44.0080259375,-79.454677999,flowering,5,445.31984710693473
2025-06-22,2025-04-25,43.5820591,-70.2901887,flowering,5,532.700704956056
2025-06-22,2025-04-25,38.0394706102,-85.5989792571,flowering,5,880.5074829101576
2025-06-08,2025-04-25,46.7861805556,-71.2443777778,flowering,5,376.36157989502055
2025-06-22,2025-04-25,50.0432085942,36.2104635063,flowering,5,637.1811660766615
2025-06-22,2025-04-25,50.0431072584,36.2103889882,flowering,5,637.1811660766615
2025-06-21,2025-04-25,47.5610618591,-98.097366333,flowering,5,603.3841567993177
2025-06-15,2025-04-25,39.1617298,-84.5411713997,flowering,5,702.0488464355481
2025-06-20,2025-04-25,43.6526111304,-79.4602869352,flowering,5,523.8182556152357
2025-06-22,2025-04-25,60.2735777778,24.9228611111,flowering,5,364.9803268432629
2025-06-22,2025-04-25,36.1396938,137.2591946997,flowering,5,558.5330245971693
2025-06-21,2025-04-25,39.01873658,-84.60849678,flowering,5,805.9738433837904
2025-06-21,2025-04-25,36.7647250986,-90.3330095062,flowering,5,946.4150054931654
2025-06-21,2025-04-25,36.7648579311,-90.3329010766,flowering,5,946.4150054931654
2025-06-21,2025-04-25,43.8226407,-79.1650034997,flowering,5,462.4275634765638
2025-06-21,2025-04-25,37.81464565,-83.58448704,flowering,5,833.1353881835951
2025-06-21,2025-04-25,50.5948666667,-126.94197,flowering,5,
2025-06-20,2025-04-25,61.8770138889,28.8292138889,flowering,5,331.9834777832042
2025-06-21,2025-04-25,44.311308373,-78.3055521519,flowering,5,576.4843490600599
2025-06-20,2025-04-25,44.9934098,-91.8097870997,flowering,5,587.867762756349
2025-06-20,2025-04-25,39.6427828506,-78.9405431009,flowering,5,651.8237411499036
2025-06-21,2025-04-25,52.0198970137,-2.5067610017,flowering,5,528.9266403198255
2025-06-20,2025-04-25,44.955295,-92.9174583333,flowering,5,635.3031341552747
2025-06-21,2025-04-25,44.1967245845,-72.4926060879,flowering,5,503.26929931640757
2025-06-17,2025-04-25,52.1014081199,-2.1747982561,flowering,5,494.9888595581067
2025-06-21,2025-04-25,43.0888028333,-73.7686083333,flowering,5,606.8963211059584
2025-06-21,2025-04-25,36.2282094972,-94.2380755883,flowering,5,904.800640869142
2025-06-14,2025-04-25,54.7709440596,55.9958414458,flowering,5,532.688543701173
2025-06-21,2025-04-25,50.0463,36.213356,flowering,5,624.7388046264662
2025-06-21,2025-04-25,50.0465179903,36.2131308764,flowering,5,624.7388046264662
2025-06-15,2025-04-25,41.2508138889,-85.1177,flowering,5,579.0000564575207
2025-06-19,2025-04-25,42.5982966667,23.2316983333,flowering,5,418.77648315429815
2025-06-20,2025-04-25,47.3477874099,-79.55482459,flowering,5,381.5414505004894
2025-06-20,2025-04-25,50.4159166667,30.556775,flowering,5,588.3533813476575
2025-06-13,2025-04-25,47.01448,-94.53404,flowering,5,443.7751144409191
2025-06-15,2025-04-25,50.4878106,4.8283284,flowering,5,502.8843566894543
2025-06-20,2025-04-25,36.9967427997,-82.5690634997,flowering,5,713.9945785522474
2025-06-17,2025-04-25,58.1472138479,52.6724077327,flowering,5,439.44791870117297
2025-06-20,2025-04-25,54.7667483157,56.017280922,flowering,5,617.3410186767591
2025-06-20,2025-04-25,40.5962863332,-74.0873122101,flowering,5,759.7026626586927
2025-06-20,2025-04-25,45.6392893637,-75.1331857642,flowering,5,564.8977310180677
2025-06-10,2025-04-25,60.2838216667,24.8449033333,flowering,5,241.0439682006845
2025-06-15,2025-04-25,53.9341716667,27.6600866667,flowering,5,335.63813323974716
2025-05-30,2025-04-25,37.7277361111,127.1149833333,flowering,5,349.1221099853524
2025-06-20,2025-04-25,34.6768416667,-92.9710083333,flowering,5,1006.4473602294935
2025-06-20,2025-04-25,42.1458128,1.7653554,flowering,5,544.339701843263
2025-06-12,2025-04-25,44.8252980756,-93.2484340721,flowering,5,536.9938796997081
2025-06-20,2025-04-25,35.64758206,139.44695135,flowering,5,784.4193679809583
2025-06-20,2025-04-25,53.8085567951,-1.5306817833,flowering,5,470.74410552978645
2025-06-19,2025-04-25,37.44395,-107.1418611667,flowering,5,274.7221252441417
2025-06-06,2025-04-25,41.8842005916,-71.6179040796,flowering,5,435.9177062988291
2024-10-04,2024-05-31,48.299054,-68.460318,flowering,5,1548.8730041503877
2025-06-18,2025-04-25,44.3365869969,-72.2653710217,flowering,5,424.5637359619153
2025-06-19,2025-04-25,58.5824197997,-3.4798854,flowering,5,322.84864959716924
2025-06-19,2025-04-25,57.4740466073,31.1100877449,flowering,5,403.1888061523449
2025-06-19,2025-04-25,39.9894833,-75.2189797,flowering,5,779.6068283081067
2024-05-11,2024-05-31,53.3065864025,-6.2197958162,flowering,5,
2025-06-19,2025-04-25,60.3859166667,25.7109,flowering,5,341.686102294923
2025-06-19,2025-04-25,52.9644916667,57.0254138333,flowering,5,503.6928695678723
2025-06-19,2025-04-25,41.5873533971,-80.4362917319,flowering,5,615.6894470214856
2025-06-17,2025-04-25,44.4421819447,-73.0303325554,flowering,5,475.6901535034192
2025-06-19,2025-04-25,48.1305916667,-114.0272916667,flowering,5,429.06527862548955
2025-06-19,2025-04-25,38.11003823,-92.997745083,flowering,5,821.553926086427
2025-06-17,2025-04-25,36.5146783333,-89.3208783333,flowering,5,896.3375000000012
2025-06-18,2025-04-25,42.7777362658,-76.0017602236,flowering,5,511.4789199829114
2025-06-14,2025-04-25,35.778845,139.4170533333,flowering,5,661.1662612915051
2025-06-19,2025-04-25,35.2504402414,137.0834808695,flowering,5,745.2959075927747
2025-06-18,2025-04-25,50.8472849722,24.269528,flowering,5,440.09672546386844
2025-06-17,2025-04-25,40.8366966667,-73.93943,flowering,5,677.9272598266614
2025-06-17,2025-04-25,40.8364616667,-73.939705,flowering,5,677.9272598266614
2025-06-18,2025-04-25,45.4187166667,-75.6627966667,flowering,5,537.3170547485364
2025-06-11,2025-04-25,45.6802531284,-73.5104771723,flowering,5,465.0548065185558
2025-06-17,2025-04-25,37.8521087599,-84.7123152978,flowering,5,765.9822525024426
2025-06-18,2025-04-25,53.3845883333,-6.0480028333,flowering,5,
2025-06-18,2025-04-25,52.9587273154,57.0317335054,flowering,5,494.2799270629895
2025-06-16,2025-04-25,45.1967892762,-93.6343710603,flowering,5,564.4546859741223
2025-06-16,2025-04-25,35.0966365997,-85.2271602,flowering,5,847.2458084106457
2025-06-18,2025-04-25,43.8865175748,-79.4133328809,flowering,5,484.6634674072278
2025-06-18,2025-04-25,43.0390361111,141.3136666667,flowering,5,424.3739807128918
2025-06-18,2025-04-25,35.6611047,139.6823687,flowering,5,795.8953475952161
2025-06-18,2025-04-25,35.6210967774,139.4238705933,flowering,5,744.8252716064466
2025-06-17,2025-04-25,39.0655076093,-95.7478732536,flowering,5,786.7456649780286
2025-06-17,2025-04-25,45.8635399,8.7616208,flowering,5,613.2304061889661
2025-06-16,2025-04-25,42.3073130477,-72.6334665703,flowering,5,581.7832534790051
2025-06-16,2025-04-25,48.1301802015,-114.0330930684,flowering,5,387.8974884033215
2025-06-17,2025-04-25,42.7489725234,-0.516094797,flowering,5,365.71982116699337
2025-06-17,2025-04-25,43.8925238658,-79.2777298868,flowering,5,456.5879806518567
2025-06-14,2025-04-25,58.5791733333,31.7204616667,flowering,5,346.77954406738377
2025-06-17,2025-04-25,49.836814357,-97.0868098644,flowering,5,562.6113769531262
2025-06-15,2025-04-25,43.5478811246,-72.4090212677,flowering,5,448.4141647338879
2025-06-17,2025-04-25,61.49462178,21.7247676,flowering,5,242.79539337158303
2025-06-17,2025-04-25,61.49483566,21.72436289,budding,5,242.79539337158303
2025-06-17,2025-04-25,50.8638428,24.3270976997,flowering,5,425.6055664062512
2025-06-13,2025-04-25,49.2382700033,-122.9713990283,flowering,5,446.0462341308605
2025-06-16,2025-04-25,38.9430653584,-77.2554495,flowering,5,774.810208129884
2025-06-16,2025-04-25,48.8217233448,-122.1843787563,flowering,5,377.3299606323254
2025-06-16,2025-04-25,48.1287083333,-114.0356138889,flowering,5,387.8974884033215
2025-06-16,2025-04-25,49.2478637694,6.0861887931,flowering,5,531.9436538696301
2025-06-16,2025-04-25,55.7456760372,38.039960973,flowering,5,433.40665740966904
2025-06-11,2025-04-25,41.1461638333,-74.1146861667,flowering,5,553.198780822755
2025-06-16,2025-04-25,42.7432374997,-70.8507479,flowering,5,519.8114974975598
2025-06-15,2025-04-25,38.9601482538,-84.3707792523,flowering,5,703.5644866943371
2025-06-15,2025-04-25,39.63456213,-105.088633,flowering,5,441.82638854980587
2025-06-15,2025-04-25,45.42142222,-75.72915,flowering,5,489.1726409912121
2025-06-15,2025-04-25,43.214389023,-72.7702217531,flowering,5,419.6793838500988
2025-06-15,2025-04-25,47.4220388889,-121.4211833333,flowering,5,249.51877288818457
2025-06-13,2025-04-25,58.5649383333,31.7200733333,flowering,5,336.1070724487314
2025-06-15,2025-04-25,45.18811035,-93.63969605,flowering,5,547.0170471191418
2025-06-14,2025-04-25,45.5041650579,-77.5762158633,flowering,5,390.0714889526379
2025-06-15,2025-04-25,45.3960171551,-73.7478638262,flowering,5,519.0612060546887
2025-06-15,2025-04-25,50.0476489623,36.2099645287,flowering,5,548.6443893432629
2024-07-24,2024-05-31,53.2388587234,-105.7880658024,flowering,5,656.2655029296888
2025-06-15,2025-04-25,55.3034515278,58.1277389444,flowering,5,462.3118286132824
2025-06-14,2025-04-25,44.7489099346,-63.0546057436,flowering,5,
2025-06-15,2025-04-25,37.4932264997,126.4808368997,flowering,5,
2025-06-14,2025-04-25,44.9073644903,-72.6554064987,flowering,5,422.1594635009777
2025-06-14,2025-04-25,43.76677,-122.53122,flowering,5,386.6108947753918
2025-06-12,2025-04-25,45.6662297762,-73.3582306561,flowering,5,480.91382446289174
2025-06-12,2025-04-25,45.6663213934,-73.3578257292,flowering,5,480.91382446289174
2025-06-14,2025-04-25,45.38705,-75.68677,flowering,5,477.0702911376965
2025-06-14,2025-04-25,39.7323019722,-75.744825,flowering,5,713.7812896728527
2025-05-31,2025-04-25,39.867183934,32.8329369298,flowering,5,365.33698577880944
2025-06-14,2025-04-25,44.79495835,-92.96057804,flowering,5,539.3876968383801
2025-06-14,2025-04-25,59.8316786997,18.9246698,flowering,5,234.21142578125102
2025-06-14,2025-04-25,49.2218739592,-122.9099461128,flowering,5,463.82434234619257
2025-06-14,2025-04-25,40.2778277778,-7.4944111111,flowering,5,535.4498153686535
2025-06-14,2025-04-25,41.074115918,-3.5233563837,flowering,5,400.2160812377941
2025-06-14,2025-04-25,53.700482,23.8334569722,flowering,5,356.21277008056757
2025-06-14,2025-04-25,43.45303535,-88.84294046,flowering,5,489.5686126708996
2025-06-07,2025-04-25,42.286571,-83.6029663,flowering,5,434.7312072753916
2025-06-14,2025-04-25,55.6816537806,12.3603965611,flowering,5,381.96476898193475
2025-06-14,2025-04-25,43.91123789,-70.50887604,flowering,5,467.4659744262707
2025-06-13,2025-04-25,47.4019283333,-92.6010133333,flowering,5,415.3262619018566
2025-06-13,2025-04-25,42.473746584,-73.0048610589,flowering,5,437.9261459350597
2025-06-12,2025-04-25,41.0537546032,-3.5685030743,flowering,5,380.250929260255
2025-05-31,2025-04-25,39.7261225,32.8071644444,flowering,5,346.2523605346688
2025-06-08,2025-04-25,44.4247079998,-88.1193681434,flowering,5,382.1781234741221
2025-06-14,2025-04-25,48.1918156495,16.383391656,flowering,5,516.0383697509777
2025-06-13,2025-04-25,44.9187191701,-72.7086072494,flowering,5,412.7172012329113
2025-06-13,2025-04-25,43.22031402,-77.6115036,flowering,5,448.87549591064567
2025-06-13,2025-04-25,42.0163826851,-80.377885418,flowering,5,499.7383880615246
2025-06-13,2025-04-25,41.7145104602,-83.6204221845,flowering,5,561.4250488281261
2025-06-04,2025-04-25,44.34875362,-72.46254282,flowering,5,308.42421875000093
2025-06-12,2025-04-25,38.3662527534,-76.9457176827,flowering,5,746.8302978515636
2025-06-13,2025-04-25,45.5327529907,-73.6224212646,flowering,5,502.1396865844738
2025-06-13,2025-04-25,40.9047694444,-74.0032666667,flowering,5,620.2881164550793
2025-06-04,2025-04-25,42.0575554997,-97.4303292,flowering,5,461.0022369384775
2025-06-13,2025-04-25,37.20071027,-94.52086436,flowering,5,755.9756546020519
2025-06-13,2025-04-25,41.0072677676,-3.4489954915,flowering,5,484.1333694458019
2025-06-13,2025-04-25,33.79762594,-93.75892465,flowering,5,908.4314193725597
2025-06-13,2025-04-25,37.15731192,-93.36987854,flowering,5,702.4342880249035
2025-06-13,2025-04-25,61.46415475,21.85043189,flowering,5,218.04778289795013
2025-06-13,2025-04-25,53.9315032959,27.5932998657,flowering,5,314.5469665527354
2025-06-13,2025-04-25,47.4869998409,-53.5515730083,budding,5,136.49717407226638
2025-06-13,2025-04-25,47.7680509722,9.247229,flowering,5,455.8366851806652
2025-05-29,2025-04-25,48.230533,11.569133,flowering,5,260.42440795898517
2025-06-06,2025-04-25,42.6795908253,-73.8216571933,flowering,5,445.3795516967783
2025-06-09,2025-04-25,-40.4309333333,175.2239966667,flowering,5,
2025-06-09,2025-04-25,43.5569129799,-90.8887415752,flowering,5,456.16582641601667
2025-06-12,2025-04-25,44.6322016667,-72.369175,flowering,5,394.20208587646596
2025-06-12,2025-04-25,44.000264866,-72.9596792952,flowering,5,377.29756774902455
2025-06-12,2025-04-25,45.28076848,-75.70232873,flowering,5,451.00643005371205
2025-06-08,2025-04-25,37.5244310344,-122.5046341012,flowering,5,390.0758972167979
2025-06-12,2025-04-25,49.896537171,22.7441272885,flowering,5,384.8400100708019
2025-06-12,2025-04-25,49.262705,-123.24958,flowering,5,
2025-06-12,2025-04-25,53.3085360916,83.8985246792,flowering,5,472.37899475097765
2025-06-12,2025-04-25,53.9451541997,27.6841809,flowering,5,304.29666748046975
2025-06-11,2025-04-25,44.2133671267,-71.7857996605,budding,5,351.0554244995128
2025-06-12,2025-04-25,42.9042533333,140.7462916667,flowering,5,327.9750076293956
2025-05-21,2025-04-25,-43.6488913058,172.4630270534,flowering,5,160.8871566772467
2025-06-11,2025-04-25,37.44353,-107.1431666667,budding,5,190.4686569213876
2025-06-12,2025-04-25,38.6090076669,140.1601424163,flowering,5,406.4315155029308
2025-06-12,2025-04-25,65.0305323,25.478455,budding,5,182.48760986328205
2025-06-11,2025-04-25,44.9193,-72.9636833333,flowering,5,443.2477767944347
2025-06-08,2025-04-25,35.6892222222,-83.5382277778,flowering,5,546.7506484985362
2025-06-06,2025-04-25,52.3783974759,-1.5753160045,flowering,5,360.7522247314463
2025-06-11,2025-04-25,42.99215,-85.6219466667,flowering,5,476.98045806884875
2025-06-08,2025-04-25,50.917673,30.569592,flowering,5,447.335563659669
2025-06-08,2025-04-25,50.917912,30.5701189722,flowering,5,447.335563659669
2025-06-08,2025-04-25,50.9179159722,30.570153,flowering,5,447.335563659669
2025-06-11,2025-04-25,44.9046366667,-123.0734861667,flowering,5,486.7447479248058
2025-06-11,2025-04-25,44.9041883333,-123.073775,flowering,5,486.7447479248058
2025-06-11,2025-04-25,45.33838374,-75.92398287,flowering,5,429.03265838623156
2025-06-11,2025-04-25,50.0301233333,19.2043483167,flowering,5,373.20889739990344
2025-06-11,2025-04-25,53.91346261,27.60642138,flowering,5,296.04894714355567
2025-06-11,2025-04-25,38.2429998873,-85.6240001321,flowering,5,654.7055557250987
2025-06-10,2025-04-25,38.0924952868,-85.5516743935,flowering,5,645.5428649902354
2025-06-11,2025-04-25,37.45787087,-95.74266516,flowering,5,713.5312240600597
2025-06-11,2025-04-25,49.86837798,-97.22599351,flowering,5,475.5322204589854
2025-06-11,2025-04-25,42.5248891,-70.9414442,flowering,5,459.53026275634875
2025-06-11,2025-04-25,50.0470213655,36.2108057365,flowering,5,502.80465393066515
2025-06-11,2025-04-25,56.1211971667,93.4339966667,flowering,5,326.80866088867276
2025-06-11,2025-04-25,57.593861,11.92055,flowering,5,
2025-06-11,2025-04-25,50.8482238559,12.4633455509,flowering,5,377.2272766113292
2025-06-10,2025-04-25,35.845234329,-78.7244841456,flowering,5,774.6826202392589
2025-06-10,2025-04-25,38.2429998873,-85.6240001321,flowering,5,638.2487442016612
2025-05-31,2025-04-25,39.7275565539,32.808048916,flowering,5,346.2523605346688
2025-06-01,2025-04-25,52.7183861111,-3.9291944444,flowering,5,266.1002777099618
2025-06-10,2025-04-25,40.8473472595,-73.8887176514,flowering,5,572.7530471801768
2025-06-10,2025-04-25,42.4524713147,-72.0664303898,flowering,5,450.31464691162216
2025-06-10,2025-04-25,44.7071621885,-93.3314632854,flowering,5,498.2312576293956
2025-06-10,2025-04-25,44.84821434,-93.37052907,flowering,5,513.5574218750011
2025-06-10,2025-04-25,44.84636493,-93.36739166,flowering,5,513.5574218750011
2025-06-10,2025-04-25,38.3952918,-82.4220971,flowering,5,637.0066940307628
2025-06-10,2025-04-25,55.2127823,-6.5339013,flowering,5,299.76293487548935
2025-06-10,2025-04-25,48.1676319722,9.247301,flowering,5,334.34295959472763
2025-06-09,2025-04-25,44.1645246086,-72.0104155819,flowering,5,381.57077941894636
2025-06-09,2025-04-25,43.7609805556,-72.3225694444,flowering,5,367.0247741699229
2025-06-09,2025-04-25,34.4372617696,-87.2866719505,flowering,5,761.5375228881846
2025-06-09,2025-04-25,38.7260633333,-77.1805883333,flowering,5,665.7029357910167
2025-06-07,2025-04-25,42.63810841,-7.15006381,flowering,5,291.5409912109385
2025-06-09,2025-04-25,50.0549999833,19.9376383167,flowering,5,358.77227172851667
2025-06-08,2025-04-25,42.4807332203,-71.4729623022,flowering,5,476.0833435058604
2025-06-09,2025-04-25,38.5530383333,-82.8431333333,flowering,5,607.467660522462
2025-06-09,2025-04-25,44.87980127,-93.67369477,flowering,5,478.65183410644636
2025-06-04,2025-04-25,48.1301802015,-114.0330930684,flowering,5,238.34946594238374
2025-06-08,2025-04-25,43.071915955,-72.6543806842,flowering,5,364.847998046876
2025-06-07,2025-04-25,44.5727472222,34.009525,flowering,5,339.1618179321299
2025-05-31,2025-04-25,43.4711657859,-3.7974125147,flowering,5,
2025-06-09,2025-04-25,44.9627008527,6.490778178,flowering,5,48.14843597412141
2025-06-09,2025-04-25,45.039309969,6.351505276,flowering,5,32.28226013183621
2025-06-08,2025-04-25,50.9725324656,-119.418983728,flowering,5,285.4402313232432
2025-06-09,2025-04-25,37.502121,126.979488,flowering,5,516.6429611206065
2025-06-03,2025-04-25,42.5306733137,-71.7462382838,flowering,5,384.0979690551767
2025-06-09,2025-04-25,36.3462052851,137.9140585069,flowering,5,439.98858032226667
2025-06-08,2025-04-25,41.81873,-88.7336366667,flowering,5,484.90180969238384
2025-06-07,2025-04-25,43.7364865263,-79.6580967574,flowering,5,370.1613220214854
2025-06-08,2025-04-25,48.0978916667,-123.411925,flowering,5,312.3081665039073
2025-06-09,2025-04-25,43.7818450928,142.3226013184,flowering,5,319.17004089355567
2025-06-08,2025-04-25,48.5069015098,-114.0268518403,flowering,5,244.82255096435642
2025-06-08,2025-04-25,50.6882314741,6.9871618599,flowering,5,418.04375457763774
2025-06-08,2025-04-25,38.05271045,-84.49012008,flowering,5,588.1853408813487
2025-06-08,2025-04-25,45.472375,-75.5675194444,budding,5,398.4904708862315
2025-06-08,2025-04-25,42.7063916667,-83.4838716667,flowering,5,437.85269165039165
2025-06-08,2025-04-25,52.7998823,-1.4496743,flowering,5,361.89939880371196
2025-06-08,2025-04-25,60.4003358112,22.5509146973,flowering,5,199.82418060302814
2025-06-08,2025-04-25,52.7997803,-1.4543924997,flowering,5,358.85332489013774
2025-06-08,2025-04-25,43.7277538017,-86.1159283192,flowering,5,373.6326293945323
2025-06-08,2025-04-25,39.9016403982,-75.358435655,flowering,5,594.3268432617198
2025-06-07,2025-04-25,44.50008373,-73.16850416,flowering,5,380.96551361084084
2025-06-07,2025-04-25,37.0020995807,127.9150496885,flowering,5,509.24937286377053
2025-06-06,2025-04-25,44.0789558027,-72.0671418136,flowering,5,338.5358703613291
2025-06-07,2025-04-25,50.972361454,-119.4186424044,flowering,5,272.3279327392588
2025-06-07,2025-04-25,50.9724305719,-119.4185592559,flowering,5,272.3279327392588
2025-06-07,2025-04-25,50.9724305719,-119.4185592559,flowering,5,272.3279327392588
2025-06-07,2025-04-25,43.0678416667,-85.4107366667,flowering,5,414.5593017578135
2025-06-06,2025-04-25,35.5040843889,138.7695168889,flowering,5,347.72606353759863
2025-06-07,2025-04-25,40.9949083333,-80.3350366667,flowering,5,459.9810012817393
2025-06-07,2025-04-25,44.0399707904,-90.1652483273,flowering,5,435.0009826660166
2025-06-08,2025-04-25,36.5265972302,137.9583161129,flowering,5,450.2796020507823
2025-06-07,2025-04-25,40.9445228577,-76.9750137329,flowering,5,486.4622329711924
2025-05-27,2025-04-25,53.2432432,-9.3640121,flowering,5,
2025-06-07,2025-04-25,47.3693556204,-122.5089213278,flowering,5,419.5756362915049
2025-06-07,2025-04-25,47.84733928,-115.61681416,flowering,5,327.9229263305674
2025-06-07,2025-04-25,43.0870445,-89.4277333333,flowering,5,421.45726623535256
2025-06-02,2025-04-25,43.6280694444,-72.5708472222,flowering,5,257.770245361329
2025-06-07,2025-04-25,39.0667798074,-95.7481049766,flowering,5,603.5826477050791
2025-06-07,2025-04-25,35.3593666667,139.3466388889,flowering,5,546.7847198486338
2025-06-07,2025-04-25,43.7017956602,-86.2448842451,flowering,5,351.177099609376
2025-06-07,2025-04-25,38.6409111111,-90.2853111111,flowering,5,620.7050155639658
2025-06-05,2025-04-25,42.0615439722,-82.8956349722,flowering,5,395.8942062377939
2025-06-07,2025-04-25,53.0533151748,-1.6680838913,flowering,5,313.18460693359475
2025-06-07,2025-04-25,55.9120442833,-2.9921041833,flowering,5,266.60084381103616
2025-06-07,2025-04-25,51.5068049833,-0.26044,flowering,5,398.00144805908303
2025-06-07,2025-04-25,58.0591673997,11.7285728,flowering,5,278.1273635864268
2025-06-01,2025-04-25,38.8673441163,-77.1161910933,flowering,5,513.0821044921884
2025-05-25,2025-04-25,48.460858073,7.9574633762,flowering,5,270.8234115600593
2025-06-06,2025-04-25,47.7794529722,9.291185,flowering,5,366.17423706054785
2025-06-07,2025-04-25,51.5258336839,0.7861594788,flowering,5,
2025-06-02,2025-04-25,47.325183,-123.223712,flowering,5,326.5906051635751
2025-06-06,2025-04-25,53.6939729722,23.8278649722,flowering,5,269.87477569580176
2025-06-06,2025-04-25,42.8569883807,-70.9353317321,flowering,5,413.6072357177744
2025-06-06,2025-04-25,59.6330861111,17.0872361111,flowering,5,236.9392715454111
2025-06-06,2025-04-25,43.7926061271,-79.3355972094,flowering,5,297.8021820068369
2025-06-05,2025-04-25,49.1828416667,-122.9056833333,flowering,5,347.71645660400486
2025-06-06,2025-04-25,45.0132673997,-93.1057356,flowering,5,449.42419128418067
2025-06-05,2025-04-25,36.0835110194,-81.8514640194,flowering,5,400.991145324708
2025-06-06,2025-04-25,38.3316216667,-85.630905,flowering,5,574.9029739379893
2025-06-05,2025-04-25,43.998225,-73.1611945,flowering,5,369.730532836915
2025-06-06,2025-04-25,44.8310507788,24.8452541605,flowering,5,415.47491912841895
2025-06-04,2025-04-25,49.4098159518,-123.5171259195,flowering,5,
2025-06-06,2025-04-25,35.3396695526,139.6416407358,flowering,5,554.5094421386729
2025-06-05,2025-04-25,51.0596138889,-116.6572444444,flowering,5,127.48735504150477
2025-04-26,2025-04-25,33.7385666667,-84.4415,flowering,5,32.187174987793014
2025-06-05,2025-04-25,50.9725848236,-119.4184794727,flowering,5,249.4831192016611
2025-06-05,2025-04-25,51.4593283333,-0.2886166667,flowering,5,379.6347991943369
2025-05-25,2025-04-25,37.6326722222,126.9371555556,flowering,5,297.6578536987312
2025-06-05,2025-04-25,45.46821695,-93.71874744,flowering,5,418.6936141967783
2025-06-05,2025-04-25,40.0689889895,-83.10601439,flowering,5,468.4869491577158
2025-06-05,2025-04-25,41.7296649927,-71.1546791837,flowering,5,417.7830001831064
2025-06-03,2025-04-25,47.7651055556,-122.3214861111,flowering,5,308.9587173461923
2025-06-05,2025-04-25,49.9828320829,36.358043924,flowering,5,398.8204452514658
2025-06-05,2025-04-25,45.1522013329,-76.2372151755,flowering,5,337.36027832031345
2025-06-02,2025-04-25,42.3875777778,-71.1457222222,flowering,5,383.47635498046964
2025-06-05,2025-04-25,54.86014694,83.06796984,flowering,5,322.5270690917978
2025-06-05,2025-04-25,54.793664,56.2715149,flowering,5,370.5390167236337
2025-06-04,2025-04-25,50.972530935,-119.4183332924,flowering,5,239.07892761230562
2025-06-04,2025-04-25,50.9725240208,-119.4183453622,flowering,5,239.07892761230562
2025-06-04,2025-04-25,50.9724409605,-119.418491727,flowering,5,239.07892761230562
2025-06-03,2025-04-25,49.237060755,-122.7461107383,flowering,5,312.1984176635751
2025-06-04,2025-04-25,44.84903627,-93.51247444,flowering,5,425.78106079101656
2025-06-04,2025-04-25,42.0069611167,-93.7899083333,flowering,5,469.2554412841806
2025-06-04,2025-04-25,51.1261901331,20.1013920084,budding,5,288.74797973632906
2025-06-04,2025-04-25,40.677072,-73.463661,flowering,5,419.1038299560556
2025-06-04,2025-04-25,40.4689935426,-75.5444899946,flowering,5,461.3960586547861
2025-06-04,2025-04-25,55.8109286084,9.8237345892,flowering,5,290.22671661377046
2025-06-03,2025-04-25,50.9723801049,-119.4186341398,flowering,5,230.92829895019622
2025-06-03,2025-04-25,51.2798027778,-0.326675,flowering,5,343.31204223632903
2025-05-15,2025-04-25,39.6669055556,-75.6672305556,flowering,5,288.27079925537157
2025-06-03,2025-04-25,38.3367637,-76.4534165,flowering,5,574.5033416748056
2025-05-31,2025-04-25,56.1586333333,46.852125,flowering,5,277.02013397216876
2025-06-01,2025-04-25,52.4005409108,-1.4960626502,flowering,5,319.9211700439462
2025-06-03,2025-04-25,54.2666387742,10.060232603,flowering,5,292.94204711914153
2025-06-03,2025-04-25,41.3150604,-74.0787858,flowering,5,394.45484161377044
2025-05-31,2025-04-25,43.3212173063,-89.3771038084,flowering,5,311.93574829101647
2025-06-03,2025-04-25,54.63470075,-5.5406908611,flowering,5,
2025-05-31,2025-04-25,38.04850559,-83.5847467929,flowering,5,475.5859786987313
2025-06-03,2025-04-25,33.8023028057,-84.694466137,flowering,5,639.4975662231454
2025-06-03,2025-04-25,54.6689299108,55.9274187684,flowering,5,360.5205352783212
2025-06-02,2025-04-25,51.0218812146,6.9704838842,flowering,5,371.7244476318368
2025-06-01,2025-04-25,38.8535317244,-84.5223392096,flowering,5,460.90632324218836
2025-05-26,2025-04-25,41.8914420262,12.4852714321,flowering,5,375.11065216064526
2025-05-20,2025-04-25,51.6692184439,-2.4220269757,flowering,5,207.77383575439512
2025-05-25,2025-04-25,39.9253535731,32.876503662,flowering,5,287.116189575196
2025-05-28,2025-04-25,39.5547076576,-95.1283674559,flowering,5,440.2835449218758
2025-05-23,2025-04-25,40.0221081005,-85.2940783203,flowering,5,319.3612655639655
2025-06-02,2025-04-25,44.474486,-77.311861,flowering,5,301.79461517334073
2025-06-02,2025-04-25,53.5387573242,-1.5760700703,flowering,5,269.60282745361417
2025-06-02,2025-04-25,42.3069867997,2.1728136997,flowering,5,198.76722259521569
2025-06-01,2025-04-25,39.7064675667,-87.5897996553,flowering,5,459.43525390625086
2025-06-01,2025-04-25,47.7079767685,-122.547118105,flowering,5,
2025-05-31,2025-04-25,54.87131011,83.08245837,flowering,5,242.2442855834969
2025-06-01,2025-04-25,41.2966732682,-74.0282144397,flowering,5,386.1757858276376
2025-06-01,2025-04-25,37.65012,-84.0956888333,flowering,5,498.83247070312586
2025-06-01,2025-04-25,54.7686773528,56.0138452713,flowering,5,333.63005981445394
2025-06-01,2025-04-25,45.5917969722,11.540525,flowering,5,434.96384124755946
2025-06-01,2025-04-25,41.9728032646,-71.353591045,flowering,5,377.44723968505946
2025-05-30,2025-04-25,44.54886158,15.2291244633,flowering,5,294.96389923095785
2025-06-01,2025-04-25,39.09077696,-84.67290089,flowering,5,461.6165435791024
2025-06-01,2025-04-25,40.3684005737,-105.1551818848,flowering,5,263.631703186036
2025-06-01,2025-04-25,40.7855527997,-78.0760537997,flowering,5,329.8870666503915
2025-06-01,2025-04-25,53.8247342035,-1.5166974161,flowering,5,277.89574890136805
2025-06-01,2025-04-25,44.4192594269,-73.1779615581,flowering,5,309.81249694824305
2025-05-31,2025-04-25,40.2016157578,-5.1117133023,flowering,5,369.97209472656334
2025-06-01,2025-04-25,38.265045663,140.9810461476,flowering,5,364.2091110229501
2025-06-01,2025-04-25,37.6261688463,22.1487989552,flowering,5,325.4725616455087
2025-05-12,2025-04-25,49.3863783017,-122.9572165779,flowering,5,78.53210906982463
2025-05-31,2025-04-25,39.4687125625,-84.5423277058,flowering,5,443.4039871215829
2025-05-29,2025-04-25,45.511475,-122.7176133333,flowering,5,327.46360778808673
2025-05-31,2025-04-25,38.9312277778,-95.2336416667,flowering,5,498.58716125488365
2025-05-30,2025-04-25,52.5854989151,1.3122275608,flowering,5,280.11419067382894
2025-05-31,2025-04-25,39.6853923987,-94.8954864219,flowering,5,478.2856857299813
2025-05-31,2025-04-25,58.5717229646,13.4278886765,flowering,5,218.2049438476571
2025-05-31,2025-04-25,60.2092933655,25.061756134,flowering,5,149.17629089355535
2025-05-31,2025-04-25,49.2720216667,-123.2006083333,flowering,5,
2025-05-31,2025-04-25,50.0384489464,36.2068017925,flowering,5,330.4680740356454
2025-05-31,2025-04-25,37.3787166667,126.7238533333,flowering,5,
2025-05-31,2025-04-25,47.10472468,-122.63203836,flowering,5,306.9039184570321
2025-05-31,2025-04-25,58.5322742544,31.2602676131,flowering,5,203.0477371215827
2025-05-30,2025-04-25,47.7402609028,-122.3427637016,flowering,5,284.78113708496176
2025-05-25,2025-04-25,51.5297618175,-0.0412073572,flowering,5,257.1142135620124
2024-05-31,2024-05-31,-43.4257337977,172.703308106,flowering,5,
2025-05-30,2025-04-25,50.4351924,30.4545964,flowering,5,286.06865844726644
2025-05-31,2025-04-25,58.5355893114,31.2948197031,flowering,5,203.0477371215827
2025-05-30,2025-04-25,50.9723382339,-119.4188254777,flowering,5,203.0455490112313
2025-05-30,2025-04-25,50.9723700083,-119.4188801573,flowering,5,203.0455490112313
2025-05-30,2025-04-25,37.0477777778,-85.0714138889,flowering,5,493.08108673095785
2025-05-30,2025-04-25,49.2724916667,-123.1954333333,flowering,5,
2025-05-30,2025-04-25,44.0864105225,-123.1198883057,flowering,5,303.563294982911
2025-05-30,2025-04-25,44.831077885,24.8452192917,flowering,5,309.86719665527426
2025-05-30,2025-04-25,51.5340883333,0.63022,flowering,5,311.54729614257894
2025-05-29,2025-04-25,49.275375,-123.21122,flowering,5,
2025-05-30,2025-04-25,39.68120297,-75.74135408,flowering,5,466.6108642578133
2025-05-30,2025-04-25,44.452696,-73.228571,flowering,5,286.47532043457113
2025-05-30,2025-04-25,49.7837614257,36.2977542356,flowering,5,324.5632492065438
2025-05-30,2025-04-25,53.508635,-1.392725,flowering,5,272.9737030029305
2025-05-30,2025-04-25,50.70505,22.4223233333,budding,5,206.93404541015707
2025-05-30,2025-04-25,52.85418416,41.51812073,flowering,5,286.1336959838875
2025-05-29,2025-04-25,42.5308502157,-71.7465611547,flowering,5,331.88377380371173
2025-05-29,2025-04-25,35.59203557,-82.44032546,flowering,5,386.4115676879891
2025-05-29,2025-04-25,38.9492211119,-95.2608634719,flowering,5,465.02335357666095
2025-05-29,2025-04-25,43.8987398538,-76.9964664226,flowering,5,204.47201538086017
2025-05-29,2025-04-25,42.531805132,-71.7483692989,flowering,5,331.88377380371173
2025-05-29,2025-04-25,38.23238,-85.4661333333,flowering,5,447.96441650390705
2025-05-24,2025-04-25,42.4025172684,-72.5356177613,flowering,5,275.69467163086006
2024-09-20,2024-05-31,41.527594,-74.236816,flowering,5,1990.9653518676719
2024-09-20,2024-05-31,41.527594,-74.236816,flowering,5,1990.9653518676719
2025-05-29,2025-04-25,51.3046532592,11.8013048983,flowering,5,263.58226776123126
2025-05-29,2025-04-25,47.9770616667,7.8328283333,flowering,5,311.1245803833016
2025-05-29,2025-04-25,53.46118283,-2.38690445,flowering,5,263.4408950805672
2025-05-29,2025-04-25,42.5307382931,-71.7458403111,flowering,5,331.88377380371173
2025-05-22,2025-04-25,35.9170394959,139.9654487841,flowering,5,368.6746948242194
2025-05-27,2025-04-25,44.3105305556,-72.573075,flowering,5,234.37726287841872
2025-05-28,2025-04-25,53.0182527778,-1.1974694444,flowering,5,261.56739654541093
2025-05-16,2025-04-25,35.451745,139.643325,flowering,5,254.86952514648488
2025-05-28,2025-04-25,42.8080183,-78.8170934,flowering,5,292.37391510009843
2025-05-24,2025-04-25,37.415249872,-86.4995348174,flowering,5,409.84259033203193
2025-05-28,2025-04-25,40.496423,-79.881043,flowering,5,358.5418228149422
2025-05-28,2025-04-25,51.1871394,-0.6154839333,flowering,5,279.9334014892586
2025-05-27,2025-04-25,48.4885482671,16.4073809885,flowering,5,250.90678863525466
2025-05-16,2025-04-25,39.9020443365,32.9320014767,flowering,5,171.9915496826177
2025-05-28,2025-04-25,41.9938812997,-91.7398409997,flowering,5,353.4970535278328
2025-05-28,2025-04-25,37.6492216667,-85.361625,flowering,5,447.6993164062508
2025-05-10,2025-04-25,53.3170719355,-4.6636243519,flowering,5,
2025-05-27,2025-04-25,45.4382866667,12.3554666667,fruiting,5,
2025-05-28,2025-04-25,49.0195836216,9.0939010855,flowering,5,297.1758331298836
2025-05-24,2025-04-25,37.75833,-84.791245,flowering,5,388.4028167724616
2025-05-27,2025-04-25,42.9114152893,-85.8978181835,flowering,5,268.8805816650398
2025-05-27,2025-04-25,42.9113946624,-85.897838733,flowering,5,268.8805816650398
2025-05-16,2025-04-25,39.8966244564,32.9338795456,flowering,5,171.9915496826177
2025-05-27,2025-04-25,41.752182338,-91.6075789556,flowering,5,352.9388854980476
2025-05-27,2025-04-25,36.0981178284,-94.2245254517,flowering,5,470.1177566528328
2025-05-22,2025-04-25,35.6836083333,-83.4906533333,flowering,5,328.63950805664126
2025-05-26,2025-04-25,35.6055777778,-83.7960555556,flowering,5,388.09278411865307
2025-05-27,2025-04-25,35.71860012,139.73132348,flowering,5,431.7457931518562
2025-05-26,2025-04-25,38.9363360997,-76.6826738997,flowering,5,448.13160247802807
2025-05-25,2025-04-25,39.1158971804,-77.1288954482,flowering,5,415.3773895263679
2025-05-26,2025-04-25,36.2561831748,136.9059386495,flowering,5,205.04386901855537
2025-05-25,2025-04-25,36.2382909326,137.969880705,flowering,5,256.330903625489
2025-05-25,2025-04-25,36.2187079764,137.5401592625,flowering,5,164.14294433593807
2025-05-21,2025-04-25,37.7979163786,-85.2592127377,flowering,5,361.4829589843756
2024-06-18,2024-05-31,42.1039218107,-2.3990096524,flowering,5,172.15453948974653
2025-05-26,2025-04-25,45.397213,-122.7611841,flowering,5,276.5852767944343
2025-05-26,2025-04-25,40.8378025259,-81.4414011628,flowering,5,332.3232070922859
2025-05-26,2025-04-25,38.0387145997,-81.0817543,flowering,5,357.5979187011726
2025-05-24,2025-04-25,35.6818980089,-81.2711075264,flowering,5,439.9695358276374
2025-05-18,2025-04-25,42.1655147969,2.4884408713,flowering,5,182.96297302246148
2025-05-26,2025-04-25,42.6146368617,-0.3307771852,flowering,5,161.06819458007885
2025-05-08,2025-04-25,51.319097928,-0.1959947124,flowering,5,101.66198577880891
2025-05-08,2025-04-25,51.3008012892,-0.2420549467,flowering,5,101.66198577880891
2025-05-25,2025-04-25,47.94904325,16.4176425833,flowering,5,239.96024475097727
2025-05-26,2025-04-25,38.7164383333,-9.3843666667,flowering,5,
2025-05-26,2025-04-25,50.288656,57.153662,flowering,5,298.27605590820383
2025-05-26,2025-04-25,50.9548003,5.2995342,flowering,5,299.9738418579109
2025-05-25,2025-04-25,52.0738914,4.8640169997,flowering,5,268.99198303222727
2025-05-26,2025-04-25,43.2226773642,76.9212567403,flowering,5,317.5386611938484
2025-05-25,2025-04-25,36.0967007954,-94.3712674454,flowering,5,450.37864837646555
2025-05-25,2025-04-25,37.36925,126.6486133333,flowering,5,
2025-05-25,2025-04-25,49.1578491557,-121.951466538,flowering,5,210.17703399658274
2025-05-22,2025-04-25,52.6217300219,1.2558165127,flowering,5,197.2544601440436
2025-05-25,2025-04-25,41.0551007972,-80.6763968,flowering,5,310.71514282226633
2025-05-25,2025-04-25,41.9860681997,-91.5970911997,flowering,5,322.44454345703195
2025-05-25,2025-04-25,41.9908775,-91.5925689997,flowering,5,322.44454345703195
2025-05-25,2025-04-25,40.4297739513,-86.8510232493,flowering,5,351.50274047851633
2025-05-25,2025-04-25,50.0379987813,36.2759783864,flowering,5,239.26228485107492
2025-05-24,2025-04-25,40.4988409722,-80.4308469722,flowering,5,319.4818878173835
2025-05-25,2025-04-25,42.7102546983,-73.8898547784,flowering,5,290.02786407470774
2025-05-25,2025-04-25,49.9781652324,36.3452524692,flowering,5,239.26228485107492
2025-05-23,2025-04-25,39.4471666667,-88.1540833333,flowering,5,358.6620010375983
2025-05-25,2025-04-25,49.9795655938,36.3533215597,flowering,5,238.45353088378977
2025-05-25,2025-04-25,52.7997567997,-1.4544778,flowering,5,233.36393127441477
2025-05-25,2025-04-25,42.9913616667,-2.4556283333,flowering,5,232.30304107666086
2025-05-25,2025-04-25,35.64996555,139.4628986,flowering,5,379.9328552246101
2025-05-25,2025-04-25,35.6518533333,139.4560113833,flowering,5,379.9328552246101
2025-05-25,2025-04-25,52.3038640293,-8.4234125967,flowering,5,237.47254333496164
2025-05-25,2025-04-25,48.3997230991,9.9740194453,flowering,5,214.53696594238352
2025-05-25,2025-04-25,52.2528733333,21.0482566667,flowering,5,175.36690673828195
2025-05-25,2025-04-25,52.5251149997,13.3507616,flowering,5,228.39370880127024
2025-05-25,2025-04-25,39.8939480464,32.7874991207,flowering,5,297.31820068359445
2025-05-25,2025-04-25,39.9340048,32.833149,flowering,5,297.31820068359445
2025-05-25,2025-04-25,36.2382387558,137.9698853024,flowering,5,256.330903625489
2025-05-24,2025-04-25,48.19202635,-122.60378016,flowering,5,
2025-05-24,2025-04-25,39.7552480737,-76.6612097304,flowering,5,366.8207321166999
2025-05-23,2025-04-25,40.7094877978,-73.792434521,flowering,5,329.8993209838874
2025-05-23,2025-04-25,49.2481634717,-122.962212845,flowering,5,206.1518386840827
2025-05-10,2025-04-25,39.8947686111,32.9348094444,flowering,5,127.33423004150427
2025-05-24,2025-04-25,39.6645734895,-87.4134668895,flowering,5,361.35028839111396
2025-05-24,2025-04-25,48.815322876,14.2983665466,flowering,5,154.8553237915046
2025-05-24,2025-04-25,48.8538633,14.7922922997,flowering,5,186.54792022705146
2025-05-24,2025-04-25,37.91695863,-85.67131134,flowering,5,396.47257995605537
2025-05-24,2025-04-25,34.9678333333,127.9742883333,flowering,5,
2025-05-24,2025-04-25,37.2484194444,-81.2499972222,flowering,5,308.8544006347663
2025-05-24,2025-04-25,35.6511568,139.9242201,flowering,5,399.614089965821
2025-05-24,2025-04-25,48.1246594,16.2783524,flowering,5,217.87306213378974
2025-05-24,2025-04-25,-40.4196833333,175.2243033333,flowering,5,
2025-05-21,2025-04-25,37.0916555,-88.6373883333,flowering,5,397.6678878784186
2025-05-23,2025-04-25,49.0241857112,-123.0546940134,flowering,5,
2025-05-23,2025-04-25,42.5248819722,-70.942766,flowering,5,250.52431335449285
2025-05-16,2025-04-25,52.627384907,1.3131279654,flowering,5,156.07274932861378
2025-05-23,2025-04-25,52.4735616667,4.8172666667,flowering,5,234.8947586059577
2025-05-11,2025-04-25,52.9811224855,-6.030845046,flowering,5,
2025-05-23,2025-04-25,48.8333502245,2.4512594193,flowering,5,287.97968902587957
2025-04-28,2025-04-25,42.8255866667,-1.6104033333,flowering,5,28.73245849609384
2025-05-23,2025-04-25,52.2230233333,20.974635,flowering,5,165.59066619873113
2025-05-23,2025-04-25,35.6398063761,139.8583306025,flowering,5,
2025-05-22,2025-04-25,41.8153415692,-88.0764988866,flowering,5,264.1541412353522
2025-05-21,2025-04-25,36.0477372116,-82.5571278573,flowering,5,296.54905242919983
2025-05-22,2025-04-25,36.8122282666,-88.6415897141,flowering,5,417.8299987792975
2025-05-22,2025-04-25,41.1075283333,29.02517,flowering,5,277.79375152587954
2025-05-22,2025-04-25,41.16976065,-96.10991234,flowering,5,351.45955352783267
2025-05-22,2025-04-25,45.9603804574,11.6763183475,flowering,5,157.96543579101626
2025-05-22,2025-04-25,35.64758973,139.44672911,flowering,5,336.5639312744147
2024-08-13,2024-05-31,47.210262,-122.3087302997,flowering,5,1005.0833511352556
2025-05-21,2025-04-25,51.9609467344,5.6795987114,flowering,5,248.12225646972718
2025-05-21,2025-04-25,39.2260422,-84.3779947,flowering,5,343.3047592163092
2025-05-21,2025-04-25,38.0538611111,-84.5284555556,flowering,5,346.51983184814515
2025-05-21,2025-04-25,42.3181647686,-72.645550193,budding,5,282.14246673584046
2025-05-21,2025-04-25,44.476259,-77.314151,budding,5,208.49322814941468
2025-05-21,2025-04-25,41.7479133333,-70.8102333333,flowering,5,267.74612731933655
2025-05-21,2025-04-25,36.7057900963,-88.4124728929,flowering,5,400.78037567138733
2025-05-20,2025-04-25,52.9218864439,-4.2209358214,flowering,5,
2025-05-21,2025-04-25,47.9793766667,7.922485,flowering,5,217.64136810302796
2025-05-21,2025-04-25,48.286705,22.9917366667,flowering,5,168.11870880127015
2025-05-21,2025-04-25,52.207385,20.9683883333,flowering,5,147.29644317627015
2025-05-20,2025-04-25,40.9490054361,-73.1529457906,flowering,5,284.9969726562506
2025-05-20,2025-04-25,37.775333,-87.3898329722,flowering,5,371.35221252441465
2025-05-20,2025-04-25,34.1309056966,-84.431643601,flowering,5,399.7445846557623
2025-05-20,2025-04-25,53.1451131591,-1.573289883,flowering,5,178.56366882324278
2025-05-19,2025-04-25,40.7759333333,-73.2409133333,flowering,5,266.18197631835994
2025-05-20,2025-04-25,42.8189350037,-1.6237094358,flowering,5,203.6780792236334
2025-05-19,2025-04-25,60.1525168029,-1.1144001782,flowering,5,
2025-05-18,2025-04-25,43.1054422944,-89.8088070175,flowering,5,235.2385391235357
2025-05-20,2025-04-25,49.4388111299,32.025713101,flowering,5,197.06436309814512
2025-05-20,2025-04-25,49.5457183333,8.0771683333,flowering,5,218.54944763183653
2025-05-20,2025-04-25,46.0408272971,14.4726483151,flowering,5,197.57801971435606
2025-05-19,2025-04-25,52.0358779421,4.4159714878,flowering,5,220.72721099853572
2025-05-20,2025-04-25,51.4455275341,-0.4404676706,flowering,5,219.34673461914122
2025-05-19,2025-04-25,39.3793320997,-76.962507,flowering,5,339.5682754516607
2025-05-20,2025-04-25,35.6474227,139.446759,flowering,5,302.9618392944342
2025-05-19,2025-04-25,39.3821282997,-76.9641776997,flowering,5,339.5682754516607
2025-05-18,2025-04-25,40.35903,-76.8677,flowering,5,299.73391571044976
2025-05-17,2025-04-25,34.8605865997,-84.005379,flowering,5,284.7789199829107
2025-05-19,2025-04-25,46.3115201,-0.7039845,flowering,5,270.2444458007818
2025-05-19,2025-04-25,46.3115183,-0.7039825,flowering,5,270.2444458007818
2025-05-19,2025-04-25,38.7653617859,-84.0871887207,flowering,5,319.1897583007818
2025-05-19,2025-04-25,35.6784590919,139.7544066586,flowering,5,319.39172363281307
2025-05-19,2025-04-25,35.65375453,139.44702194,flowering,5,286.80597686767635
2025-05-10,2025-04-25,37.1816831529,-87.4099163835,flowering,5,204.27670440673865
2025-05-18,2025-04-25,47.2916373131,-122.3641274124,flowering,5,183.02516784668023
2025-05-17,2025-04-25,35.0938259076,-83.2662884519,flowering,5,249.65727691650443
2025-05-17,2025-04-25,43.1699783333,-1.85827,flowering,5,180.81381683349662
2025-05-18,2025-04-25,39.1913750783,-76.8692621914,flowering,5,341.1494583129888
2025-05-18,2025-04-25,49.5573583689,30.5160642788,flowering,5,161.93967285156305
2025-05-04,2025-04-25,39.9927752778,32.6488522222,flowering,5,63.748222351074446
2025-05-18,2025-04-25,51.1463661194,0.2508746982,flowering,5,195.08529510498101
2025-05-16,2025-04-25,46.3858913172,6.8537832489,flowering,5,102.88217315673876
2025-05-16,2025-04-25,46.3148193577,6.9163001546,flowering,5,66.33078765869186
2025-05-18,2025-04-25,40.8511483,-73.9376392,flowering,5,295.18618621826226
2025-05-18,2025-04-25,40.8511354,-73.9377353,flowering,5,295.18618621826226
2025-05-17,2025-04-25,52.7734311,-1.5908173,flowering,5,169.92075042724662
2025-05-17,2025-04-25,41.0309611667,-73.7134466667,flowering,5,274.1368072509771
2025-05-17,2025-04-25,52.813568248,1.2259889011,flowering,5,151.6662796020513
2025-05-17,2025-04-25,48.2093887222,16.3111286111,flowering,5,164.00418548584037
2025-05-11,2025-04-25,35.5799123646,-82.5964893566,flowering,5,182.10814208984414
2025-05-17,2025-04-25,43.226036,76.910106,flowering,5,233.90538482666068
2025-05-17,2025-04-25,37.4015916667,126.6327283333,flowering,5,
2025-05-17,2025-04-25,49.5487366667,3.6239366667,flowering,5,215.323674011231
2025-05-17,2025-04-25,43.166402,76.796987,flowering,5,233.05111389160209
2025-05-17,2025-04-25,37.4041878,126.7856313997,flowering,5,196.6383483886724
2025-05-16,2025-04-25,49.2210560634,8.1372052431,flowering,5,194.37717742919972
2025-05-16,2025-04-25,53.2564535716,10.4332680255,flowering,5,154.50040740966847
2025-05-16,2025-04-25,39.6823385694,-77.222399274,flowering,5,297.16665954589894
2025-05-16,2025-04-25,46.0593111478,11.1519119516,flowering,5,167.7716781616216
2025-05-16,2025-04-25,38.9144750296,-76.5100675046,flowering,5,
2025-05-16,2025-04-25,35.0119833333,135.6777633333,flowering,5,238.51077575683644
2025-05-13,2025-04-25,39.8956388889,-75.0704694444,flowering,5,260.9287246704106
2025-05-14,2025-04-25,35.0794353859,-83.2366967659,flowering,5,192.60232543945358
2025-05-15,2025-04-25,34.7223638889,-76.6615472222,flowering,5,
2025-05-15,2025-04-25,40.0432583333,-75.62255,flowering,5,272.25931701660204
2025-05-13,2025-04-25,40.6191683333,-0.1031,flowering,5,118.91882934570356
2025-05-15,2025-04-25,38.8747173802,-77.4082025346,flowering,5,299.46686706543016
2025-05-15,2025-04-25,51.8025888196,5.6508849934,flowering,5,195.72200927734423
2025-05-15,2025-04-25,41.5370106922,1.8904787931,flowering,5,199.18934783935595
2025-05-06,2025-04-25,38.0175931,-77.9208521,flowering,5,186.78124542236355
2025-05-15,2025-04-25,52.7320957,-1.5179750997,flowering,5,153.37773284912157
2025-05-15,2025-04-25,39.9028035674,32.7678034998,flowering,5,169.8015457153325
2025-05-15,2025-04-25,42.0775813,13.9084746,flowering,5,150.62201843261766
2025-05-14,2025-04-25,47.6562638997,-122.4171857997,flowering,5,152.88504028320358
2025-05-14,2025-04-25,41.0187521094,-73.8441140482,flowering,5,231.95092010498092
2025-05-13,2025-04-25,50.7650009473,15.0755371526,flowering,5,82.32764282226606
2025-05-14,2025-04-25,50.4523782933,4.8377481848,flowering,5,178.2971572875981
2025-05-14,2025-04-25,38.333825,-89.5139916667,flowering,5,266.9530563354497
2025-05-13,2025-04-25,46.1865440738,21.3122675568,flowering,5,192.95269622802778
2025-05-14,2025-04-25,39.0675018231,-77.030207537,flowering,5,275.3025283813481
2025-05-14,2025-04-25,41.043768567,-3.5431791656,flowering,5,107.90309143066452
2025-05-14,2025-04-25,45.6797216,11.3844405,flowering,5,197.39199066162155
2025-05-14,2025-04-25,52.0286278997,-4.2043055,flowering,5,138.91372680664108
2025-05-14,2025-04-25,36.01406945,139.4089366667,flowering,5,224.99905395507858
2025-05-04,2025-04-25,35.8110648362,139.592919593,flowering,5,106.38709259033226
2025-05-13,2025-04-25,37.3243533333,-82.5795583333,flowering,5,222.5965713500981
2025-05-10,2025-04-25,37.7688124311,-83.6085314354,flowering,5,191.73938140869177
2025-05-13,2025-04-25,50.5302555556,14.1143666667,flowering,5,131.4332946777348
2025-05-13,2025-04-25,53.2687329625,-1.5629120108,flowering,5,124.99308624267621
2025-05-13,2025-04-25,35.95035091,-88.1285749,flowering,5,267.9373916625981
2025-05-13,2025-04-25,35.6499558812,139.4604964927,flowering,5,204.96529235839887
2025-05-13,2025-04-25,39.1015805,-77.2441866667,flowering,5,259.0370010375981
2025-05-10,2025-04-25,40.0114478889,-8.3875465278,flowering,5,145.39743194580115
2025-05-10,2025-04-25,40.01130675,-8.3875703611,flowering,5,145.39743194580115
2025-05-13,2025-04-25,36.3700027778,120.6780388889,flowering,5,
2025-05-12,2025-04-25,38.2972639942,-75.3304580972,flowering,5,253.46942596435588
2025-05-12,2025-04-25,38.7422874,-93.7440875,flowering,5,223.6228759765629
2025-05-13,2025-04-25,35.6123232236,139.4278297016,flowering,5,202.7660354614262
2025-05-12,2025-04-25,35.5726133333,-93.0666666667,flowering,5,238.5642059326176
2025-05-12,2025-04-25,38.9526055556,-77.0746861111,flowering,5,253.18789367675822
2025-05-12,2025-04-25,44.9224364861,-123.0680102049,flowering,5,150.40833740234416
2025-05-07,2025-04-25,37.81862,-83.5802383333,flowering,5,160.70084838867217
2025-05-12,2025-04-25,37.0383834839,-84.0804901123,flowering,5,222.63654022216838
2025-05-03,2025-04-25,42.5066777778,1.5137861111,flowering,5,21.083802795410293
2025-05-12,2025-04-25,35.6473298,139.4467165,flowering,5,191.12993316650432
2025-05-11,2025-04-25,35.895200995,-93.585017054,flowering,5,196.5406295776371
2025-05-11,2025-04-25,37.7844416667,-83.69133,flowering,5,204.85281677246132
2025-05-11,2025-04-25,38.0959510556,-85.5552902222,flowering,5,203.31824798584023
2025-05-11,2025-04-25,38.9795216667,-76.5686866667,flowering,5,240.31450958251992
2025-05-11,2025-04-25,45.2278184604,-122.7275544599,flowering,5,153.56994171142617
2025-05-11,2025-04-25,34.3967915677,-86.5912229639,flowering,5,240.8918945312504
2025-05-11,2025-04-25,39.9142880916,-75.7189733908,flowering,5,222.51278228759804
2025-05-11,2025-04-25,37.3037342,-87.2263549997,flowering,5,217.68378753662148
2025-05-09,2025-04-25,37.2142866869,-79.2735845173,flowering,5,221.74835968017612
2025-05-11,2025-04-25,47.1091845486,15.2965529039,flowering,5,115.32804412841836
2025-05-11,2025-04-25,39.1971079702,-77.1005071952,flowering,5,228.61805267334023
2025-05-11,2025-04-25,47.2746877531,14.7748301823,flowering,5,59.82348632812534
2025-05-11,2025-04-25,51.081564808,17.0089950181,flowering,5,111.93829650878945
2025-05-10,2025-04-25,38.6224533333,-90.09265,flowering,5,197.66947326660193
2025-05-10,2025-04-25,39.0393555,-90.1672833333,flowering,5,188.69614562988318
2025-05-10,2025-04-25,37.3385871694,-87.4763591588,flowering,5,203.91019592285193
2025-05-10,2025-04-25,37.5844555361,-82.4509639048,flowering,5,195.04127655029333
2025-05-10,2025-04-25,48.0498758624,14.419558011,flowering,5,96.32259521484411
2025-05-10,2025-04-25,39.2637575,-76.5796222072,flowering,5,214.85833892822302
2025-05-10,2025-04-25,47.0409049988,15.4447593689,budding,5,120.73579559326208
2025-05-10,2025-04-25,45.9749019658,15.9405332152,flowering,5,144.14406738281286
2025-05-09,2025-04-25,47.1342736654,11.4625995497,flowering,5,16.663951110840003
2024-08-11,2024-05-31,47.425577352,-122.1730237416,flowering,5,993.477825927736
2025-05-09,2025-04-25,38.2158257348,-85.4952062427,flowering,5,178.21721649169956
2025-05-09,2025-04-25,38.5035339195,-85.0121451913,flowering,5,174.88021850585972
2025-05-09,2025-04-25,39.3256216667,-76.6319966667,flowering,5,203.97731781005893
2025-05-05,2025-04-25,38.0772861111,-75.4018027778,flowering,5,157.79113159179713
2025-05-05,2025-04-25,38.2477888889,-75.8301944444,flowering,5,163.8837295532229
2025-05-09,2025-04-25,39.0653753674,-77.3050320127,flowering,5,209.4044570922855
2025-05-09,2025-04-25,37.6530391552,-84.2431325183,flowering,5,183.71205902099643
2025-05-08,2025-04-25,38.0164872686,-77.9203484678,flowering,5,216.51667633056672
2025-05-09,2025-04-25,32.5346191363,-89.9389479106,flowering,5,248.48049926757847
2025-05-09,2025-04-25,37.4034116667,126.6314466667,flowering,5,
2025-05-09,2025-04-25,50.3160283134,7.8019747138,flowering,5,116.50407409668003
2025-05-09,2025-04-25,35.8994906779,-78.9493091145,flowering,5,239.68828582763706
2025-05-09,2025-04-25,48.9577439997,14.4768927997,flowering,5,99.59737396240268
2025-05-04,2025-04-25,38.8128711,-94.7355096,flowering,5,116.7034606933596
2025-05-08,2025-04-25,47.5720450031,-122.3237916667,flowering,5,109.85408630371126
2025-05-08,2025-04-25,49.0100263692,8.5370280594,flowering,5,129.39060058593782
2025-05-04,2025-04-25,36.0076590997,-78.5183123997,flowering,5,165.59171295166038
2025-05-07,2025-04-25,48.9378604804,9.0231803374,flowering,5,112.14034729003936
2025-05-08,2025-04-25,48.008664,7.8556437,flowering,5,109.96685638427766
2025-05-08,2025-04-25,35.6664042024,139.413405081,flowering,5,142.33853759765657
2025-05-06,2025-04-25,37.4610216667,-83.1543805,flowering,5,152.15021057128934
2025-05-07,2025-04-25,41.3933916667,-72.989555,flowering,5,133.50706939697295
2025-05-07,2025-04-25,47.724111,-122.3501623,budding,5,97.86436157226592
2025-05-07,2025-04-25,51.7301339281,-2.3771964937,flowering,5,95.36806945800811
2025-05-07,2025-04-25,35.7757196226,-78.6667556316,flowering,5,210.22980194091826
2025-04-23,2025-04-25,40.6003380556,33.6130680556,flowering,5,9.47345886230471
2025-05-07,2025-04-25,35.5988052365,-81.0304603726,flowering,5,192.0902832031253
2025-05-07,2025-04-25,34.9899088683,135.7675858051,flowering,5,122.7709243774417
2024-06-23,2024-05-31,55.4524725281,69.3577748691,flowering,5,318.3803619384771
2025-05-05,2025-04-25,36.3368632997,-92.3712261,flowering,5,156.6105361938479
2025-05-06,2025-04-25,50.0682205323,22.237351345,flowering,5,86.32974548339871
2025-05-05,2025-04-25,37.730688055,-93.4956111516,flowering,5,138.3931289672854
2025-05-06,2025-04-25,48.8836333333,8.4266944444,flowering,5,111.8790847778323
2025-05-06,2025-04-25,48.056355,7.9070566667,flowering,5,106.03672332763699
2024-06-06,2024-05-31,53.7147181493,27.2938924821,flowering,5,94.09621734619157
2025-05-05,2025-04-25,34.498601362,-92.6349355519,flowering,5,177.76658020019556
2025-05-05,2025-04-25,36.0045125098,-94.0161474134,flowering,5,143.24199829101588
2025-05-05,2025-04-25,52.1243143624,4.9904627725,flowering,5,96.39739379882838
2025-05-05,2025-04-25,38.9487666789,-75.7210423797,flowering,5,165.8764053344729
2025-05-05,2025-04-25,36.9952,-91.9726116667,budding,5,137.22670898437525
2024-10-12,2024-05-31,51.8197757428,19.5289871469,flowering,5,1842.000404357906
2025-05-05,2025-04-25,48.0936448308,3.4538079129,flowering,5,113.60842285156275
2025-05-05,2025-04-25,48.8952904227,2.3159331456,flowering,5,116.46830139160181
2025-05-03,2025-04-25,37.032925,-94.5252472222,flowering,5,122.22490539550802
2025-05-04,2025-04-25,38.8530666785,-91.5925582498,flowering,5,119.06256103515648
2025-05-04,2025-04-25,48.159810025,16.5023037046,flowering,5,98.67987823486351
2025-05-04,2025-04-25,37.3524305391,-84.4940007926,flowering,5,134.38784790039085
2025-05-03,2025-04-25,53.8227096492,-1.6437379672,flowering,5,67.5633529663088
2025-05-04,2025-04-25,36.1853485107,-94.5616149902,flowering,5,135.67119598388695
2025-05-04,2025-04-25,39.8773823647,32.6497215589,flowering,5,62.597579956054915
2025-05-04,2025-04-25,34.999302427,135.7697277075,flowering,5,95.97561645507835
2025-05-04,2025-04-25,-37.7958655398,175.332045689,flowering,5,101.38782501220726
2025-05-03,2025-04-25,39.7037111111,-86.1536583333,flowering,5,109.30721130371114
2025-05-03,2025-04-25,37.665925,-82.7861716667,flowering,5,129.206221008301
2025-04-27,2025-04-25,42.8274209722,-1.6367522778,flowering,5,20.890332031250068
2025-05-03,2025-04-25,37.8176338157,-92.1495051766,flowering,5,119.79572143554708
2025-05-03,2025-04-25,40.2665150997,-76.8632357997,flowering,5,118.37763824462911
2025-04-26,2025-04-25,46.4570635037,6.8569487746,flowering,5,5.558772277832077
2025-05-03,2025-04-25,43.2450386029,-5.9832579643,flowering,5,60.46190490722677
2025-04-25,2025-04-25,51.3732525115,-0.2740073745,flowering,5,4.122155761718773
2025-04-25,2025-04-25,51.3729393091,-0.2736878282,flowering,5,4.122155761718773
2025-04-25,2025-04-25,51.3729472222,-0.2737055556,flowering,5,4.122155761718773
2025-04-25,2025-04-25,51.3731403355,-0.2738329479,flowering,5,4.122155761718773
2025-05-03,2025-04-25,35.4759083333,139.37955,flowering,5,89.25889434814474
2025-05-03,2025-04-25,50.2980519,8.5126529,flowering,5,77.82219543457052
2025-05-03,2025-04-25,49.2197472222,16.5939388889,flowering,5,83.20555725097677
2025-05-03,2025-04-25,34.7308206341,135.5392942458,flowering,5,103.0890869140627
2025-05-02,2025-04-25,38.9924055556,-77.025125,flowering,5,113.61645202636737
2025-05-02,2025-04-25,48.8499450684,14.3505048752,flowering,5,57.53914337158221
2025-05-02,2025-04-25,52.1288527667,9.3578472167,flowering,5,71.57663421630878
2025-05-02,2025-04-25,36.965711494,-86.4918504842,flowering,5,121.5730026245119
2025-04-28,2025-04-25,49.6037966667,7.942075,flowering,5,26.636724853515716
2025-05-02,2025-04-25,48.9010009764,8.6855401992,flowering,5,75.4717071533205
2025-05-02,2025-04-25,51.0175523602,6.9653578475,flowering,5,81.521878051758
2025-05-01,2025-04-25,50.7877881483,-1.0338887833,flowering,5,
2025-04-25,2025-04-25,-41.2755694286,174.7485762412,flowering,5,10.308030700683616
2025-04-25,2025-04-25,-41.2740562637,174.7483252604,flowering,5,10.308030700683616
2025-04-28,2025-04-25,53.9499454249,-1.0573098068,flowering,5,24.302847290039153
2025-04-27,2025-04-25,46.94461,16.08102,flowering,5,21.57894592285163
2025-05-01,2025-04-25,48.0498758624,14.419558011,flowering,5,47.590472412109534
2025-05-01,2025-04-25,48.0303333333,15.4287861111,flowering,5,42.891200256347815
2025-05-01,2025-04-25,45.4410883333,9.1287305,flowering,5,82.63640136718766
2025-04-25,2025-04-25,-43.5957412167,172.5617411667,flowering,5,6.0279403686523665
2025-04-28,2025-04-25,-43.6511773754,172.6229705361,flowering,5,32.12916412353525
2025-04-26,2025-04-25,47.0840053609,11.4137965378,flowering,5,0.0
2025-04-28,2025-04-25,46.6969439327,15.9572845184,budding,5,31.561521911621185
2025-04-27,2025-04-25,37.5960336703,-77.4743720445,flowering,5,41.931263732910224
2025-04-30,2025-04-25,51.5581438805,9.9565056832,flowering,5,41.22283325195326
2025-04-25,2025-04-25,-43.69960065,172.62214815,flowering,5,5.9429794311523665
2025-04-30,2025-04-25,42.78628636,-1.66451244,flowering,5,48.8291412353517
2025-04-24,2025-04-25,46.4572722222,6.8561222222,flowering,5,3.0475860595703352
2025-04-26,2025-04-25,-43.6203904833,172.4489569167,flowering,5,14.51082153320317
2025-04-25,2025-04-25,-43.6113349167,172.42828085,flowering,5,6.8834091186523665
2025-04-30,2025-04-25,35.6572527778,139.4468083333,flowering,5,57.052323913574355
2025-04-27,2025-04-25,51.5464680595,-2.576447448,flowering,5,19.022953796386787
2025-04-29,2025-04-25,48.8234456382,9.1778823733,flowering,5,37.284790039062614
2025-04-29,2025-04-25,39.284830942,-7.4262622744,flowering,5,56.940315246582145
2025-04-28,2025-04-25,-43.4551799262,172.6576492566,flowering,5,33.11549224853525
2025-04-28,2025-04-25,-40.4598883333,175.222875,flowering,5,
2025-04-28,2025-04-25,35.2075957101,-80.8052601995,flowering,5,59.93765106201181
2025-04-28,2025-04-25,36.1359131758,-94.1196989639,flowering,5,60.65505065917978
2025-04-28,2025-04-25,49.4161137239,8.6736325916,flowering,5,30.110166931152435
2025-04-28,2025-04-25,37.2582361111,-92.0184416667,flowering,5,53.75538482666025
2025-04-27,2025-04-25,42.1459472222,2.783725,flowering,5,27.49715881347663
2025-04-28,2025-04-25,50.7634937913,15.073967725,flowering,5,11.214834594726653
2025-04-28,2025-04-25,37.2052283333,-93.27642,flowering,5,56.55727233886728
2025-04-28,2025-04-25,35.2004645696,-80.7709607598,flowering,5,59.93765106201181
2025-04-28,2025-04-25,43.5794222879,1.4507722307,flowering,5,38.006544494629
2025-04-28,2025-04-25,50.056136,19.929186,flowering,5,18.11934509277353
2025-04-28,2025-04-25,49.5065602419,5.9382081505,flowering,5,27.93471374511728
2025-04-28,2025-04-25,45.158923,5.362556,flowering,5,25.395559692382903
2025-04-28,2025-04-25,52.4846572876,-2.0960383415,flowering,5,26.272016906738372
2025-04-28,2025-04-25,49.8198381,18.16826,flowering,5,21.212103271484466
2025-04-28,2025-04-25,51.0829417652,16.9555567844,flowering,5,19.93086853027353
2025-04-28,2025-04-25,35.7066251494,139.6647370267,flowering,5,42.38729705810556
2025-04-28,2025-04-25,-39.3080909,174.5985795997,flowering,5,37.69163360595712
2025-04-28,2025-04-25,35.6471486439,139.4178133359,flowering,5,39.4823516845704
2025-04-27,2025-04-25,38.16876831,-85.78624524,flowering,5,33.23054199218757
2025-04-25,2025-04-25,48.20571748,15.60673789,flowering,5,4.91224060058596
2025-04-27,2025-04-25,35.7043358272,-83.8155302914,flowering,5,39.15861206054694
2025-04-27,2025-04-25,35.9199270001,-83.9878899325,flowering,5,41.54249267578132
2025-04-27,2025-04-25,35.9572972222,-86.6703972222,flowering,5,40.5763748168946
2025-04-27,2025-04-25,38.867744975,-77.2811905356,flowering,5,36.58059387207038
2025-04-27,2025-04-25,42.1369444444,2.4305027778,flowering,5,20.024937438964912
2025-04-27,2025-04-25,36.9011333333,-86.2866138889,flowering,5,37.986439514160224
2025-04-27,2025-04-25,43.05942755,-2.16598755,flowering,5,21.301182556152412
2025-04-27,2025-04-25,52.5098513369,13.3294367987,flowering,5,17.358349609375068
2025-04-27,2025-04-25,-17.33930974,-66.25913555,flowering,5,19.085339355468818
2025-04-27,2025-04-25,36.8442703997,-76.185027,flowering,5,42.41053466796882
2025-04-24,2025-04-25,48.763864,2.393718,flowering,5,6.7966781616211165
2025-04-27,2025-04-25,46.0732466667,14.538895,flowering,5,18.612469482421943
2025-04-27,2025-04-25,-41.057930862,174.8742477272,flowering,5,30.118656921386787
2025-04-27,2025-04-25,47.2743799964,11.525312486,flowering,5,4.011546325683639
2025-04-26,2025-04-25,33.5762,-83.6386527778,budding,5,33.09543151855473
2025-04-26,2025-04-25,50.7925773246,4.4190040139,flowering,5,14.145190429687545
2024-08-13,2024-05-31,40.8749369086,-98.0072882417,flowering,5,1428.5207061767574
2025-04-26,2025-04-25,50.087626,19.947796,flowering,5,10.019496154785202
2025-04-26,2025-04-25,48.6026783333,2.1477471667,flowering,5,13.726489257812545
2025-04-26,2025-04-25,46.9443169623,16.0801771584,budding,5,13.705531311035202
2025-04-26,2025-04-25,36.0591442556,-94.1665298587,flowering,5,28.862658691406295
2025-04-26,2025-04-25,54.0384557641,-2.8101245548,flowering,5,10.26008911132817
2025-04-26,2025-04-25,35.28516496,-93.12002681,flowering,5,33.27241058349614
2025-04-26,2025-04-25,46.5988022129,13.9011677883,flowering,5,6.511393737793014
2025-04-26,2025-04-25,47.825552,16.063731,flowering,5,9.27088470458989
2025-04-26,2025-04-25,48.80828003,2.14576185,flowering,5,13.854945373535202
2023-09-28,2023-09-27,37.95579966,-80.6806273,flowering,5,20.603327941894577
2025-04-26,2025-04-25,48.972726199,14.4850421324,flowering,5,9.98225708007817
2025-04-26,2025-04-25,48.1059479066,3.4580378123,flowering,5,13.998095703125045
2025-04-26,2025-04-25,35.592110348,139.6535377578,flowering,5,20.496249389648483
2025-04-26,2025-04-25,35.5905313,139.6509566,flowering,5,19.756015014648483
2025-04-26,2025-04-25,35.5917412693,139.6541727407,flowering,5,20.496249389648483
2025-04-26,2025-04-25,35.5982161571,139.644488603,flowering,5,19.756015014648483
2025-04-26,2025-04-25,35.59842142,139.64390289,flowering,5,19.756015014648483
2025-04-26,2025-04-25,35.59828821,139.64444389,flowering,5,19.756015014648483
2025-04-26,2025-04-25,35.5976630219,139.6449860301,flowering,5,19.756015014648483
2025-04-26,2025-04-25,-43.4025433333,172.6697816667,flowering,5,
2024-09-07,2024-05-31,35.0118663535,135.6777073817,flowering,5,2054.6907348632785
2025-04-25,2025-04-25,-41.252463225,174.7673510339,flowering,5,
2025-04-25,2025-04-25,53.9490186463,-1.0528793431,flowering,5,3.5071502685547102
2025-04-25,2025-04-25,53.947505,-1.0527471667,flowering,5,3.7288299560547102
2025-04-25,2025-04-25,53.9490768279,-1.0530485827,flowering,5,3.5071502685547102
2025-04-25,2025-04-25,48.2007888889,15.6185055556,flowering,5,4.91224060058596
2025-04-25,2025-04-25,47.2907205,11.5572056667,flowering,5,0.0
2025-04-25,2025-04-25,49.625646633,6.15622529,flowering,5,6.2647872924804915
2025-04-25,2025-04-25,51.5332702781,9.9175003544,budding,5,4.8745590209961165
2025-04-25,2025-04-25,45.78226025,15.99983153,flowering,5,6.9138351440429915
2025-04-25,2025-04-25,46.9766916667,15.9969633333,flowering,5,7.061311340332054
2025-04-25,2025-04-25,48.2001283246,15.6339034836,flowering,5,4.91224060058596
2025-04-25,2025-04-25,49.6197258282,6.0613781563,flowering,5,6.1651779174804915
2025-04-24,2025-04-25,-40.6589666667,175.1622883333,flowering,5,5.99305114746096
2025-04-24,2025-04-25,35.6457045675,139.4557241723,flowering,5,12.70032653808596
2025-04-24,2025-04-25,35.650275,139.4639444444,flowering,5,12.68274841308596
2025-04-22,2025-04-25,42.5106144883,-124.4104700815,flowering,5,3.8544250488281477
2025-04-21,2025-04-25,50.8587139942,4.4493473663,flowering,5,6.25745544433596
2025-04-23,2025-04-25,49.14220553,-123.11307658,flowering,5,
2025-04-23,2025-04-25,41.0732081998,-3.5124156531,flowering,5,4.985223388671898
2025-04-22,2025-04-25,51.0483449722,13.7704819722,flowering,5,6.4593978881836165
2025-04-22,2025-04-25,51.18738,5.9480383333,flowering,5,8.06952819824221
2025-04-22,2025-04-25,37.6016089492,26.1348599195,flowering,5,11.232164001464866
2025-04-22,2025-04-25,35.648123681,139.4489784166,flowering,5,12.904519653320335
2025-04-22,2025-04-25,35.6476610608,139.4469040632,flowering,5,12.904519653320335
2025-04-09,2025-04-25,-44.6520991,169.3294036833,flowering,5,3.4747482299804915
2025-04-09,2025-04-25,-44.6521474,169.32947055,flowering,5,3.4747482299804915
2025-04-22,2025-04-25,-43.7711793188,172.2892553231,flowering,5,6.192056274414085
2024-05-25,2024-05-31,38.7946790863,-78.1057841025,flowering,5,16.951631164550804
2025-04-20,2025-04-25,38.8550468237,-9.3976289034,flowering,5,8.33814392089846
2025-04-09,2025-04-25,-44.6513689,169.3265605167,flowering,5,3.4747482299804915
2025-04-09,2025-04-25,-44.651402,169.3278127,flowering,5,3.4747482299804915
2024-10-18,2024-05-31,49.1153222222,-123.8641777778,flowering,5,1694.1706558227497
2025-04-19,2025-04-25,-40.6674283333,175.1553466667,flowering,5,14.999444580078148
2025-04-20,2025-04-25,52.0649960528,4.3765296222,flowering,5,4.8977218627929915
2025-04-20,2025-04-25,51.4292784,-1.9871312997,flowering,5,4.77900085449221
2025-04-20,2025-04-25,43.4571549436,-4.9338006042,flowering,5,
2025-04-20,2025-04-25,34.9773732,135.7585185,flowering,5,11.266069030761741
2025-04-19,2025-04-25,34.5281828089,-87.6203249382,flowering,5,17.809625244140648
2025-04-18,2025-04-25,48.8397120442,2.4378413334,flowering,5,6.255616760253929
2025-04-11,2025-04-25,43.4637983189,-3.4700465169,flowering,5,13.070535278320335
2025-04-19,2025-04-25,40.4271016667,-79.5880466667,flowering,5,17.13427886962893
2025-04-19,2025-04-25,45.627647,1.0098115997,flowering,5,4.7604843139648665
2025-04-10,2025-04-25,-44.6518629167,169.3311780167,flowering,5,4.419007873535179
2024-08-05,2024-05-31,47.02783,-122.8370566667,flowering,5,924.7185241699234
2025-04-18,2025-04-25,36.1267226211,-94.1643812514,flowering,5,16.187249755859398
2025-04-19,2025-04-25,34.7409166667,136.5264283333,flowering,5,15.368127441406273
2025-04-18,2025-04-25,42.1838370997,2.503372,flowering,5,6.469483947753929
2025-04-18,2025-04-25,43.220895,-4.29039,flowering,5,6.173455810546898
2025-04-18,2025-04-25,43.4495538566,-4.970539324,flowering,5,9.096742248535179
2025-04-17,2025-04-25,48.8150745896,2.1442068368,flowering,5,5.358377075195335
2025-04-16,2025-04-25,39.9549789167,-8.4849271667,flowering,5,4.4535690307617415
2025-04-14,2025-04-25,39.9495086667,-8.4866418611,flowering,5,6.354737854003929
2025-04-16,2025-04-25,37.4613616667,-82.5299216667,flowering,5,6.4012008666992415
2023-10-10,2023-09-27,43.6305290668,-70.2009347332,flowering,5,
2025-04-16,2025-04-25,43.5180511475,4.3984966278,flowering,5,
2025-04-15,2025-04-25,40.2264838,-6.8801715,flowering,5,2.8182617187500227
2025-04-15,2025-04-25,48.8634472222,8.4966888889,flowering,5,7.652001953125023
2025-04-14,2025-04-25,39.950142,-8.486251,flowering,5,6.354737854003929
2025-04-14,2025-04-25,32.8481346,-83.6311378997,flowering,5,14.400506591796898
2025-04-13,2025-04-25,43.0629516726,-2.1710968744,flowering,5,5.406518554687523
2025-04-14,2025-04-25,47.8283118157,2.8383033731,flowering,5,8.258050537109398
2025-04-14,2025-04-25,35.049445822,135.77942,flowering,5,6.2587753295898665
2025-04-13,2025-04-25,35.64763547,139.44693306,flowering,5,8.168130493164085
2025-04-12,2025-04-25,39.284830942,-7.4262622744,flowering,5,9.810540771484398
2025-04-11,2025-04-25,46.4506222222,6.8581583333,flowering,5,4.274987792968773
2025-04-12,2025-04-25,43.3920887126,-1.2535028905,flowering,5,11.722344970703148
2025-04-12,2025-04-25,48.3910789954,-2.0012818105,flowering,5,10.193276977539085
2025-04-11,2025-04-25,35.7294738913,-81.686701486,flowering,5,6.995790100097679
2025-04-11,2025-04-25,43.0552855529,-2.177133025,flowering,5,9.703836059570335
2025-04-09,2025-04-25,39.9458961389,-8.4731616944,flowering,5,14.180024719238304
2025-04-11,2025-04-25,35.6830833333,139.7601466667,flowering,5,9.25299987792971
2024-07-27,2024-05-31,43.0139856075,-0.1000617741,flowering,5,601.6834991455091
2024-10-06,2024-05-31,47.9915435671,-122.1616884503,flowering,5,1575.6747039794895
2025-04-10,2025-04-25,43.0551593788,-2.1767070253,flowering,5,8.350762939453148
2025-04-10,2025-04-25,45.93571948,4.8171069,flowering,5,7.250054931640648
2025-04-09,2025-04-25,43.3018338013,-2.2591834143,flowering,5,8.213296508789085
2025-04-09,2025-04-25,45.04094088,7.83391859,flowering,5,5.356538391113304
2024-05-05,2024-05-31,49.8358612072,34.4813316426,flowering,5,6.620149230957054
2025-04-08,2025-04-25,44.7877225488,-0.5770014915,flowering,5,10.953691101074241
2025-03-30,2025-04-25,46.4417723024,6.9124720311,flowering,5,0.25669250488283524
2024-11-26,2024-05-31,41.7730888889,140.7248527778,flowering,5,2316.294599914543
2025-04-07,2025-04-25,43.330691606,-1.9702464715,flowering,5,7.184671020507835
2025-04-06,2025-04-25,43.3338805556,-2.5931583333,flowering,5,7.057290649414085
2025-04-07,2025-04-25,35.6503833333,139.4634555556,flowering,5,4.738092041015648
2024-09-29,2024-05-31,45.2887806822,-72.2118195084,flowering,5,1668.495158386227
2025-04-05,2025-04-25,44.113782011,10.4610020667,flowering,5,6.31452331542971
2025-04-05,2025-04-25,46.7276006446,-1.9110500377,flowering,5,9.043794250488304
2025-04-01,2025-04-25,34.9835366667,135.7118216667,flowering,5,4.4223190307617415
2025-04-01,2025-04-25,35.7993979309,-81.4107448988,flowering,5,9.773011779785179
2025-04-01,2025-04-25,40.0071182222,-8.3891353333,flowering,5,8.876695251464866
2025-03-28,2025-04-25,-41.11055,-71.20725,flowering,5,7.0107894897461165
2025-03-28,2025-04-25,-39.3411526044,-72.0927622134,flowering,5,9.062211608886741
2025-03-31,2025-04-25,30.0505611667,-90.70205,flowering,5,19.714593505859398
2025-03-31,2025-04-25,43.6338179655,3.8611666113,flowering,5,10.301042175292991
2025-03-31,2025-04-25,44.768229262,10.3150740825,flowering,5,6.74323425292971
2025-03-29,2025-04-25,35.6480852656,139.4488268718,flowering,5,1.1557403564453352
2024-06-14,2024-05-31,45.9828747605,-118.0513139221,flowering,5,127.62809753418003
2024-08-22,2024-05-31,52.5180740356,13.3934249878,flowering,5,1226.2584976196295
2025-03-26,2025-04-25,-33.5246208889,150.27275575,flowering,5,12.893983459472679
2023-09-27,2023-09-27,56.0434712727,69.7619629153,flowering,5,5.5263534545898665
2024-06-16,2024-05-31,51.9098169611,19.5909015834,flowering,5,203.3426086425785
2024-05-12,2024-05-31,35.605886695,-83.7957766667,flowering,5,9.665605163574241
2025-03-22,2025-04-25,-41.2068285959,174.9566485029,flowering,5,11.828027343750023
2025-03-22,2025-04-25,43.522148107,5.5111095256,flowering,5,6.871675109863304
2024-06-08,2024-05-31,50.8764766667,1.6584833333,flowering,5,75.90575256347677
2025-03-19,2025-04-25,-37.6942033333,148.41098,flowering,5,19.374078369140648
2025-03-14,2025-04-25,-46.3557964836,168.1511139732,flowering,5,
2024-05-25,2024-05-31,52.2167973,0.1553638,flowering,5,7.189057922363304
2025-03-16,2025-04-25,46.4523453802,6.8551672432,flowering,5,0.0
2025-03-12,2025-04-25,-40.8834681653,175.0563459049,flowering,5,9.149736022949241
2024-06-05,2024-05-31,47.0392102628,15.4423521916,flowering,5,63.27366790771498
2025-03-14,2025-04-25,-36.7967121209,174.6506033465,flowering,5,13.627778625488304
2025-03-09,2025-04-25,-43.8081043572,172.8462796248,flowering,5,8.441438293457054
2025-03-08,2025-04-25,-0.0986783333,-78.52899,flowering,5,6.1200424194336165
2024-10-25,2024-05-31,45.7620924947,4.5110272989,flowering,5,1838.0469711303663
2025-02-09,2025-04-25,-42.616091,-73.7196293,flowering,5,
2025-03-08,2025-04-25,-43.7484783333,171.803525,flowering,5,8.102723693847679
2025-03-06,2025-04-25,44.1140790519,10.4607928544,flowering,5,2.3291564941406477
2024-08-05,2024-05-31,47.4548820922,-68.312609084,flowering,5,939.2136337280289
2025-03-05,2025-04-25,-40.462035,175.2212716667,flowering,5,
2024-05-30,2024-05-31,42.85854807,-71.97118464,flowering,5,8.901475524902366
2025-03-04,2025-04-25,-45.8556751732,170.4748263583,flowering,5,7.37006530761721
2024-05-05,2024-05-31,39.3455583333,-84.5932166667,flowering,5,15.188775634765648
2024-08-24,2024-05-31,43.8768982867,-69.4937909878,flowering,5,1330.3199630737304
2024-11-30,2024-05-31,51.3606861167,12.3354916667,fruiting,5,2026.993331909172
2025-02-05,2025-04-25,-42.6209118,-73.5705127,flowering,5,
2025-02-17,2025-04-25,48.3385642081,-4.5374372349,flowering,5,
2025-03-01,2025-04-25,-43.6274271732,172.3919618317,flowering,5,14.69757995605471
2024-08-16,2024-05-31,43.6244553,-73.3622787,flowering,5,1333.352581787109
2024-08-23,2024-05-31,53.4269304794,-6.2385239845,flowering,5,845.5005950927754
2024-10-20,2024-05-31,51.3106434892,12.3398205749,flowering,5,1895.715237426753
2024-08-24,2024-05-31,41.82951692,-88.051453408,flowering,5,1508.0641723632802
2024-07-30,2024-05-31,39.0600742,-84.6932738,flowering,5,1156.7923065185555
2025-02-09,2025-04-25,37.85642,-106.9278716667,flowering,5,0.0
2025-02-25,2025-04-25,-43.7132116667,172.7560883333,flowering,5,13.025209045410179
2024-05-17,2024-05-31,43.324555,-1.9902216667,flowering,5,6.788087463378929
2025-02-24,2025-04-25,48.7011983602,2.1837842189,flowering,5,4.8129440307617415
2025-02-22,2025-04-25,43.4612198188,-3.4745385756,flowering,5,6.485772705078148
2025-02-23,2025-04-25,-46.8997316667,168.1267533333,flowering,5,
2025-02-21,2025-04-25,44.11801362,10.4613215849,flowering,5,1.0695358276367415
2024-07-03,2024-05-31,51.7577375364,26.3192389905,flowering,5,491.1515640258797
2025-02-06,2025-04-25,-45.1406043006,170.3132191943,flowering,5,5.63019714355471
2025-02-04,2025-04-25,-0.3148210226,-78.4425192699,flowering,5,9.347947692871116
2025-02-19,2025-04-25,48.8162489,2.3381763,flowering,5,1.0633407592773665
2025-02-18,2025-04-25,-43.1590150997,170.6289505,flowering,5,8.686708068847679
2025-02-16,2025-04-25,38.754414,-9.1554934,flowering,5,7.517213439941429
2025-02-14,2025-04-25,46.5111920199,6.6175305117,flowering,5,0.0
2025-02-16,2025-04-25,-41.2070416667,174.8153066667,flowering,5,14.016908264160179
2024-08-26,2024-05-31,51.578675,-1.5751138889,flowering,5,931.3113525390645
2024-12-05,2024-05-31,26.3482837675,106.6389999389,flowering,5,2799.2705596923724
2024-12-05,2024-05-31,26.3484134672,106.6391143797,flowering,5,2799.2705596923724
2025-02-12,2025-04-25,4.7273264628,-74.0566113219,flowering,5,9.754884338378929
2024-05-15,2024-05-31,50.8780166514,11.5747118191,flowering,5,12.27393493652346
2024-12-25,2024-05-31,42.6641253151,-87.6742536673,flowering,5,2365.384719848624
2025-02-02,2025-04-25,-1.3807054369,-78.6072431132,flowering,5,6.7958236694336165
2024-08-11,2024-05-31,41.8259813307,-88.0534484186,flowering,5,1300.2757614135744
2024-08-11,2024-05-31,41.8307404415,-88.0506954106,flowering,5,1300.2757614135744
2024-06-30,2024-05-31,43.1085638889,-88.4532083333,flowering,5,510.3069549560554
2024-09-12,2024-05-31,43.8284222222,-80.0018611111,flowering,5,1535.4978942871076
2024-05-01,2024-05-31,51.0481681851,12.5515882921,flowering,5,13.512590026855491
2025-01-29,2025-04-25,37.8312872895,-122.2561998027,flowering,5,
2025-01-29,2025-04-25,-44.0879221667,170.1373278333,flowering,5,7.4226547241211165
2024-08-18,2024-05-31,43.2373669,-89.8137804,budding,5,1364.685523986816
2024-08-31,2024-05-31,43.5999750835,4.0286630765,flowering,5,1800.0786712646468
2025-01-17,2025-04-25,42.7580178874,-0.7528340444,flowering,5,0.0
2024-12-23,2024-05-31,40.0959968333,-8.3580226667,flowering,5,2698.4563095092662
2024-08-14,2024-05-31,44.4426163365,-77.6918226905,flowering,5,1218.9988800048832
2024-08-14,2024-05-31,44.4426163365,-77.6918226905,flowering,5,1218.9988800048832
2024-08-14,2024-05-31,44.4426163365,-77.6918226905,flowering,5,1218.9988800048832
2025-01-12,2025-04-25,39.8953704722,-8.3378848889,flowering,5,7.11878356933596
2025-01-12,2025-04-25,39.8876914722,-8.3351297222,flowering,5,7.11878356933596
2024-08-17,2024-05-31,42.704115,-0.065,flowering,5,741.9807723999041
2024-08-14,2024-05-31,44.4879035706,-77.6878821028,flowering,5,1201.222482299805
2025-01-25,2025-04-25,-6.85955961,-78.13529275,flowering,5,10.274865722656273
2025-01-09,2025-04-25,-43.9774032984,169.4222321414,flowering,5,7.725381469726585
2024-08-12,2024-05-31,44.4879035706,-77.6878821028,flowering,5,1169.0154098510748
2024-06-20,2024-05-31,43.29225275,41.6220514444,flowering,5,115.79384765625048
2024-06-07,2024-05-31,42.6049453423,-70.678110905,flowering,5,
2025-01-22,2025-04-25,-40.46553,175.22417,flowering,5,
2025-01-08,2025-04-25,-41.2959771966,173.9964474961,flowering,5,8.621636962890648
2025-01-23,2025-04-25,-43.7246068365,172.3495725348,flowering,5,15.18171081542971
2025-01-22,2025-04-25,-37.6270310802,145.119925244,flowering,5,11.06458435058596
2024-08-11,2024-05-31,43.8973400883,42.7344839772,fruiting,5,921.1360366821306
2024-06-22,2024-05-31,49.625854,-114.934456,flowering,5,83.41474609375041
2025-01-20,2025-04-25,-41.303395,-73.49672,flowering,5,9.314775085449241
2024-09-16,2024-05-31,47.0294328256,-115.3522448151,flowering,5,1321.7701248168942
2025-01-19,2025-04-25,-41.2053111111,174.9478611111,flowering,5,10.205865478515648
2025-01-16,2025-04-25,44.1143532237,10.4618496448,flowering,5,0.0
2025-01-18,2025-04-25,-40.596075,175.1826366667,flowering,5,
2024-09-10,2024-05-31,44.90085554,-72.95723344,flowering,5,1602.2568939208963
2025-01-18,2025-04-25,-42.5708916667,171.1476983333,flowering,5,13.186975097656273
2024-06-07,2024-05-31,48.871325514,9.6202562993,flowering,5,77.58529357910174
2025-01-17,2025-04-25,-42.2698303997,173.7381432997,flowering,5,8.410981750488304
2025-01-13,2025-04-25,46.459175,6.8515527778,flowering,5,0.0
2025-01-16,2025-04-25,-40.4446216667,175.2205483333,flowering,5,
2024-08-03,2024-05-31,41.819879,-88.051001,flowering,5,1165.959144592286
2024-09-28,2024-05-31,48.3380492833,-69.4030448238,flowering,5,
2025-01-13,2025-04-25,-43.2302055359,171.7149810791,flowering,5,4.10444030761721
2024-10-06,2024-05-31,40.6062,-73.9274,flowering,5,2340.507620239252
2025-01-12,2025-04-25,5.8132347997,-73.0709518,flowering,5,10.585260009765648
2024-08-18,2024-05-31,58.1401881732,52.6397105493,flowering,5,1019.3329467773456
2024-05-07,2024-05-31,43.2633008997,-6.0029643,flowering,5,4.786256408691429
2024-11-09,2024-05-31,41.8010166667,2.3471683333,flowering,5,2233.4455917358327
2024-09-13,2024-05-31,44.3014689083,-95.9301901874,flowering,5,1718.8423629760719
2025-01-10,2025-04-25,-44.9756616667,168.0134416667,flowering,5,6.303552246093773
2025-01-08,2025-04-25,47.5058979867,-122.2700590735,flowering,5,1.153260803222679
2025-01-08,2025-04-25,47.5059118588,-122.2674891819,flowering,5,1.153260803222679
2025-01-08,2025-04-25,47.5061602931,-122.2667382796,flowering,5,1.153260803222679
2024-04-29,2024-05-31,49.9115565,7.0754805,flowering,5,5.955560302734398
2024-12-01,2024-05-31,45.4245324644,4.0685687269,flowering,5,1843.0874816894457
2025-01-02,2025-04-25,49.180638,-122.7289693,flowering,5,0.0
2024-05-26,2024-05-31,35.588227055,-83.8211563333,flowering,5,15.336671447753929
2024-06-22,2024-05-31,47.2054716667,-122.4683883333,flowering,5,230.63889007568412
2024-05-17,2024-05-31,50.7622489722,25.9709701389,flowering,5,8.081216430664085
2025-01-01,2025-04-25,-40.6668916667,175.157195,flowering,5,10.509278869628929
2024-08-18,2024-05-31,36.2699616667,-81.7324666667,flowering,5,1233.9673690795903
2024-08-18,2024-05-31,36.2700883333,-81.732605,flowering,5,1233.9673690795903
2024-08-19,2024-05-31,36.1495861667,-81.692995,flowering,5,1268.7363067626957
2024-12-29,2024-05-31,51.753030676,6.4743409306,flowering,5,1913.6285751342689
2025-01-01,2025-04-25,-37.9837197679,146.782873578,flowering,5,14.142228698730491
2025-01-01,2025-04-25,-42.4390016667,171.2014116667,flowering,5,10.802491760253929
2024-12-20,2024-05-31,-44.9785248564,169.2428331372,flowering,5,369.7795944213884
2024-09-15,2024-05-31,47.1121379659,-115.3893307218,flowering,5,1303.5552947998044
2024-12-30,2024-05-31,35.6289812287,140.1044352743,flowering,5,3464.433915710436
2024-12-30,2024-05-31,44.819588,7.2089893,flowering,5,1490.8426208496044
2024-12-29,2024-05-31,-42.3538309722,-73.67735,flowering,5,861.9296035766647
2024-10-27,2024-05-31,45.89223,-94.29787,flowering,5,2109.24477386474
2024-06-16,2024-05-31,43.5496166667,-72.8302916667,flowering,5,202.20035095214882
2024-06-16,2024-05-31,43.492775,-72.8026283333,flowering,5,202.20035095214882
2024-10-20,2024-05-31,47.9491150847,-122.3030763252,flowering,5,1688.0092590331992
2024-10-20,2024-05-31,47.949314625,-122.3014936547,flowering,5,1688.0092590331992
2023-10-15,2023-09-27,45.6024544009,-66.0717478689,flowering,5,179.4464782714848
2024-07-13,2024-05-31,58.0580532446,52.6085975928,flowering,5,611.8465560913096
2024-12-26,2024-05-31,52.0165519722,5.0746230833,flowering,5,1871.5854019164954
2024-09-22,2024-05-31,58.9845771667,24.05768775,flowering,5,1413.9537811279288
2024-12-25,2024-05-31,54.9394555556,39.0213472222,fruiting,5,1893.710563659662
2024-12-24,2024-05-31,49.16238,-122.97995,flowering,5,1844.4134521484293
2024-08-19,2024-05-31,36.1492055,-81.6922133333,flowering,5,1268.7363067626957
2024-08-20,2024-05-31,36.2714283333,-81.7337633333,flowering,5,1259.1364242553714
2024-08-20,2024-05-31,36.2711133333,-81.7337283333,flowering,5,1259.1364242553714
2024-08-20,2024-05-31,36.2720666667,-81.7343216667,flowering,5,1259.1364242553714
2024-10-13,2024-05-31,49.0080472222,10.1313472222,flowering,5,1667.8834701538049
2024-06-02,2024-05-31,41.2595955531,-74.0811323238,flowering,5,39.47041015625007
2024-10-16,2024-05-31,43.0388553432,-89.5043100323,flowering,5,2164.3706878662056
2024-06-15,2024-05-31,58.0551845789,52.6099187636,flowering,5,227.56437072753943
2024-06-15,2024-05-31,58.0551902556,52.6098946237,flowering,5,227.56437072753943
2024-12-22,2024-05-31,45.70418446,5.95496134,flowering,5,1686.6748855590754
2024-12-22,2024-05-31,35.3509983393,139.6430881622,flowering,5,3291.2032394409057
2024-12-16,2024-05-31,-45.14655571,169.5023753696,flowering,5,497.1232696533227
2024-12-21,2024-05-31,44.1126525679,10.4664935544,flowering,5,2177.2738357543853
2024-06-20,2024-05-31,51.4983411892,11.8181205652,flowering,5,227.40855560302782
2024-06-06,2024-05-31,41.9443708106,-87.695284874,flowering,5,101.3208114624025
2024-12-19,2024-05-31,-46.6099943573,168.3538430686,budding,5,
2024-06-05,2024-05-31,44.2797805556,-72.2511055556,flowering,5,74.47868499755873
2024-12-18,2024-05-31,-36.9090149713,-71.3584861814,flowering,5,173.99076995849737
2024-10-22,2024-05-31,45.3927612305,-75.7035598755,flowering,5,2015.070884704584
2024-12-17,2024-05-31,42.1358345778,2.241247915,flowering,5,2173.454783630362
2024-05-31,2024-05-31,58.1461999621,52.6751302185,flowering,5,7.829225158691429
2024-06-25,2024-05-31,43.1109148,-88.4191883,flowering,5,423.2949462890631
2024-12-14,2024-05-31,-39.8890758,176.6234723997,flowering,5,1237.1274139404322
2024-12-12,2024-05-31,47.4930416667,-122.2406166667,flowering,5,1902.7949920654219
2024-07-20,2024-05-31,43.2510386634,-89.7194788378,flowering,5,834.3174682617199
2024-09-20,2024-05-31,43.084162,-89.4286846,flowering,5,1870.0031555175751
2024-12-11,2024-05-31,-39.9273187,176.8425829997,flowering,5,1337.1873703002943
2024-07-21,2024-05-31,41.819879,-88.051001,flowering,5,927.0634719848645
2024-10-05,2024-05-31,51.6693784696,-2.4223893564,flowering,5,1298.4075515747063
2024-12-10,2024-05-31,-0.37074,-78.4203066667,flowering,5,1497.2052215576145
2024-05-24,2024-05-31,45.3659,10.7285277778,flowering,5,12.130784606933616
2024-05-31,2024-05-31,49.5556501797,30.5144452304,flowering,5,12.905068969726585
2024-10-06,2024-05-31,55.5676338997,36.4664203,flowering,5,1750.3789505004847
2024-07-18,2024-05-31,52.986992,-117.36572,flowering,5,210.3726516723641
2024-11-28,2024-05-31,46.3230746699,-60.3300505967,flowering,5,
2024-12-07,2024-05-31,-34.6500511111,-59.4227523611,flowering,5,1920.8241394042948
2024-07-18,2024-05-31,52.99337,-117.413976,flowering,5,210.3726516723641
2024-12-05,2024-05-31,46.4641805556,6.8348694444,flowering,5,1829.779251098625
2024-12-04,2024-05-31,49.260505,-123.2491383333,flowering,5,
2024-08-13,2024-05-31,47.7099294972,-124.4136455536,flowering,5,
2024-12-05,2024-05-31,-31.5439812802,-52.4755606055,flowering,5,2154.9831268310504
2024-11-02,2024-05-31,49.273258,-123.197015,flowering,5,
2024-09-29,2024-05-31,49.26656,-123.23889,flowering,5,
2024-12-05,2024-05-31,-39.9571929,176.624928,flowering,5,1145.2270034790072
2024-11-04,2024-05-31,45.0931025622,-64.3555184882,flowering,5,1919.341915893549
2024-12-02,2024-05-31,-43.2279649,171.7167746,flowering,5,204.64229888916168
2024-11-29,2024-05-31,-41.3010609722,174.8293769722,flowering,5,
2024-12-04,2024-05-31,-39.9961044,176.5553714,flowering,5,1131.4211242675815
2024-10-29,2024-05-31,-45.6088666379,170.6672806706,flowering,5,472.87897491455385
2024-12-04,2024-05-31,-40.3072688997,176.6659769997,flowering,5,
2024-10-12,2024-05-31,45.1173166667,-78.7235638889,flowering,5,1785.421043395992
2024-10-06,2024-05-31,49.263875,-123.2328333333,flowering,5,
2024-07-18,2024-05-31,41.8198789276,-88.0510014202,flowering,5,880.9526962280285
2024-09-02,2024-05-31,64.9245754367,-23.3064294159,flowering,5,349.40388488769736
2024-12-03,2024-05-31,-39.0765354572,174.0627362207,flowering,5,1225.87882537842
2024-12-01,2024-05-31,44.615308811,-124.0476941035,flowering,5,
2024-11-19,2024-05-31,49.2633083333,-123.2531805556,flowering,5,
2024-11-28,2024-05-31,50.0895832668,18.548372374,flowering,5,2016.4295272827076
2024-11-17,2024-05-31,49.2560916667,-123.1966033333,flowering,5,
2024-07-27,2024-05-31,47.6660305556,-122.4216611111,flowering,5,761.5710647583021
2024-11-28,2024-05-31,-43.0665475847,171.7742886386,flowering,5,220.6493728637713
2024-05-31,2024-05-31,51.5384635833,36.0870551944,flowering,5,15.157655334472679
2024-05-31,2024-05-31,51.5386886389,36.0884818889,budding,5,15.157655334472679
