observed_on,season_start,latitude,longitude,phenophase,t_base,gdd_cumulative
2025-09-20,2025-01-15,47.510285161,6.9630175423,flowering,5,1994.2711059570279
2025-09-20,2025-01-15,-35.6267124127,174.5390484492,flowering,5,2763.8090713500833
2025-09-14,2025-01-15,-33.4307808684,-66.3123904747,flowering,5,2933.0675643920736
2025-09-18,2025-01-15,52.6440864497,1.1553693768,flowering,5,1878.7482528686496
2025-09-17,2025-01-15,19.268225,-99.128175,flowering,5,2943.922947692859
2025-09-17,2025-01-15,19.3158138889,-99.1843777778,flowering,5,2456.852833557119
2025-09-16,2025-01-15,-34.5386117545,-58.4430260584,flowering,5,
2025-09-15,2025-01-15,19.2784518437,-99.2176758125,flowering,5,2456.852833557119
2025-09-15,2025-01-15,-35.678993574,-63.6986025898,flowering,5,2646.8467758178554
2025-09-13,2025-01-15,-37.9250579722,145.333798,flowering,5,2166.2058807372905
2025-09-13,2025-01-15,-34.5418626269,-58.7174716964,flowering,5,2821.744512939437
2025-04-18,2025-01-15,41.0906519722,-81.4420939722,flowering,5,188.92778625488359
2025-09-10,2025-01-15,-41.1018517997,174.9173777997,flowering,5,1942.4003814697148
2025-09-10,2025-01-15,-43.6425116667,172.4849383333,flowering,5,1517.5572128295807
2025-09-07,2025-01-15,-26.7850716667,-65.39192,flowering,5,2440.1826980590677
2025-09-09,2025-01-15,-36.2906232726,146.7314494774,flowering,5,2026.294184875475
2025-09-07,2025-01-15,-34.9048894507,-57.933455432,flowering,5,2736.06871490477
2025-09-07,2025-01-15,37.26444561,-121.7950472,flowering,5,2755.612619018548
2025-09-07,2025-01-15,42.7951251963,-78.0223596963,flowering,5,2041.5193588256802
2025-07-27,2025-01-15,-29.1176514,-59.657362,flowering,5,3191.2686981201045
2025-09-03,2025-01-15,-33.0069003313,-68.8748319447,flowering,5,1988.6457015991077
2025-09-04,2025-01-15,54.6984244391,-1.218008548,flowering,5,1553.0369857788082
2025-09-03,2025-01-15,40.36231,-75.1472123333,flowering,5,2437.436212158199
2025-09-03,2025-01-15,-37.8148735052,175.2886272456,flowering,5,2178.8138076782097
2025-09-03,2025-01-15,-44.4183277146,171.2583189424,flowering,5,
2025-09-01,2025-01-15,-41.2692575324,173.0449710025,flowering,5,1673.0701126098525
2025-09-01,2025-01-15,-36.91638,174.8678583333,flowering,5,
2025-08-30,2025-01-15,-36.8239636207,175.7017701957,flowering,5,
2025-08-28,2025-01-15,-32.3477533333,-58.01311945,flowering,5,2892.3009841918797
2025-08-26,2025-01-15,-36.2906232726,146.7314494774,flowering,5,1975.324018859851
2025-08-27,2025-01-15,-33.9344783333,18.864725,flowering,5,2527.9343719482285
2025-08-27,2025-01-15,-41.3075350318,174.7911067586,flowering,5,
2025-04-12,2025-01-15,34.2018707519,134.8020473659,flowering,5,
2025-08-01,2025-01-15,52.136065,-10.2671616667,flowering,5,1336.2468368530285
2025-08-25,2025-01-15,-34.78595,150.7501361111,flowering,5,2488.0882080077995
2025-04-14,2025-01-15,43.0266230554,-76.1704890803,flowering,5,90.16607818603563
2025-08-23,2025-01-15,-34.43895,-58.5448944444,flowering,5,2706.840397644029
2025-08-22,2025-01-15,48.4416088226,-2.0720703692,flowering,5,1884.363606262205
2025-08-16,2025-01-15,-41.2852280043,174.7611995517,flowering,5,
2025-08-20,2025-01-15,-41.2612883333,173.2592466667,flowering,5,1430.7592941284101
2025-08-19,2025-01-15,42.5889074,1.3273063,flowering,5,948.0223831176784
2025-08-19,2025-01-15,-36.2232354266,150.1239163207,flowering,5,2378.9936477661013
2025-08-10,2025-01-15,53.4568084803,-7.1049959958,flowering,5,1336.6580108642593
2025-08-17,2025-01-15,53.1921069243,-6.110304147,flowering,5,1314.849278259279
2025-08-11,2025-01-15,26.8215416667,104.2485166667,flowering,5,1557.0802215576168
2025-08-12,2025-01-15,38.5275088883,-78.4428402783,flowering,5,2092.0668945312477
2025-06-15,2025-01-15,40.5882626219,140.4416026175,flowering,5,545.8545150756853
2025-08-10,2025-01-15,-36.6286381997,-72.1085233997,flowering,5,1931.608100891102
2025-08-07,2025-01-15,-33.9821158248,22.6517381843,flowering,5,2564.146751403797
2025-08-09,2025-01-15,-41.2774263594,174.7496750452,budding,5,
2025-08-06,2025-01-15,-31.4329966667,152.681595,flowering,5,2684.47036590575
2025-08-03,2025-01-15,-43.6433618,172.4684469333,flowering,5,1420.2372528076112
2025-08-07,2025-01-15,19.5783527778,-99.2042638889,flowering,5,2413.7695770263595
2025-08-05,2025-01-15,-33.89314666,150.849305,flowering,5,2482.666981506336
2025-08-04,2025-01-15,-40.4685533333,175.2816383333,flowering,5,1834.6835205078037
2025-06-05,2025-01-15,32.9038166667,130.9972983333,flowering,5,744.4564270019553
2025-08-03,2025-01-15,-45.7553363002,170.5870422721,flowering,5,1186.3845108032197
2025-08-02,2025-01-15,-41.2688633333,174.7572333333,flowering,5,
2025-07-28,2025-01-15,-43.5034993,172.7056150997,flowering,5,1497.4903869628833
2025-07-27,2025-01-15,54.86671064,83.07966965,flowering,5,1131.7031188964856
2025-07-25,2025-01-15,-27.3709233333,-53.1833483333,flowering,5,3031.504283142078
2025-07-26,2025-01-15,54.8662779838,83.1021003798,flowering,5,1112.330474853517
2025-07-25,2025-01-15,-43.6465520037,172.4581158467,flowering,5,1397.0196823120064
2025-07-23,2025-01-15,19.3909072465,-99.1984024644,flowering,5,2242.3198547363218
2025-07-21,2025-01-15,48.0223510123,16.3166329975,flowering,5,1362.7839614868171
2025-07-23,2025-01-15,-34.0689,150.7674866667,flowering,5,2315.3171539306536
2025-07-22,2025-01-15,47.9397240926,13.0672035579,flowering,5,1063.522180175784
2025-07-15,2025-01-15,-43.560441,172.637855,flowering,5,1411.8181991577094
2025-07-22,2025-01-15,-43.6458952,172.46553355,flowering,5,1396.095698547358
2025-07-22,2025-01-15,-43.5208462,172.58118742,flowering,5,1430.8658966064395
2025-07-18,2025-01-15,-41.3796399281,173.0167012837,flowering,5,1349.9270248413036
2025-07-02,2025-01-15,-37.3234786,-59.0816605,flowering,5,1830.7851684570232
2025-07-20,2025-01-15,-45.3562295798,170.8575332945,flowering,5,1245.3932250976527
2025-07-17,2025-01-15,-37.3434951286,-64.6189268814,flowering,5,2065.928701782216
2025-07-13,2025-01-15,48.464426648,5.503018871,flowering,5,1167.1281509399432
2025-07-17,2025-01-15,-33.5456166667,150.1751416667,flowering,5,1612.9690704345626
2025-07-13,2025-01-15,-35.7232226844,-63.8249671301,flowering,5,2231.2657165527244
2025-07-13,2025-01-15,-33.7748520172,151.0633679627,flowering,5,2434.8633575439358
2025-07-12,2025-01-15,-33.6782,-70.3484833333,flowering,5,1009.6409042358425
2025-07-12,2025-01-15,35.5166890612,-80.6350988243,flowering,5,2224.2879699707
2025-07-09,2025-01-15,52.0319692956,5.7135842042,flowering,5,1123.482864379885
2025-05-24,2025-01-15,42.796378126,-0.528331861,flowering,5,85.4620010375985
2025-07-08,2025-01-15,55.6914336768,37.5813961029,flowering,5,776.6139480590841
2025-07-06,2025-01-15,-37.6633448784,175.1422477825,flowering,5,1897.185643005364
2023-12-23,2023-12-23,30.1406111667,-95.5360283333,flowering,5,14.026284790039085
2025-04-06,2025-01-15,41.959271062,41.7706959308,flowering,5,289.86139831543096
2025-07-04,2025-01-15,-37.6708429224,176.1597911641,flowering,5,1963.210214233391
2025-04-04,2025-01-15,40.760204731,39.6020198457,flowering,5,98.46961059570356
2025-06-21,2025-01-15,49.9930386012,8.2459521116,flowering,5,859.6411376953151
2025-04-26,2025-01-15,34.9207833333,138.9271444444,flowering,5,358.01009979248215
2025-04-05,2025-01-15,35.9763666667,139.1318971667,flowering,5,101.64604339599668
2025-06-30,2025-01-15,51.2260433333,22.5396233333,flowering,5,831.7199401855494
2025-04-10,2025-01-15,37.3321184997,-122.0871972997,flowering,5,480.7744918823262
2025-03-19,2025-01-15,48.8452187308,2.3475685716,flowering,5,88.94758148193432
2025-06-29,2025-01-15,55.8669367,37.4882448,flowering,5,656.5548034667987
2025-06-29,2025-01-15,55.3835,36.7356388889,flowering,5,662.8537719726581
2025-06-28,2025-01-15,43.1886312,-1.5068136,flowering,5,1134.6621109008815
2025-03-31,2025-01-15,33.7515862,-86.6797006,flowering,5,522.1110107421889
2025-04-27,2025-01-15,40.7312057878,44.883117713,flowering,5,71.17475128173896
2025-05-04,2025-01-15,44.8785324094,20.6441917417,flowering,5,536.5995300292985
2025-06-27,2025-01-15,35.8843802778,120.0626738889,flowering,5,
2025-06-15,2025-01-15,44.3573336767,-80.2057074395,flowering,5,411.33381958007965
2025-06-24,2025-01-15,-36.9344534081,174.7342366353,flowering,5,2020.657220458978
2025-06-20,2025-01-15,50.8027321,8.8096388997,flowering,5,701.458943176272
2025-06-21,2025-01-15,37.5523533333,-82.4541083333,flowering,5,1374.749786376954
2025-04-15,2025-01-15,40.6535712618,-75.2631193174,flowering,5,146.2203659057625
2025-06-20,2025-01-15,-43.8145741338,172.9046736879,flowering,5,1250.387086486814
2025-04-25,2025-01-15,36.3397049362,127.4151326716,flowering,5,286.0717010498057
2025-06-17,2025-01-15,39.2143678997,-84.2803392997,flowering,5,1135.418373107912
2025-06-16,2025-01-15,43.1203780169,-77.591038171,flowering,5,704.6823120117207
2025-06-16,2025-01-15,-25.3805834603,-51.4829209819,flowering,5,2142.1626327514577
2025-06-16,2025-01-15,38.5274540997,-78.4422131,flowering,5,1001.0047805786157
2025-06-16,2025-01-15,-43.3741220742,172.5161190532,flowering,5,1296.8471023559546
2025-06-15,2025-01-15,40.065525,-75.72027,flowering,5,964.2692733764671
2025-06-15,2025-01-15,40.6839109884,-79.1012156342,flowering,5,797.7926818847677
2025-06-15,2025-01-15,50.813113,8.7703456997,flowering,5,636.2747695922875
2025-06-15,2025-01-15,43.4684838884,-3.7931454554,flowering,5,
2025-06-15,2025-01-15,48.056063354,7.9067194182,flowering,5,747.2810379028346
2025-06-15,2025-01-15,-42.413325,173.684325,flowering,5,1266.4264038085917
2025-06-14,2025-01-15,42.3500666667,2.1630416667,flowering,5,402.73511505127135
2025-06-13,2025-01-15,37.1550636292,-93.3659362793,flowering,5,1251.087716674806
2025-06-08,2025-01-15,37.5287914739,-122.5006432913,flowering,5,1031.7000656127962
2025-06-12,2025-01-15,36.0074162,-83.8247650997,flowering,5,1305.7908477783212
2025-06-12,2025-01-15,40.0072837,-75.3036799,flowering,5,979.9508804321313
2025-06-11,2025-01-15,50.0253933333,19.20537165,flowering,5,582.9349899292013
2025-06-02,2025-01-15,41.1466680185,-73.9358152758,flowering,5,626.0130599975605
2025-06-11,2025-01-15,35.7096250182,51.4215527102,flowering,5,1316.362023925782
2025-06-10,2025-01-15,50.1941399833,19.8040733333,flowering,5,527.5679580688496
2025-06-08,2025-01-15,33.648175,-116.5958466667,flowering,5,1128.6521972656274
2025-06-08,2025-01-15,33.6480883333,-116.5958783333,flowering,5,1128.6521972656274
2025-06-08,2025-01-15,33.6481033333,-116.5958716667,flowering,5,1128.6521972656274
2025-06-08,2025-01-15,42.3850169845,-71.1417607488,flowering,5,630.2472503662128
2025-06-07,2025-01-15,48.3543421472,2.5029969829,flowering,5,777.8888000488307
2025-06-09,2025-01-15,48.3516578674,2.5753660202,flowering,5,808.5048019409206
2025-06-08,2025-01-15,34.8437311346,138.1175492313,flowering,5,1036.2871124267608
2025-06-07,2025-01-15,6.2226663972,-75.4895729722,flowering,5,1843.7264999389608
2025-05-01,2025-01-15,41.8429588,12.4602405,flowering,5,730.642405700686
2025-06-07,2025-01-15,-38.9686881149,-67.9647119608,flowering,5,1941.7273468017506
2025-06-07,2025-01-15,50.9072828666,16.7030300421,flowering,5,541.0381515502951
2025-06-07,2025-01-15,52.4117462997,10.3749535,flowering,5,639.1698867797874
2025-06-07,2025-01-15,35.6737756077,139.2773856875,flowering,5,892.0231781005883
2025-02-12,2025-01-15,30.3985138889,-88.8795027778,flowering,5,
2025-04-21,2025-01-15,48.6999585612,16.3619108498,flowering,5,213.25861816406348
2025-06-02,2025-01-15,-33.4467841389,150.1758434167,flowering,5,1501.5012573242147
2025-06-05,2025-01-15,35.6267694444,139.3959472222,flowering,5,867.3152450561548
2025-03-13,2025-01-15,36.0615252928,-86.9507418431,flowering,5,208.67038879394613
2025-06-01,2025-01-15,37.32175328,-121.7105762,flowering,5,1119.1478317260767
2025-06-03,2025-01-15,30.2774384106,122.1134112776,flowering,5,
2025-06-01,2025-01-15,40.5147132778,-8.4530677778,flowering,5,1197.2106674194356
2025-05-25,2025-01-15,39.9253517213,32.8765581133,flowering,5,564.6356613159197
2025-06-02,2025-01-15,34.3980216667,134.0505361667,flowering,5,
2025-06-02,2025-01-15,35.7113527778,139.8036527778,flowering,5,942.752336120608
2025-05-19,2025-01-15,40.0030989151,32.926179438,flowering,5,484.76448974609536
2025-06-01,2025-01-15,-0.47667906,-78.5615766,flowering,5,731.85099487305
2025-06-01,2025-01-15,40.3387316595,-76.0467805713,flowering,5,715.4486038208028
2025-05-29,2025-01-15,40.7002794508,-74.9972657338,flowering,5,607.8454406738299
2025-06-01,2025-01-15,35.5228331284,138.7461164444,flowering,5,414.3632827758804
2025-05-19,2025-01-15,40.031191771,32.9475216512,flowering,5,484.76448974609536
2025-05-31,2025-01-15,37.5027366667,-82.53502,flowering,5,1017.7756942749048
2025-05-31,2025-01-15,-36.605975,174.8197333333,flowering,5,
2025-05-26,2025-01-15,39.0531430596,-77.0352846533,flowering,5,826.7149353027365
2025-05-30,2025-01-15,0.2924854086,-78.3596613412,flowering,5,1010.7447143554718
2025-05-30,2025-01-15,36.1625938414,120.4941024778,flowering,5,654.8320663452167
2025-05-19,2025-01-15,35.0418702291,138.3568665205,flowering,5,702.6929061889673
2025-05-29,2025-01-15,48.554173464,15.8907688038,flowering,5,466.3802551269549
2025-05-16,2025-01-15,39.9055983947,32.9314195936,flowering,5,449.5110214233414
2025-05-16,2025-01-15,39.9055675318,32.9313739959,flowering,5,449.5110214233414
2025-05-28,2025-01-15,49.6087076,6.1257279,flowering,5,460.5704956054708
2025-05-16,2025-01-15,39.902114752,32.9321189602,flowering,5,449.5110214233414
2025-05-02,2025-01-15,40.3019338559,-75.0355701965,flowering,5,389.8186004638685
2025-05-27,2025-01-15,43.1750407325,-77.5236803438,flowering,5,382.07586212158344
2025-05-27,2025-01-15,36.3751766812,126.3993442691,flowering,5,
2025-05-10,2025-01-15,39.9045343543,32.9146969337,flowering,5,404.853701782228
2025-05-27,2025-01-15,35.5522883333,139.6511216667,flowering,5,815.1031066894556
2025-05-27,2025-01-15,35.5519741914,139.6506895033,flowering,5,815.1031066894556
2025-05-22,2025-01-15,35.6828827627,-81.2724271732,flowering,5,1054.524031066897
2025-05-26,2025-01-15,35.64675848,139.44039514,flowering,5,737.0516494750999
2025-05-25,2025-01-15,37.9007716667,-84.67298,flowering,5,877.6108535766624
2025-05-25,2025-01-15,39.93482696,32.82980753,flowering,5,577.7518447875995
2025-05-25,2025-01-15,39.9373578,32.8283925,flowering,5,577.7518447875995
2025-05-25,2025-01-15,39.9382737,32.8284219,flowering,5,577.7518447875995
2025-05-25,2025-01-15,39.9349437794,32.8297578078,flowering,5,577.7518447875995
2025-05-25,2025-01-15,39.9370867989,32.8294866532,flowering,5,577.7518447875995
2025-05-25,2025-01-15,39.9333879,32.8314407,flowering,5,577.7518447875995
2025-05-25,2025-01-15,39.9342111111,32.8320333333,flowering,5,577.7518447875995
2025-05-25,2025-01-15,39.9348191213,32.8345017135,flowering,5,577.7518447875995
2025-05-25,2025-01-15,39.9351583333,32.83429,flowering,5,577.7518447875995
2025-05-25,2025-01-15,39.93433237,32.83257862,flowering,5,577.7518447875995
2025-05-25,2025-01-15,39.936895,32.8365783333,flowering,5,577.7518447875995
2025-05-25,2025-01-15,39.9368883333,32.8364633333,flowering,5,577.7518447875995
2025-05-24,2025-01-15,40.0541528,-76.3529262,flowering,5,683.6117218017597
2025-05-10,2025-01-15,39.9076958847,32.9226719869,flowering,5,404.853701782228
2025-05-10,2025-01-15,39.9092970597,32.9269248712,flowering,5,404.853701782228
2025-05-10,2025-01-15,39.9026302778,32.9372858333,flowering,5,404.853701782228
2025-05-10,2025-01-15,39.9031692098,32.9371272881,flowering,5,404.853701782228
2025-05-10,2025-01-15,39.8939358333,32.9348883333,flowering,5,404.853701782228
2025-05-24,2025-01-15,41.71787676,-86.21039382,flowering,5,495.665243530275
2025-05-23,2025-01-15,41.0311536158,29.0102878245,flowering,5,660.7387878417994
2025-05-24,2025-01-15,35.551,127.7605883333,budding,5,569.657872009279
2025-05-24,2025-01-15,34.9677883333,127.97393,flowering,5,
2025-05-23,2025-01-15,58.1430590226,52.6483692351,flowering,5,147.9966125488288
2025-05-24,2025-01-15,45.71344821,11.37891904,flowering,5,589.681840515139
2025-05-19,2025-01-15,40.2769293389,-81.8813262542,flowering,5,584.0090621948259
2025-05-23,2025-01-15,40.3957954003,-3.6107356288,flowering,5,698.8518280029324
2025-05-22,2025-01-15,36.17905,120.4808722222,flowering,5,549.7319412231462
2024-03-15,2024-11-24,41.503427,-74.010418,flowering,5,8.042779541015648
2024-03-08,2024-11-24,41.527594,-74.236816,flowering,5,1.1911254882812727
2025-05-22,2025-01-15,35.6406904,139.4372995,flowering,5,687.021209716799
2025-05-21,2025-01-15,4.8289127368,-74.3555726018,flowering,5,1431.3112823486317
2025-05-15,2025-01-15,41.5451695,1.8913371,flowering,5,718.795942687991
2025-05-21,2025-01-15,-43.7457966211,172.7955046148,flowering,5,1127.161746215821
2025-05-20,2025-01-15,48.1337394714,16.8087539672,flowering,5,490.35000152588066
2025-05-20,2025-01-15,42.0289003,1.88330585,flowering,5,527.3411682128932
2025-05-18,2025-01-15,39.458325,-5.8772166667,flowering,5,796.8947357177763
2025-03-19,2025-01-15,38.0163421327,-77.9205087772,flowering,5,167.6497344970711
2025-04-24,2025-01-15,42.43076257,139.93535101,flowering,5,53.16507415771537
2025-05-04,2025-01-15,39.9917560952,32.650030953,flowering,5,342.5986129760755
2025-05-04,2025-01-15,39.9929736111,32.6490169444,flowering,5,341.93045959472784
2025-05-09,2025-01-15,39.2487054997,-84.597059,flowering,5,560.171754455568
2025-05-18,2025-01-15,38.769592,-9.155071,flowering,5,1089.4884628295922
2025-05-17,2025-01-15,31.3512550447,121.2653863057,flowering,5,951.7294952392601
2025-05-16,2025-01-15,30.5702755982,104.0539048558,flowering,5,1084.0758209228538
2025-05-18,2025-01-15,35.7320957651,139.7983224199,flowering,5,730.5598693847678
2025-05-17,2025-01-15,-41.3331113895,173.2405117129,flowering,5,1277.5808456420891
2025-03-28,2025-01-15,51.3874103133,12.265700962,flowering,5,70.95954742431707
2025-05-17,2025-01-15,35.9757933333,120.2899866667,flowering,5,
2025-05-17,2025-01-15,35.99398,120.286465,flowering,5,
2025-05-17,2025-01-15,47.4005432129,5.3978943825,flowering,5,519.4320480346701
2025-05-17,2025-01-15,42.71324705,-3.3239954885,flowering,5,408.3532028198265
2025-05-03,2025-01-15,42.5101972222,1.5219361111,flowering,5,41.581349182129316
2025-03-30,2025-01-15,35.7040912933,139.5942345189,flowering,5,161.1686660766611
2025-05-16,2025-01-15,41.5845927256,-71.3828655766,flowering,5,375.6838027954117
2025-04-28,2025-01-15,-43.59426097,172.41006955,flowering,5,1103.8066925048843
2025-03-19,2025-01-15,38.0168449423,-77.9206841894,flowering,5,167.6497344970711
2025-05-01,2025-01-15,39.9093375,32.9927705556,flowering,5,275.1135177612316
2025-05-14,2025-01-15,40.3670908271,-80.7036684081,flowering,5,513.0670684814469
2025-05-14,2025-01-15,43.1751749661,-77.5237231656,flowering,5,288.02278747558705
2025-05-15,2025-01-15,24.0869892471,121.1733692545,flowering,5,905.0673812866238
2025-05-01,2025-01-15,39.908271,32.945611,flowering,5,315.62757568359496
2025-05-01,2025-01-15,39.9037363889,32.9437036111,flowering,5,315.62757568359496
2025-05-15,2025-01-15,37.1750629424,28.3732077944,flowering,5,543.0110458374046
2025-04-27,2025-01-15,46.9443169623,16.0801771584,flowering,5,291.00694122314576
2025-05-06,2025-01-15,36.62712632,-88.31056538,flowering,5,792.512629699709
2025-04-17,2025-01-15,36.0367867835,-79.0472104773,flowering,5,593.0208908081072
2025-04-05,2025-01-15,35.8112746236,139.5926147838,flowering,5,176.4425445556651
2025-05-14,2025-01-15,36.0771026611,120.4473419189,flowering,5,470.560313415529
2025-04-29,2025-01-15,37.062445,37.3473419444,flowering,5,445.7762741088884
2025-05-13,2025-01-15,41.72446582,-86.25277737,flowering,5,390.82075958252085
2025-05-13,2025-01-15,33.4928131227,-94.0967459091,flowering,5,1193.6375732421884
2025-04-19,2025-01-15,40.1541347943,-83.0271835998,flowering,5,245.629719543458
2025-05-13,2025-01-15,35.7348080785,51.4116191491,flowering,5,765.8545562744158
2025-04-26,2025-01-15,39.8298347222,32.8446316667,flowering,5,261.68621063232524
2025-05-13,2025-01-15,35.71823632,139.73140815,flowering,5,629.7805099487325
2025-05-13,2025-01-15,35.6444185,139.4393721,flowering,5,553.2233139038105
2025-05-12,2025-01-15,39.80583,-76.2838833333,flowering,5,546.3636093139664
2025-05-12,2025-01-15,50.8534724,24.2647489997,flowering,5,296.5700012207045
2025-05-12,2025-01-15,39.6573955154,-75.5670599003,flowering,5,592.798432922365
2025-05-12,2025-01-15,56.1419080814,47.163419024,flowering,5,153.9661865234383
2025-05-11,2025-01-15,34.6461512163,135.6652784315,flowering,5,539.0988418579119
2025-05-11,2025-01-15,33.9244277954,-84.8413057253,flowering,5,1033.448933410647
2025-04-26,2025-01-15,39.7784058333,32.8037605556,flowering,5,261.68621063232524
2025-05-10,2025-01-15,42.49102,13.4443216667,flowering,5,206.6474273681655
2025-05-11,2025-01-15,35.3756583333,139.3089222222,flowering,5,564.5012588500997
2025-05-10,2025-01-15,32.9804536694,-96.874434434,flowering,5,1252.6551132202158
2025-05-10,2025-01-15,32.9804672504,-96.8742114466,flowering,5,1252.6551132202158
2025-05-10,2025-01-15,54.3892913984,81.9872137159,flowering,5,139.29096374511766
2025-05-01,2025-01-15,38.7743916667,-77.6670383333,flowering,5,538.6290328979509
2025-05-08,2025-01-15,39.9949338975,-105.2646497272,flowering,5,136.36198120117274
2025-05-05,2025-01-15,38.2475861111,-75.8305333333,flowering,5,620.0468017578143
2025-05-09,2025-01-15,51.2166848541,37.4958396222,flowering,5,254.1506958007824
2025-05-09,2025-01-15,48.2545351749,16.4304553717,flowering,5,385.1864135742202
2025-05-09,2025-01-15,35.523001935,139.6605272591,flowering,5,609.7426086425802
2025-04-09,2025-01-15,39.6280666667,-79.9611966667,flowering,5,206.07979125976647
2025-05-07,2025-01-15,34.178395,-117.3228616667,flowering,5,798.3363021850611
2025-04-23,2025-01-15,40.6027,33.6169694444,flowering,5,281.83152770996185
2025-05-07,2025-01-15,41.9089888889,-88.3105694444,flowering,5,341.5617462158216
2025-05-07,2025-01-15,49.6720634855,18.3695902303,flowering,5,292.41654510498176
2025-05-05,2025-01-15,40.1535638333,-79.220025,flowering,5,331.97280731201283
2025-01-17,2025-01-15,-11.7737027778,-76.5732027778,flowering,5,14.23544006347663
2025-05-07,2025-01-15,34.9877787087,135.7770809533,flowering,5,448.9069839477555
2025-05-06,2025-01-15,36.7477116667,126.3022,flowering,5,274.7023132324231
2025-03-29,2025-01-15,37.5726866667,121.2197116667,flowering,5,92.99125671386764
2025-05-05,2025-01-15,43.1645342068,-77.4487932457,flowering,5,217.7813720703134
2025-05-05,2025-01-15,39.4728460277,-76.2153205276,flowering,5,505.3232009887712
2025-05-05,2025-01-15,38.071182251,-84.4934387207,flowering,5,585.9835754394549
2025-05-05,2025-01-15,35.0330339995,-85.1730998659,flowering,5,839.6801376342794
2025-03-20,2025-01-15,38.016237,-77.922237,budding,5,179.0842224121102
2025-03-15,2025-01-15,41.8907546939,12.4580790102,flowering,5,335.90724945068496
2025-05-05,2025-01-15,36.1627883911,120.4947814939,flowering,5,352.61399536132944
2025-05-04,2025-01-15,42.8770866667,74.606675,flowering,5,322.231234741212
2025-05-05,2025-01-15,34.67415126,135.94998876,flowering,5,440.5590011596695
2025-05-04,2025-01-15,44.57664022,-123.26228413,flowering,5,347.2213867187518
2025-04-25,2025-01-15,41.0447885715,-112.2269239981,flowering,5,229.52828369140718
2025-04-28,2025-01-15,51.5450033291,-0.022515899,flowering,5,286.8515396118179
2025-04-28,2025-01-15,-43.6463787333,172.45971795,flowering,5,1116.5055526733408
2025-04-20,2025-01-15,35.7943333333,139.7726133333,flowering,5,354.5539855957046
2025-05-04,2025-01-15,42.58289119,-0.5473797,flowering,5,185.62081909179824
2025-05-04,2025-01-15,42.3009910583,2.1666727066,flowering,5,107.33701477050874
2025-05-04,2025-01-15,35.6717633333,135.2471466667,flowering,5,405.22896575927905
2025-04-26,2025-01-15,51.5209787209,-0.0084080419,flowering,5,270.3564422607436
2025-04-26,2025-01-15,51.5197138889,-0.0078111111,flowering,5,270.3564422607436
2025-05-03,2025-01-15,40.3672866667,-3.4957783333,flowering,5,501.7798675537132
2025-04-26,2025-01-15,51.5236241656,-0.0070086153,flowering,5,270.3564422607436
2025-05-03,2025-01-15,40.3642116667,-3.49628,flowering,5,501.7798675537132
2025-05-03,2025-01-15,40.3629716667,-3.4986366667,flowering,5,501.7798675537132
2025-05-03,2025-01-15,40.3655666667,-3.4985866667,flowering,5,501.7798675537132
2025-05-02,2025-01-15,50.4101369722,30.5633739722,flowering,5,244.44616699218864
2025-05-03,2025-01-15,40.3665883333,-3.494825,flowering,5,501.7798675537132
2025-05-03,2025-01-15,40.3659666667,-3.493755,flowering,5,501.7798675537132
2025-05-03,2025-01-15,40.36377,-3.4921466667,flowering,5,501.7798675537132
2025-05-03,2025-01-15,24.0588376657,121.1635104046,flowering,5,760.7369720459009
2025-05-03,2025-01-15,41.968677526,1.3384900242,flowering,5,410.57433471679894
2025-04-27,2025-01-15,49.1578491557,-121.951466538,flowering,5,179.83237152099719
2025-05-03,2025-01-15,40.4256944444,-74.208275,flowering,5,401.6403472900405
2025-04-18,2025-01-15,35.2094752,127.469959,flowering,5,190.98826141357506
2025-05-03,2025-01-15,43.3908416667,77.39557,flowering,5,261.65624084472745
2025-04-10,2025-01-15,35.18423345,126.8892156,flowering,5,152.48836669921945
2025-05-03,2025-01-15,40.9186552366,29.3581415713,flowering,5,431.6836318969746
2025-04-27,2025-01-15,50.0818366667,14.60110665,flowering,5,214.00669708252065
2025-04-28,2025-01-15,53.9509752425,-1.0191050798,flowering,5,203.71094055175922
2025-05-02,2025-01-15,50.4971395997,30.4572713997,flowering,5,240.92615509033317
2025-05-02,2025-01-15,58.4302507668,31.0097334236,flowering,5,100.62951202392628
2025-05-02,2025-01-15,51.5991416214,0.5250771233,flowering,5,323.35138092041177
2025-04-28,2025-01-15,51.6523361117,-0.150244445,flowering,5,267.85920562744286
2025-05-02,2025-01-15,41.1015319824,29.0911922455,flowering,5,445.89375305175986
2025-05-02,2025-01-15,41.1018676758,29.0910205841,flowering,5,445.89375305175986
2025-04-06,2025-01-15,34.4585812667,126.2466685,flowering,5,121.48982391357526
2025-04-03,2025-01-15,34.3900778,126.1333642667,flowering,5,120.16311492920033
2025-05-02,2025-01-15,45.7845734106,15.968763046,flowering,5,385.1050277709977
2025-05-02,2025-01-15,41.1000099182,29.0912818909,flowering,5,445.89375305175986
2025-05-02,2025-01-15,34.3679195729,133.0730388361,flowering,5,441.24349212646655
2025-03-25,2025-01-15,33.5195715333,126.5485303333,flowering,5,166.41721038818457
2025-03-25,2025-01-15,33.5186406833,126.5359702667,flowering,5,166.41721038818457
2025-04-23,2025-01-15,41.6781062947,-2.6333865967,flowering,5,156.58334045410277
2025-05-01,2025-01-15,35.609495,139.3909133333,flowering,5,419.16515197754075
2025-05-01,2025-01-15,40.4010719732,-3.7027077377,flowering,5,472.7176757812522
2025-04-25,2025-01-15,49.8639552238,24.0323740624,flowering,5,216.24339294433696
2025-04-28,2025-01-15,-43.6470137833,172.4558036833,flowering,5,1116.5055526733408
2025-04-28,2025-01-15,-43.6464270333,172.4531212333,flowering,5,1116.5055526733408
2025-04-28,2025-01-15,-43.6454101667,172.4556935833,flowering,5,1116.5055526733408
2025-05-01,2025-01-15,35.9374204092,140.1314609685,flowering,5,492.71502685547046
2025-04-27,2025-01-15,-43.7023451333,172.5464678,flowering,5,1125.298405456544
2025-04-27,2025-01-15,-43.7005161,172.5448429833,flowering,5,1125.298405456544
2025-04-28,2025-01-15,34.0763819167,-117.2367113829,flowering,5,782.2868850708031
2025-04-27,2025-01-15,43.1558843656,-77.6231697109,flowering,5,149.0642791748054
2025-03-26,2025-01-15,35.6398216667,139.3348216667,flowering,5,108.43439025878979
2025-04-30,2025-01-15,39.6370018187,-79.9557110339,flowering,5,390.06338958740366
2025-04-27,2025-01-15,46.94461,16.08102,flowering,5,291.00694122314576
2025-04-28,2025-01-15,46.5802158997,14.2759833997,flowering,5,178.93017120361435
2025-04-28,2025-01-15,50.478926,30.431421,flowering,5,216.09238891601672
2025-04-25,2025-01-15,-43.6105053333,172.4273677167,budding,5,1075.6527343750017
2025-04-28,2025-01-15,-43.6476138889,172.4620527778,flowering,5,1116.5055526733408
2025-04-26,2025-01-15,38.4766666667,-79.5034888889,flowering,5,272.2648849487315
2025-04-30,2025-01-15,35.9730419722,136.487634,flowering,5,170.58647460937584
2025-04-29,2025-01-15,-41.2920929151,173.1017998624,flowering,5,1199.9547653198242
2025-04-26,2025-01-15,30.4609383333,-97.762,flowering,5,1238.2394393920908
2025-04-26,2025-01-15,48.1658693577,15.6137001154,flowering,5,227.46830902099725
2025-04-28,2025-01-15,50.1016388333,14.3900633333,flowering,5,214.39645538330194
2025-04-27,2025-01-15,30.4048608,-97.6963611,flowering,5,1273.2406539917001
2025-03-15,2025-01-15,22.416823087,114.0853314228,flowering,5,713.7479400634779
2025-04-29,2025-01-15,35.7600208994,139.9079288815,flowering,5,472.13919830322436
2025-04-28,2025-01-15,45.5605696066,-122.6437943056,flowering,5,346.45764465332195
2025-04-28,2025-01-15,40.7023733032,-74.0145375207,flowering,5,299.1509918212903
2025-04-25,2025-01-15,37.5648454997,-77.7993768,flowering,5,606.5877014160174
2025-04-28,2025-01-15,39.2928795883,-76.7552636191,flowering,5,410.45560455322413
2025-04-28,2025-01-15,53.9447783333,-1.0521666667,flowering,5,219.34693298339994
2025-04-28,2025-01-15,36.34617,-119.3835,flowering,5,928.7290557861352
2025-04-28,2025-01-15,32.7551460997,-96.835282,flowering,5,1096.0559127807637
2025-04-28,2025-01-15,42.9427077882,-81.2777000946,flowering,5,152.43595886230537
2025-04-28,2025-01-15,38.9356616667,-76.68023,flowering,5,475.72375946045076
2025-04-28,2025-01-15,53.6663638889,23.8601416667,flowering,5,192.75285644531345
2025-04-28,2025-01-15,42.9274047997,-76.5513535997,flowering,5,176.99942932128988
2025-04-28,2025-01-15,-17.3733708856,-66.1438704282,flowering,5,954.7169250488305
2025-04-28,2025-01-15,38.5414589,-90.3761018997,flowering,5,548.3488296508805
2025-04-28,2025-01-15,-17.3937227,-66.0298121,flowering,5,790.4412521362328
2025-04-26,2025-01-15,38.8852444444,-77.0871861111,flowering,5,453.13152618408355
2025-04-28,2025-01-15,-17.3938065,-66.0298458,flowering,5,790.4412521362328
2025-04-20,2025-01-15,33.6754415,-85.8433015,flowering,5,746.9214065551777
2025-04-28,2025-01-15,-16.524281595,-68.0569367171,flowering,5,335.0514175415062
2025-04-28,2025-01-15,43.4111404417,39.9524040219,flowering,5,
2025-04-28,2025-01-15,43.4140004445,39.94742129,flowering,5,
2025-04-28,2025-01-15,43.4111404417,39.9524040219,flowering,5,
2025-04-19,2025-01-15,36.3766362408,120.6826754083,flowering,5,
2025-04-28,2025-01-15,48.8285903027,2.3802677169,flowering,5,355.4624435424821
2025-04-28,2025-01-15,50.0208333333,14.4911616667,flowering,5,207.21131134033317
2025-04-28,2025-01-15,36.5576071278,136.6932985764,flowering,5,288.28860321045033
2025-04-28,2025-01-15,-44.2361529605,171.1305417777,flowering,5,977.7136520385766
2025-04-28,2025-01-15,-43.578663622,172.6263001375,flowering,5,1119.0040878295908
2025-04-28,2025-01-15,35.64640372,139.43962373,flowering,5,389.93963012695474
2025-04-27,2025-01-15,48.2305074983,16.3599243388,flowering,5,281.6105926513684
2025-04-28,2025-01-15,-43.5959733333,172.4062316667,flowering,5,1103.8066925048843
2025-04-26,2025-01-15,48.15418903,15.6320794301,flowering,5,227.46830902099725
2025-04-26,2025-01-15,39.9879777778,-75.194875,flowering,5,350.5685668945325
2025-04-25,2025-01-15,49.7075223123,6.4395518164,flowering,5,195.87691955566538
2025-04-27,2025-01-15,40.4035677,-79.9605313997,flowering,5,320.2088882446301
2025-04-27,2025-01-15,43.094710326,-79.1212960516,flowering,5,141.3494354248054
2025-04-27,2025-01-15,38.1041493913,-79.0745116618,flowering,5,407.5917526245132
2025-04-22,2025-01-15,41.725825,-83.578525,flowering,5,216.5214782714852
2025-04-27,2025-01-15,39.6428633333,-79.967255,flowering,5,353.7204437255872
2025-04-27,2025-01-15,36.8979283841,-86.2859319337,flowering,5,636.3041198730486
2025-04-27,2025-01-15,43.1228337779,-79.2667252059,flowering,5,130.62722015380928
2025-04-27,2025-01-15,40.7474525108,-73.8429626801,flowering,5,271.6185684204114
2025-03-22,2025-01-15,41.6393457222,2.0582945833,flowering,5,256.5861129760757
2025-04-27,2025-01-15,48.1898047074,16.539994441,flowering,5,294.90093688964964
2025-04-27,2025-01-15,49.16424354,16.62366939,flowering,5,233.79949340820417
2025-04-27,2025-01-15,46.0734016667,14.53786,flowering,5,262.3487228393568
2025-04-27,2025-01-15,50.0966730178,14.4523124769,flowering,5,215.03284454345817
2025-04-27,2025-01-15,48.20043452,15.63523387,flowering,5,231.80858154296993
2025-04-27,2025-01-15,49.8273158209,18.2918870893,flowering,5,239.35064544677846
2025-04-27,2025-01-15,36.5621775,136.6576673,flowering,5,278.5390670776378
2025-04-27,2025-01-15,36.5645834897,136.6597435625,flowering,5,278.5390670776378
2025-04-22,2025-01-15,37.3844026,-77.8673219,flowering,5,586.2038696289079
2025-04-27,2025-01-15,36.5645622835,136.6582659168,flowering,5,278.5390670776378
2025-04-27,2025-01-15,35.64228498,139.43800966,flowering,5,380.1890869140641
2025-04-27,2025-01-15,36.5647565945,136.6584391026,flowering,5,278.5390670776378
2025-04-27,2025-01-15,36.5648001625,136.6585179418,flowering,5,278.5390670776378
2025-04-27,2025-01-15,36.5649172,136.6583957,flowering,5,278.5390670776378
2025-04-27,2025-01-15,36.5649866898,136.6583011011,flowering,5,278.5390670776378
2025-04-27,2025-01-15,36.56495058,136.65854208,flowering,5,278.5390670776378
2025-04-26,2025-01-15,39.0587526946,-77.0380184054,flowering,5,425.15221405029445
2025-04-27,2025-01-15,36.565329377,136.6571488682,flowering,5,278.5390670776378
2025-04-27,2025-01-15,36.5650314425,136.6578415432,flowering,5,278.5390670776378
2025-04-27,2025-01-15,36.5649656,136.65788561,flowering,5,278.5390670776378
2025-04-26,2025-01-15,40.116225,-75.3071616667,flowering,5,332.12386016845824
2025-04-27,2025-01-15,36.4499340262,136.6295155419,flowering,5,261.33702545166125
2025-04-25,2025-01-15,52.9673189474,9.2528077215,flowering,5,226.36880187988402
2025-04-07,2025-01-15,43.5399999997,5.2599999997,flowering,5,393.91551818847836
2025-04-17,2025-01-15,42.7938619356,-77.820144392,flowering,5,99.98117828369197
2025-04-26,2025-01-15,35.8203621625,-78.8244152077,flowering,5,762.1957702636738
2025-04-26,2025-01-15,39.2911542,-76.7564736,flowering,5,392.66614227295065
2025-04-26,2025-01-15,39.0961954892,-77.215389806,flowering,5,417.38788452148583
2025-03-19,2025-01-15,38.0976676734,-84.4994648919,flowering,5,153.09545135498115
2025-04-26,2025-01-15,48.1854774611,15.6261611357,flowering,5,227.46830902099725
2025-04-26,2025-01-15,38.98679026,-77.01185545,flowering,5,445.3651367187515
2025-04-26,2025-01-15,38.3987469552,-76.5065878909,flowering,5,473.4737747192398
2025-04-26,2025-01-15,48.1851583333,15.6258611111,flowering,5,227.46830902099725
2025-04-26,2025-01-15,35.9558024746,-83.8678912141,flowering,5,610.183346557619
2025-04-26,2025-01-15,32.7548602997,-96.8348007,flowering,5,1057.0991302490256
2025-04-26,2025-01-15,39.5371511308,-77.2190696217,flowering,5,376.2998641967787
2025-04-25,2025-01-15,34.306717227,-85.2206420071,flowering,5,777.8078536987324
2025-04-26,2025-01-15,38.72797547,-76.70790107,flowering,5,472.100888061525
2025-04-26,2025-01-15,37.585674086,-77.3971380249,flowering,5,603.9566146850603
2025-04-26,2025-01-15,50.1212705125,14.463737011,flowering,5,210.53442993164174
2025-04-26,2025-01-15,40.79283,-73.9535216667,flowering,5,270.2302566528332
2025-04-26,2025-01-15,50.1543527778,14.5362666667,flowering,5,218.99548034668078
2025-04-26,2025-01-15,48.2246416667,15.6389777778,flowering,5,227.46830902099725
2025-04-26,2025-01-15,47.5213844,19.046942,flowering,5,277.8948776245129
2025-04-25,2025-01-15,49.1864271,-121.8566571,flowering,5,151.9301345825205
2025-04-26,2025-01-15,35.5934789658,139.6516355012,flowering,5,413.1977401733416
2025-04-26,2025-01-15,-43.4694716667,172.5719316667,flowering,5,1104.2802307128918
2025-04-26,2025-01-15,35.596709,139.6484712,flowering,5,413.1977401733416
2025-04-26,2025-01-15,35.5982124376,139.6450960694,flowering,5,413.1977401733416
2025-04-26,2025-01-15,35.5976811498,139.6449409832,flowering,5,413.1977401733416
2025-04-26,2025-01-15,35.598175328,139.6450795598,flowering,5,413.1977401733416
2025-04-26,2025-01-15,35.59623653,139.6485007,flowering,5,413.1977401733416
2025-04-26,2025-01-15,35.59818837,139.64508156,flowering,5,413.1977401733416
2025-04-26,2025-01-15,35.5978683383,139.644981092,flowering,5,413.1977401733416
2025-04-26,2025-01-15,35.5964684622,139.6481963082,flowering,5,413.1977401733416
2025-04-26,2025-01-15,35.5964570508,139.6481867299,flowering,5,413.1977401733416
2025-04-26,2025-01-15,35.59631567,139.64820338,flowering,5,413.1977401733416
2025-04-26,2025-01-15,35.5963014425,139.6482748958,flowering,5,413.1977401733416
2025-04-26,2025-01-15,35.596275,139.6483,flowering,5,413.1977401733416
2025-04-26,2025-01-15,35.59629314,139.64823835,flowering,5,413.1977401733416
2025-04-26,2025-01-15,35.5963868788,139.6483298299,flowering,5,413.1977401733416
2025-04-26,2025-01-15,35.5964129375,139.6482336189,flowering,5,413.1977401733416
2025-04-26,2025-01-15,35.5965658237,139.6484386895,flowering,5,413.1977401733416
2025-04-26,2025-01-15,35.5962668104,139.6482477721,flowering,5,413.1977401733416
2025-04-26,2025-01-15,35.59632735,139.64837148,flowering,5,413.1977401733416
2025-04-26,2025-01-15,35.5962873075,139.6484017585,flowering,5,413.1977401733416
2025-04-26,2025-01-15,35.59629515,139.64830624,flowering,5,413.1977401733416
2025-04-25,2025-01-15,43.1811968358,-77.5096444596,budding,5,139.10180664062568
2025-04-26,2025-01-15,35.5963754791,139.6484139697,flowering,5,413.1977401733416
2025-04-26,2025-01-15,35.59638551,139.64841448,flowering,5,413.1977401733416
2025-04-26,2025-01-15,-41.4495691471,147.1312181467,flowering,5,1130.0597793579113
2025-04-25,2025-01-15,45.5232393262,-122.5851299701,flowering,5,317.44704284668126
2025-04-26,2025-01-15,-43.5800384263,172.4371029936,flowering,5,1083.2801467895524
2025-04-03,2025-01-15,39.6367042109,-79.9560782873,flowering,5,177.19712524414138
2025-04-25,2025-01-15,38.1071151954,-79.1384173141,flowering,5,385.6162475585952
2025-04-25,2025-01-15,-16.5719449,-68.170104,flowering,5,415.6823211669945
2025-04-25,2025-01-15,39.8217639518,-83.9317540921,flowering,5,337.7889892578137
2025-04-25,2025-01-15,40.4535783333,-3.649255,flowering,5,386.95098114013877
2025-04-25,2025-01-15,-16.4809682,-68.1442635,flowering,5,326.18031921386944
2025-04-25,2025-01-15,-16.4894388889,-68.1440722222,flowering,5,326.18031921386944
2025-04-25,2025-01-15,39.6366683842,-79.95300118,flowering,5,339.30006103515746
2025-04-25,2025-01-15,39.2139782788,-77.3845958776,budding,5,403.65123291015766
2025-04-25,2025-01-15,46.9768066667,15.996765,fruiting,5,257.7750640869152
2025-03-22,2025-01-15,34.6222320512,113.7581292236,flowering,5,160.63871002197345
2025-04-25,2025-01-15,36.0899629722,136.5943839722,flowering,5,72.28871917724655
2025-04-25,2025-01-15,35.8089495997,139.3155049,flowering,5,328.6704345703138
2025-04-25,2025-01-15,35.729846036,139.6663819122,flowering,5,418.918109130861
2025-04-25,2025-01-15,35.5754651997,139.3909634,flowering,5,361.9696243286148
2025-04-25,2025-01-15,35.5754161952,139.3909248525,flowering,5,361.9696243286148
2025-04-25,2025-01-15,35.5751140377,139.3891487936,flowering,5,361.9696243286148
2025-04-25,2025-01-15,-39.1306150997,174.2979784997,flowering,5,1259.4462600708007
2025-03-22,2025-01-15,51.3666,12.2832333333,flowering,5,52.491230773926304
2025-04-23,2025-01-15,40.4196102602,-3.7279121789,flowering,5,389.4899871826192
2025-04-17,2025-01-15,34.8874883424,138.2969533333,flowering,5,390.7529815673846
2025-04-23,2025-01-15,58.120295083,52.6544516637,flowering,5,27.761140441894668
2025-04-24,2025-01-15,41.8034053,2.2004621,flowering,5,299.41696929931834
2025-04-24,2025-01-15,35.6458658621,139.4550361857,flowering,5,362.210263061525
2025-04-24,2025-01-15,35.6478836528,139.4549721479,flowering,5,362.210263061525
2025-04-24,2025-01-15,43.4112930297,39.9520339964,flowering,5,
2025-04-23,2025-01-15,43.1756883322,-77.5276114782,flowering,5,122.61848907470767
2025-04-23,2025-01-15,43.1758461258,-77.5280376335,flowering,5,122.61848907470767
2025-04-23,2025-01-15,-25.3804880419,-51.4813431725,flowering,5,1580.748289489744
2025-04-24,2025-01-15,42.43078795,139.93534755,flowering,5,53.16507415771537
2025-03-26,2025-01-15,46.3003638889,-117.2647,flowering,5,40.413781738281614
2025-04-23,2025-01-15,34.0609666504,-117.1619349934,flowering,5,747.020169067385
2025-04-21,2025-01-15,46.944851544,7.4508367525,flowering,5,117.70383758545029
2025-04-23,2025-01-15,40.8897666667,-73.8968583333,flowering,5,222.6953231811534
2025-04-22,2025-01-15,35.679105,-78.628662,flowering,5,718.7783599853534
2025-04-22,2025-01-15,37.32042641,-121.70737618,flowering,5,640.744763183596
2025-04-23,2025-01-15,39.89491082,32.78512353,flowering,5,272.1136505126964
2025-04-23,2025-01-15,39.8945358802,32.786373494,flowering,5,272.1136505126964
2025-04-23,2025-01-15,46.7145121,11.6533199,flowering,5,19.88085174560581
2025-04-23,2025-01-15,36.36042773,120.68416784,flowering,5,
2025-04-22,2025-01-15,43.1855861111,-80.3675222222,flowering,5,92.01800384521539
2025-04-22,2025-01-15,33.4873580589,-86.7776955942,flowering,5,816.1828460693379
2025-04-22,2025-01-15,51.0479479722,13.7717439722,flowering,5,166.15746002197375
2025-04-22,2025-01-15,33.1707883333,-84.8157716667,flowering,5,805.4679962158223
2025-04-22,2025-01-15,42.2657461277,-8.6624434327,flowering,5,609.657864379885
2025-04-22,2025-01-15,41.0683267711,29.0390350813,flowering,5,372.36946868896666
2025-04-22,2025-01-15,38.3400166667,141.1523445,flowering,5,
2025-04-22,2025-01-15,44.2832946004,38.793586269,flowering,5,287.3815399169936
2025-04-22,2025-01-15,41.067821654,29.0343636851,flowering,5,372.36946868896666
2025-04-10,2025-01-15,45.2376163466,37.2757752302,flowering,5,166.72831420898535
2025-04-22,2025-01-15,41.0687065018,29.0372769433,flowering,5,372.36946868896666
2025-04-22,2025-01-15,41.0675100014,29.0312654242,flowering,5,372.36946868896666
2025-04-22,2025-01-15,41.068747055,29.0372749704,flowering,5,372.36946868896666
2025-04-21,2025-01-15,40.9977133864,-75.1686793912,flowering,5,165.69097747802823
2025-04-22,2025-01-15,36.3728599444,120.6852340556,flowering,5,
2025-04-22,2025-01-15,35.64658722,139.43964245,flowering,5,326.24903869629054
2025-04-21,2025-01-15,40.425105,-3.60875,flowering,5,391.6822616577168
2025-04-21,2025-01-15,40.3599020088,-75.9744361021,flowering,5,219.57138519287207
2025-04-19,2025-01-15,38.8864277778,-77.0877694444,flowering,5,355.5870208740248
2025-04-21,2025-01-15,35.2354805,138.9974747,flowering,5,269.78476715088027
2025-04-21,2025-01-15,34.6626942921,3.2529049739,budding,5,477.0660217285175
2025-04-21,2025-01-15,51.2540716667,14.9595116667,flowering,5,194.74540405273547
2025-04-21,2025-01-15,36.67517455,117.05562633,fruiting,5,435.9072921752942
2025-04-20,2025-01-15,50.1660657954,8.6528766642,flowering,5,193.64880371093875
2025-04-02,2025-01-15,37.481995,-82.5196916667,flowering,5,293.1641311645519
2025-04-04,2025-01-15,38.6836431177,-122.295882449,flowering,5,442.3437728881854
2025-04-21,2025-01-15,35.6442198,139.43945,flowering,5,313.3445190429702
2025-04-20,2025-01-15,32.79682243,-97.41274753,flowering,5,981.4036712646504
2025-04-20,2025-01-15,37.6464305556,120.5077361111,flowering,5,252.96413726806736
2025-04-04,2025-01-15,38.6582837089,-122.2902492611,flowering,5,442.3437728881854
2025-04-20,2025-01-15,55.451771698,37.5052854484,flowering,5,83.90736236572309
2025-04-20,2025-01-15,42.0673800997,0.0652445089,flowering,5,292.9910537719743
2025-04-20,2025-01-15,37.44468,-82.5052333333,flowering,5,457.9143783569351
2025-04-20,2025-01-15,38.22161685,-84.84941075,flowering,5,412.2598663330092
2025-04-19,2025-01-15,41.4305737379,-81.6048765555,flowering,5,188.1003768920906
2025-04-20,2025-01-15,36.360466,120.683823,flowering,5,
2025-04-19,2025-01-15,35.3794883333,139.5893866667,flowering,5,361.48369140625164
2025-04-20,2025-01-15,36.3665367679,120.6883002577,fruiting,5,
2025-04-20,2025-01-15,36.363324,120.680907,fruiting,5,
2025-04-20,2025-01-15,36.6155214418,116.9741207734,flowering,5,400.25941772461056
2025-04-20,2025-01-15,36.1605873106,120.4917068481,flowering,5,213.66520385742285
2025-04-08,2025-01-15,34.8014666667,134.9505361111,flowering,5,173.10879516601676
2025-04-20,2025-01-15,38.659225,141.0759416667,flowering,5,157.3643966674813
2025-04-19,2025-01-15,39.7921194444,-75.8702068659,flowering,5,250.34991912841906
2025-04-19,2025-01-15,40.0084111167,-76.2807916667,flowering,5,254.14256744384875
2025-04-20,2025-01-15,35.63419546,139.43597416,flowering,5,302.0976989746108
2025-04-19,2025-01-15,39.9456189713,-75.6513708272,flowering,5,249.06810455322375
2025-04-19,2025-01-15,38.9798133333,-76.5098583333,flowering,5,
2025-04-19,2025-01-15,37.2269388889,-79.9654111111,flowering,5,400.95852966308746
2025-04-17,2025-01-15,40.2594359526,-80.6112046858,flowering,5,215.99005432129002
2025-04-19,2025-01-15,37.9176194444,-85.6583833333,flowering,5,432.9143356323257
2025-04-19,2025-01-15,38.001260539,-84.196106688,flowering,5,394.8841873168959
2025-04-19,2025-01-15,36.1585297,-86.7831044997,flowering,5,569.9466598510759
2025-04-19,2025-01-15,37.9528644,-84.5000156,flowering,5,387.657769775392
2025-04-18,2025-01-15,35.0801505102,135.7573113232,flowering,5,220.66897735595808
2025-04-19,2025-01-15,36.361032,120.6841509722,flowering,5,
2025-04-19,2025-01-15,37.17577,136.77623,flowering,5,234.1215728759779
2025-04-19,2025-01-15,36.211318,120.591878,flowering,5,190.4589492797861
2025-04-19,2025-01-15,36.3598319722,120.681819,flowering,5,
2025-04-19,2025-01-15,36.0620189722,136.5021389722,flowering,5,91.3244415283209
2025-04-19,2025-01-15,36.058419,136.4964449722,flowering,5,91.3244415283209
2025-04-19,2025-01-15,36.3606189722,120.6838249722,flowering,5,
2025-04-19,2025-01-15,36.7376937778,138.4181976111,flowering,5,52.4007598876957
2025-04-19,2025-01-15,35.64045541,139.43728858,flowering,5,289.60542602539203
2025-04-18,2025-01-15,30.3897777778,-91.1684361111,flowering,5,1082.913211059572
2025-04-19,2025-01-15,-37.8026274167,175.3034627025,flowering,5,1296.1189727783199
2025-04-18,2025-01-15,40.2568366667,-76.8886633333,flowering,5,210.47791900634866
2025-04-18,2025-01-15,39.7706790942,-79.9745941907,flowering,5,251.05140533447366
2025-04-18,2025-01-15,40.4297447205,-76.9353866577,flowering,5,193.09892578125095
2025-04-17,2025-01-15,48.2982549722,15.4053299722,flowering,5,135.4531005859384
2025-04-18,2025-01-15,40.8398083333,-73.9981527778,flowering,5,177.4188278198252
2025-04-18,2025-01-15,40.8351166667,-73.9991805556,flowering,5,177.4188278198252
2025-04-18,2025-01-15,51.60965,-0.498935,flowering,5,222.34410247802862
2025-04-18,2025-01-15,47.938945,16.7998783333,flowering,5,232.43164978027448
2025-04-18,2025-01-15,41.015072401,28.643341475,flowering,5,353.09090270996273
2025-04-17,2025-01-15,38.6412163671,-75.6110382825,flowering,5,361.4756759643568
2025-04-05,2025-01-15,48.2317666667,16.3189166667,flowering,5,110.41458129882881
2025-04-17,2025-01-15,42.228509323,0.0344275882,flowering,5,214.51952819824362
2025-04-18,2025-01-15,35.8771305556,138.2762861111,flowering,5,61.22915191650429
2025-04-17,2025-01-15,38.7028097882,141.4131367651,flowering,5,125.64554595947357
2025-04-17,2025-01-15,-13.40659729,-71.84170118,flowering,5,288.18797760009977
2025-04-17,2025-01-15,37.5435366808,-77.4799229857,flowering,5,476.0219390869156
2025-04-09,2025-01-15,48.2218109911,16.4178616034,flowering,5,126.76728057861408
2025-04-17,2025-01-15,40.859702731,-73.8786554709,flowering,5,161.4538742065439
2025-04-17,2025-01-15,43.0124731022,-81.2792017821,flowering,5,73.39619903564494
2025-04-17,2025-01-15,37.4693172093,-82.5434739067,flowering,5,422.80997467041163
2025-04-16,2025-01-15,38.8193061776,-77.4587238953,flowering,5,341.72843475341926
2025-04-17,2025-01-15,50.2366017968,16.2288045511,flowering,5,118.75766601562577
2025-04-17,2025-01-15,55.749696054,49.1687645096,flowering,5,20.055502319336142
2025-04-16,2025-01-15,43.1752178277,-77.5237579472,budding,5,84.30401763916063
2025-04-17,2025-01-15,35.64686995,139.43972219,flowering,5,263.16300964355605
2025-04-16,2025-01-15,39.6501263,-79.9764662236,flowering,5,232.05541076660256
2025-04-16,2025-01-15,38.7260029,-120.8044938,flowering,5,446.9917358398458
2025-04-16,2025-01-15,33.1586583333,-96.6159966667,flowering,5,808.5099945068378
2025-04-16,2025-01-15,35.6181352588,-79.0771775332,flowering,5,648.604959106447
2025-04-16,2025-01-15,48.5289629722,15.842893,flowering,5,139.83782501220787
2025-04-16,2025-01-15,-13.5257922392,-71.9025449362,flowering,5,367.22841186523647
2025-04-16,2025-01-15,40.9623605898,-3.6051096115,flowering,5,142.10102996826276
2025-04-14,2025-01-15,39.3503777592,-112.3333233745,flowering,5,129.34288177490305
2025-04-15,2025-01-15,43.1936680009,-77.5125400849,flowering,5,84.30401763916063
2025-04-15,2025-01-15,40.5796388889,-75.3446583333,flowering,5,162.03106842041097
2025-04-16,2025-01-15,35.64660664,139.43979843,flowering,5,252.84328308105603
2025-03-24,2025-01-15,35.9722290997,137.8187861,flowering,5,1.5617477416992642
2025-04-14,2025-01-15,37.3338694444,-122.0932972222,flowering,5,518.3537979125997
2025-04-14,2025-01-15,35.1429272389,136.0976682021,flowering,5,244.85194549560674
2025-04-15,2025-01-15,37.4790416667,-82.55655,flowering,5,418.8769882202163
2025-04-15,2025-01-15,35.6396895693,139.4595329091,flowering,5,255.36981811523572
2025-04-14,2025-01-15,43.2746080822,-3.1494927407,flowering,5,477.1374328613301
2025-04-15,2025-01-15,51.9499901951,7.5891401403,flowering,5,202.80616912841901
2025-04-15,2025-01-15,39.781275,32.8028,flowering,5,175.14592590332109
2025-04-15,2025-01-15,42.79945366,-77.82580502,flowering,5,99.3368286132818
2025-04-14,2025-01-15,38.0020316667,-84.5401016667,flowering,5,336.00627288818487
2025-04-14,2025-01-15,37.2718111111,138.4576555556,flowering,5,115.47536315918035
2025-04-15,2025-01-15,35.6205783333,139.4085216667,flowering,5,245.7653244018568
2025-04-11,2025-01-15,37.863625,-122.56893,flowering,5,499.16713256836135
2025-04-14,2025-01-15,48.9327361111,17.7435777778,flowering,5,96.17576599121162
2025-04-15,2025-01-15,35.64663967,139.43978933,flowering,5,245.7653244018568
2025-04-14,2025-01-15,39.2167133333,-76.0659111667,flowering,5,271.39033355713013
2025-04-14,2025-01-15,38.8694638889,-75.7089555556,flowering,5,320.2413116455091
2025-04-11,2025-01-15,46.6925347669,15.9669756095,flowering,5,169.4054931640634
2025-04-14,2025-01-15,40.3863768593,-76.7091152044,flowering,5,173.2514175415048
2025-04-14,2025-01-15,42.3158701158,-75.3889885917,flowering,5,75.0440582275395
2025-04-14,2025-01-15,40.7726473326,-73.2402738343,flowering,5,119.90416107177828
2025-04-14,2025-01-15,39.32702,-76.626305,flowering,5,248.14972839355585
2025-04-14,2025-01-15,35.224811124,138.6080304533,flowering,5,248.32186737060692
2025-04-14,2025-01-15,35.9688259722,136.4900409722,flowering,5,62.67178497314501
2025-04-13,2025-01-15,50.1441933333,14.080405,flowering,5,80.25829162597734
2025-04-14,2025-01-15,35.6204595976,140.1149466443,flowering,5,337.7724273681656
2025-04-14,2025-01-15,35.0511965797,135.7828833333,flowering,5,185.21628875732517
2025-04-12,2025-01-15,34.4422431843,132.9211857542,flowering,5,220.70885925293078
2025-04-14,2025-01-15,36.1624603269,120.4941558836,flowering,5,159.8152954101571
2025-04-14,2025-01-15,35.6209232494,139.3857661638,flowering,5,239.91056365966926
2025-04-13,2025-01-15,35.0669753155,-106.5983039886,flowering,5,458.1058807373063
2025-04-13,2025-01-15,37.5523216667,-82.4543,flowering,5,376.46932373047014
2025-04-13,2025-01-15,51.1340666734,1.3450616667,flowering,5,
2025-04-14,2025-01-15,35.64656639,139.43969799,flowering,5,239.91056365966926
2025-04-01,2025-01-15,38.9969783333,-84.7285533333,flowering,5,193.18187103271566
2025-04-13,2025-01-15,40.4456800005,-79.0967287873,flowering,5,139.02097167968816
2025-04-13,2025-01-15,40.0739528333,-74.8538366667,flowering,5,207.3785034179698
2025-04-13,2025-01-15,40.5875241,-79.162224,flowering,5,152.44814605712963
2025-04-13,2025-01-15,47.5539638889,12.202475,flowering,5,35.04617767334025
2025-04-13,2025-01-15,39.7403017464,-77.0244324771,flowering,5,205.85982666015718
2025-04-12,2025-01-15,41.8645866226,1.8881523921,flowering,5,282.68501892090023
2025-04-13,2025-01-15,38.6894116667,-121.1257778333,flowering,5,499.9829544067403
2025-04-13,2025-01-15,37.5521666667,-82.4543083333,flowering,5,376.46932373047014
2025-04-12,2025-01-15,35.0478718,-83.8159205,flowering,5,377.6185424804702
2025-04-13,2025-01-15,51.3962889339,-2.60677866,flowering,5,180.12547607421993
2025-04-13,2025-01-15,51.76842486,19.53037167,flowering,5,91.28784484863365
2025-04-13,2025-01-15,48.3191091088,15.5897159502,flowering,5,115.02103729248131
2025-04-13,2025-01-15,42.5872583333,0.4914616667,flowering,5,3.622232055664199
2025-04-13,2025-01-15,44.2757970051,6.3900846988,flowering,5,6.778248596191588
2025-04-12,2025-01-15,43.1572916667,140.761155,flowering,5,6.974438476562682
2025-04-12,2025-01-15,38.2810083333,-104.610095,flowering,5,263.9977432250988
2025-04-12,2025-01-15,43.7974383333,6.721825,flowering,5,53.13014831543035
2025-04-12,2025-01-15,45.236869812,9.9775705338,flowering,5,319.8746170043961
2025-04-12,2025-01-15,50.1086562927,14.4661245123,flowering,5,95.73621368408283
2025-04-09,2025-01-15,35.7164116667,139.7618416667,flowering,5,252.69195861816536
2025-04-12,2025-01-15,41.983544674,1.5173548087,flowering,5,204.63005065918117
2025-04-12,2025-01-15,51.2375297546,22.517282486,flowering,5,96.91816101074289
2025-04-12,2025-01-15,35.6197666667,139.457825,flowering,5,230.80541381836065
2025-04-11,2025-01-15,50.485255,13.6883633333,flowering,5,86.59253997802807
2025-04-10,2025-01-15,39.0509661667,-121.0974556667,flowering,5,374.62894744873233
2025-04-12,2025-01-15,35.63696696,139.43603985,flowering,5,221.7258453369153
2025-04-11,2025-01-15,33.242657,-97.109358,flowering,5,754.5822692871111
2025-04-11,2025-01-15,47.20998781,11.41109397,flowering,5,2.1633895874024347
2025-03-27,2025-01-15,39.9094173889,32.7925145,flowering,5,131.08482513427793
2025-03-27,2025-01-15,39.9093111111,32.792226,flowering,5,131.08482513427793
2025-04-11,2025-01-15,48.8146591187,14.3105716705,flowering,5,52.04095611572325
2025-04-11,2025-01-15,35.6265788889,139.4291388889,flowering,5,212.147627258302
2025-04-11,2025-01-15,35.6464313889,139.4192386111,flowering,5,212.147627258302
2025-04-10,2025-01-15,45.3311326442,-122.5373634588,flowering,5,196.82889099121212
2025-04-11,2025-01-15,35.1198695559,135.827951768,flowering,5,163.9355987548837
2025-04-11,2025-01-15,43.4045990502,-1.6515708715,flowering,5,
2025-04-11,2025-01-15,43.4045137955,-1.6525572538,flowering,5,
2025-04-09,2025-01-15,39.0800361111,-77.1483777778,flowering,5,258.01252288818466
2025-04-11,2025-01-15,42.6250606,-0.3249909,flowering,5,67.7627777099616
2025-04-11,2025-01-15,35.7091695605,51.4196694642,flowering,5,298.6311264038096
2025-04-11,2025-01-15,35.71908,139.744995,flowering,5,257.5222900390638
2025-04-11,2025-01-15,41.7961453009,140.7564326546,flowering,5,34.27054595947311
2025-04-10,2025-01-15,36.3631449121,120.6853649765,flowering,5,
2025-04-11,2025-01-15,34.84112058,134.68510814,flowering,5,195.77500762939576
2025-04-09,2025-01-15,33.9114945651,-85.7157532184,flowering,5,619.6587768554704
2025-04-10,2025-01-15,39.8674769587,-82.8798619691,flowering,5,210.74097747802819
2025-04-10,2025-01-15,50.33426671,14.03128621,budding,5,71.0027328491218
2025-03-26,2025-01-15,39.9113238889,32.7999716667,flowering,5,120.63971710205135
2025-03-26,2025-01-15,39.9116727778,32.7968622222,flowering,5,120.63971710205135
2025-04-10,2025-01-15,37.9630432129,-84.4562683105,flowering,5,310.84798736572384
2025-04-10,2025-01-15,51.2990655591,-0.2412412316,flowering,5,167.59291229248151
2025-03-26,2025-01-15,39.9120530556,32.800305,flowering,5,120.63971710205135
2025-03-26,2025-01-15,39.9119275,32.8001155556,flowering,5,120.63971710205135
2025-03-24,2025-01-15,39.9102631111,32.7905403056,flowering,5,100.52531890869193
2025-03-24,2025-01-15,39.9102656944,32.790594,flowering,5,100.52531890869193
2025-03-03,2025-01-15,39.1723666667,-77.25052,flowering,5,23.63862609863304
2025-04-10,2025-01-15,46.9751583333,15.8116583333,flowering,5,113.79506988525475
2025-03-01,2025-01-15,47.269630478,11.344553772,flowering,5,0.0
2025-04-10,2025-01-15,49.0052805617,8.5217515379,flowering,5,171.7740676879895
2025-04-09,2025-01-15,42.2562604906,-82.7701163292,flowering,5,80.36618041992233
2025-04-09,2025-01-15,48.4586944,18.6110467,flowering,5,62.466459655762264
2025-04-10,2025-01-15,43.0529455994,-2.1750145719,flowering,5,347.7168670654314
2025-04-10,2025-01-15,48.5768366667,8.877345,flowering,5,95.71349182128995
2025-04-10,2025-01-15,37.7361616667,127.0540778333,flowering,5,93.19960174560606
2025-04-09,2025-01-15,35.5758072285,139.3893060799,flowering,5,193.74264068603634
2025-04-09,2025-01-15,43.1812955095,-77.5091884653,flowering,5,71.46694641113322
2025-04-08,2025-01-15,37.32153216,-121.71004402,flowering,5,487.1874679565449
2025-04-09,2025-01-15,37.5905990601,-82.5092544556,flowering,5,356.80497283935676
2025-04-09,2025-01-15,39.0165932,-76.8272070997,flowering,5,273.67493438720817
2025-04-09,2025-01-15,53.3937026654,-2.7516893029,flowering,5,159.30916595459098
2025-04-09,2025-01-15,41.8438028928,-72.6387860484,flowering,5,86.43324584960999
2025-04-09,2025-01-15,40.8906383333,-73.8952633333,flowering,5,133.4293502807625
2025-04-09,2025-01-15,35.9466033333,-83.9390033333,flowering,5,440.9457962036147
2025-04-09,2025-01-15,49.94195,15.0956366667,flowering,5,63.603337097168605
2025-04-07,2025-01-15,55.6735972222,12.6057,flowering,5,
2025-04-08,2025-01-15,34.7456166667,136.52278,flowering,5,257.274014282228
2025-03-23,2025-01-15,45.2759104559,37.3798747389,flowering,5,70.58357086181695
2025-04-08,2025-01-15,40.6756858611,-78.2493133333,flowering,5,105.4609573364263
2025-04-08,2025-01-15,39.8874716081,-75.2521866196,flowering,5,211.12257232666116
2025-03-09,2025-01-15,45.2946378172,37.3651707107,flowering,5,19.932484436035452
2025-04-08,2025-01-15,50.4874166667,13.670955,flowering,5,77.14374389648503
2025-03-30,2025-01-15,35.6212877795,-78.8534816322,flowering,5,420.9570053100599
2025-04-08,2025-01-15,35.74672,139.8170616667,flowering,5,242.43338928222784
2025-03-19,2025-01-15,37.1623088351,-3.68908138,flowering,5,300.0078414917007
2025-03-30,2025-01-15,46.4404611111,6.9134972222,flowering,5,16.437538146972997
2025-04-08,2025-01-15,42.5460283333,140.7768383333,flowering,5,8.574601745605605
2025-04-08,2025-01-15,42.5486616667,140.771575,flowering,5,8.574601745605605
2025-04-08,2025-01-15,35.6655805556,139.3162583333,flowering,5,178.78694152832134
2025-04-08,2025-01-15,36.6573638916,138.1817321777,flowering,5,32.842951965332304
2025-04-07,2025-01-15,43.1757115499,-77.5275353065,flowering,5,71.46694641113322
2025-04-07,2025-01-15,43.1757167904,-77.5277128342,flowering,5,71.46694641113322
2025-04-07,2025-01-15,43.923105,-80.1027111667,flowering,5,21.154713439941588
2025-03-23,2025-01-15,-37.8440455436,175.0713497437,flowering,5,936.8202331542984
2025-04-08,2025-01-15,35.6466614,139.43975996,flowering,5,184.7944656372082
2025-04-07,2025-01-15,30.6382132614,-96.9895468365,flowering,5,906.7678970336931
2025-04-04,2025-01-15,40.2465024661,-76.0216184937,flowering,5,156.57474670410227
2025-04-07,2025-01-15,38.9415344905,-8.0600414425,flowering,5,614.1819198608417
2025-04-07,2025-01-15,43.3312208269,-1.9613331556,flowering,5,446.02285308838077
2025-04-03,2025-01-15,36.3665847778,120.6873855589,flowering,5,
2025-04-07,2025-01-15,36.3081092833,120.4948272703,flowering,5,143.39331970214914
2025-04-07,2025-01-15,36.657305,127.5087883333,flowering,5,119.90565032959046
2025-03-27,2025-01-15,37.5680559722,138.871878,flowering,5,61.674835205078466
2025-03-29,2025-01-15,39.6244383333,-79.9606033333,flowering,5,136.31419067382876
2025-04-07,2025-01-15,35.6466706,139.43974033,flowering,5,178.25891113281364
2025-04-06,2025-01-15,42.4031153648,-85.3963395954,flowering,5,107.20261535644579
2025-04-06,2025-01-15,51.4319799833,-0.0661633333,flowering,5,161.20917053222752
2025-04-06,2025-01-15,40.8647883333,-3.492105,flowering,5,134.75393066406366
2025-04-06,2025-01-15,40.8658416667,-3.49303,flowering,5,134.75393066406366
2025-04-06,2025-01-15,37.32137252,-77.38136086,flowering,5,422.911122131349
2025-04-06,2025-01-15,49.261883341,3.6945048889,flowering,5,175.32902374267678
2025-04-05,2025-01-15,40.1321422997,-8.3346129997,flowering,5,411.6249176025409
2025-03-25,2025-01-15,38.9361245592,-76.6816142356,flowering,5,148.19602050781327
2025-04-06,2025-01-15,36.085725,139.7358383333,flowering,5,184.79462127685656
2025-04-06,2025-01-15,48.8275031944,2.2561180556,flowering,5,194.45041656494254
2025-04-06,2025-01-15,45.7203833333,9.649205,flowering,5,141.35295410156357
2025-04-06,2025-01-15,37.3709,126.6449883333,flowering,5,
2025-04-05,2025-01-15,38.9586201467,-77.3570027947,flowering,5,249.0065444946299
2025-04-06,2025-01-15,35.63711692,139.43600477,flowering,5,173.535467529298
2025-04-03,2025-01-15,39.9129601786,-79.9874283472,flowering,5,176.41543731689524
2025-04-05,2025-01-15,50.8969,-0.54151165,flowering,5,173.36072998046984
2025-04-05,2025-01-15,40.04953741,-76.48956593,flowering,5,182.8627990722664
2025-04-04,2025-01-15,39.1393433,21.6495333,flowering,5,134.98324279785254
2025-04-05,2025-01-15,38.6542466667,-121.2085416667,flowering,5,433.7066741943378
2025-03-23,2025-01-15,39.82594,32.826751,flowering,5,82.07509918212929
2025-04-05,2025-01-15,38.86943,-77.0004972217,flowering,5,262.2603393554698
2025-04-05,2025-01-15,49.388588,15.606165,flowering,5,44.67430419921925
2025-04-05,2025-01-15,51.1162611667,14.9602416667,flowering,5,61.91904602050852
2025-04-05,2025-01-15,48.9893993,14.4533609997,flowering,5,68.64572753906316
2025-03-08,2025-01-15,40.6834823511,30.6249338016,flowering,5,59.727334594727154
2025-04-05,2025-01-15,37.7085583333,120.4410555556,flowering,5,118.93108673095765
2025-04-05,2025-01-15,35.5570428011,116.9521476253,flowering,5,232.62784881591892
2025-04-05,2025-01-15,43.3801183,-4.0428821,flowering,5,486.8123947143573
2025-04-05,2025-01-15,35.574995,137.595475,flowering,5,38.25778656005889
2025-04-05,2025-01-15,35.3465614395,116.5936458527,flowering,5,249.3915893554697
2025-04-05,2025-01-15,36.731632356,117.0651047855,flowering,5,228.66547698974694
2025-04-04,2025-01-15,37.3913333333,126.641875,budding,5,
2025-04-03,2025-01-15,35.0891572,-83.7208255997,flowering,5,243.4405776977551
2025-04-05,2025-01-15,29.455822,121.3035465,flowering,5,324.2648086547865
2025-04-04,2025-01-15,40.671349,-81.966247,flowering,5,158.30646057128968
2025-04-04,2025-01-15,38.8773193359,-77.4087371826,flowering,5,246.68511199951274
2025-04-04,2025-01-15,38.8310616667,-77.1351166667,flowering,5,258.62107086181743
2025-03-29,2025-01-15,38.5994067997,-77.0664553,flowering,5,200.54044494629
2025-04-04,2025-01-15,38.9943416667,-76.6787033333,flowering,5,238.82218017578225
2025-04-04,2025-01-15,50.95665,13.0571583333,flowering,5,82.9426269531258
2025-04-04,2025-01-15,41.97445684,13.958253,flowering,5,29.19075317382851
2025-04-01,2025-01-15,40.3019332123,-75.0355838522,flowering,5,139.9361877441413
2025-04-04,2025-01-15,42.9001933333,-2.17468,flowering,5,145.21661224365357
2025-04-01,2025-01-15,34.622615,-82.8215033333,flowering,5,433.8114151000991
2025-03-28,2025-01-15,48.1156833333,-123.3026416667,flowering,5,72.38257904052819
2025-04-04,2025-01-15,35.6859399705,139.5251933021,flowering,5,156.51837768554788
2025-04-03,2025-01-15,36.4959366667,-121.1426471667,flowering,5,440.41637268066586
2025-04-04,2025-01-15,35.9933298745,119.4046309025,flowering,5,187.21113281250075
2025-04-03,2025-01-15,40.7572033333,-73.9526216667,flowering,5,117.49370727539133
2025-04-04,2025-01-15,-38.6747680033,177.9105051979,flowering,5,1044.4245147705096
2025-04-03,2025-01-15,39.5831771472,-76.2045565801,flowering,5,178.02429962158294
2025-04-03,2025-01-15,46.9485104403,16.1039422272,flowering,5,121.57532043457104
2025-04-03,2025-01-15,41.2909508617,-82.2157779734,flowering,5,129.81732482910206
2025-04-03,2025-01-15,47.771247,9.24445,flowering,5,62.79674377441472
2025-04-03,2025-01-15,34.20647154,-117.4066520041,flowering,5,505.9310424804705
2025-04-03,2025-01-15,50.4526783333,13.3192333333,budding,5,31.662409973144918
2025-03-28,2025-01-15,51.3013358305,-0.2390344441,flowering,5,110.32285003662184
2025-04-03,2025-01-15,35.9784992963,-84.0695427958,flowering,5,382.49480438232547
2025-02-25,2025-01-15,45.0270388889,-123.0155805556,flowering,5,37.691409301758085
2025-04-03,2025-01-15,33.18196042,130.01789491,flowering,5,240.49202575683717
2025-04-02,2025-01-15,41.0656027737,-3.5213024317,flowering,5,50.98833160400443
2025-03-28,2025-01-15,37.2424888889,140.5948833333,flowering,5,50.57096862793003
2025-04-02,2025-01-15,49.2739248622,17.0064805448,flowering,5,72.04960174560597
2025-03-22,2025-01-15,38.9167057397,-77.0262056217,flowering,5,132.57148284912182
2025-04-02,2025-01-15,43.1757259011,-77.5276040626,budding,5,54.27721862792998
2025-04-02,2025-01-15,43.1761379965,-77.5273421959,flowering,5,54.27721862792998
2025-03-15,2025-01-15,42.2262300519,-118.7820304909,flowering,5,4.99478912353527
2025-04-02,2025-01-15,35.2109469722,136.882764,flowering,5,169.73260498046977
2025-04-02,2025-01-15,40.2111583333,-75.8131783333,flowering,5,136.4386291503913
2025-04-01,2025-01-15,48.186691,16.360029,flowering,5,102.44827880859441
2025-04-02,2025-01-15,39.9493216462,-75.5385118798,flowering,5,148.57712097168042
2025-03-27,2025-01-15,38.5670048986,-7.9088275675,flowering,5,467.80061645507976
2025-04-02,2025-01-15,36.5726555556,136.704,flowering,5,87.74778442382865
2025-04-02,2025-01-15,25.0003055556,121.165475,flowering,5,826.7720764160174
2025-03-30,2025-01-15,48.532375,-123.388345,flowering,5,85.79089965820413
2025-04-01,2025-01-15,38.9969783333,-84.7285533333,flowering,5,193.18187103271566
2024-03-30,2024-11-24,39.4069062026,-76.5931981422,flowering,5,3.787568664550804
2025-04-01,2025-01-15,38.9545944444,-77.0788083333,flowering,5,209.9139511108408
2025-04-01,2025-01-15,33.242657,-97.109358,flowering,5,636.8031250000015
2025-04-01,2025-01-15,36.7208301897,-86.576194859,flowering,5,344.1365310668957
2025-04-01,2025-01-15,38.9917995562,-76.9401040301,flowering,5,205.41768798828218
2025-04-01,2025-01-15,38.169939077,-78.2874125702,flowering,5,252.35608825683698
2025-03-26,2025-01-15,33.7485383333,-94.6424333333,flowering,5,466.5990310668958
2025-04-01,2025-01-15,40.0518528333,-77.52472,flowering,5,124.0839569091803
2025-04-01,2025-01-15,32.7108083333,-80.1561055,flowering,5,680.5645751953141
2025-04-01,2025-01-15,51.4532869493,13.512289077,flowering,5,74.75603179931716
2025-04-01,2025-01-15,59.1959507893,17.7938808873,flowering,5,29.029466247558958
2025-03-29,2025-01-15,40.5493583333,47.8711444444,flowering,5,213.2889038085949
2025-04-01,2025-01-15,33.560625,133.5308566667,flowering,5,181.65662536621198
2025-04-01,2025-01-15,33.5429271496,133.2521505654,flowering,5,211.0957641601574
2025-04-01,2025-01-15,43.1559022609,16.4181006979,flowering,5,
2025-03-29,2025-01-15,40.5491861111,47.8711805556,flowering,5,213.2889038085949
2025-04-01,2025-01-15,51.1401610728,4.5676865336,flowering,5,140.88424072265718
2025-04-01,2025-01-15,40.5642791988,-4.017408243,flowering,5,149.24707489013804
2025-03-31,2025-01-15,42.6378065194,13.8761393967,flowering,5,277.1912368774431
2025-03-31,2025-01-15,44.5617003,-123.2155428,flowering,5,156.99617614746194
2025-03-31,2025-01-15,33.242657,-97.109358,flowering,5,622.2365341186538
2025-03-31,2025-01-15,38.7751616667,-76.8177333333,flowering,5,215.8869735717783
2025-03-31,2025-01-15,39.1961836997,-76.7783625,flowering,5,180.7254989624032
2025-03-31,2025-01-15,40.8405305556,-73.9989416667,flowering,5,103.5441497802741
2025-03-31,2025-01-15,40.2835371,-111.6919045,flowering,5,20.331353759765875
2025-03-30,2025-01-15,47.0816539521,15.4563768401,flowering,5,55.254588317871594
2025-03-29,2025-01-15,39.6475241693,-79.9610191714,flowering,5,136.31419067382876
2025-03-31,2025-01-15,36.68167419,-79.37255433,flowering,5,349.8803222656262
2025-03-31,2025-01-15,38.9993472222,-76.6794361111,flowering,5,199.39495849609466
2025-03-31,2025-01-15,40.46120778,-75.980736874,flowering,5,110.60320434570372
2025-03-30,2025-01-15,35.3722333333,-94.4044944444,flowering,5,418.13316192627076
2025-03-31,2025-01-15,37.4153671265,-76.5341186523,flowering,5,278.20320129394645
2025-03-30,2025-01-15,38.892245494,-77.047948949,flowering,5,190.43739318847747
2025-03-31,2025-01-15,50.675695,-3.8382716667,flowering,5,99.6943939208993
2025-03-31,2025-01-15,38.8338851929,-77.1361312866,flowering,5,218.05552062988374
2025-03-24,2025-01-15,35.7757383333,139.3666216667,flowering,5,91.48483276367256
2025-03-31,2025-01-15,40.6685144173,26.7671639775,flowering,5,291.18544311523567
2025-03-22,2025-01-15,25.1816983333,121.5231333333,flowering,5,669.7631942749039
2025-03-31,2025-01-15,48.1460655836,17.0783968276,flowering,5,108.68586273193421
2025-03-29,2025-01-15,38.9668027778,-77.6205222222,flowering,5,173.58636322021573
2025-03-30,2025-01-15,39.0203254788,-79.0059809673,flowering,5,133.65095062255932
2025-03-30,2025-01-15,39.1680319,-84.5735872,flowering,5,183.50508575439528
2025-03-29,2025-01-15,36.1295695,-94.1586,flowering,5,352.17947235107533
2025-03-30,2025-01-15,42.0133826586,-86.4357709623,flowering,5,94.09605102539103
2025-03-30,2025-01-15,29.7453783333,-95.0746,flowering,5,823.2258804321305
2025-03-26,2025-01-15,35.410475,-82.19311,flowering,5,275.5789428710948
2025-03-30,2025-01-15,33.83973,-84.5088616667,flowering,5,453.0633789062514
2025-03-29,2025-01-15,39.5486302858,-76.8931095371,flowering,5,118.44268798828193
2025-03-30,2025-01-15,35.1784133889,25.7111034167,flowering,5,559.8640213012712
2025-03-28,2025-01-15,48.7239883333,17.7620183333,flowering,5,61.93551940918019
2025-03-28,2025-01-15,48.7169183056,17.7705616111,flowering,5,61.93551940918019
2025-03-30,2025-01-15,48.3997230991,9.9740194453,flowering,5,54.120120239258426
2025-03-29,2025-01-15,38.1188222222,-83.1066333333,flowering,5,232.34034118652437
2025-03-30,2025-01-15,52.7495135987,1.402374742,flowering,5,106.85580444336028
2025-03-29,2025-01-15,39.7995079,-86.3361505,flowering,5,140.92826232910227
2025-03-30,2025-01-15,48.05624,7.90635,flowering,5,94.05904235839921
2025-03-30,2025-01-15,40.4011998419,-3.7030481268,flowering,5,216.52067413330224
2025-03-30,2025-01-15,35.17785,116.234795,flowering,5,211.13760986328214
2025-03-30,2025-01-15,50.0889991689,14.458254911,flowering,5,53.86525573730523
2025-03-27,2025-01-15,47.822645,18.7647833333,flowering,5,70.6820434570318
2025-03-30,2025-01-15,34.9250712631,137.6859878485,flowering,5,173.2288619995128
2025-03-26,2025-01-15,48.7900883333,17.896625,flowering,5,42.62709350585976
2025-03-30,2025-01-15,35.6131633333,139.4184883333,flowering,5,152.0060623168955
2025-03-30,2025-01-15,35.6177583333,139.41693,flowering,5,152.0060623168955
2025-03-29,2025-01-15,39.8683866667,-79.7159883333,flowering,5,114.83956604003959
2025-03-30,2025-01-15,35.2523536682,137.0495452881,flowering,5,125.0017150878914
2025-03-30,2025-01-15,35.71218739,139.8471669,flowering,5,196.44460601806747
2025-03-30,2025-01-15,35.711430637,139.8469593995,flowering,5,196.44460601806747
2025-03-29,2025-01-15,39.6919338138,-87.44001436,flowering,5,165.13007812500075
2025-03-29,2025-01-15,39.16567635,-76.87153388,flowering,5,150.45173187255944
2025-03-29,2025-01-15,51.5482049833,-0.06033,flowering,5,117.41993560791093
2025-03-29,2025-01-15,37.4723396997,-122.2780414,flowering,5,463.29188385009934
2025-03-24,2025-01-15,35.00399,-82.0357383333,flowering,5,322.76251068115346
2025-03-29,2025-01-15,34.082235,-84.0397683333,flowering,5,406.58483886718886
2025-03-29,2025-01-15,38.5924691,-77.1616396997,flowering,5,203.54514465332124
2025-03-29,2025-01-15,41.0994490541,-81.440686807,flowering,5,101.95339355468798
2025-03-29,2025-01-15,40.4251396513,-79.697867619,flowering,5,108.63197479248095
2025-03-28,2025-01-15,45.8582803736,8.3849240094,flowering,5,6.075546264648551
2025-03-29,2025-01-15,37.5631752014,-84.252456665,flowering,5,237.21688079834087
2025-03-29,2025-01-15,39.2164271546,-76.8543016321,flowering,5,150.45173187255944
2025-03-29,2025-01-15,41.19045225,-81.57568457,flowering,5,99.79627990722702
2025-03-29,2025-01-15,37.9571216667,-84.5001833333,flowering,5,210.1228958129892
2025-03-29,2025-01-15,38.248457,-85.7912699722,flowering,5,213.10583190918055
2025-03-29,2025-01-15,37.5725924224,-84.2963958532,flowering,5,237.21688079834087
2025-03-29,2025-01-15,40.1263847351,-111.6496276855,flowering,5,25.899168395996412
2025-03-26,2025-01-15,48.7752766667,17.89526,flowering,5,42.62709350585976
2025-03-26,2025-01-15,48.7740616667,17.89414,flowering,5,42.62709350585976
2025-03-26,2025-01-15,48.7602082778,17.88679,flowering,5,42.62709350585976
2025-03-29,2025-01-15,30.3461463205,-90.9872647016,flowering,5,778.9965927124039
2025-03-29,2025-01-15,40.3173740423,-80.0963638161,flowering,5,117.67892456054744
2025-03-29,2025-01-15,35.8131700728,-86.495769451,flowering,5,360.14168243408324
2025-03-29,2025-01-15,38.2210540771,-85.5863342285,flowering,5,210.95152282714935
2025-03-19,2025-01-15,48.1478449444,17.2042066667,flowering,5,57.473733520508176
2025-03-29,2025-01-15,43.9388166667,12.551405,flowering,5,222.42313079834128
2025-03-29,2025-01-15,46.8723616667,15.8565433333,budding,5,90.96950836181702
2025-03-29,2025-01-15,40.3989954852,-3.7402166706,flowering,5,212.1817520141616
2025-03-29,2025-01-15,40.9661523344,29.0628937259,flowering,5,236.5340896606458
2025-03-27,2025-01-15,40.10580825,-8.4325122778,flowering,5,392.77556152343914
2025-03-29,2025-01-15,34.4899833333,134.0903945,flowering,5,
2025-03-19,2025-01-15,35.3440080379,-83.8318594842,flowering,5,169.1164550781259
2025-03-15,2025-01-15,43.7521443,11.3201921,flowering,5,176.9210006713879
2025-03-28,2025-01-15,38.8822116667,-77.033875,flowering,5,159.37309722900477
2025-03-28,2025-01-15,40.88127457,-76.79037062,flowering,5,59.375495910644986
2025-03-22,2025-01-15,44.1491124297,40.8289091822,flowering,5,34.64161376953143
2025-03-28,2025-01-15,39.8942260742,-75.1713104248,flowering,5,118.1283142089851
2025-03-21,2025-01-15,48.20268919,15.63510408,flowering,5,40.32612915039101
2025-03-28,2025-01-15,39.1040461118,-77.2118584352,flowering,5,138.74363861084066
2025-03-28,2025-01-15,39.3716163635,-76.5235977173,flowering,5,117.85649261474691
2025-03-28,2025-01-15,38.79357473,-77.03949338,flowering,5,167.697735595704
2025-03-28,2025-01-15,48.0560758,7.9067273,flowering,5,89.3634216308601
2025-03-24,2025-01-15,39.7749761045,-79.8752205802,flowering,5,112.8205825805669
2025-03-28,2025-01-15,40.2003707778,-8.4231557778,flowering,5,442.58378295898603
2025-03-26,2025-01-15,41.3127332972,2.1159561351,flowering,5,426.2081237792985
2025-03-27,2025-01-15,41.4160027778,-82.3885555556,flowering,5,52.46586608886753
2025-03-16,2025-01-15,39.1900121847,-78.1320042493,flowering,5,75.66758270263722
2025-03-28,2025-01-15,40.68165,-3.8236466667,flowering,5,113.16551666259875
2025-03-27,2025-01-15,35.9257539477,-79.0552337115,flowering,5,348.6308288574231
2025-03-27,2025-01-15,35.9257539477,-79.0552337115,flowering,5,348.6308288574231
2025-03-28,2025-01-15,53.4443866433,18.4986870016,flowering,5,41.08083648681691
2025-03-22,2025-01-15,35.7943912707,139.8607430377,flowering,5,121.26353759765709
2025-03-28,2025-01-15,50.8695351243,12.0504757762,flowering,5,63.43877105712954
2025-03-28,2025-01-15,35.6406944444,139.4307722222,flowering,5,148.0794387817392
2025-03-27,2025-01-15,52.3537466667,9.28708,flowering,5,79.93328094482479
2025-03-27,2025-01-15,40.4187070806,-79.9151343306,budding,5,98.9692810058599
2025-03-28,2025-01-15,35.646733,139.43978238,flowering,5,148.0794387817392
2025-03-24,2025-01-15,50.8861114567,4.3472256399,flowering,5,112.96759185791086
2025-03-27,2025-01-15,40.2890252548,-111.6585960612,flowering,5,15.65821838378929
2025-03-27,2025-01-15,42.2988666667,-122.8454583333,flowering,5,97.36398925781327
2025-03-27,2025-01-15,51.2983746029,-0.2405512333,flowering,5,106.33942718505932
2025-03-27,2025-01-15,51.2984442021,-0.2404037118,flowering,5,106.33942718505932
2025-03-27,2025-01-15,50.8672188035,4.2760486901,flowering,5,124.04830017089921
2025-03-20,2025-01-15,44.4460731596,40.7396395621,budding,5,64.8964477539065
2025-03-20,2025-01-15,44.4445461063,40.7398084478,flowering,5,64.8964477539065
2025-03-23,2025-01-15,40.0100669722,-8.4050502778,flowering,5,336.724911499025
2025-03-20,2025-01-15,44.4445868658,40.7339088949,flowering,5,64.8964477539065
2025-03-27,2025-01-15,43.6344555556,3.8612611111,flowering,5,334.9199234008805
2025-03-27,2025-01-15,40.3670908271,-80.7036684081,flowering,5,97.41314392089896
2025-03-27,2025-01-15,39.6369574182,-79.9499366732,flowering,5,108.42792205810599
2025-03-19,2025-01-15,40.7725986766,-73.2402575389,flowering,5,39.628634643555074
2025-03-27,2025-01-15,39.6369733333,-79.9557583333,flowering,5,117.11486206054747
2025-03-27,2025-01-15,49.4639219486,8.6722430976,flowering,5,87.71282501220776
2025-03-27,2025-01-15,43.700036967,7.0025190432,flowering,5,164.42458038330233
2025-03-27,2025-01-15,50.7262200997,7.0928231997,flowering,5,112.6478454589851
2025-03-27,2025-01-15,53.9447833333,-1.0523221667,flowering,5,91.23433532714921
2025-03-27,2025-01-15,47.7336724969,19.8803257129,flowering,5,80.59376220703189
2025-03-27,2025-01-15,25.1360888333,121.4250716667,flowering,5,786.7859985351579
2025-03-22,2025-01-15,34.7748551478,135.4885797791,flowering,5,81.88822937011798
2025-03-08,2025-01-15,52.8822547188,11.0318825476,flowering,5,38.106835937500364
2025-03-27,2025-01-15,35.1189628523,135.7624410467,flowering,5,99.12800598144588
2025-03-26,2025-01-15,32.9431028997,-83.4196589,flowering,5,519.3450897216811
2025-03-25,2025-01-15,46.048425,-118.3639666667,flowering,5,125.98264007568434
2025-03-25,2025-01-15,54.6984244391,-1.218008548,flowering,5,83.74268646240319
2025-03-26,2025-01-15,38.7635694444,-76.0059444444,flowering,5,159.4960189819344
2025-03-26,2025-01-15,38.7190194444,-75.9427805556,flowering,5,168.2320724487313
2025-03-26,2025-01-15,38.7140194444,-75.9392444444,flowering,5,168.2320724487313
2025-03-24,2025-01-15,40.2913888889,-111.6574861111,flowering,5,8.567973327636878
2025-03-24,2025-01-15,41.4433010855,14.0172842007,flowering,5,245.6344635009781
2025-03-26,2025-01-15,30.0125932,-95.2742341,flowering,5,737.3350509643569
2025-03-26,2025-01-15,38.845632573,-77.0972876066,flowering,5,159.29676208496176
2025-03-21,2025-01-15,46.1721212351,7.2178008538,flowering,5,0.0
2025-03-26,2025-01-15,42.4865310751,2.7442783313,flowering,5,151.12957458496226
2025-03-26,2025-01-15,47.4978584486,8.2638309896,flowering,5,70.7138626098639
2025-03-21,2025-01-15,46.2509334073,7.4203524081,flowering,5,0.0
2025-03-26,2025-01-15,36.1573638914,120.4921188353,flowering,5,74.6810211181645
2025-03-21,2025-01-15,36.5492114167,136.7041121076,flowering,5,26.445500183105764
2025-03-25,2025-01-15,43.1759208711,-77.5279404719,budding,5,45.59253845214869
2025-03-25,2025-01-15,43.175805985,-77.5279354929,budding,5,45.59253845214869
2025-03-23,2025-01-15,29.8145583333,-96.1092472222,flowering,5,710.7616058349623
2025-03-18,2025-01-15,38.1044073839,-84.5290526748,flowering,5,142.15094604492253
2025-03-26,2025-01-15,35.64671001,139.43984071,flowering,5,124.58815612793057
2025-03-26,2025-01-15,35.4494140103,139.9923395879,flowering,5,217.37397766113406
2025-03-18,2025-01-15,39.921455,32.8055383333,flowering,5,93.38512573242235
2025-03-18,2025-01-15,39.9202188889,32.8052963889,flowering,5,93.38512573242235
2025-03-25,2025-01-15,38.703175,-75.9183361111,flowering,5,164.3552474975594
2025-03-25,2025-01-15,34.0224888333,-81.0331028333,flowering,5,457.15948791504036
2025-03-21,2025-01-15,50.4379655556,14.8937258333,flowering,5,21.93715057373072
2025-03-25,2025-01-15,38.1206909344,-85.5366161093,flowering,5,189.944056701661
2025-03-25,2025-01-15,39.2855212255,-7.4298349768,flowering,5,330.07144927978675
2025-03-25,2025-01-15,35.930595,-79.0551695,flowering,5,335.4790313720715
2025-03-25,2025-01-15,37.737153796,-84.3060626851,flowering,5,203.93546447754
2025-03-25,2025-01-15,39.6561217982,-79.9227234993,flowering,5,113.8475769042974
2025-03-25,2025-01-15,41.96737514,13.96662238,flowering,5,28.626846313476904
2025-03-24,2025-01-15,36.5704416667,-121.6872783333,flowering,5,401.7540649414078
2025-03-25,2025-01-15,40.2015045265,-77.1966952688,flowering,5,84.69270629882863
2025-03-25,2025-01-15,50.0960222222,14.3469277778,flowering,5,36.6157196044926
2025-03-25,2025-01-15,53.0224304167,18.56739425,flowering,5,35.60899505615282
2025-03-21,2025-01-15,46.2471611111,7.4450694444,flowering,5,0.0
2025-03-21,2025-01-15,46.2489305556,7.4447055556,flowering,5,0.0
2025-03-25,2025-01-15,53.6583696,-0.594183,flowering,5,87.11406402587966
2025-03-25,2025-01-15,49.8924039722,14.4009129722,flowering,5,37.22637634277385
2024-03-07,2024-11-24,38.97660064,-78.35073872,flowering,5,7.89362487792971
2025-03-25,2025-01-15,46.06258466,11.11324585,flowering,5,25.597274780274006
2025-03-25,2025-01-15,40.5643723626,-3.6365080532,flowering,5,165.7719161987318
2025-03-25,2025-01-15,36.46896,117.80043,flowering,5,94.48519592285197
2025-03-24,2025-01-15,37.514375,-121.8278916667,flowering,5,335.6731384277359
2025-03-25,2025-01-15,35.64670948,139.4399404,flowering,5,113.53134613037196
2025-03-24,2025-01-15,47.1474636719,15.8874307248,flowering,5,52.94986724853561
2025-03-23,2025-01-15,43.6704333876,10.651581059,flowering,5,269.3843597412124
2025-03-24,2025-01-15,45.4526211006,-122.8703071922,flowering,5,107.10754699707115
2025-03-24,2025-01-15,35.8141416667,-86.0288611667,flowering,5,289.4082885742198
2025-03-24,2025-01-15,38.1777869957,-84.9049926829,flowering,5,182.40499114990314
2025-03-24,2025-01-15,33.703325855,-117.7610494129,flowering,5,596.5694488525406
2025-03-24,2025-01-15,39.6369783333,-79.955545,flowering,5,114.73540344238336
2025-03-24,2025-01-15,38.0041583333,-89.6523583333,flowering,5,214.91751403808678
2025-03-24,2025-01-15,45.579825,-122.70288,flowering,5,113.94052734375089
2025-03-23,2025-01-15,51.07241,13.7557399833,flowering,5,38.70146942138717
2025-03-23,2025-01-15,51.0450116667,13.7409033167,flowering,5,35.534736633301236
2025-03-19,2025-01-15,46.5156160261,6.5143724135,flowering,5,91.72662200927823
2025-03-23,2025-01-15,35.1085848023,-84.9839582181,flowering,5,300.1527832031261
2025-02-25,2025-01-15,30.2673383333,-97.7057333333,flowering,5,290.15585174560624
2025-03-19,2025-01-15,46.5077027778,6.5388694444,flowering,5,91.72662200927823
2025-03-24,2025-01-15,51.46627,-2.4778616667,flowering,5,95.53585205078195
2025-03-24,2025-01-15,50.8865898739,4.3445274979,flowering,5,112.96759185791086
2025-03-24,2025-01-15,35.1339083333,139.6139138889,flowering,5,
2025-03-24,2025-01-15,35.1318444444,139.6250527778,flowering,5,
2025-03-24,2025-01-15,41.9098303678,12.4416719104,flowering,5,415.87521209716954
2025-03-24,2025-01-15,35.676345,139.7559533333,flowering,5,143.7985549926767
2025-03-23,2025-01-15,29.9864722222,-90.0951888889,flowering,5,695.7071929931654
2025-03-22,2025-01-15,38.0451078997,-84.4916833997,flowering,5,167.53504791259843
2025-03-23,2025-01-15,44.2611916667,-123.1589971667,flowering,5,115.024606323243
2025-03-23,2025-01-15,34.5043551,135.4105306,flowering,5,90.99891815185617
2025-03-23,2025-01-15,38.93879374,-76.96127669,flowering,5,135.07253723144606
2025-03-23,2025-01-15,29.8145974922,-96.1090751946,flowering,5,710.7616058349623
2025-01-30,2025-01-15,30.4088909,-91.1058458,flowering,5,86.97957000732447
2025-03-23,2025-01-15,33.6912408997,-117.7902775997,flowering,5,582.909481811525
2025-03-23,2025-01-15,38.1209195,-83.1056583333,flowering,5,189.57376861572345
2025-03-23,2025-01-15,43.3095366667,12.3149283333,flowering,5,164.48437500000125
2025-03-23,2025-01-15,48.6936305997,16.7947257,flowering,5,62.708433532715276
2025-03-23,2025-01-15,48.7179234997,16.7506911,flowering,5,62.708433532715276
2025-03-23,2025-01-15,46.9359342666,16.0628733033,flowering,5,71.34112701416063
2025-03-21,2025-01-15,36.0818483169,-84.0541340411,flowering,5,241.9434692382822
2025-03-19,2025-01-15,50.8654266901,4.3494838244,flowering,5,80.28681945800838
2025-03-23,2025-01-15,36.69108994,-76.24702421,flowering,5,273.800604248048
2025-03-23,2025-01-15,35.7408752441,-81.7178649902,flowering,5,240.0686309814463
2025-03-23,2025-01-15,37.1509987853,-93.3473794162,flowering,5,218.7287353515634
2024-12-04,2024-11-24,-34.1710861,150.6103504,flowering,5,203.98619995117213
2025-03-23,2025-01-15,38.91054066,-76.95698451,flowering,5,135.07253723144606
2025-03-22,2025-01-15,29.6351854508,-95.6605289,flowering,5,705.1006546020521
2025-03-23,2025-01-15,38.9786176197,-76.6264848132,flowering,5,126.02926177978588
2025-03-23,2025-01-15,48.3061144771,16.3283700825,flowering,5,57.91516571044963
2025-03-23,2025-01-15,50.4621101262,4.8139868304,flowering,5,105.61981353759825
2025-03-23,2025-01-15,49.175675,16.9172433333,flowering,5,42.54966735839878
2025-03-21,2025-01-15,49.443046875,6.6319047619,flowering,5,65.17715606689512
2025-03-23,2025-01-15,34.8545527778,-82.3296666667,flowering,5,301.54706268310656
2025-03-23,2025-01-15,41.6877287643,12.647706549,flowering,5,358.8734481811539
2025-03-19,2025-01-15,42.9509883471,-77.5860211998,flowering,5,45.8846130371096
2025-03-22,2025-01-15,40.3977138889,29.6849305556,flowering,5,180.58574066162203
2025-03-23,2025-01-15,52.2926433333,10.6019266667,flowering,5,58.01049499511771
2025-03-23,2025-01-15,48.2900191913,16.6217794117,flowering,5,64.32727050781295
2025-03-23,2025-01-15,42.2020095793,25.0490074977,flowering,5,132.1727584838875
2025-03-23,2025-01-15,48.3997230991,9.9740194453,flowering,5,38.63693237304733
2025-03-22,2025-01-15,39.8137563,-76.3284397997,flowering,5,87.24026184082084
2025-03-23,2025-01-15,37.3855033333,126.6774133333,flowering,5,
2025-03-23,2025-01-15,40.1993041506,28.9914211106,flowering,5,165.9121032714853
2025-03-22,2025-01-15,33.0849217423,-96.7019379072,flowering,5,470.3066726684583
2025-03-22,2025-01-15,40.8899233333,-73.89521,flowering,5,59.08735656738327
2025-03-22,2025-01-15,40.8897933333,-73.89524,flowering,5,59.08735656738327
2025-03-23,2025-01-15,34.721615,135.7068483333,flowering,5,98.90522918701254
2025-03-23,2025-01-15,35.4576216667,139.3791366667,flowering,5,109.01194610595792
2025-03-23,2025-01-15,35.4547376952,139.3782539109,flowering,5,109.01194610595792
2025-03-23,2025-01-15,35.6266057771,139.4291050918,flowering,5,96.07245025634847
2025-03-22,2025-01-15,51.1265361111,-2.9889861111,flowering,5,102.67033386230548
2025-03-22,2025-01-15,35.5696,139.720825,flowering,5,128.59358520507908
2025-03-22,2025-01-15,51.3414775974,1.4101331681,flowering,5,
2025-03-22,2025-01-15,36.0240444444,-84.2111611111,flowering,5,257.38625030517676
2025-03-04,2025-01-15,19.6684557826,-97.1665081785,flowering,5,471.4116653442394
2025-03-22,2025-01-15,36.2153137997,-84.0759981,flowering,5,243.17473144531345
2025-03-22,2025-01-15,38.0985945,-85.5392133333,flowering,5,178.56854095459062
2025-03-22,2025-01-15,37.0837777778,-84.0543333333,flowering,5,209.146646118165
2025-03-22,2025-01-15,37.5283106682,-77.5043847558,flowering,5,218.88701171875095
2025-03-22,2025-01-15,40.9298755861,-73.7558970498,flowering,5,
2025-03-22,2025-01-15,38.3326833333,-82.9403216667,flowering,5,181.26299133300859
2025-03-22,2025-01-15,47.2749770264,14.775507065,flowering,5,0.0
2025-03-22,2025-01-15,51.8681296294,10.7322552055,flowering,5,33.41994171142619
2025-03-22,2025-01-15,50.0347506534,15.7502922602,flowering,5,28.186947631836233
2025-03-22,2025-01-15,52.75995,-1.5869349722,flowering,5,72.6225601196295
2025-03-22,2025-01-15,33.44128786,-86.87938193,flowering,5,431.75553894043094
2025-03-22,2025-01-15,52.24945,11.4012305556,flowering,5,43.36685485839894
2025-03-19,2025-01-15,46.5241082952,6.6018307467,flowering,5,80.43829650878979
2025-03-21,2025-01-15,50.8818854201,4.3161843911,flowering,5,93.01892547607486
2025-03-22,2025-01-15,47.0818325365,7.5692216679,flowering,5,53.94060821533253
2025-03-22,2025-01-15,50.6113223456,2.4455054104,flowering,5,101.14508209228586
2025-03-22,2025-01-15,50.69474,-2.2411866667,flowering,5,119.65030975341892
2025-03-22,2025-01-15,42.0026465133,1.5296097379,flowering,5,95.5797866821299
2025-03-22,2025-01-15,37.1722222101,28.3752775937,flowering,5,155.42175292968852
2025-03-18,2025-01-15,35.6878666667,139.4229133333,flowering,5,68.34976196289131
2025-03-22,2025-01-15,35.6326070074,139.4673720872,flowering,5,94.66352844238361
2025-03-22,2025-01-15,35.6326056063,139.4674632823,flowering,5,94.66352844238361
2025-03-21,2025-01-15,44.8312445643,24.8455022648,flowering,5,67.25585937500045
2025-03-22,2025-01-15,46.977168363,15.9969550744,flowering,5,53.42519226074262
2025-03-22,2025-01-15,44.7201766667,19.7120033333,flowering,5,123.68600311279363
2025-03-21,2025-01-15,38.2641183333,140.8497766667,flowering,5,14.897360229492392
2025-03-22,2025-01-15,35.0181305,135.7647866667,flowering,5,63.91558990478575
2025-03-22,2025-01-15,35.9577716667,139.0339195,flowering,5,31.176440429687773
2025-03-20,2025-01-15,36.0709873984,120.4233155027,flowering,5,29.90236206054726
2025-03-22,2025-01-15,35.6872950259,139.7588910199,flowering,5,126.48670043945401
2025-03-22,2025-01-15,36.5747111111,136.6263888889,flowering,5,35.62862091064483
2025-03-20,2025-01-15,37.1041388889,-113.5768027778,flowering,5,277.3664047241224
2025-03-22,2025-01-15,35.0800132537,138.1134692519,flowering,5,34.04001312255889
2025-03-22,2025-01-15,35.4617344905,139.3826085978,flowering,5,100.17994384765711
2025-03-22,2025-01-15,35.6294651,139.2690162,flowering,5,72.76734619140689
2025-03-22,2025-01-15,35.6749533333,139.7581783333,flowering,5,126.48670043945401
2025-03-22,2025-01-15,35.6425824,139.437993,flowering,5,87.44943237304767
2025-03-21,2025-01-15,37.84931706,-87.4042686151,flowering,5,198.10863494873126
2025-03-21,2025-01-15,50.5646741997,7.2857427,flowering,5,61.31797485351615
2025-03-02,2025-01-15,29.7809698237,-95.3785854897,flowering,5,417.4835891723642
2025-03-21,2025-01-15,35.7758333333,-78.6532283333,flowering,5,300.14847412109486
2025-03-16,2025-01-15,34.94527,-80.0739138333,flowering,5,324.4024765014659
2025-03-10,2025-01-15,40.150622975,-111.5582925081,flowering,5,6.814695739746185
2025-03-16,2025-01-15,50.4969080556,14.8216063889,flowering,5,16.571646118164267
2025-03-21,2025-01-15,36.4974327087,-91.535949707,flowering,5,248.86019134521575
2025-03-21,2025-01-15,48.9141241,2.82136843,flowering,5,103.09438781738356
2025-03-21,2025-01-15,44.0288083333,5.9897666667,flowering,5,58.998179626465685
2025-03-21,2025-01-15,40.9775142615,28.7862785062,flowering,5,184.31616210937614
2025-03-21,2025-01-15,40.972952087,28.7896086373,flowering,5,184.31616210937614
2025-03-21,2025-01-15,40.972952087,28.7896086373,flowering,5,184.31616210937614
2025-03-21,2025-01-15,40.972952087,28.7896086373,flowering,5,184.31616210937614
2025-03-21,2025-01-15,51.4574883333,-2.470885,flowering,5,81.57459716796939
2025-03-21,2025-01-15,37.40047,126.6769116667,budding,5,
2025-03-21,2025-01-15,41.0414638889,29.0091805556,flowering,5,177.03604736328236
2025-03-21,2025-01-15,36.00349445,139.0821221667,flowering,5,35.34281921386753
2025-03-21,2025-01-15,50.5646741997,7.2857427,flowering,5,61.31797485351615
2025-03-21,2025-01-15,43.29837648,68.27076969,flowering,5,96.56471099853559
2025-03-21,2025-01-15,36.5480486345,116.8322056163,flowering,5,103.98070831298878
2025-03-21,2025-01-15,35.2514638889,139.1555694444,flowering,5,
2025-03-21,2025-01-15,31.2625233333,120.4277983333,flowering,5,185.82808685302848
2025-03-18,2025-01-15,38.8948444444,-77.08055,flowering,5,105.48022155761782
2025-03-13,2025-01-15,38.8908472222,-77.0774277778,flowering,5,73.37453918457084
2025-03-21,2025-01-15,35.64692517,139.44060904,flowering,5,78.43220367431718
2025-03-20,2025-01-15,37.2346916667,-121.846375,flowering,5,350.942749023439
2025-03-20,2025-01-15,50.8669918546,4.283124308,flowering,5,84.98308868408265
2025-03-20,2025-01-15,33.6582646,-95.5558555,flowering,5,397.0901214599621
2025-03-20,2025-01-15,38.8096476004,-77.0600799099,flowering,5,130.5034713745124
2025-03-05,2025-01-15,36.2288945539,6.7213846807,flowering,5,202.38464050293078
2025-03-20,2025-01-15,39.4871774567,-76.5008023533,flowering,5,86.38063964843809
2025-03-20,2025-01-15,40.2105492214,-75.3954823875,flowering,5,80.60269927978561
2025-03-16,2025-01-15,39.9407283333,-75.1626971667,flowering,5,67.93490753173876
2025-03-16,2025-01-15,44.9018563889,11.66091,flowering,5,169.82702331543078
2025-03-20,2025-01-15,40.3782169149,-75.8379174583,flowering,5,67.41424102783242
2025-03-20,2025-01-15,40.1900133333,-76.95568,flowering,5,73.64659881591842
2025-03-20,2025-01-15,42.90368854,23.7832546201,flowering,5,63.66916656494186
2025-03-20,2025-01-15,34.893011,135.698856,flowering,5,63.059054565430415
2025-03-20,2025-01-15,47.961638648,14.7726966441,flowering,5,25.589297485351835
2025-03-20,2025-01-15,35.6435454029,139.455678575,flowering,5,79.96718292236403
2025-03-20,2025-01-15,35.6436620097,139.4543768024,flowering,5,79.96718292236403
2025-03-20,2025-01-15,35.6399692879,139.4584716371,flowering,5,79.96718292236403
2025-03-20,2025-01-15,35.6373158988,139.4587563673,flowering,5,79.96718292236403
2025-03-19,2025-01-15,40.3019373703,-75.0355585202,flowering,5,72.2168640136723
2025-03-20,2025-01-15,51.3798304461,-2.384878099,flowering,5,73.41996154785215
2025-03-20,2025-01-15,45.8475683945,15.8154289053,flowering,5,82.10581817627019
2025-03-20,2025-01-15,53.2535675174,10.4339358045,flowering,5,38.77468109130905
2025-03-20,2025-01-15,42.3653016667,12.48866,flowering,5,240.3553833007827
2025-03-20,2025-01-15,42.3655640801,12.4884539806,flowering,5,240.3553833007827
2025-03-20,2025-01-15,52.7724532,-1.5570388997,flowering,5,60.749182128906796
2025-03-20,2025-01-15,49.4163221925,8.704228368,flowering,5,57.85560302734439
2025-03-20,2025-01-15,34.7324300528,138.1530924145,flowering,5,
2025-03-12,2025-01-15,40.9492283333,29.2319283333,flowering,5,
2025-03-20,2025-01-15,35.6373415918,139.4586501271,flowering,5,79.96718292236403
2025-03-20,2025-01-15,35.1863174438,136.9044799805,flowering,5,79.66691894531323
2025-03-20,2025-01-15,35.6449793825,139.4531757734,flowering,5,79.96718292236403
2025-03-19,2025-01-15,35.8263562636,-86.7521935752,flowering,5,265.4241592407236
2025-03-19,2025-01-15,48.0685471667,-123.3057866667,flowering,5,45.90772705078189
2025-03-19,2025-01-15,32.6346687488,-96.9190583462,flowering,5,487.1008346557629
2025-03-10,2025-01-15,49.8424149911,24.0577231935,flowering,5,28.670397949219023
2025-03-19,2025-01-15,51.1388913429,1.3200267055,flowering,5,
2025-03-19,2025-01-15,37.2712516785,-80.0084991455,flowering,5,126.50515289306713
2025-03-19,2025-01-15,45.7719717714,-119.2509518109,flowering,5,98.44340362548894
2025-03-18,2025-01-15,38.1862472222,-84.8472166667,flowering,5,148.29366912841863
2025-03-11,2025-01-15,39.9267130556,32.8624633333,flowering,5,33.83826751709012
2025-03-19,2025-01-15,38.3325812,-82.9485023,flowering,5,166.11321411132883
2025-03-19,2025-01-15,33.242657,-97.109358,flowering,5,449.5624282836926
2025-03-11,2025-01-15,39.9195986111,32.8537427778,flowering,5,33.83826751709012
2025-03-19,2025-01-15,35.7805124083,-78.6641992931,flowering,5,283.34252471923935
2025-03-15,2025-01-15,36.6410628756,116.786422804,flowering,5,76.20258636474648
2025-03-19,2025-01-15,40.47329902,-3.70708012,flowering,5,158.3529556274426
2025-03-19,2025-01-15,32.7137435983,-96.5522673237,flowering,5,484.3450668334973
2025-03-19,2025-01-15,35.9466568943,-86.6112150264,flowering,5,263.62778015136814
2025-03-19,2025-01-15,51.8136109776,19.6836446598,flowering,5,37.20471801757856
2025-03-19,2025-01-15,48.2950991333,11.63290525,flowering,5,24.36766052246128
2025-03-18,2025-01-15,47.6008489,6.137596,flowering,5,64.87732238769604
2025-03-19,2025-01-15,40.4167316342,-3.7377613597,flowering,5,177.2650650024426
2025-03-18,2025-01-15,37.8740883333,-121.9759833333,flowering,5,308.18498687744284
2025-03-18,2025-01-15,37.4943485421,-84.2921199778,flowering,5,164.17664947509843
2025-03-18,2025-01-15,40.2522519722,-76.72696,flowering,5,58.16580657959025
2025-03-18,2025-01-15,37.1509361111,-121.7845388889,flowering,5,340.0512359619155
2025-03-18,2025-01-15,48.2213516667,16.46835,flowering,5,54.08742828369179
2025-03-16,2025-01-15,35.7324133333,-81.698075,flowering,5,195.96153411865316
2025-03-18,2025-01-15,37.202796514,-121.9334525306,flowering,5,329.51443176269674
2025-03-18,2025-01-15,37.4505716667,-122.1042778333,flowering,5,378.99548797607565
2025-03-18,2025-01-15,36.4005199941,-93.7396845482,flowering,5,234.3760345458993
2025-03-16,2025-01-15,51.2445344718,12.54769419,flowering,5,44.229858398437955
2025-03-18,2025-01-15,39.2855212255,-7.4298349768,flowering,5,295.3627365112319
2025-03-18,2025-01-15,35.0922249213,-85.5266521634,flowering,5,247.96008605957127
2025-03-18,2025-01-15,48.4230285325,16.4887003871,flowering,5,47.97630310058628
2025-03-18,2025-01-15,32.7453106997,-97.2755530997,flowering,5,477.95829315185665
2025-03-18,2025-01-15,39.50378592,-81.42356939,flowering,5,101.53539428710985
2025-03-15,2025-01-15,42.6183966667,-1.284825,flowering,5,124.60565643310645
2025-03-18,2025-01-15,43.1807365278,-0.6398969444,flowering,5,203.0685485839855
2025-03-18,2025-01-15,46.8089804,15.8585829997,flowering,5,59.99183349609416
2025-03-13,2025-01-15,38.2181913536,-84.8514009002,flowering,5,108.66809692382867
2025-03-18,2025-01-15,51.6237547052,-0.1037653273,flowering,5,71.59008789062557
2025-03-18,2025-01-15,45.34558858,11.95758107,flowering,5,167.54359741211056
2025-03-18,2025-01-15,35.6457822568,139.4279054685,flowering,5,73.23870544433669
2025-03-17,2025-01-15,34.241478,-81.327881,flowering,5,376.730000305177
2025-03-17,2025-01-15,49.3341972222,8.6685027778,flowering,5,57.71055450439519
2025-03-17,2025-01-15,36.6954155805,-93.2410131446,flowering,5,210.88916931152426
2025-03-16,2025-01-15,36.09245,-80.276465,flowering,5,204.43356781005946
2025-03-16,2025-01-15,46.6223189074,6.5440402735,flowering,5,48.61199493408253
2025-03-17,2025-01-15,45.9609489722,12.670426,flowering,5,118.5133850097667
2025-03-17,2025-01-15,44.46174948,7.35437509,flowering,5,9.434382629394804
2025-03-17,2025-01-15,45.2111083333,9.1697916667,flowering,5,149.3007736206065
2025-03-17,2025-01-15,45.2368612585,17.7711896371,flowering,5,114.31613159179756
2025-03-15,2025-01-15,46.4532550606,6.8581965566,flowering,5,7.542510986328352
2025-03-17,2025-01-15,48.0980333333,7.659175,flowering,5,63.75137023925845
2025-03-16,2025-01-15,48.7643783333,2.2987716667,flowering,5,81.30886688232488
2025-03-14,2025-01-15,35.1176479237,138.9366142667,flowering,5,129.38489532470805
2025-03-15,2025-01-15,42.0706813774,0.0527969903,flowering,5,108.34015502929776
2025-03-16,2025-01-15,36.2851533333,-121.8428333333,flowering,5,307.33544311523576
2025-03-17,2025-01-15,29.911798127,121.6318097525,flowering,5,203.1331298828136
2025-03-15,2025-01-15,36.799794394,-121.7729110822,flowering,5,
2025-03-16,2025-01-15,39.0635792099,-76.8439229152,flowering,5,80.9638687133795
2025-03-16,2025-01-15,38.4136714771,-77.1537322841,flowering,5,124.8756637573249
2025-03-16,2025-01-15,32.9430088,-83.4197858997,flowering,5,420.98325805664183
2025-03-16,2025-01-15,30.3893694444,-91.1686361111,flowering,5,585.0538391113294
2025-03-16,2025-01-15,32.6344805556,-96.9230194444,flowering,5,440.19130706787223
2025-03-16,2025-01-15,32.6367722222,-96.9205083333,flowering,5,440.19130706787223
2025-03-16,2025-01-15,39.6296883333,-79.9984133333,flowering,5,79.9840179443363
2025-03-16,2025-01-15,30.5124055556,-97.6951138889,flowering,5,546.7831542968762
2025-03-16,2025-01-15,51.5471399833,-0.2706299833,flowering,5,70.53060455322316
2025-03-16,2025-01-15,51.55580665,-0.2657833167,flowering,5,68.51172332763724
2025-03-16,2025-01-15,44.4531188389,4.3355015293,flowering,5,127.6384841918956
2025-03-16,2025-01-15,50.154268213,8.7831294537,flowering,5,48.80814971923883
2025-03-15,2025-01-15,42.0687413956,0.056584732,flowering,5,108.34015502929776
2025-03-16,2025-01-15,37.673986803,-77.5055418641,flowering,5,164.80644989013751
2025-03-13,2025-01-15,52.1578138889,9.9313388889,flowering,5,45.514874267578534
2025-03-15,2025-01-15,41.3187028,-81.5877285,flowering,5,45.87262725830101
2025-03-16,2025-01-15,35.72072,-81.6893383333,flowering,5,195.96153411865316
2025-03-16,2025-01-15,35.7341515306,-81.7148601466,flowering,5,195.96153411865316
2025-03-16,2025-01-15,36.2119026184,-81.4618225098,flowering,5,128.94571838378977
2025-03-15,2025-01-15,36.6163416667,-121.6733333333,flowering,5,341.7896804809584
2025-03-16,2025-01-15,35.5870941019,-82.482518144,flowering,5,141.3130706787117
2025-03-16,2025-01-15,40.5626981032,-75.3223765395,flowering,5,41.1809585571292
2025-03-14,2025-01-15,51.5229018142,-0.0593371498,flowering,5,66.65245208740282
2025-03-15,2025-01-15,38.466245,-83.1204083333,flowering,5,119.84091186523494
2025-03-16,2025-01-15,43.55521207,1.44971789,flowering,5,223.25967407226688
2025-03-16,2025-01-15,41.4338480507,33.7650909009,flowering,5,74.73270568847693
2025-03-16,2025-01-15,50.5913524997,7.2380056,flowering,5,56.145457458496594
2025-03-16,2025-01-15,41.6490083333,41.62575,flowering,5,
2025-03-16,2025-01-15,41.1548580369,-8.6566063017,flowering,5,385.3191619873061
2025-03-16,2025-01-15,50.99044,12.98214,flowering,5,40.41580963134811
2025-03-07,2025-01-15,51.5173799952,-0.0432485618,flowering,5,53.27467956543012
2025-02-21,2025-01-15,48.1464628,10.1710656,flowering,5,4.981726074218841
2025-03-16,2025-01-15,40.9582489432,28.8296465243,flowering,5,171.22794342041118
2025-03-16,2025-01-15,42.1285504,2.8680438,flowering,5,287.39537200927873
2025-03-15,2025-01-15,33.1798694176,-96.6414690665,flowering,5,381.0802276611339
2025-03-15,2025-01-15,37.3739,-121.859895,flowering,5,384.68337249755996
2025-03-13,2025-01-15,37.1811966257,-91.1728879651,flowering,5,151.0363204956061
2025-03-10,2025-01-15,37.5893692118,-76.7178866507,flowering,5,121.96774902343816
2025-03-15,2025-01-15,35.9771898343,-79.0187049176,flowering,5,229.51873474121192
2025-03-15,2025-01-15,44.280342,3.715327,flowering,5,14.590356445312977
2025-03-15,2025-01-15,34.0916085,-84.45252,flowering,5,284.58262023925886
2025-03-15,2025-01-15,35.7482943278,-81.4676232389,flowering,5,192.38035736084066
2025-03-15,2025-01-15,41.0615861462,-3.5360630136,flowering,5,27.1405120849613
2025-03-14,2025-01-15,37.2401237997,-87.2284053997,flowering,5,173.13215942382885
2025-03-09,2025-01-15,46.4594722222,6.8548027778,flowering,5,4.405583190918151
2025-03-15,2025-01-15,35.5081466667,137.51973,budding,5,15.436198425293128
2025-03-15,2025-01-15,44.8314305027,24.8456467688,flowering,5,58.93231506347695
2025-03-14,2025-01-15,40.0404243333,-8.4194631389,flowering,5,290.0630477905287
2025-03-12,2025-01-15,38.26699,140.8575133333,flowering,5,12.317549133300986
2025-03-13,2025-01-15,24.0895623,121.1742941,flowering,5,310.70911712646614
2025-03-13,2025-01-15,24.0875027778,121.1744388889,flowering,5,310.70911712646614
2025-03-13,2025-01-15,34.7258269783,-86.7028674141,flowering,5,254.52354278564542
2025-03-13,2025-01-15,34.7258269783,-86.7028674141,flowering,5,254.52354278564542
2025-03-15,2025-01-15,36.3629980376,120.6855919585,flowering,5,
2025-03-13,2025-01-15,38.02904,-84.4796958997,flowering,5,104.71959686279354
2025-03-14,2025-01-15,40.69078,-73.961595,flowering,5,35.96206359863311
2025-03-13,2025-01-15,38.4583765856,-122.666171325,flowering,5,270.97925262451304
2025-03-14,2025-01-15,40.1352855564,-75.7084535156,flowering,5,40.767834472656546
2025-03-14,2025-01-15,38.46633,-83.1206278333,flowering,5,106.04263153076226
2025-03-14,2025-01-15,38.7438698866,-85.4211363344,flowering,5,99.59350891113331
2025-03-14,2025-01-15,35.9291311536,-78.8188811233,flowering,5,224.2122512817392
2025-03-14,2025-01-15,48.902295,8.472231,budding,5,54.65333251953177
2025-03-14,2025-01-15,44.8475064362,24.8494759575,flowering,5,48.791177368164426
2025-03-14,2025-01-15,37.0156908376,-4.5672681217,flowering,5,274.4944213867201
2025-03-14,2025-01-15,40.9790607356,-3.6218684725,flowering,5,49.23755798339903
2025-03-09,2025-01-15,46.4699055556,6.8636138889,flowering,5,4.405583190918151
2025-03-14,2025-01-15,48.10954229,22.83530349,flowering,5,52.88618621826208
2025-03-09,2025-01-15,46.4641438601,6.8781200192,flowering,5,4.405583190918151
2025-03-09,2025-01-15,46.4665861111,6.8777333333,flowering,5,4.405583190918151
2025-03-13,2025-01-15,40.04624175,-8.4076747778,flowering,5,287.01101379394663
2025-03-12,2025-01-15,40.0617256111,-8.4030275278,flowering,5,307.9321777343763
2025-03-14,2025-01-15,45.02285,38.9969583333,flowering,5,70.3367599487309
2025-03-10,2025-01-15,43.6092551668,13.4567452222,flowering,5,213.865173339845
2025-03-13,2025-01-15,37.7576085348,-84.7902887805,flowering,5,121.37592773437564
2025-03-13,2025-01-15,39.0301333333,-84.7242666667,flowering,5,71.97737426757851
2025-03-13,2025-01-15,38.1950181325,-84.8784684017,flowering,5,108.66809692382867
2025-03-06,2025-01-15,42.4554533333,-123.0338278333,flowering,5,59.231526184082554
2025-03-13,2025-01-15,45.6900009414,-122.864780497,flowering,5,68.28193054199278
2025-03-13,2025-01-15,38.5465312237,-78.0094544125,flowering,5,86.2907730102545
2025-03-07,2025-01-15,39.8885982997,32.8575579997,flowering,5,10.918324279785338
2025-03-07,2025-01-15,39.8884252778,32.8567275,budding,5,10.918324279785338
2025-03-07,2025-01-15,39.888207,32.856588,flowering,5,10.918324279785338
2025-03-07,2025-01-15,39.8889336111,32.8564730556,flowering,5,10.918324279785338
2025-03-13,2025-01-15,33.8405,-84.51252,flowering,5,284.68070068359475
2025-03-13,2025-01-15,38.1887883333,-83.4309216667,flowering,5,103.68235015869197
2025-03-13,2025-01-15,41.646054037,41.6404899582,flowering,5,
2025-02-20,2025-01-15,23.6336398219,120.7911175352,flowering,5,220.29714508056725
2025-02-20,2025-01-15,23.6336744411,120.7907436944,flowering,5,220.29714508056725
2025-03-13,2025-01-15,41.4254729776,33.76916782,flowering,5,40.38187866210967
2025-03-13,2025-01-15,41.4255941266,33.7715829875,flowering,5,40.38187866210967
2025-03-13,2025-01-15,41.4250935461,33.7716997361,flowering,5,40.38187866210967
2025-03-13,2025-01-15,44.8474660261,24.8494910449,flowering,5,40.65551757812534
2025-03-13,2025-01-15,41.0685408,29.0351682,flowering,5,135.65874633789156
2025-03-08,2025-01-15,46.4879943295,6.8104871561,flowering,5,20.261637878418355
2025-03-12,2025-01-15,50.7739427517,15.0978181417,flowering,5,9.756419372558753
2025-03-09,2025-01-15,38.5119337528,-122.0972302761,flowering,5,264.96279754638795
2025-02-22,2025-01-15,38.492313385,-122.1489257813,flowering,5,162.316046142579
2025-03-11,2025-01-15,37.783005,-83.6824633333,flowering,5,93.84831237793026
2025-03-12,2025-01-15,39.3668403254,-83.5692177451,flowering,5,48.11034393310581
2025-03-12,2025-01-15,38.6713451698,-77.1976695566,flowering,5,78.90590515136773
2025-03-07,2025-01-15,39.8869608333,32.8553252778,flowering,5,10.918324279785338
2025-03-12,2025-01-15,48.3958549722,15.5656149722,flowering,5,28.278375244140875
2025-01-23,2025-01-15,36.9771027778,-121.96095,flowering,5,53.83674468994161
2025-03-12,2025-01-15,38.0354611876,-84.4897518362,flowering,5,94.69009246826226
2025-03-12,2025-01-15,36.1983186,-81.7885232194,flowering,5,57.58385620117235
2025-03-12,2025-01-15,38.8426322937,-82.1399307251,flowering,5,73.29224395751999
2025-03-12,2025-01-15,39.3696570263,-76.6051668674,flowering,5,44.526295471191816
2025-02-27,2025-01-15,34.9981533333,-82.323355,flowering,5,141.21291961669976
2025-02-09,2025-01-15,34.9980916667,-82.3233416667,flowering,5,96.05598602294958
2025-03-12,2025-01-15,39.280525,-76.6083616667,flowering,5,47.62818756103559
2025-03-08,2025-01-15,46.4958888889,6.8131361111,flowering,5,20.261637878418355
2025-03-12,2025-01-15,38.0169333333,-84.5202783333,flowering,5,94.69009246826226
2025-03-12,2025-01-15,48.9439593997,14.4729217997,flowering,5,22.368540954590117
2025-03-12,2025-01-15,48.9477069,14.4664497997,flowering,5,22.368540954590117
2025-03-12,2025-01-15,52.0678632913,21.1668864638,flowering,5,35.25737762451206
2025-03-12,2025-01-15,35.6628610471,-81.5480591917,flowering,5,164.97397308349684
2025-03-12,2025-01-15,48.150105705,17.0717722178,flowering,5,46.90615692138704
2025-03-12,2025-01-15,43.806160544,15.9165006224,flowering,5,232.59852142334103
2025-03-11,2025-01-15,38.9852222222,-77.0243222222,flowering,5,61.6707092285161
2025-03-08,2025-01-15,46.4666277778,6.8399277778,flowering,5,20.261637878418355
2025-03-12,2025-01-15,36.3606666667,120.6815833333,flowering,5,
2025-03-12,2025-01-15,41.6187833333,44.5297383333,flowering,5,2.1663314819336392
2025-03-11,2025-01-15,40.3463033333,-74.654555,flowering,5,39.20264739990262
2025-03-06,2025-01-15,35.4913099986,139.4433052685,budding,5,52.23030090332088
2025-03-11,2025-01-15,43.2031938902,-77.4859202743,flowering,5,7.918453979492256
2025-03-08,2025-01-15,39.3840866667,-76.58355,flowering,5,29.68742980957063
2025-03-11,2025-01-15,32.96162,-96.653045,flowering,5,338.4741668701182
2025-03-10,2025-01-15,40.8638649997,29.1214858997,flowering,5,
2025-03-11,2025-01-15,49.8611683333,8.6361466667,flowering,5,57.13663787841847
2025-03-11,2025-01-15,39.0000267029,-77.0635910034,flowering,5,60.26211700439501
2025-03-09,2025-01-15,-1.81475,-78.635778,flowering,5,330.25818481445435
2025-03-11,2025-01-15,36.6806576035,6.9344611466,flowering,5,404.75101623535284
2025-03-11,2025-01-15,35.4550735997,-86.7921161997,flowering,5,196.66724548339926
2025-03-11,2025-01-15,38.9048496439,-77.0039977692,flowering,5,64.51207122802782
2025-03-10,2025-01-15,42.3016850803,-122.8327942875,flowering,5,48.4470642089849
2025-03-11,2025-01-15,39.0345624812,-76.5090326698,flowering,5,
2025-03-10,2025-01-15,37.1146555,-121.3582166667,flowering,5,306.98699188232547
2025-03-11,2025-01-15,52.3638801389,4.9305248056,budding,5,63.275619506836506
2025-03-11,2025-01-15,35.9596546958,-86.6723344848,flowering,5,178.5675872802742
2025-03-08,2025-01-15,37.7527344411,-85.3859479673,flowering,5,86.52984313964896
2025-03-11,2025-01-15,35.9276866667,126.9739616667,flowering,5,20.09748687744161
2025-03-07,2025-01-15,46.4608777775,6.8689352156,flowering,5,1.8487106323243552
2025-03-07,2025-01-15,46.4650231917,6.8662328555,flowering,5,1.8487106323243552
2025-03-11,2025-01-15,45.4083933102,10.9912449494,flowering,5,109.47395477295015
2025-03-05,2025-01-15,46.3819777778,6.9161944444,flowering,5,2.3151443481445995
2025-03-08,2025-01-15,44.817005,7.7021416667,flowering,5,48.00442352294988
2025-03-11,2025-01-15,36.3593530858,120.684777908,flowering,5,
2025-03-11,2025-01-15,36.3592961152,120.6847718731,budding,5,
2025-03-11,2025-01-15,31.0195055556,120.4903055556,flowering,5,146.2066818237314
2025-03-11,2025-01-15,36.1644291493,120.5026113242,flowering,5,9.588137817382972
2025-03-10,2025-01-15,41.0828555556,-111.981425,flowering,5,18.32347259521498
2025-03-10,2025-01-15,41.0829724756,-111.9815540873,flowering,5,18.32347259521498
2025-03-10,2025-01-15,38.3112666667,-75.8915777778,flowering,5,73.07041320800829
2025-03-10,2025-01-15,38.4540277778,-75.7561388889,flowering,5,76.16325378418014
2025-03-09,2025-01-15,40.3316007891,-76.8812394259,flowering,5,12.421459960937682
2025-03-10,2025-01-15,38.7825288116,-76.5914203742,flowering,5,61.64849090576217
2025-03-04,2025-01-15,39.4011111587,-84.1927149684,flowering,5,27.049537658691634
2025-03-10,2025-01-15,38.5314331055,-121.7536773682,flowering,5,308.6944198608411
2024-05-09,2024-11-24,53.2803145727,-7.485268399,flowering,5,9.361230468750023
2025-03-10,2025-01-15,35.5022604555,-80.7182239469,flowering,5,196.96955108642658
2025-03-10,2025-01-15,35.5022604555,-80.7182239469,flowering,5,196.96955108642658
2025-03-09,2025-01-15,44.8311747892,24.8451940351,flowering,5,19.14656219482447
2025-03-09,2025-01-15,42.3581935981,42.1954983473,flowering,5,24.18213043212927
2025-03-09,2025-01-15,42.3572508972,42.1921995655,flowering,5,24.18213043212927
2025-03-10,2025-01-15,48.3930282939,15.5433015456,flowering,5,17.099446105957213
2025-03-09,2025-01-15,46.6708755492,11.5610008239,flowering,5,0.0
2025-03-10,2025-01-15,50.8354077447,-1.0362650827,flowering,5,
2025-03-10,2025-01-15,46.7969343997,15.8985547,flowering,5,39.14999847412139
2025-03-10,2025-01-15,52.2273057198,21.015795283,flowering,5,26.262324523926054
2025-03-10,2025-01-15,35.5793041786,139.7080305219,flowering,5,74.54965972900459
2025-03-07,2025-01-15,46.67023739,32.60358456,flowering,5,32.37718505859402
2025-03-10,2025-01-15,46.8033989997,15.9580041997,flowering,5,39.95383758544949
2025-03-05,2025-01-15,46.3975861111,6.8874027778,flowering,5,2.3151443481445995
2025-03-01,2025-01-15,35.2833999712,136.8435268312,flowering,5,27.956956481933958
2025-03-10,2025-01-15,29.5401027778,119.3821944444,flowering,5,169.09914093017676
2025-03-08,2025-01-15,50.7820466667,0.1524221667,flowering,5,85.0649185180672
2025-03-10,2025-01-15,35.6540993593,139.4439633563,flowering,5,41.674334716797375
2025-03-10,2025-01-15,35.653825023,139.4444830343,flowering,5,41.674334716797375
2025-03-09,2025-01-15,38.7961110818,-77.3092564253,flowering,5,54.88686370849655
2025-03-05,2025-01-15,39.6335194763,-79.9553877488,flowering,5,22.851530456543173
2025-03-09,2025-01-15,37.32277761,-121.7152782999,flowering,5,283.96260681152467
2025-03-09,2025-01-15,38.6780166667,-121.1909866667,flowering,5,238.695234680177
2025-03-09,2025-01-15,46.9374168582,16.0473049066,flowering,5,29.180429077148688
2025-03-09,2025-01-15,30.5069333422,-97.7294533333,flowering,5,436.5296340942393
2025-03-09,2025-01-15,39.7716889,-121.8404919,flowering,5,232.22941131591915
2025-03-09,2025-01-15,38.91130495,-77.07732247,flowering,5,54.00382080078168
2025-03-09,2025-01-15,36.2947465775,-82.5882803825,flowering,5,109.50111083984439
2025-03-09,2025-01-15,42.6353562895,14.0504786745,flowering,5,
2025-03-09,2025-01-15,51.5045866667,-0.06811665,flowering,5,61.641670227051236
2025-03-09,2025-01-15,39.3774292369,-76.5216103569,flowering,5,30.436190795898824
2025-03-09,2025-01-15,35.9568883333,-83.8699416667,flowering,5,129.8796463012702
2025-03-09,2025-01-15,51.508175,-0.0568,flowering,5,61.641670227051236
2025-03-06,2025-01-15,37.0887937125,-88.115420267,flowering,5,95.00323181152396
2025-03-09,2025-01-15,39.6281173407,-79.9611920492,flowering,5,22.851530456543173
2025-03-08,2025-01-15,33.9336236196,-83.3627635622,flowering,5,255.98735351562595
2025-03-08,2025-01-15,35.9549133333,-83.8957133333,flowering,5,127.04511871337957
2025-02-02,2025-01-15,37.9742694444,23.7220055556,flowering,5,111.11236419677778
2025-03-01,2025-01-15,43.6942416348,10.735394437,flowering,5,155.3246948242197
2025-03-09,2025-01-15,42.0872627588,19.1370173625,flowering,5,171.05142059326283
2025-03-09,2025-01-15,49.8087466667,6.71377,flowering,5,42.41756896972697
2025-03-07,2025-01-15,46.4893755523,6.7354064077,flowering,5,38.9134140014653
2025-03-09,2025-01-15,47.3238658,8.3753428997,flowering,5,25.15001831054724
2025-03-09,2025-01-15,40.5523085408,-8.6747594923,flowering,5,378.19431915283326
2025-03-08,2025-01-15,47.3145228605,-0.612497836,flowering,5,108.7296264648445
2025-03-09,2025-01-15,46.39008,6.1366528333,flowering,5,18.526914978027662
2025-03-09,2025-01-15,37.2069361918,50.0129416957,flowering,5,94.28775482177821
2025-03-09,2025-01-15,52.895835,5.4506983333,flowering,5,43.95224151611376
2025-03-09,2025-01-15,46.8765245478,15.9066015046,flowering,5,27.69783172607447
2025-03-09,2025-01-15,44.71473918,10.6610799,flowering,5,88.56335296630937
2025-03-09,2025-01-15,44.2746582031,11.5838727951,flowering,5,98.79614105224698
2025-03-08,2025-01-15,44.8311891631,24.8452853411,flowering,5,16.68183898925804
2025-03-09,2025-01-15,35.19364,135.920959,flowering,5,13.554043579101744
2025-03-02,2025-01-15,49.1808638889,8.8031777778,flowering,5,36.73494110107458
2025-03-09,2025-01-15,35.4546016667,139.37811,flowering,5,53.17244262695374
2025-03-09,2025-01-15,35.4578483333,139.3822433333,flowering,5,53.17244262695374
2025-03-09,2025-01-15,35.458483125,139.37885374,flowering,5,53.17244262695374
2025-03-09,2025-01-15,35.456505,139.3800666667,flowering,5,53.17244262695374
2025-02-08,2025-01-15,-42.6395745,-73.66828,flowering,5,
2025-03-08,2025-01-15,51.38219665,0.0586016667,flowering,5,56.45100860595744
2025-03-07,2025-01-15,34.804055,135.6148283333,flowering,5,44.931407165527844
2025-03-08,2025-01-15,39.76012447,-121.78777376,flowering,5,226.7323089599621
2025-03-08,2025-01-15,37.7043333333,-77.9412027778,flowering,5,112.92563934326233
2025-03-08,2025-01-15,51.1575270735,13.7856480852,flowering,5,18.721730041504202
2025-03-08,2025-01-15,38.4364815644,-122.50862597,flowering,5,239.6299331665051
2025-03-08,2025-01-15,38.4086303506,27.0461683769,flowering,5,
2025-03-07,2025-01-15,45.4954888889,9.1285388889,flowering,5,64.60417175293037
2025-03-08,2025-01-15,33.9475717507,-86.287148056,flowering,5,259.6770080566415
2025-03-08,2025-01-15,50.0457416667,8.0999278333,flowering,5,44.50088195800822
2025-03-08,2025-01-15,45.977643292,15.9350617602,flowering,5,43.95604248046914
2025-03-08,2025-01-15,50.1300777701,14.3853739277,flowering,5,10.111654663086142
2025-03-08,2025-01-15,56.0873366667,10.1434983333,flowering,5,21.883103942871458
2025-03-08,2025-01-15,45.94318491,13.60896145,flowering,5,97.4814910888681
2025-03-08,2025-01-15,38.87237402,-77.11410715,flowering,5,53.1456039428715
2025-03-08,2025-01-15,50.1038555,14.572725,flowering,5,10.527426147461142
2025-03-08,2025-01-15,51.4679383333,-2.5429483333,flowering,5,56.35514221191454
2025-03-08,2025-01-15,50.0404971733,14.4745166667,flowering,5,9.772496032715026
2025-03-07,2025-01-15,46.1812157233,-0.5084036274,flowering,5,141.92345275878995
2025-03-08,2025-01-15,50.0403372389,14.4749664133,flowering,5,9.772496032715026
2025-03-05,2025-01-15,46.55708,6.5509583333,flowering,5,23.125494384765943
2025-03-08,2025-01-15,51.5600863005,0.0155847947,flowering,5,60.4226913452153
2025-03-08,2025-01-15,50.0667114707,14.4261250374,flowering,5,10.111654663086142
2024-05-17,2024-11-24,42.8428912383,74.5950905251,flowering,5,12.013284301757835
2025-03-08,2025-01-15,50.0673602746,14.4258308857,flowering,5,10.111654663086142
2025-03-01,2025-01-15,49.0850944444,8.5385333333,flowering,5,46.765719604492574
2025-03-08,2025-01-15,48.1918077311,17.3043033946,flowering,5,25.094108581543196
2025-03-07,2025-01-15,41.012828171,28.9800869407,flowering,5,92.9485855102547
2025-03-03,2025-01-15,41.0094599997,28.9653534997,budding,5,84.45204315185617
2025-03-08,2025-01-15,37.1661089997,122.42564,flowering,5,8.012741088867301
2025-03-07,2025-01-15,32.8317503,-83.6244595,flowering,5,324.5708679199229
2025-03-07,2025-01-15,36.1759163368,-79.8401814058,flowering,5,141.59739685058662
2025-02-24,2025-01-15,47.7441922167,16.8129913833,flowering,5,18.81774291992201
2025-03-07,2025-01-15,35.9080683333,-93.59288,flowering,5,118.77202758789122
2025-03-07,2025-01-15,54.5254698,23.6661365,flowering,5,12.756365966797034
2025-03-04,2025-01-15,35.9657388889,-78.9312361111,flowering,5,140.97761383056707
2025-03-07,2025-01-15,44.1190127457,10.4205100983,flowering,5,53.97652435302814
2025-03-07,2025-01-15,49.43186388,8.67006782,flowering,5,41.06937255859418
2025-03-07,2025-01-15,33.2014061768,-96.6638325908,flowering,5,288.06900024414153
2025-03-07,2025-01-15,45.225510109,9.0689024569,flowering,5,94.02771759033283
2025-03-07,2025-01-15,46.0563516667,14.5361033333,flowering,5,27.146194458008154
2025-03-05,2025-01-15,45.4835979278,9.0609615472,flowering,5,56.44703369140689
2025-03-07,2025-01-15,47.2639966667,11.4671233333,flowering,5,0.0
2025-03-07,2025-01-15,47.8213605381,13.0364685506,flowering,5,10.942243957519736
2025-03-07,2025-01-15,49.5642822175,5.9389588254,flowering,5,32.57551116943398
2025-03-07,2025-01-15,44.8095226,20.4757797,flowering,5,58.36747741699264
2025-03-07,2025-01-15,37.2692860951,49.6940692887,flowering,5,98.88312988281336
2025-03-07,2025-01-15,41.6779583333,-0.9006816667,flowering,5,218.55741577148547
2025-03-07,2025-01-15,37.2623417221,49.6934165061,flowering,5,98.88312988281336
2025-02-28,2025-01-15,51.3053656526,-0.2433816344,flowering,5,40.759004211426145
2025-03-07,2025-01-15,44.8313375336,24.8452544957,flowering,5,13.557852172851767
2025-03-05,2025-01-15,44.8099569997,-0.5947807,flowering,5,175.90332336425877
2025-03-06,2025-01-15,51.5778987116,-0.5509002963,flowering,5,43.785137939453534
2025-03-05,2025-01-15,39.9084888889,32.9468752778,flowering,5,4.358209228515761
2025-03-06,2025-01-15,32.6360656054,-96.9195277986,flowering,5,317.81681060791107
2025-03-06,2025-01-15,43.5399305352,11.1562588066,flowering,5,108.94626312255957
2025-03-02,2025-01-15,46.4740343987,6.7848563413,flowering,5,12.34982604980496
2025-03-06,2025-01-15,48.4003769722,15.5788969722,flowering,5,5.403457641601676
2025-03-06,2025-01-15,36.9442139313,49.5506140217,flowering,5,14.211665344238554
2025-03-06,2025-01-15,49.0978742329,9.07133823,flowering,5,36.04120178222695
2025-03-06,2025-01-15,44.9276290997,26.0326135,budding,5,19.150924682617415
2025-03-06,2025-01-15,45.5014133,9.4299686,flowering,5,50.23543853759827
2025-03-06,2025-01-15,48.1696960894,16.2205255777,flowering,5,8.529075622558707
2025-03-06,2025-01-15,45.8362403512,15.9734514635,flowering,5,39.03479461669963
2025-03-06,2025-01-15,48.4804512839,11.6197972763,flowering,5,10.527386474609557
2025-03-02,2025-01-15,46.4727166667,6.8079611111,flowering,5,12.34982604980496
2025-03-02,2025-01-15,46.4720416667,6.8189083333,flowering,5,12.34982604980496
2025-03-06,2025-01-15,40.8472373935,14.2640186383,flowering,5,
2025-03-06,2025-01-15,40.8472188337,14.2638417221,flowering,5,
2025-03-06,2025-01-15,40.8472716667,14.2648,flowering,5,
2025-03-05,2025-01-15,40.0221845,-1.2598727,fruiting,5,81.82342681884836
2025-03-04,2025-01-15,46.955261,16.160038,flowering,5,17.32611389160172
2025-03-06,2025-01-15,52.6833317278,1.1023475601,flowering,5,46.674551391601995
2025-03-02,2025-01-15,46.4692915452,6.8418900294,flowering,5,12.34982604980496
2025-03-05,2025-01-15,41.9180278721,2.2910473868,flowering,5,91.9197357177743
2025-03-05,2025-01-15,44.4542009916,-123.2097211636,flowering,5,72.15757751464889
2025-03-05,2025-01-15,48.4213441685,-123.3822855581,flowering,5,
2025-03-04,2025-01-15,46.9485104403,16.1039422272,flowering,5,16.330285644531386
2025-03-04,2025-01-15,46.9485104403,16.1039422272,flowering,5,16.330285644531386
2025-03-05,2025-01-15,45.5309791565,-122.8946685791,flowering,5,64.68681335449264
2025-03-05,2025-01-15,40.7316750447,-81.4680470154,flowering,5,13.388063049316543
2025-02-27,2025-01-15,46.3088538,13.05429075,flowering,5,7.652662658691611
2025-03-04,2025-01-15,36.3099441917,-82.3882619664,flowering,5,92.52117614746146
2025-03-03,2025-01-15,35.7984028564,-81.4300824453,flowering,5,119.91766357421932
2025-03-04,2025-01-15,40.6772116667,-124.2222533333,flowering,5,
2025-03-04,2025-01-15,41.2808248,-81.567812,flowering,5,5.920964050293037
2025-03-05,2025-01-15,37.9138772828,-4.7176060081,flowering,5,306.3792877197277
2025-03-05,2025-01-15,47.0290527436,8.3290018642,flowering,5,2.231030273437568
2025-03-05,2025-01-15,51.14137144,1.3184526179,flowering,5,
2025-03-05,2025-01-15,52.882381,-1.313339,flowering,5,36.8849777221684
2025-03-04,2025-01-15,48.8055772,2.1190856,flowering,5,44.60940093994179
2025-03-05,2025-01-15,48.0934896289,3.4523826773,flowering,5,58.65643157959039
2025-03-05,2025-01-15,41.1651194444,29.0890083333,flowering,5,91.10694427490307
2025-03-03,2025-01-15,44.1151456428,10.4602383077,flowering,5,43.0475448608405
2025-03-04,2025-01-15,37.9501229722,-84.5009979722,flowering,5,64.29475708007851
2025-02-27,2025-01-15,37.5408168471,-77.4568161552,flowering,5,82.98749694824266
2025-03-03,2025-01-15,30.4703961642,-97.6053592221,flowering,5,369.3039550781259
2025-03-04,2025-01-15,35.7453974039,-81.6848187894,flowering,5,121.05608978271539
2025-03-04,2025-01-15,51.0901229196,1.1913719668,flowering,5,
2025-03-04,2025-01-15,38.1147686524,-84.9565190938,flowering,5,66.49336395263708
2025-03-02,2025-01-15,46.6208330763,6.5498252478,flowering,5,17.747882080078398
2025-03-04,2025-01-15,30.38042163,-97.67152677,flowering,5,384.60752258300874
2025-03-04,2025-01-15,45.6990905839,11.3381684338,flowering,5,6.665116882324469
2025-03-03,2025-01-15,34.4594261514,-92.7423964129,flowering,5,199.4594329833991
2025-02-28,2025-01-15,40.2422633333,29.0849083333,flowering,5,44.650834655762196
2025-03-04,2025-01-15,50.0237641617,22.3180917978,flowering,5,11.261529541015761
2025-03-04,2025-01-15,47.1047668333,15.4184169722,flowering,5,1.9096038818360057
2025-03-04,2025-01-15,46.3363369228,16.2716821767,flowering,5,31.594723510742483
2025-03-01,2025-01-15,46.4188657839,6.9268381762,flowering,5,2.3151443481445995
2025-03-01,2025-01-15,39.1745037631,-9.3379176364,flowering,5,361.0893417358409
2025-03-02,2025-01-15,39.1737598492,-9.3180770334,flowering,5,367.6488143920909
2025-03-01,2025-01-15,-43.643955,172.50032,flowering,5,571.3368392944346
2025-03-02,2025-01-15,49.4777338142,8.6697959193,flowering,5,33.453453063965185
2025-03-03,2025-01-15,36.06895,-79.8077466667,flowering,5,118.20850524902403
2025-02-26,2025-01-15,37.737,-122.454125,flowering,5,236.91554718017676
2025-03-02,2025-01-15,48.4159742415,18.1951871532,flowering,5,8.018493652343864
2025-03-03,2025-01-15,45.12123524,7.34240376,flowering,5,0.0
2025-02-28,2025-01-15,46.4579463169,6.8625144623,flowering,5,1.707708740234466
2025-03-03,2025-01-15,48.3583333333,-4.5825,flowering,5,160.0576904296886
2025-03-03,2025-01-15,48.171975,11.5481466667,flowering,5,9.611085510254043
2025-02-28,2025-01-15,46.47425,6.8577055556,flowering,5,1.707708740234466
2025-02-27,2025-01-15,37.6088416667,-122.4255133333,flowering,5,250.21359100341897
2025-03-01,2025-01-15,34.0107666389,-96.3665221667,flowering,5,195.62169494628972
2025-03-02,2025-01-15,29.2460163122,-98.5504109642,flowering,5,437.9854217529306
2025-03-02,2025-01-15,46.638675,13.8958972222,flowering,5,0.0
2025-03-02,2025-01-15,47.5340484272,8.009461249,flowering,5,18.197195434570517
2025-03-02,2025-01-15,50.6689805556,9.3994305556,flowering,5,20.593786621093955
2025-03-02,2025-01-15,51.5646033167,-0.0464483333,flowering,5,45.12780151367224
2025-03-02,2025-01-15,33.4763476965,-85.761700315,flowering,5,232.24447479248124
2025-03-02,2025-01-15,51.5715666667,-0.060285,flowering,5,44.17112884521521
2025-03-02,2025-01-15,46.7374530294,13.6271416023,flowering,5,0.0
2025-03-02,2025-01-15,51.499973733,-0.2706192142,flowering,5,45.029199218750364
2025-03-02,2025-01-15,51.4918211513,11.9491064178,flowering,5,29.15176849365264
2025-02-28,2025-01-15,46.069636003,11.182753195,flowering,5,5.070193481445472
2025-03-02,2025-01-15,51.4159583333,6.6427027778,flowering,5,49.035719299316725
2025-03-02,2025-01-15,45.43814694,9.323964715,flowering,5,56.335697937012355
2025-03-02,2025-01-15,42.4859425454,2.7488260344,flowering,5,94.96492614746182
2025-03-02,2025-01-15,48.8126983333,2.36864,flowering,5,49.82272949218793
2025-03-02,2025-01-15,47.9639640732,16.7385808378,flowering,5,14.50108642578141
2025-02-26,2025-01-15,46.263765,20.133517,flowering,5,24.023266601562682
2025-03-01,2025-01-15,37.4486616667,126.7541716667,flowering,5,1.166932678222679
2025-03-01,2025-01-15,38.907745,-76.974145,flowering,5,40.36968688964873
2025-03-01,2025-01-15,38.6935555556,-75.8942388889,flowering,5,47.09352569580108
2025-03-01,2025-01-15,37.5050692,-121.8256063,flowering,5,224.18890380859477
2025-03-01,2025-01-15,54.6984244391,-1.218008548,flowering,5,37.71473541259809
2025-03-01,2025-01-15,37.4448933333,-121.8476866667,flowering,5,256.1906829833995
2025-03-01,2025-01-15,48.1311330997,-123.1347264,flowering,5,26.068609619140943
2025-03-01,2025-01-15,34.0845935846,-84.6667293153,flowering,5,190.9537536621101
2025-02-28,2025-01-15,38.9950044638,-76.9482344761,flowering,5,32.91513366699246
2025-03-01,2025-01-15,49.2581906224,8.5136684295,flowering,5,42.30565185546914
2025-03-01,2025-01-15,41.6530587668,1.8459999406,flowering,5,119.18435058593843
2025-03-01,2025-01-15,47.2986963997,11.5240471,flowering,5,0.0
2025-03-01,2025-01-15,48.1016518548,16.2267088238,flowering,5,4.43807830810556
2025-03-01,2025-01-15,39.4978685584,-8.8732650876,flowering,5,283.67583618164167
2025-03-01,2025-01-15,39.4827238005,-8.8822291978,flowering,5,283.67583618164167
2025-03-01,2025-01-15,46.9769112413,15.9966077283,flowering,5,11.072280883789176
2025-02-28,2025-01-15,25.1032542415,121.4012068647,flowering,5,445.8340530395518
2025-03-01,2025-01-15,42.4497804,1.1021213,flowering,5,0.0
2025-03-01,2025-01-15,36.5450821067,116.7999487882,flowering,5,25.588589477539244
2025-03-01,2025-01-15,48.1577300594,16.5067394078,flowering,5,10.372531127929847
2025-03-01,2025-01-15,26.5723388889,106.7052527778,flowering,5,84.44463348388717
2025-02-28,2025-01-15,38.2874,140.8495033333,flowering,5,0.685641479492233
2025-02-17,2025-01-15,48.3385642081,-4.5374372349,flowering,5,
2025-02-28,2025-01-15,38.69012,-121.8713216667,flowering,5,246.6490936279307
2025-02-27,2025-01-15,36.9910972222,-86.5131972222,flowering,5,89.54817047119184
2025-02-28,2025-01-15,29.7738133422,-94.6876366667,flowering,5,386.12421112060633
2025-02-28,2025-01-15,32.4398633333,-93.6599583333,flowering,5,269.99383544921955
2025-02-27,2025-01-15,49.9649280249,8.2838630698,flowering,5,34.326683044433935
2025-02-28,2025-01-15,32.959525,-96.5285416667,flowering,5,236.6659759521492
2025-02-28,2025-01-15,38.6522235997,-78.6825543,flowering,5,21.641838073730696
2025-02-23,2025-01-15,49.0343583333,8.6065222222,flowering,5,40.02621307373079
2025-02-28,2025-01-15,41.0770187222,-3.538548,flowering,5,21.80208892822293
2025-02-28,2025-01-15,52.535558017,-2.5269485079,flowering,5,27.245033264160384
2025-02-28,2025-01-15,35.3608148595,-80.7953865714,flowering,5,152.42067718505916
2025-02-28,2025-01-15,45.8306877594,15.9676592331,flowering,5,33.07763519287141
2025-02-28,2025-01-15,52.0592801375,1.2613904231,flowering,5,40.20196838378945
2025-02-28,2025-01-15,43.4807816317,2.3765967786,flowering,5,76.23870391845776
2025-02-28,2025-01-15,52.2204416667,0.1731444444,flowering,5,42.033111572265966
2025-02-28,2025-01-15,41.0627433333,28.9688833333,flowering,5,80.41922454834048
2025-02-28,2025-01-15,48.9484639,14.4685722,flowering,5,1.3614105224610284
2025-02-27,2025-01-15,42.1314722651,25.3073835439,flowering,5,29.74218750000034
2025-02-28,2025-01-15,49.60586788,6.13102144,budding,5,28.50681610107449
2025-02-27,2025-01-15,42.131008,25.3048369722,flowering,5,29.74218750000034
2025-02-28,2025-01-15,40.3911203099,-3.6997855548,flowering,5,124.17581329345785
2025-02-28,2025-01-15,38.71227,141.411897,flowering,5,4.474511718750136
2025-02-27,2025-01-15,45.8846578131,12.5141150033,flowering,5,64.38519287109443
2025-02-27,2025-01-15,37.7580098032,-84.7910750582,flowering,5,63.08486480712929
2025-02-24,2025-01-15,31.2571283333,-110.9575566667,flowering,5,247.2563003540048
2025-02-14,2025-01-15,33.5193611111,-86.7720194444,flowering,5,169.9566619873052
2025-02-27,2025-01-15,45.45473719,-122.5913627,flowering,5,39.962048339844046
2025-02-27,2025-01-15,45.5059,-122.5755,flowering,5,39.962048339844046
2025-02-27,2025-01-15,35.9776325997,-78.9597514997,flowering,5,126.54273681640689
2025-02-24,2025-01-15,40.2016338889,28.9976983333,flowering,5,55.93859100341842
2025-02-27,2025-01-15,34.0356002444,-84.5864907081,flowering,5,178.51863861084053
2025-02-27,2025-01-15,49.0176026028,9.0071763478,flowering,5,35.88798522949253
2025-02-27,2025-01-15,51.1630833333,14.991745,flowering,5,6.869374084472838
2025-02-27,2025-01-15,40.3958115354,-3.7009622902,flowering,5,119.43859100341876
2025-02-27,2025-01-15,46.7041545315,11.1826607958,flowering,5,0.0
2025-02-27,2025-01-15,44.8474781492,24.8492771387,flowering,5,8.664018249511855
2025-02-23,2025-01-15,45.9689568076,9.7278460488,flowering,5,0.0
2025-02-24,2025-01-15,46.4685166667,6.8534777778,flowering,5,1.5938537597656932
2025-02-26,2025-01-15,38.4666333333,-83.1207111667,flowering,5,37.34904785156277
2025-02-27,2025-01-15,35.12662,135.951195,flowering,5,23.49168395996128
2025-02-26,2025-01-15,36.865341762,-86.5094266256,flowering,5,87.00015258789108
2025-02-26,2025-01-15,38.5321897788,-121.7528305397,flowering,5,221.98589782714942
2025-02-26,2025-01-15,38.5325126648,-121.7527542114,flowering,5,221.98589782714942
2025-02-26,2025-01-15,38.5325508118,-121.7528457642,flowering,5,221.98589782714942
2025-02-26,2025-01-15,38.5329933167,-121.7520370483,flowering,5,221.98589782714942
2025-02-26,2025-01-15,39.4431693953,-75.4067438096,flowering,5,
2025-02-26,2025-01-15,35.91509343,-79.04775002,flowering,5,122.44707031250061
2025-02-26,2025-01-15,37.0194225035,-76.3399231555,flowering,5,85.94146575927789
2025-02-25,2025-01-15,37.6043699,-76.5606286,flowering,5,58.27137451171916
2025-02-26,2025-01-15,33.768331747,-84.380620569,flowering,5,176.7044113159186
2025-02-26,2025-01-15,38.1096888333,-121.2980033333,flowering,5,202.93388061523535
2025-02-26,2025-01-15,43.4673177,5.4553381,flowering,5,118.55361633300868
2025-02-26,2025-01-15,37.22930403,-80.41561152,flowering,5,34.39394073486358
2025-02-26,2025-01-15,41.1367444444,29.0326666667,flowering,5,72.57980499267637
2025-02-25,2025-01-15,41.5006868253,2.1030278876,flowering,5,192.58042449951267
2025-02-26,2025-01-15,29.8149116667,121.5306783333,flowering,5,85.99443664550847
2025-02-26,2025-01-15,32.0777278333,118.788825,flowering,5,53.21536712646537
2025-02-26,2025-01-15,31.9173,118.7822222222,flowering,5,60.12340545654354
2025-02-25,2025-01-15,37.298023845,-121.7618877873,flowering,5,233.34456176757908
2025-02-26,2025-01-15,35.57213863,139.38936959,flowering,5,22.16626129150427
2025-02-24,2025-01-15,37.7699416667,-122.4553416667,flowering,5,
2025-02-26,2025-01-15,35.6774283333,139.7497761111,flowering,5,35.03676300048869
2025-02-25,2025-01-15,39.1547666667,-77.5188666667,flowering,5,11.670422363281432
2024-04-29,2024-11-24,29.9853899,122.20778,fruiting,5,12.256517028808616
2025-02-25,2025-01-15,37.5436916667,-84.1787666667,flowering,5,54.687097167969114
2025-02-25,2025-01-15,52.1544555556,9.9353583333,flowering,5,28.49984893798853
2025-02-25,2025-01-15,38.902605,-77.0502861667,flowering,5,20.591879272461142
2025-02-22,2025-01-15,34.0096777833,-118.3631366667,flowering,5,309.25650634765714
2025-02-25,2025-01-15,47.9497739344,14.8903213261,flowering,5,2.421734619140693
2025-02-25,2025-01-15,33.0193155359,-86.7128411551,flowering,5,230.5345764160163
2025-02-25,2025-01-15,38.2057716667,-81.5097283333,flowering,5,36.27461395263697
2025-02-25,2025-01-15,37.1891251308,49.6980889142,flowering,5,61.32984161377021
2025-02-25,2025-01-15,52.0577553236,1.2522870347,flowering,5,39.728485107422216
2025-02-23,2025-01-15,34.563625,-84.2468833333,flowering,5,98.14746551513713
2025-02-23,2025-01-15,46.4545638889,6.8549194444,flowering,5,1.4961349487305142
2025-02-25,2025-01-15,-43.520345,172.5813916667,flowering,5,520.1958953857431
2025-02-24,2025-01-15,37.32281009,-121.7154272,flowering,5,195.30529937744234
2025-02-24,2025-01-15,43.7592273283,5.8906314313,flowering,5,60.35665435791077
2025-02-24,2025-01-15,43.7591692147,5.8908744206,flowering,5,60.35665435791077
2025-02-05,2025-01-15,52.2186706428,0.1018803567,flowering,5,14.670033264160338
2025-02-24,2025-01-15,33.3664777671,-86.8041861677,flowering,5,200.8541152954108
2025-02-24,2025-01-15,39.0018888889,-76.8725194444,flowering,5,15.330212402343932
2025-02-24,2025-01-15,47.7848633333,16.324405,flowering,5,8.956115722656364
2025-02-22,2025-01-15,41.9850481,14.1391515,flowering,5,0.0
2025-02-24,2025-01-15,41.0471703601,29.0168647484,flowering,5,70.70261383056697
2025-02-24,2025-01-15,41.0471703601,29.0168647484,flowering,5,70.70261383056697
2025-02-23,2025-01-15,52.3666199997,4.8352069997,flowering,5,29.63523559570342
2025-02-24,2025-01-15,29.6802131293,121.614740147,flowering,5,72.52566680908262
2025-02-23,2025-01-15,29.87735,-97.931145,flowering,5,285.0264419555672
2025-02-23,2025-01-15,30.4429928395,-97.683389992,flowering,5,268.5366699218757
2025-02-23,2025-01-15,38.9130616667,-78.1902166667,flowering,5,8.284255981445426
2025-02-23,2025-01-15,39.8370288728,-8.3289807454,flowering,5,209.6228027343759
2025-02-23,2025-01-15,45.4193077086,11.5167636869,flowering,5,35.036088562012196
2025-02-23,2025-01-15,40.5590108762,-122.3417777694,flowering,5,133.39128875732501
2025-02-23,2025-01-15,40.5591704131,-122.3418318425,flowering,5,133.39128875732501
2025-02-23,2025-01-15,29.6483397249,-98.5033663692,flowering,5,295.0950225830086
2025-02-22,2025-01-15,46.3099708333,16.335165,flowering,5,27.936392211914267
2025-02-23,2025-01-15,48.1942366922,7.792518292,flowering,5,31.361265563965162
2025-02-23,2025-01-15,48.0932041,11.1639088997,flowering,5,3.9046844482422784
2025-02-23,2025-01-15,51.3973638889,6.6615277778,flowering,5,35.9537048339846
2025-02-23,2025-01-15,47.2614936829,-1.535269022,flowering,5,75.15736694335988
2025-02-23,2025-01-15,47.9621566667,-2.7284783333,flowering,5,58.0635314941411
2025-02-21,2025-01-15,43.9116649875,5.7178292755,flowering,5,38.33837127685592
2025-02-22,2025-01-15,42.1927124997,-122.7097356997,flowering,5,0.5880615234375455
2025-02-16,2025-01-15,35.3984326464,139.2779976386,flowering,5,30.977519226074605
2025-02-22,2025-01-15,51.5640283167,-0.1821549833,fruiting,5,32.717462158203375
2025-02-22,2025-01-15,48.8066705997,2.4495355,flowering,5,37.345907592773756
2025-02-22,2025-01-15,49.851657754,7.9719144144,flowering,5,22.824850463867392
2025-02-22,2025-01-15,38.4551287264,27.1674459611,flowering,5,98.66602478027403
2025-02-17,2025-01-15,42.0722351144,2.511906214,flowering,5,45.69286499023485
2025-02-22,2025-01-15,42.6652265212,13.7982189283,flowering,5,86.60039825439537
2025-02-22,2025-01-15,35.6481739503,139.4434601413,flowering,5,19.014044189453443
2025-02-21,2025-01-15,-41.2983624404,173.1256161293,flowering,5,485.6747406005868
2025-02-21,2025-01-15,42.3208080512,-122.8544506432,flowering,5,6.643087768554892
2025-02-21,2025-01-15,36.0244111,-79.3677722167,flowering,5,97.9102401733403
2025-02-21,2025-01-15,50.9084052997,-0.2836302,flowering,5,37.126498413086324
2025-02-21,2025-01-15,37.5206601622,-6.2763607129,flowering,5,251.4288681030282
2025-02-21,2025-01-15,47.4637883333,9.5328783333,flowering,5,3.4468978881836847
2025-02-21,2025-01-15,45.5926138889,13.7609805556,flowering,5,35.68723449707079
2025-02-21,2025-01-15,41.0015533333,28.8792883333,flowering,5,74.76296386718809
2025-02-21,2025-01-15,45.5754511332,9.9444376106,flowering,5,10.816963195801009
2025-02-21,2025-01-15,42.7975888889,-1.6670861111,flowering,5,70.50004730224657
2025-02-14,2025-01-15,24.8679832416,121.2858962362,flowering,5,261.1784912109382
2024-02-20,2024-11-24,34.7402110159,137.8874762635,flowering,5,11.709329223632835
2025-02-16,2025-01-15,35.6419678082,139.4565999572,flowering,5,20.422146606445608
2025-02-16,2025-01-15,35.6344465526,139.4613131995,flowering,5,20.422146606445608
2025-02-20,2025-01-15,44.6580972222,-123.1244888889,flowering,5,12.640231323242347
2025-02-20,2025-01-15,42.9806695788,-1.6847803842,flowering,5,71.85064697265682
2025-02-17,2025-01-15,34.0640611667,-117.1622305,flowering,5,190.27416076660234
2025-02-16,2025-01-15,39.9635558162,32.7135471627,flowering,5,2.742355346679801
2025-02-17,2025-01-15,35.6474962279,139.4537886232,flowering,5,21.897276306152662
2025-02-20,2025-01-15,37.8626135719,27.8143227473,flowering,5,93.76795349121153
2025-02-20,2025-01-15,37.8624619013,27.8142905608,flowering,5,93.76795349121153
2025-02-20,2025-01-15,37.4441917031,49.7938776389,flowering,5,104.38408355712966
2025-02-15,2025-01-15,44.1131939427,10.4604857415,flowering,5,25.63179473876994
2025-02-19,2025-01-15,54.6984244391,-1.218008548,budding,5,14.077882385254156
2025-02-19,2025-01-15,47.2709694588,11.4510905534,flowering,5,0.0
2025-02-19,2025-01-15,47.2736213204,11.4575949122,flowering,5,0.0
2025-02-18,2025-01-15,29.6340005556,-95.6636472222,flowering,5,338.87059173584055
2025-02-19,2025-01-15,40.5198783333,-3.9396083333,flowering,5,71.58848876953186
2025-02-19,2025-01-15,40.5200583333,-3.9396383333,flowering,5,71.58848876953186
2025-02-19,2025-01-15,40.5201333333,-3.9398366667,flowering,5,71.58848876953186
2025-02-19,2025-01-15,43.7467666667,5.3162944444,flowering,5,85.96301879882878
2025-02-18,2025-01-15,42.076817,2.5086539,flowering,5,48.43609161377003
2025-02-18,2025-01-15,42.076817,2.5086539,flowering,5,48.43609161377003
2025-02-19,2025-01-15,40.4222462879,-3.6918853596,flowering,5,85.36683959960999
2025-02-19,2025-01-15,42.4989597373,-1.1106983945,flowering,5,38.58678588867224
2025-02-19,2025-01-15,47.266525,11.3858366667,flowering,5,0.0
2025-02-18,2025-01-15,29.6342416667,-95.6634194444,flowering,5,338.87059173584055
2025-02-18,2025-01-15,33.012692,-83.5371164,flowering,5,211.38935699462957
2025-02-18,2025-01-15,35.930645,-79.0551833333,flowering,5,104.41247253418021
2025-02-18,2025-01-15,35.9306416667,-79.0551916667,flowering,5,104.41247253418021
2025-02-18,2025-01-15,37.544605,-77.4524166667,flowering,5,61.633769226074605
2025-02-17,2025-01-15,33.868387,-83.401235,flowering,5,162.19297943115293
2025-02-18,2025-01-15,47.9666599722,16.1681179722,flowering,5,3.985609436035247
2025-02-18,2025-01-15,50.7742116667,7.1641416667,flowering,5,15.281764221191565
2025-02-18,2025-01-15,41.3216573515,-8.5937913135,flowering,5,202.36885833740314
2025-02-16,2025-01-15,40.3881222222,-3.6866777778,flowering,5,69.23196258544976
2025-02-18,2025-01-15,43.8693066326,10.9150765836,flowering,5,74.86889953613343
2025-02-16,2025-01-15,32.9428393,-83.4196448,flowering,5,212.26864166259827
2025-02-17,2025-01-15,29.3295803747,-98.456467952,flowering,5,313.9264083862312
2025-02-17,2025-01-15,49.1847197778,17.5043880567,flowering,5,5.115798950195426
2025-02-16,2025-01-15,46.4694805556,6.8573305556,flowering,5,1.0710311889648665
2025-02-17,2025-01-15,46.7229436586,-0.617333944,flowering,5,33.95174713134804
2025-02-17,2025-01-15,46.7249116878,-0.6178732882,flowering,5,33.95174713134804
2025-02-17,2025-01-15,36.6064525997,30.5631148997,flowering,5,
2025-02-16,2025-01-15,43.6027107236,13.4520797728,flowering,5,128.51067047119216
2025-02-15,2025-01-15,38.4147875927,-122.8096087342,flowering,5,122.91651458740307
2025-02-16,2025-01-15,39.9661348884,32.8768863397,flowering,5,3.1292938232422784
2025-02-16,2025-01-15,39.9628575,32.8807808333,flowering,5,3.1292938232422784
2025-02-16,2025-01-15,51.524765,-0.0591466667,fruiting,5,15.882603454590026
2025-02-16,2025-01-15,46.5433643129,6.5380893038,flowering,5,25.378205871582395
2025-02-16,2025-01-15,47.1238051546,6.9236546153,flowering,5,1.1185546875000227
2025-02-15,2025-01-15,46.6227225479,6.5495644319,flowering,5,7.170602416992324
2025-02-14,2025-01-15,46.5126399818,6.6234948263,flowering,5,21.395840454101858
2025-02-16,2025-01-15,46.343075,6.17857,flowering,5,11.25995330810565
2025-02-16,2025-01-15,40.79855,-4.3553666667,flowering,5,28.70196838378945
2025-02-16,2025-01-15,35.709161121,51.4221277088,flowering,5,3.2809646606445995
2025-02-16,2025-01-15,43.1800166667,-2.30902,flowering,5,111.11365203857486
2025-02-16,2025-01-15,40.6907716667,8.552365,flowering,5,168.02893524169997
2025-02-16,2025-01-15,48.7653609062,2.0639658719,flowering,5,16.463702392578284
2025-02-16,2025-01-15,41.0887316667,28.8738283333,flowering,5,68.50067443847706
2025-02-16,2025-01-15,35.9325779745,139.5126194309,flowering,5,19.372073364258085
2025-02-15,2025-01-15,31.6087061688,-97.3065659364,flowering,5,225.771363830567
2025-02-15,2025-01-15,30.44413,-84.265731,flowering,5,287.8120666503912
2025-02-15,2025-01-15,40.8170466667,-4.2607533333,flowering,5,19.669401550293287
2025-02-15,2025-01-15,29.5994647987,-98.4785439116,flowering,5,265.6819213867194
2025-02-15,2025-01-15,42.0733593126,0.0648652886,flowering,5,30.415087890625273
2025-02-14,2025-01-15,34.0275,-83.0722222217,flowering,5,156.9647583007818
2025-02-15,2025-01-15,46.6321334836,0.3331461547,flowering,5,34.19495697021512
2025-02-15,2025-01-15,42.2772116667,42.7005916667,flowering,5,13.542062377929938
2025-02-15,2025-01-15,50.5963789722,2.887735,flowering,5,15.897297668457213
2025-02-15,2025-01-15,43.273958,-2.92065,flowering,5,159.36567993164135
2025-02-09,2025-01-15,35.6103366667,-82.44033,flowering,5,47.6849868774417
2025-02-15,2025-01-15,41.0038265988,28.8659116253,flowering,5,71.01489715576224
2025-02-15,2025-01-15,42.1318339722,25.310542,flowering,5,26.172756958008108
2025-02-11,2025-01-15,35.2859264079,139.6249976444,flowering,5,44.36907958984432
2025-02-15,2025-01-15,35.347735965,139.6128190557,flowering,5,58.629942321778
2025-02-15,2025-01-15,35.5695694444,139.7208055556,flowering,5,29.27077026367226
2025-02-15,2025-01-15,35.8423491087,139.576212354,flowering,5,15.148399353027571
2025-02-14,2025-01-15,41.0452777778,29.0137666667,flowering,5,63.29464111328173
2025-02-14,2025-01-15,36.0416838319,139.7407963495,flowering,5,11.072164916992392
2025-02-14,2025-01-15,36.102964272,139.7796094793,flowering,5,10.183071899414244
2025-02-07,2025-01-15,38.7265199053,-121.4056412465,flowering,5,94.18368377685601
2025-02-13,2025-01-15,35.76853828,-81.7419071,flowering,5,81.60049743652382
2025-02-13,2025-01-15,51.1374638334,1.3189366667,flowering,5,
2025-02-05,2025-01-15,32.9350583333,-96.7863693889,flowering,5,113.11332092285193
2025-01-23,2025-01-15,19.3815608695,-99.7834913837,flowering,5,73.1629394531252
2025-02-09,2025-01-15,19.4720204,-98.7751552,flowering,5,197.4348159790045
2025-02-12,2025-01-15,41.561588118,-8.3938715234,flowering,5,117.09075469970765
2025-02-10,2025-01-15,48.241325,16.393345,flowering,5,5.71036529541027
2025-02-11,2025-01-15,37.4451976,-121.84732532,flowering,5,127.1784332275397
2025-02-09,2025-01-15,39.8938758333,32.9349927778,budding,5,2.0914276123047557
2025-02-11,2025-01-15,41.5451695,1.8913371,flowering,5,84.43331298828184
2025-02-11,2025-01-15,49.67762894,5.91422254,flowering,5,9.858605957031386
2025-02-11,2025-01-15,35.7107193248,139.3246038092,flowering,5,8.268579101562636
2025-02-11,2025-01-15,-46.0902182986,169.9926365912,flowering,5,264.57027130127017
2025-02-10,2025-01-15,39.0532327,-7.8971663,flowering,5,160.96423645019593
2025-02-10,2025-01-15,37.5296833333,-77.4512633333,flowering,5,53.044631958008154
2025-02-10,2025-01-15,40.97873139,-3.62136195,flowering,5,8.228358459472815
2025-02-10,2025-01-15,51.3015966006,-0.2373282239,flowering,5,15.323017883300963
2025-02-10,2025-01-15,48.1813039997,11.2444965,flowering,5,1.737551879882858
2025-02-10,2025-01-15,48.1846341997,11.2470031997,flowering,5,1.737551879882858
2025-02-10,2025-01-15,40.7630371997,14.7940032997,flowering,5,86.62843475341856
2024-11-12,2024-11-24,36.6446647642,117.0096435544,flowering,5,10.854150390625023
2025-02-09,2025-01-15,29.9875305556,-90.0772138889,flowering,5,227.30749664306688
2025-02-09,2025-01-15,51.4200383167,-0.12778165,flowering,5,16.06066589355487
2025-02-09,2025-01-15,35.8388338808,-79.0824122636,flowering,5,93.50808258056679
2025-02-09,2025-01-15,51.42161665,-0.0732566667,flowering,5,16.06066589355487
2025-02-09,2025-01-15,34.9666842807,-81.9490800342,flowering,5,98.4149490356449
2025-02-09,2025-01-15,36.866394043,-76.2603683472,flowering,5,61.228434753418355
2025-02-09,2025-01-15,35.8861227427,-79.2806188111,flowering,5,88.80406494140664
2025-02-09,2025-01-15,35.7757263184,-78.6590423584,flowering,5,90.8039581298832
2025-02-09,2025-01-15,48.4024259722,15.5863309722,flowering,5,0.5351730346679915
2025-02-09,2025-01-15,48.1821483155,16.4897763389,flowering,5,7.204704284668082
2025-02-09,2025-01-15,33.7803507324,-84.2923036958,flowering,5,122.52677612304728
2025-02-09,2025-01-15,46.6067954944,6.5239442334,flowering,5,4.67336883544931
2025-02-09,2025-01-15,47.4915552,15.3866656,flowering,5,0.0
2025-02-08,2025-01-15,36.28561,-121.84244,flowering,5,120.47737121582088
2025-02-04,2025-01-15,39.9262875,32.8628133333,flowering,5,2.0914276123047557
2025-02-08,2025-01-15,36.6904949997,-85.4900860997,flowering,5,62.230288696289335
2025-02-08,2025-01-15,35.9911079407,-83.9162063599,flowering,5,61.93671722412137
2025-02-08,2025-01-15,48.6778716667,9.6535483333,flowering,5,5.3002212524414745
2025-02-08,2025-01-15,35.0246283592,-85.0477902219,flowering,5,86.35953216552764
2025-02-08,2025-01-15,30.5147018,-97.6527429,flowering,5,193.73588714599657
2025-02-08,2025-01-15,33.82662,-85.8355633333,flowering,5,118.46390075683632
2025-02-08,2025-01-15,51.0430242644,13.7593851244,flowering,5,5.288703918457145
2025-02-08,2025-01-15,48.1763583333,7.7778083333,flowering,5,16.109394836425963
2025-02-08,2025-01-15,45.4651641846,13.5110263824,flowering,5,
2025-02-08,2025-01-15,47.5975324,10.6937343,flowering,5,0.0
2025-02-07,2025-01-15,31.5890916667,-97.1611944444,flowering,5,169.9154953002934
2025-02-07,2025-01-15,31.5735536335,-97.1448292694,flowering,5,171.8475479125981
2025-02-06,2025-01-15,34.3945798833,-118.5665147379,flowering,5,126.49919586181693
2025-02-07,2025-01-15,47.9630994145,16.1846508645,flowering,5,3.985609436035247
2025-02-06,2025-01-15,30.8521373275,-96.9781915329,flowering,5,164.00379638671916
2025-02-07,2025-01-15,35.9064558566,-79.0691816464,flowering,5,75.5561676025394
2025-02-07,2025-01-15,50.30751066,13.88346312,budding,5,0.06863555908205399
2025-02-06,2025-01-15,29.8809,-95.4921388889,flowering,5,186.15533294677778
2025-02-06,2025-01-15,19.407913,-99.211056,flowering,5,213.69086914062552
2025-02-06,2025-01-15,29.597851393,-98.4774464375,flowering,5,167.35208129882858
2025-02-04,2025-01-15,26.5304694444,106.6991555556,flowering,5,47.239994812012014
2025-02-05,2025-01-15,32.57987,-85.478395,flowering,5,93.21012268066443
2025-02-06,2025-01-15,50.9318016667,-0.2569916667,flowering,5,24.471546936035452
2025-02-05,2025-01-15,46.104021886,13.2189781219,flowering,5,22.482742309570654
2025-02-03,2025-01-15,46.4676852941,6.8377087157,flowering,5,4.0265106201172784
2025-02-03,2025-01-15,46.4639305556,6.8370388889,flowering,5,4.0265106201172784
2025-02-05,2025-01-15,47.2744862289,11.4553677513,flowering,5,0.0
2025-02-02,2025-01-15,39.789055,32.8033905556,flowering,5,0.804843139648483
2025-02-05,2025-01-15,47.1243853438,6.9256003902,flowering,5,1.1185546875000227
2025-02-03,2025-01-15,30.8424748862,-96.9828552588,flowering,5,114.71572875976597
2025-02-03,2025-01-15,36.0794960581,-80.2451689169,flowering,5,30.86311340332054
2025-02-04,2025-01-15,41.5451695,1.8913371,flowering,5,66.67151489257856
2025-02-04,2025-01-15,35.8190033333,-81.5309616667,flowering,5,32.83157348632835
2025-02-04,2025-01-15,37.2990452403,-121.7590394989,flowering,5,116.07833251953173
2025-02-04,2025-01-15,35.9592416667,-86.6701527778,flowering,5,44.306495666504134
2025-02-04,2025-01-15,47.1512983732,7.0008094557,flowering,5,0.258668518066429
2025-02-03,2025-01-15,44.5053033811,7.6969956791,flowering,5,5.307510375976676
2025-02-04,2025-01-15,42.3165130556,2.3787400556,flowering,5,14.507974243164199
2025-02-04,2025-01-15,42.800751046,-1.6733784087,flowering,5,20.094143676757994
2025-02-04,2025-01-15,42.0915575931,12.6130678598,flowering,5,79.45201110839889
2025-02-03,2025-01-15,37.39933,-122.4222416667,flowering,5,107.99281311035202
2025-02-03,2025-01-15,36.08735,-80.2447966667,flowering,5,30.86311340332054
2025-02-03,2025-01-15,33.8818521,-117.82958152,flowering,5,145.38811492919967
2025-02-03,2025-01-15,44.4743328081,11.4091165726,flowering,5,45.12427520751987
2025-02-03,2025-01-15,32.6548583333,-96.9029805556,flowering,5,93.42990722656282
2025-02-03,2025-01-15,43.8569869994,4.6478829383,flowering,5,61.28459472656289
2025-02-03,2025-01-15,40.91343,29.3088633333,flowering,5,64.20472717285202
2025-02-02,2025-01-15,30.389475,-91.1686222222,flowering,5,119.0840515136722
2025-02-02,2025-01-15,48.5146777778,2.221425,flowering,5,18.59533233642594
2025-02-01,2025-01-15,32.415645,-90.1385333333,flowering,5,66.52798004150418
2025-02-02,2025-01-15,30.5587656135,-97.8637422994,flowering,5,89.69190216064487
2025-02-02,2025-01-15,29.6000894528,-98.4752773982,flowering,5,104.5224700927738
2025-02-02,2025-01-15,45.924375,6.1442333333,flowering,5,2.0324645996093977
2025-02-02,2025-01-15,43.265295,-1.9861883333,flowering,5,74.86568145751994
2025-02-02,2025-01-15,42.812009371,-1.6498328808,flowering,5,18.142297363281386
2025-02-02,2025-01-15,44.9073480556,11.6815563889,flowering,5,42.01238861084016
2025-02-01,2025-01-15,35.6452148265,139.2803971832,flowering,5,6.359101867675918
2025-02-01,2025-01-15,39.278123,-76.607819,flowering,5,2.268170166015693
2025-02-01,2025-01-15,51.376645,-0.1597283333,flowering,5,12.855874633789199
2025-02-01,2025-01-15,33.0804194047,-96.762791723,flowering,5,59.59659881591824
2025-01-31,2025-01-15,30.4094055556,-91.1792388889,flowering,5,100.7095291137698
2025-02-01,2025-01-15,40.9810833333,28.7822861111,flowering,5,56.899464416504316
2025-02-01,2025-01-15,40.9749305556,28.7910305556,flowering,5,56.899464416504316
2025-01-25,2025-01-15,44.115369261,10.4606094584,flowering,5,7.882398986816497
2025-02-01,2025-01-15,34.9215866667,137.0483695,flowering,5,20.681224060058867
2025-01-31,2025-01-15,30.482261,-90.890426,flowering,5,97.62321014404324
2025-01-31,2025-01-15,32.5941652246,-85.4925359321,flowering,5,46.15015563964869
2025-01-31,2025-01-15,48.3467510526,4.0610790253,flowering,5,24.60309448242208
2025-01-31,2025-01-15,42.78742465,-0.9209850803,flowering,5,2.7481903076172784
2025-01-31,2025-01-15,50.26513827,13.96750974,flowering,5,0.12039337158205399
2025-01-31,2025-01-15,50.8109887893,24.4519749284,budding,5,9.477584838867301
2025-01-31,2025-01-15,43.3921004071,-1.2535028905,flowering,5,63.76633148193389
2025-01-31,2025-01-15,51.3772732,12.2805531,flowering,5,13.533633422851722
2025-01-30,2025-01-15,37.092129548,50.3758730739,flowering,5,51.79725799560583
2024-11-06,2024-11-24,43.3280448889,-2.9674009722,flowering,5,10.529229736328148
2025-01-30,2025-01-15,-0.6476625704,-90.289186053,flowering,5,328.87509307861365
2025-01-30,2025-01-15,47.2753900583,14.7800282814,flowering,5,0.0
2025-01-30,2025-01-15,40.387891,27.8703849,flowering,5,46.29485321044956
2025-01-30,2025-01-15,40.9802527778,29.0950277778,budding,5,46.559960937500364
2025-01-30,2025-01-15,40.9977166667,29.0296388889,budding,5,45.79832611084021
2025-01-26,2025-01-15,29.179764207,-95.4345815294,flowering,5,54.22481231689471
2025-01-29,2025-01-15,40.2264328003,28.8339614868,flowering,5,33.90573577880889
2025-01-28,2025-01-15,47.3531182359,18.2703216746,flowering,5,12.654400634765693
2025-01-29,2025-01-15,54.9219648763,36.4179353043,flowering,5,0.0
2025-01-29,2025-01-15,54.9219897321,36.4178531617,flowering,5,0.0
2025-01-29,2025-01-15,50.0153609722,14.612038,flowering,5,0.8847595214843977
2025-01-26,2025-01-15,42.9462119232,-1.9366467744,flowering,5,8.699697875976653
2025-01-28,2025-01-15,-0.2640688,-78.4962184,flowering,5,106.88401641845735
2025-01-17,2025-01-15,42.7546617751,-0.7545328885,flowering,5,0.0
2025-01-26,2025-01-15,46.4568527778,6.8814611111,flowering,5,1.0710311889648665
2024-12-15,2024-11-24,40.1292648056,-8.3332977222,flowering,5,121.17100067138722
2025-01-03,2025-01-15,40.0869064167,-8.3360671944,flowering,5,4.30603942871096
2025-01-27,2025-01-15,48.1386127826,16.2684842109,flowering,5,0.24448699951176422
2025-01-27,2025-01-15,47.0823055,15.4561883333,flowering,5,1.111970520019554
2025-01-27,2025-01-15,42.0954813,2.74160583,flowering,5,44.283753967285406
2025-01-26,2025-01-15,29.4571473815,-98.246642653,flowering,5,46.73341979980489
2025-01-26,2025-01-15,43.4952882997,5.7363926997,flowering,5,19.257351684570494
2025-01-25,2025-01-15,32.70187775,-96.702225,flowering,5,20.213623046875114
2025-01-25,2025-01-15,51.5107399833,-0.3414583333,flowering,5,6.786198425293037
2025-01-24,2025-01-15,37.542625,-4.3166533333,flowering,5,25.996659851074355
2025-01-24,2025-01-15,35.9479688927,139.8093626101,flowering,5,9.548402404785293
2025-01-25,2025-01-15,-41.2741094,173.3017407,flowering,5,121.42921600341822
2025-01-15,2025-01-15,32.2736287,-64.8788052,flowering,5,
2025-01-24,2025-01-15,46.0407583333,-0.3428138889,flowering,5,13.753431701660247
2025-01-21,2025-01-15,42.1648591694,2.4608998717,flowering,5,1.0474060058594432
2025-01-24,2025-01-15,41.2424701,14.3379161,flowering,5,35.598127746582236
2025-01-23,2025-01-15,42.2521345997,1.8618851,flowering,5,0.0
2025-01-22,2025-01-15,-37.288605,-56.9945033333,flowering,5,142.38827972412128
2024-05-08,2024-11-24,44.3023537616,9.2098022596,flowering,5,
2024-11-24,2024-11-24,58.1417543528,52.6477743278,budding,5,0.0
2025-01-22,2025-01-15,36.787715974,127.1413392418,flowering,5,0.0
2025-01-22,2025-01-15,-40.3067252,176.6206631,flowering,5,85.36826019287128
2025-01-17,2025-01-15,29.6342230556,-95.6634313889,flowering,5,18.028576660156318
2025-01-18,2025-01-15,32.8634127072,-96.730735337,flowering,5,15.003744506836028
2025-01-20,2025-01-15,39.7720527778,2.676225,flowering,5,
2025-01-15,2025-01-15,53.3153805623,-1.9170536522,budding,5,0.1957565307617415
2025-01-20,2025-01-15,43.6080559196,13.4503042325,budding,5,16.55253753662123
2025-01-19,2025-01-15,46.457875,6.8769,flowering,5,0.0
2025-01-19,2025-01-15,42.9140967784,-1.0528432097,flowering,5,0.0
2025-01-19,2025-01-15,43.5684408853,5.3526574653,flowering,5,1.3682495117187727
2025-01-19,2025-01-15,43.7516134592,11.2414544821,flowering,5,0.5016876220703352
2025-01-18,2025-01-15,-39.063251192,177.7875184717,flowering,5,
